Date,Open,High,Low,Close,Adj Close,Volume,KC_Middle,KC_Upper,KC_Lower,KC_Width,KC_ATR,KC_PercentB,long_entry,short_entry,long_exit,short_exit
2020-11-02 00:00:00+00:00,13737.0322265625,13808.3232421875,13243.16015625,13550.4892578125,13550.4892578125,30771455468,,,,,,,False,False,False,False
2020-11-03 00:00:00+00:00,13550.451171875,13984.9814453125,13325.44140625,13950.30078125,13950.30078125,29869951617,,,,,,,False,False,False,False
2020-11-04 00:00:00+00:00,13950.48828125,14218.7666015625,13580.4716796875,14133.70703125,14133.70703125,35116364962,,,,,,,False,False,False,False
2020-11-05 00:00:00+00:00,14133.7333984375,15706.404296875,14102.0888671875,15579.8486328125,15579.8486328125,40856321439,,,,,,,False,False,False,False
2020-11-06 00:00:00+00:00,15579.7294921875,15903.4375,15226.83984375,15565.880859375,15565.880859375,39837841971,,,,,,,False,False,False,False
2020-11-07 00:00:00+00:00,15565.880859375,15737.095703125,14423.203125,14833.75390625,14833.75390625,35024953706,,,,,,,False,False,False,False
2020-11-08 00:00:00+00:00,14833.75390625,15637.3203125,14744.1103515625,15479.5673828125,15479.5673828125,26632075029,,,,,,,False,False,False,False
2020-11-09 00:00:00+00:00,15479.595703125,15785.13671875,14865.529296875,15332.3154296875,15332.3154296875,34149115566,,,,,,,False,False,False,False
2020-11-10 00:00:00+00:00,15332.3505859375,15450.3291015625,15124.9599609375,15290.90234375,15290.90234375,25574938143,,,,,,,False,False,False,False
2020-11-11 00:00:00+00:00,15290.9091796875,15916.2607421875,15290.0068359375,15701.33984375,15701.33984375,29772374934,,,,,,,False,False,False,False
2020-11-12 00:00:00+00:00,15701.298828125,16305.00390625,15534.771484375,16276.34375,16276.34375,34175758344,,,,,,,False,False,False,False
2020-11-13 00:00:00+00:00,16276.4404296875,16463.177734375,15992.15234375,16317.80859375,16317.80859375,31599492172,,,,,,,False,False,False,False
2020-11-14 00:00:00+00:00,16317.80859375,16317.80859375,15749.193359375,16068.138671875,16068.138671875,27481710135,,,,,,,False,False,False,False
2020-11-15 00:00:00+00:00,16068.1396484375,16123.1103515625,15793.5341796875,15955.587890625,15955.587890625,23653867583,,,,,,,False,False,False,False
2020-11-16 00:00:00+00:00,15955.5771484375,16816.181640625,15880.7060546875,16716.111328125,16716.111328125,31526766675,,,,,,,False,False,False,False
2020-11-17 00:00:00+00:00,16685.69140625,17782.919921875,16564.544921875,17645.40625,17645.40625,39006849170,,,,,,,False,False,False,False
2020-11-18 00:00:00+00:00,17645.19140625,18393.94921875,17352.90625,17804.005859375,17804.005859375,49064800278,,,,,,,False,False,False,False
2020-11-19 00:00:00+00:00,17803.861328125,18119.546875,17382.5546875,17817.08984375,17817.08984375,36985055355,,,,,,,False,False,False,False
2020-11-20 00:00:00+00:00,17817.083984375,18773.2265625,17765.794921875,18621.314453125,18621.314453125,36992873940,,,,,,,False,False,False,False
2020-11-21 00:00:00+00:00,18621.31640625,18936.62109375,18444.359375,18642.232421875,18642.232421875,39650210707,16292.49594122453,17806.130378920257,14778.8615035288,3027.268875391457,756.8172188478643,1.0,False,False,False,False
2020-11-22 00:00:00+00:00,18642.232421875,18688.96875,17671.384765625,18370.001953125,18370.001953125,41280434226,16478.301263290447,18044.0890540916,14912.51347248929,3131.57558160231,782.8938954005775,1.0,False,False,False,False
2020-11-23 00:00:00+00:00,18370.017578125,18711.42578125,18000.796875,18364.12109375,18364.12109375,42741112308,16657.394595358022,18208.729388329062,15106.059802386982,3102.6695859420797,775.6673964855199,1.0,False,False,False,False
2020-11-24 00:00:00+00:00,18365.015625,19348.271484375,18128.65625,19107.46484375,19107.46484375,51469565009,16867.30598558186,18507.430346130797,15227.181625032925,3280.2487210978725,820.0621802744681,1.0,False,False,False,False
2020-11-25 00:00:00+00:00,19104.41015625,19390.96484375,18581.146484375,18732.12109375,18732.12109375,43710357371,17061.030254316127,18699.10585068517,15422.954657947084,3276.1511927380852,819.0377981845213,1.0,False,False,False,False
2020-11-26 00:00:00+00:00,18729.83984375,18866.28515625,16351.03515625,17150.623046875,17150.623046875,61396835737,17098.644622456653,19075.962659188794,15121.326585724515,3954.6360734642785,988.6590183660696,0.5131436682042938,False,False,False,False
2020-11-27 00:00:00+00:00,17153.9140625,17445.0234375,16526.423828125,17108.40234375,17108.40234375,38886494645,17091.78480474253,19055.090959676454,15128.478649808603,3926.612309867851,981.6530774669627,0.5042320294686874,False,False,False,False
2020-11-28 00:00:00+00:00,17112.93359375,17853.939453125,16910.65234375,17717.4140625,17717.4140625,32601040734,17130.091199826573,19085.724161142105,15174.45823851104,3911.2659226310643,977.8164806577661,0.6501618336086803,False,False,False,False
2020-11-29 00:00:00+00:00,17719.634765625,18283.62890625,17559.1171875,18177.484375,18177.484375,31133957704,17213.581894089122,19118.5539030231,15308.609885155143,3809.944017867958,952.4860044669895,0.7529964945391184,False,False,False,False
2020-11-30 00:00:00+00:00,18178.322265625,19749.263671875,18178.322265625,19625.8359375,19625.8359375,47728480399,17401.28590020762,19430.116567623198,15372.455232792037,4057.6613348311603,1014.4153337077901,1.0,False,False,False,False
2020-12-01 00:00:00+00:00,19633.76953125,19845.974609375,18321.921875,18802.998046875,18802.998046875,49633658712,17552.62040276721,19683.378550316233,15421.862255218188,4261.516295098045,1065.3790737745112,0.7934114426703189,False,False,False,False
2020-12-02 00:00:00+00:00,18801.744140625,19308.330078125,18347.71875,19201.091796875,19201.091796875,37387697139,17685.930860440174,19795.735458859293,15576.126262021053,4219.609196838241,1054.9022992095602,0.859076129033499,False,False,False,False
2020-12-03 00:00:00+00:00,19205.92578125,19566.19140625,18925.78515625,19445.3984375,19445.3984375,31930317405,17840.838238810953,19867.74362738816,15813.932850233745,4053.8107771544164,1013.4526942886041,0.8958152678787272,False,False,False,False
2020-12-04 00:00:00+00:00,19446.966796875,19511.404296875,18697.193359375,18699.765625,18699.765625,33872388058,17948.325494836892,19935.38253205638,15961.268457617403,3974.1140744389777,993.5285186097444,0.6890836840835245,False,False,False,False
2020-12-05 00:00:00+00:00,18698.384765625,19160.44921875,18590.193359375,19154.23046875,19154.23046875,27242455064,18045.465068245285,19947.867573617823,16143.062562872745,3804.805010745078,951.2012526862695,0.7914118850699241,False,False,False,False
2020-12-06 00:00:00+00:00,19154.1796875,19390.5,18897.89453125,19345.12109375,19345.12109375,25293775714,18156.484764126686,19967.168112711974,16345.8014155414,3621.3666971705734,905.3416742926433,0.8282286575816837,False,False,False,False
2020-12-07 00:00:00+00:00,19343.12890625,19411.828125,18931.142578125,19191.630859375,19191.630859375,26896357742,18253.791026670177,19979.543149771933,16528.03890356842,3451.5042462035126,862.8760615508781,0.7717191594755828,False,False,False,False
2020-12-08 00:00:00+00:00,19191.529296875,19283.478515625,18269.9453125,18321.14453125,18321.14453125,31692288756,18289.130559348414,20045.014110764994,16533.247007931834,3511.7671028331606,877.9417757082902,0.5091162001818852,False,False,False,False
2020-12-09 00:00:00+00:00,18320.884765625,18626.29296875,17935.546875,18553.916015625,18553.916015625,34420373071,18297.015136533486,20015.459551558408,16578.570721508564,3436.888830049844,859.222207512461,0.5747480910192223,False,False,False,False
2020-12-10 00:00:00+00:00,18553.298828125,18553.298828125,17957.064453125,18264.9921875,18264.9921875,25547132265,18293.34243999855,19959.31272602098,16627.372153976117,3331.940572044863,832.9851430112158,0.49149136910291596,False,False,True,False
2020-12-11 00:00:00+00:00,18263.9296875,18268.453125,17619.533203125,18058.904296875,18058.904296875,27919640985,18263.719052855828,19892.876294651014,16634.56181106064,3258.314483590373,814.5786208975933,0.4371408877159273,False,False,False,False
2020-12-12 00:00:00+00:00,18051.3203125,18919.55078125,18046.041015625,18803.65625,18803.65625,21752580802,18294.76955724654,19935.71302798721,16653.826086505873,3281.886941481338,820.4717353703345,0.6550591784017286,False,False,False,True
2020-12-13 00:00:00+00:00,18806.765625,19381.53515625,18734.33203125,19142.3828125,19142.3828125,25450468637,18370.132774016714,19976.422522683315,16763.843025350114,3212.5794973332013,803.1448743333003,0.7403831684552364,False,False,False,False
2020-12-14 00:00:00+00:00,19144.4921875,19305.099609375,19012.708984375,19246.64453125,19246.64453125,22473997681,18448.03927569766,19952.178174497603,16943.90037689772,3008.2777975998833,752.0694493999708,0.7654692516061833,False,False,False,False
2020-12-15 00:00:00+00:00,19246.919921875,19525.0078125,19079.841796875,19417.076171875,19417.076171875,26741982541,18533.049052020106,19975.807264065053,17090.290839975158,2885.5164240898957,721.3791060224739,0.8063670379674656,False,False,False,False
2020-12-16 00:00:00+00:00,19418.818359375,21458.908203125,19298.31640625,21310.59765625,21310.59765625,44409011479,18738.403817403112,20469.004567618565,17007.80306718766,3461.201500430907,865.3003751077267,1.0,False,False,False,False
2020-12-17 00:00:00+00:00,21308.3515625,23642.66015625,21234.67578125,22805.162109375,22805.162109375,71378606374,19102.444661678215,21141.582211872123,17063.307111484308,4078.2751003878147,1019.5687750969537,1.0,False,False,False,False
2020-12-18 00:00:00+00:00,22806.796875,23238.6015625,22399.8125,23137.9609375,23137.9609375,40387896275,19466.541201835847,21469.522809510363,17463.559594161332,4005.963215349031,1001.4908038372578,1.0,False,False,False,False
2020-12-19 00:00:00+00:00,23132.865234375,24085.85546875,22826.47265625,23869.83203125,23869.83203125,38487546580,19859.637600272115,21914.19760967918,17805.07759086505,4109.12001881413,1027.2800047035325,1.0,False,False,False,False
2020-12-20 00:00:00+00:00,23861.765625,24209.66015625,23147.7109375,23477.294921875,23477.294921875,37844228422,20216.963099154927,22278.456951371285,18155.46924693857,4122.987704432715,1030.7469261081787,1.0,False,False,False,False
2020-12-21 00:00:00+00:00,23474.455078125,24059.982421875,22159.3671875,22803.08203125,22803.08203125,45852713981,20482.72634814414,22718.193862013864,18247.258834274417,4470.935027739448,1117.733756934862,1.0,False,False,False,False
2020-12-22 00:00:00+00:00,22794.0390625,23789.90234375,22430.60546875,23783.029296875,23783.029296875,44171632681,20754.325016872477,23038.105154355228,18470.544879389727,4567.560274965501,1141.8900687413752,1.0,False,False,False,False
2020-12-23 00:00:00+00:00,23781.974609375,24024.490234375,22802.646484375,23241.345703125,23241.345703125,51146161904,21002.11890167431,23301.889775408785,18702.34802793983,4599.541747468953,1149.8854368672382,0.9868369338495294,False,False,False,False
2020-12-24 00:00:00+00:00,23240.203125,23768.337890625,22777.59765625,23735.94921875,23735.94921875,41080759713,21233.088046455327,23501.029879691356,18965.146213219297,4535.883666472058,1133.9709166180146,1.0,False,False,False,False
2020-12-25 00:00:00+00:00,23733.5703125,24710.1015625,23463.673828125,24664.791015625,24664.791015625,42068395846,21523.22462635641,23813.657823143836,19232.79142956898,4580.8663935748555,1145.2165983937139,1.0,False,False,False,False
2020-12-26 00:00:00+00:00,24677.015625,26718.0703125,24522.689453125,26437.037109375,26437.037109375,48332647295,21939.355515116116,24439.8215640998,19438.889466132434,5000.932097967365,1250.2330244918412,1.0,False,False,False,False
2020-12-27 00:00:00+00:00,26439.373046875,28288.83984375,25922.76953125,26272.294921875,26272.294921875,66479895605,22404.93766595823,25128.571172543547,19681.304159372914,5447.267013170633,1361.8167532926582,1.0,False,False,False,False
2020-12-28 00:00:00+00:00,26280.822265625,27389.111328125,26207.640625,27084.80859375,27084.80859375,49056742893,22832.45346116459,25520.017757716374,20144.889164612807,5375.128593103567,1343.7821482758918,1.0,False,False,False,False
2020-12-29 00:00:00+00:00,27081.810546875,27370.720703125,25987.298828125,27362.4375,27362.4375,45265946774,23220.488275379073,25915.98051727568,20524.99603348247,5390.9844837932105,1347.7461209483026,1.0,False,False,False,False
2020-12-30 00:00:00+00:00,27360.08984375,28937.740234375,27360.08984375,28840.953125,28840.953125,51287442704,23711.83171591837,26453.304811750317,20970.358620086427,5482.94619166389,1370.7365479159726,1.0,False,False,False,False
2020-12-31 00:00:00+00:00,28841.57421875,29244.876953125,28201.9921875,29001.720703125,29001.720703125,46754964848,24197.961706267415,26873.864445641164,21522.058966893666,5351.805478747498,1337.9513696868744,1.0,False,False,False,False
2021-01-01 00:00:00+00:00,28994.009765625,29600.626953125,28803.5859375,29374.15234375,29374.15234375,40730301359,24680.008694063374,27247.72936262475,22112.288025502,5135.441337122749,1283.8603342806873,1.0,False,False,False,False
2021-01-02 00:00:00+00:00,29376.455078125,33155.1171875,29091.181640625,32127.267578125,32127.267578125,67865420765,25325.517910700193,28449.25362178043,22201.782199619956,6247.471422160474,1561.8678555401184,1.0,False,False,False,False
2021-01-03 00:00:00+00:00,32129.408203125,34608.55859375,32052.31640625,32782.0234375,32782.0234375,78665235202,26070.481234681127,29393.09181215334,22747.870657208914,6645.2211549444255,1661.3052887361064,1.0,False,False,False,False
2021-01-04 00:00:00+00:00,32810.94921875,33440.21875,28722.755859375,31971.9140625,31971.9140625,81163475344,26575.9874241361,30509.829521986092,22642.145326286107,7867.684195699985,1966.9210489249963,1.0,False,False,False,False
2021-01-05 00:00:00+00:00,31977.041015625,34437.58984375,30221.1875,33992.4296875,33992.4296875,67547324782,27176.72535298822,31560.46370980321,22792.986996173226,8767.476713629985,2191.8691784074963,1.0,False,False,False,False
2021-01-06 00:00:00+00:00,34013.61328125,36879.69921875,33514.03515625,36824.36328125,36824.36328125,75289433811,27992.214927505214,32610.71226113871,23373.71759387172,9236.99466726699,2309.2486668167476,1.0,False,False,False,False
2021-01-07 00:00:00+00:00,36833.875,40180.3671875,36491.19140625,39371.04296875,39371.04296875,84762141031,29010.181809409478,33904.66456592962,24115.699052889333,9788.965513040286,2447.2413782600715,1.0,False,False,False,False
2021-01-08 00:00:00+00:00,39381.765625,41946.73828125,36838.63671875,40797.609375,40797.609375,88107519480,30043.59256962445,35470.24736299258,24616.937776256316,10853.309586736264,2713.327396684066,1.0,False,False,False,False
2021-01-09 00:00:00+00:00,40788.640625,41436.3515625,38980.875,40254.546875,40254.546875,61984162837,31013.14798958085,36388.23261611217,25638.063363049536,10750.169253062631,2687.542313265658,1.0,False,False,False,False
2021-01-10 00:00:00+00:00,40254.21875,41420.19140625,35984.62890625,38356.44140625,38356.44140625,79980747690,31734.475537200135,37659.16420107832,25809.786873321947,11849.37732775637,2962.3443319390926,1.0,False,False,False,False
2021-01-11 00:00:00+00:00,38346.53125,38346.53125,30549.599609375,35566.65625,35566.65625,123320567399,32028.42348951044,38922.0116463758,25134.83533264507,13787.176313730732,3446.794078432683,0.7566321544003043,False,False,False,False
2021-01-12 00:00:00+00:00,35516.359375,36568.52734375,32697.9765625,33922.9609375,33922.9609375,74773277909,32253.95346967611,39232.29296710494,25275.61397224728,13956.678994857662,3489.1697487144156,0.6195848574319747,False,False,False,False
2021-01-13 00:00:00+00:00,33915.12109375,37599.9609375,32584.66796875,37316.359375,37316.359375,69364315979,32594.878164032354,39878.4423054683,25311.314022596405,14567.128282871894,3641.7820707179735,0.8241188736231004,False,False,False,False
2021-01-14 00:00:00+00:00,37325.109375,39966.40625,36868.5625,39187.328125,39187.328125,63615990033,33173.8515730134,40348.62805030576,25999.075095721048,14349.55295458471,3587.3882386461773,0.9190706547457481,False,False,False,False
2021-01-15 00:00:00+00:00,39156.70703125,39577.7109375,34659.58984375,36825.3671875,36825.3671875,67760757881,33540.23612062324,40981.159168936356,26099.31307231012,14881.846096626236,3720.461524156559,0.7207475501054612,False,False,False,False
2021-01-16 00:00:00+00:00,36821.6484375,37864.3671875,35633.5546875,36178.140625,36178.140625,57706187875,33827.70768056388,40970.70092404568,26684.71443708207,14285.986486963611,3571.496621740903,0.6645271711954203,False,False,False,False
2021-01-17 00:00:00+00:00,36163.6484375,36722.3515625,34069.3203125,35791.27734375,35791.27734375,52359854336,33989.606924280015,40948.90709341364,27030.30675514639,13918.60033826725,3479.6500845668124,0.6294433618096313,False,False,False,False
2021-01-18 00:00:00+00:00,35792.23828125,37299.28515625,34883.84375,36630.07421875,36630.07421875,49511702429,34206.88890371367,40953.347337183935,27460.430470243402,13492.916866940534,3373.2292167351334,0.6795894348814571,False,False,False,False
2021-01-19 00:00:00+00:00,36642.234375,37755.890625,36069.8046875,36069.8046875,36069.8046875,57244195486,34437.835992248874,40846.865769872114,28028.806214625634,12818.05955524648,3204.51488881162,0.627317921111012,False,False,False,False
2021-01-20 00:00:00+00:00,36050.11328125,36378.328125,33570.4765625,35547.75,35547.75,66834573161,34507.13906243152,40836.836174792435,28177.441950070603,12659.394224721833,3164.848556180458,0.5822006897878517,False,False,False,False
2021-01-21 00:00:00+00:00,35549.3984375,35552.6796875,30250.75,30825.69921875,30825.69921875,75643067688,34288.336259858675,41045.4495984835,27531.22292123385,13514.226677249651,3378.556669312413,0.24377838082753142,False,False,True,False
2021-01-22 00:00:00+00:00,30817.625,33811.8515625,28953.373046875,33005.76171875,33005.76171875,77207272511,34063.12919790785,41116.22690579519,27010.031490020512,14106.19541577468,3526.54885394367,0.4250423343791609,False,False,False,False
2021-01-23 00:00:00+00:00,32985.7578125,33360.9765625,31493.16015625,32067.642578125,32067.642578125,48354737975,33895.903537690436,40617.254756039045,27174.552319341827,13442.702436697218,3360.6756091743046,0.36399602548856036,False,False,False,False
2021-01-24 00:00:00+00:00,32064.376953125,32944.0078125,31106.685546875,32289.37890625,32289.37890625,48643830599,33726.13724094611,40142.81779058486,27309.456691307365,12833.361099277492,3208.340274819373,0.3880450473121185,False,False,False,False
2021-01-25 00:00:00+00:00,32285.798828125,34802.7421875,32087.787109375,32366.392578125,32366.392578125,59897054838,33665.13756323696,39983.14107353683,27347.134052937086,12636.007020599747,3159.001755149937,0.397218719252475,False,False,False,False
2021-01-26 00:00:00+00:00,32358.61328125,32794.55078125,31030.265625,32569.849609375,32569.849609375,60255421470,33519.08211326598,39558.14230378586,27480.02192274609,12078.120381039771,3019.5300952599428,0.42140892175730577,False,False,False,False
2021-01-27 00:00:00+00:00,32564.029296875,32564.029296875,29367.138671875,30432.546875,30432.546875,62576762015,33258.97000228033,39334.66636124822,27183.273643312434,12151.392717935789,3037.848179483947,0.26739924444146634,False,False,False,False
2021-01-28 00:00:00+00:00,30441.041015625,33858.3125,30023.20703125,33466.09765625,33466.09765625,76517157706,33181.84959531712,39416.997412138226,26946.701778496015,12470.29563364221,3117.5739084105526,0.5227940114078802,False,False,False,True
2021-01-29 00:00:00+00:00,34318.671875,38406.26171875,32064.814453125,34316.38671875,34316.38671875,117894572511,33348.25956689406,40228.18205515806,26468.337078630066,13759.844976527995,3439.9612441319987,0.5703588705764782,False,False,False,False
2021-01-30 00:00:00+00:00,34295.93359375,34834.70703125,32940.1875,34269.5234375,34269.5234375,65141828798,33411.74017857876,39982.57432426636,26840.906032891162,13141.668291375197,3285.4170728437994,0.565272021778559,False,False,False,False
2021-01-31 00:00:00+00:00,34270.87890625,34288.33203125,32270.17578125,33114.359375,33114.359375,52754542671,33393.88769133316,39711.269672452,27076.505710214326,12634.763962237674,3158.6909905594184,0.47787625339352546,False,False,True,False
2021-02-01 00:00:00+00:00,33114.578125,34638.21484375,32384.228515625,33537.17578125,33537.17578125,61400400660,33405.88629662286,39542.32734525482,27269.44524799091,12272.882097263908,3068.220524315977,0.5106975267575011,False,False,False,True
2021-02-02 00:00:00+00:00,33533.19921875,35896.8828125,33489.21875,35510.2890625,35510.2890625,63088585433,33554.41746281751,39558.74721908627,27550.08770654875,12008.659512537517,3002.1648781343793,0.6628717674641772,False,False,False,False
2021-02-03 00:00:00+00:00,35510.8203125,37480.1875,35443.984375,37472.08984375,37472.08984375,61166818159,33863.40188600156,39674.53929164344,28052.264480359674,11622.274811283769,2905.5687028209422,0.8104975588982682,False,False,False,False
2021-02-04 00:00:00+00:00,37475.10546875,38592.17578125,36317.5,36926.06640625,36926.06640625,68838074392,34188.65701392204,39873.61583524974,28503.698192594347,11369.91764265539,2842.4794106638474,0.7407589464024165,False,False,False,False
2021-02-05 00:00:00+00:00,36931.546875,38225.90625,36658.76171875,38144.30859375,38144.30859375,58598066402,34520.81591934217,39950.70776478709,29090.92407389724,10859.78369088985,2714.9459227224625,0.8336615882549799,False,False,False,False
2021-02-06 00:00:00+00:00,38138.38671875,40846.546875,38138.38671875,39266.01171875,39266.01171875,71326033653,34987.117429007994,40415.652121158426,29558.582736857563,10857.069384300863,2714.2673460752158,0.8941113516258092,False,False,False,False
2021-02-07 00:00:00+00:00,39250.19140625,39621.8359375,37446.15234375,38903.44140625,38903.44140625,65500641143,35336.643695689774,40657.46163737516,30015.825754004385,10641.635883370778,2660.4089708426945,0.8351738162864514,False,False,False,False
2021-02-08 00:00:00+00:00,38886.828125,46203.9296875,38076.32421875,46196.46484375,46196.46484375,101467222687,36113.36711356059,42527.62435482744,29699.10987229374,12828.514482533705,3207.128620633426,1.0,False,False,False,False
2021-02-09 00:00:00+00:00,46184.9921875,48003.72265625,45166.9609375,46481.10546875,46481.10546875,91809846886,37107.388945999264,43447.57280688943,30767.205085109097,12680.367721780334,3170.0919304450836,1.0,False,False,False,False
2021-02-10 00:00:00+00:00,46469.76171875,47145.56640625,43881.15234375,44918.18359375,44918.18359375,87301089896,37889.06308903902,44248.111376340166,31530.014801737867,12718.0965746023,3179.524143650575,1.0,False,False,False,False
2021-02-11 00:00:00+00:00,44898.7109375,48463.46875,44187.76171875,47909.33203125,47909.33203125,81388911810,38742.820969448,45321.10583426904,32164.536104626968,13156.56972964207,3289.1424324105174,1.0,False,False,False,False
2021-02-12 00:00:00+00:00,47877.03515625,48745.734375,46424.9765625,47504.8515625,47504.8515625,76555041196,39582.41143267518,45967.01937351411,33197.803491836254,12769.215881677854,3192.3039704194634,1.0,False,False,False,False
2021-02-13 00:00:00+00:00,47491.203125,48047.74609375,46392.28125,47105.515625,47105.515625,70250456155,40306.16726349183,46383.40737899687,34228.92714798679,12154.480231010079,3038.6200577525196,1.0,False,False,False,False
2021-02-14 00:00:00+00:00,47114.5078125,49487.640625,47114.5078125,48717.2890625,48717.2890625,71248675228,41080.80014315927,47026.74124711381,35134.85903920473,11891.882207909075,2972.9705519772688,1.0,False,False,False,False
2021-02-15 00:00:00+00:00,48696.53515625,48875.5703125,46347.4765625,47945.05859375,47945.05859375,77069903166,41713.36220789807,47570.32795145715,35856.39646433899,11713.931487118156,2928.482871779539,1.0,False,False,False,False
2021-02-16 00:00:00+00:00,47944.45703125,50341.1015625,47201.3046875,49199.87109375,49199.87109375,77049582886,42399.14604028079,48298.374584483965,36499.91749607762,11798.457088406343,2949.614272101586,1.0,False,False,False,False
2021-02-17 00:00:00+00:00,49207.27734375,52533.9140625,49072.37890625,52149.0078125,52149.0078125,80820545404,43242.25279140484,49243.8655124377,37240.640070371985,12003.225442065712,3000.806360516428,1.0,False,False,False,False
2021-02-18 00:00:00+00:00,52140.97265625,52474.10546875,51015.765625,51679.796875,51679.796875,52054723579,44049.964207104385,49743.083624783954,38356.84478942482,11386.238835359138,2846.5597088397844,1.0,False,False,False,False
2021-02-19 00:00:00+00:00,51675.98046875,56113.65234375,50937.27734375,55888.1328125,55888.1328125,63495496918,45027.39817150714,51186.48064741876,38868.31569559553,12318.16495182323,3079.5412379558074,1.0,False,False,False,False
2021-02-20 00:00:00+00:00,55887.3359375,57505.2265625,54626.55859375,56099.51953125,56099.51953125,68145460026,46079.75087541122,52198.658697481675,39960.843053340766,12237.815644140908,3059.453911035227,1.0,False,False,False,False
2021-02-21 00:00:00+00:00,56068.56640625,58330.5703125,55672.609375,57539.9453125,57539.9453125,51897585191,47137.016665054594,53175.625892418,41098.40743769119,12077.218454726812,3019.304613681703,1.0,False,False,False,False
2021-02-22 00:00:00+00:00,57532.73828125,57533.390625,48967.56640625,54207.3203125,54207.3203125,92052420332,47749.62705707321,54898.851142950276,40600.40297119614,14298.448171754135,3574.6120429385337,0.9516359522275739,False,False,False,False
2021-02-23 00:00:00+00:00,54204.9296875,54204.9296875,45290.58984375,48824.42578125,48824.42578125,106102492824,47910.61322028846,56128.26099132783,39692.965449249095,16435.295542078733,4108.823885519683,0.5556006162847473,False,False,False,False
2021-02-24 00:00:00+00:00,48835.0859375,51290.13671875,47213.5,49705.33203125,49705.33203125,63695521388,48052.74430248321,56263.95464016864,39841.53396479778,16422.420675370857,4105.605168842714,0.6006299717583791,False,False,False,False
2021-02-25 00:00:00+00:00,49709.08203125,51948.96875,47093.8515625,47093.8515625,47093.8515625,54506565949,48115.55188875465,56476.66463017154,39754.43914733776,16722.225482833775,4180.556370708444,0.4389016535326905,False,False,True,False
2021-02-26 00:00:00+00:00,47180.46484375,48370.78515625,44454.84375,46339.76171875,46339.76171875,350967941479,47951.06728427007,56259.25703279527,39642.877535744876,16616.379497050395,4154.094874262599,0.4030290824901959,False,False,False,False
2021-02-27 00:00:00+00:00,46344.7734375,48253.26953125,45269.02734375,46188.453125,46188.453125,45910946382,47819.56087624436,55893.780087417035,39745.34166507168,16148.438422345353,4037.109605586338,0.39899284942701835,False,False,False,False
2021-02-28 00:00:00+00:00,46194.015625,46716.4296875,43241.6171875,45137.76953125,45137.76953125,53443887451,47554.073059657596,55515.832849713006,39592.313269602186,15923.51958011082,3980.879895027705,0.3482556876793956,False,False,False,False
2021-03-01 00:00:00+00:00,45159.50390625,49784.015625,45115.09375,49631.2421875,49631.2421875,53891300112,47613.37884961084,55712.74703566071,39514.01066356097,16198.736372099738,4049.6840930249346,0.6245691819125271,False,False,False,True
2021-03-02 00:00:00+00:00,49612.10546875,50127.51171875,47228.84375,48378.98828125,48378.98828125,47530897720,47705.29018933044,55574.45515052532,39836.125228135556,15738.329922389763,3934.5824805974407,0.5428061995930802,False,False,False,False
2021-03-03 00:00:00+00:00,48415.81640625,52535.13671875,48274.3203125,50538.2421875,50538.2421875,53220811975,47966.61808300531,55901.029829330706,40032.20633667992,15868.823492650787,3967.2058731626967,0.6620551205756158,False,False,False,False
2021-03-04 00:00:00+00:00,50522.3046875,51735.08984375,47656.9296875,48561.16796875,48561.16796875,52343816680,48095.29532906829,56051.89793201115,40138.69272612544,15913.205205885708,3978.301301471427,0.5292758519515225,False,False,False,False
2021-03-05 00:00:00+00:00,48527.03125,49396.4296875,46542.515625,48927.3046875,48927.3046875,48625928883,48113.71958344274,55845.44473859131,40381.99442829417,15463.450310297136,3865.862577574284,0.5526134263525581,False,False,False,False
2021-03-06 00:00:00+00:00,48899.23046875,49147.21875,47257.52734375,48912.3828125,48912.3828125,34363564661,48144.70276299581,55481.19368387952,40808.2118421121,14672.981841767425,3668.2454604418563,0.5523192939092276,False,False,False,False
2021-03-07 00:00:00+00:00,48918.6796875,51384.3671875,48918.6796875,51206.69140625,51206.69140625,43137459378,48369.32593735336,55466.564641148696,41272.08723355802,14194.477407590675,3548.619351897669,0.6998922107114225,False,False,False,False
2021-03-08 00:00:00+00:00,51174.1171875,52314.0703125,49506.0546875,52246.5234375,52246.5234375,48597428048,48653.72817943082,55602.84613784663,41704.61022101501,13898.235916831618,3474.5589792079045,0.758507286793001,False,False,False,False
2021-03-09 00:00:00+00:00,52272.96875,54824.1171875,51981.83203125,54824.1171875,54824.1171875,50912227385,49151.15300063582,55973.81619446005,42328.489806811594,13645.326387648456,3411.331596912114,0.9157441182205256,False,False,False,False
2021-03-10 00:00:00+00:00,54824.01171875,57258.25390625,53290.890625,56008.55078125,56008.55078125,57295577614,49757.63669303559,56691.50622372739,42823.767162343785,13867.739061383603,3466.934765345901,0.9507522142250887,False,False,False,False
2021-03-11 00:00:00+00:00,55963.1796875,58091.0625,54484.59375,57805.12109375,57805.12109375,56772343595,50427.72771730998,57389.504044932604,43465.951389687354,13923.55265524525,3480.8881638113126,1.0,False,False,False,False
2021-03-12 00:00:00+00:00,57821.21875,57996.62109375,55376.6484375,57332.08984375,57332.08984375,55689944702,51044.30474026458,57833.89796637494,44254.71151415422,13579.186452220718,3394.7966130551795,0.9630457889071199,False,False,False,False
2021-03-13 00:00:00+00:00,57343.37109375,61683.86328125,56217.97265625,61243.0859375,61243.0859375,60669829814,51870.08276103304,59073.894789532365,44666.27073253371,14407.624056998655,3601.9060142496637,1.0,False,False,False,False
2021-03-14 00:00:00+00:00,61221.1328125,61597.91796875,59302.31640625,59302.31640625,59302.31640625,43901225564,52650.79077684735,59593.341914996745,45708.23963869796,13885.102276298785,3471.2755690746963,0.9790404490398669,False,False,False,False
2021-03-15 00:00:00+00:00,59267.4296875,60540.9921875,55393.1640625,55907.19921875,55907.19921875,66419369890,53091.710876473,60369.57252580745,45813.84922713855,14555.723298668905,3638.9308246672263,0.6934282676653019,False,False,False,False
2021-03-16 00:00:00+00:00,55840.78515625,56833.1796875,53555.02734375,56804.90234375,56804.90234375,59749798599,53343.075217602556,60548.781170753566,46137.36926445155,14411.411906302019,3602.8529765755047,0.740214293273625,False,False,False,False
2021-03-17 00:00:00+00:00,56825.828125,58969.81640625,54528.62890625,58870.89453125,58870.89453125,60258313191,53734.82487445787,61108.197732293775,46361.45201662196,14746.745715671816,3686.686428917954,0.8482849542413874,False,False,False,False
2021-03-18 00:00:00+00:00,58893.078125,60116.25,54253.578125,57858.921875,57858.921875,55746041000,54084.80187054125,61893.371817593565,46276.23192348893,15617.139894104635,3904.284973526159,0.7416652492101615,False,False,False,False
2021-03-19 00:00:00+00:00,57850.44140625,59498.375,56643.703125,58346.65234375,58346.65234375,49063873786,54473.19313584684,62071.84046319393,46874.54580849976,15197.294654694168,3799.323663673542,0.7548782066752069,False,False,False,False
2021-03-20 00:00:00+00:00,58332.26171875,60031.28515625,58213.296875,58313.64453125,58313.64453125,50361731222,54890.293045528095,62092.67329639047,47687.91279466572,14404.760501724755,3601.190125431189,0.7376541758755385,False,False,False,False
2021-03-21 00:00:00+00:00,58309.9140625,58767.8984375,56005.6171875,57523.421875,57523.421875,51943414539,55132.39013643018,62166.98861220632,48097.79166065404,14069.19695155228,3517.29923788807,0.6699479896971671,False,False,False,False
2021-03-22 00:00:00+00:00,57517.890625,58471.48046875,54288.15625,54529.14453125,54529.14453125,56521454974,55192.441274230485,62360.244746179014,48024.637802281955,14335.606943897059,3583.9017359742647,0.4537308224495606,False,False,True,False
2021-03-23 00:00:00+00:00,54511.66015625,55985.44140625,53470.6953125,54738.9453125,54738.9453125,56435023914,55148.56058243869,62102.53292594236,48194.588238935015,13907.944687007344,3476.986171751836,0.47054810907312955,False,False,False,False
2021-03-24 00:00:00+00:00,54710.48828125,57262.3828125,52514.33203125,52774.265625,52774.265625,70567223787,55056.66530375405,62264.85056915736,47848.480038350746,14416.370530806613,3604.092632701653,0.3416800071920495,False,False,False,False
2021-03-25 00:00:00+00:00,52726.74609375,53392.38671875,50856.5703125,51704.16015625,51704.16015625,67999812841,54764.06597919017,61758.59599930314,47769.5359590772,13989.060040225944,3497.265010056486,0.2812643727211604,False,False,False,False
2021-03-26 00:00:00+00:00,51683.01171875,55137.3125,51579.85546875,55137.3125,55137.3125,56652197978,54686.678123037134,61693.246547388815,47680.10969868545,14013.136848703361,3503.2842121758404,0.532157994446801,False,False,False,True
2021-03-27 00:00:00+00:00,55137.56640625,56568.21484375,54242.91015625,55973.51171875,55973.51171875,47266542233,54773.17343572407,61544.14595514058,48002.20091630756,13541.945038833015,3385.486259708254,0.5886385433985906,False,False,False,False
2021-03-28 00:00:00+00:00,55974.94140625,56610.3125,55071.11328125,55950.74609375,55950.74609375,47686580918,54878.33697755988,61280.05208878474,48476.621866335016,12803.430222449722,3200.8575556124306,0.5837595158139531,False,False,False,False
2021-03-29 00:00:00+00:00,55947.8984375,58342.09765625,55139.33984375,57750.19921875,57750.19921875,57625587027,55087.753669181155,61489.84883178353,48685.65850657878,12804.190325204749,3201.047581301187,0.7079354868950897,False,False,False,False
2021-03-30 00:00:00+00:00,57750.1328125,59447.22265625,57251.55078125,58917.69140625,58917.69140625,54414116432,55416.426806838506,61617.44682818064,49215.40678549637,12402.040042684268,3100.510010671067,0.7823136022268227,False,False,False,False
2021-03-31 00:00:00+00:00,58930.27734375,59930.02734375,57726.41796875,58918.83203125,58918.83203125,65520826225,55744.23623297293,61765.876127180854,49722.596338765004,12043.27978841585,3010.8199471039625,0.7635989409903637,False,False,False,False
2021-04-01 00:00:00+00:00,58926.5625,59586.0703125,58505.27734375,59095.80859375,59095.80859375,61669163792,56060.25044094377,61695.8849394809,50424.615942406635,11271.268997074265,2817.8172492685662,0.7693182243804301,False,False,False,False
2021-04-02 00:00:00+00:00,59098.87890625,60267.1875,58869.28125,59384.3125,59384.3125,58727860620,56388.505359266586,61740.15765795,51036.85306058317,10703.304597366834,2675.8261493417085,0.7798955325881715,False,False,False,False
2021-04-03 00:00:00+00:00,59397.41015625,60110.26953125,57603.890625,57603.890625,57603.890625,59641344484,56583.82392128088,61901.58677134595,51266.0610712158,10635.52570013015,2658.8814250325377,0.5959112631081922,False,False,False,False
2021-04-04 00:00:00+00:00,57604.83984375,58913.74609375,57168.67578125,58758.5546875,58758.5546875,50749662970,56745.39550219064,61880.396129749206,51610.39487463207,10270.001255117138,2567.5003137792846,0.6960232657524054,False,False,False,False
2021-04-05 00:00:00+00:00,58760.875,59891.296875,57694.82421875,59057.87890625,59057.87890625,60706272115,56948.81815277565,62009.61324882836,51888.023056722945,10121.590192105417,2530.3975480263543,0.7083724704759693,False,False,False,False
2021-04-06 00:00:00+00:00,59171.93359375,59479.578125,57646.80859375,58192.359375,58192.359375,66058027988,57090.795665011305,62012.06515770875,52169.52617231386,9842.538985394887,2460.634746348722,0.6119186534717597,False,False,False,False
2021-04-07 00:00:00+00:00,58186.5078125,58731.14453125,55604.0234375,56048.9375,56048.9375,75645303584,57062.59625147848,62117.16301365617,52008.02948930078,10109.133524355391,2527.283381088848,0.39972842390138347,False,False,True,False
2021-04-08 00:00:00+00:00,56099.9140625,58338.73828125,55879.0859375,58323.953125,58323.953125,53053855641,57105.58001621862,62146.62057092855,52064.53946150869,10082.081109419858,2520.5202773549645,0.6208453984409065,False,False,False,True
2021-04-09 00:00:00+00:00,58326.5625,58937.046875,57807.86328125,58245.00390625,58245.00390625,46655208546,57222.18871507081,61984.96193305975,52459.41549708188,9525.54643597787,2381.3866089944677,0.6073760122900694,False,False,False,False
2021-04-10 00:00:00+00:00,58253.77734375,61276.6640625,58038.70703125,59793.234375,59793.234375,58238470525,57458.44393169105,62392.53123413109,52524.35662925101,9868.174604880085,2467.0436512200213,0.7365980069053837,False,False,False,False
2021-04-11 00:00:00+00:00,59846.23046875,60790.5546875,59289.796875,60204.96484375,60204.96484375,46280252580,57709.55455426809,62450.38468896413,52968.724419572056,9481.660269392072,2370.415067348018,0.763182841251694,False,False,False,False
2021-04-12 00:00:00+00:00,60175.9453125,61253.03515625,59589.875,59893.453125,59893.453125,51828688519,57951.068827869545,62550.44798034598,53351.68967539311,9198.758304952877,2299.689576238219,0.7111572271753916,False,False,False,False
2021-04-13 00:00:00+00:00,59890.01953125,63742.28515625,59869.95703125,63503.45703125,63503.45703125,69983454362,58372.10034327086,63286.007205499656,53458.193481042064,9827.813724457592,2456.953431114398,1.0,False,False,False,False
2021-04-14 00:00:00+00:00,63523.75390625,64863.09765625,61554.796875,63109.6953125,63109.6953125,77451779687,58829.60157545935,63913.777907715266,53745.42524320344,10168.352664511825,2542.0881661279564,0.9209230224654221,False,False,False,False
2021-04-15 00:00:00+00:00,63075.1953125,63821.671875,62208.96484375,63314.01171875,63314.01171875,60954381579,59237.72359803465,64136.023703314975,54339.42349275433,9796.600210560646,2449.1500526401614,0.9160921169694305,False,False,False,False
2021-04-16 00:00:00+00:00,63258.50390625,63594.72265625,60222.53125,61572.7890625,61572.7890625,84293007468,59481.43382580119,64564.34220180348,54398.5254497989,10165.816752004583,2541.4541880011457,0.7057242706333868,False,False,False,False
2021-04-17 00:00:00+00:00,61529.921875,62572.17578125,60361.3515625,60683.8203125,60683.8203125,66138759198,59645.657514018545,64662.4398961706,54628.87513186649,10033.564764304116,2508.391191076029,0.603468988626542,False,False,False,False
2021-04-18 00:00:00+00:00,60701.88671875,61057.45703125,52829.53515625,56216.18359375,56216.18359375,97468872758,59365.219521612016,65525.90804054887,53204.53100267516,12321.37703787371,3080.3442594684275,0.2444250006973699,False,False,True,False
2021-04-19 00:00:00+00:00,56191.5859375,57520.0546875,54368.59375,55724.265625,55724.265625,65344865159,59032.43398185532,65207.34583639849,52857.52212731215,12349.82370908634,3087.455927271585,0.2321282931009496,False,False,False,False
2021-04-20 00:00:00+00:00,55681.79296875,57062.1484375,53448.046875,56473.03125,56473.03125,67849323955,58711.35222366275,64991.5932052516,52431.111242073894,12560.481963177706,3140.1204907944266,0.32179656957236147,False,False,False,False
2021-04-21 00:00:00+00:00,56471.12890625,56757.97265625,53695.46875,53906.08984375,53906.08984375,54926612466,58337.5577658536,64602.27543053357,52072.84010117363,12529.435329359942,3132.3588323399854,0.14631543197166752,False,False,False,False
2021-04-22 00:00:00+00:00,53857.10546875,55410.23046875,50583.8125,51762.2734375,51762.2734375,74798630778,57789.7369121612,64393.26640412317,51186.20742019923,13207.05898392394,3301.764745980985,0.04361803926233517,False,False,False,False
2021-04-23 00:00:00+00:00,51739.80859375,52120.79296875,47714.6640625,51093.65234375,51093.65234375,86668667320,57077.35274195537,63901.75506597115,50252.950417939595,13648.804648031553,3412.2011620078883,0.06159527867018389,False,False,False,False
2021-04-24 00:00:00+00:00,51143.2265625,51167.5625,48805.28515625,50050.8671875,50050.8671875,49014494781,56404.07199966597,63018.48956003017,49789.65443930177,13228.8351207284,3307.2087801821,0.01974571047370109,False,False,False,False
2021-04-25 00:00:00+00:00,50052.83203125,50506.01953125,47159.484375,49004.25390625,49004.25390625,46117114240,55688.43840644381,62310.721242021595,49066.15557086603,13244.565671155564,3311.141417788891,0.0,False,False,False,False
2021-04-26 00:00:00+00:00,49077.79296875,54288.00390625,48852.796875,54021.75390625,54021.75390625,58284039825,55374.065056226944,62421.161014496945,48326.96909795694,14094.191916540003,3523.547979135001,0.4040518847774478,False,False,False,False
2021-04-27 00:00:00+00:00,54030.3046875,55416.96484375,53319.1875,55033.1171875,55033.1171875,49448222757,55299.36900424501,62061.31083543801,48537.42717305201,13523.883662385997,3380.9709155964993,0.48031247359177326,False,False,False,False
2021-04-28 00:00:00+00:00,55036.63671875,56227.20703125,53887.91796875,54824.703125,54824.703125,48000572955,55268.94745225342,61822.55291282712,48715.34199167972,13107.210921147402,3276.8027302868504,0.46610687583148064,False,False,False,False
2021-04-29 00:00:00+00:00,54858.08984375,55115.84375,52418.02734375,53555.109375,53555.109375,46088929780,55119.174058983255,61556.982254749586,48681.365863216924,12875.616391532662,3218.9040978831654,0.378525063467111,False,False,False,False
2021-04-30 00:00:00+00:00,53568.6640625,57900.71875,53129.6015625,57750.17578125,57750.17578125,52395931985,55227.83989761183,61976.09071130153,48479.58908392214,13496.501627379388,3374.125406844847,0.6868881250324369,False,False,False,True
2021-05-01 00:00:00+00:00,57714.6640625,58448.33984375,57052.2734375,57828.05078125,57828.05078125,42836427360,55470.5428934742,61823.18190704493,49117.903879903475,12705.278027141452,3176.319506785363,0.6855534276967107,False,False,False,False
2021-05-02 00:00:00+00:00,57825.86328125,57902.59375,56141.90625,56631.078125,56631.078125,38177405335,55605.906367905234,61675.41898011889,49536.39375569158,12139.025224427314,3034.7563061068286,0.5844525600813331,False,False,False,False
2021-05-03 00:00:00+00:00,56620.2734375,58973.30859375,56590.87109375,57200.29296875,57200.29296875,51713139031,55794.692194969815,61733.7410459621,49855.64334397753,11878.097701984574,2969.5244254961435,0.6183355120530234,False,False,False,False
2021-05-04 00:00:00+00:00,57214.1796875,57214.1796875,53191.42578125,53333.5390625,53333.5390625,68564706967,55678.980066282216,61828.67481342528,49529.285319139155,12299.389494286122,3074.8473735715306,0.3093042744217647,False,False,True,False
2021-05-05 00:00:00+00:00,53252.1640625,57911.36328125,52969.0546875,57424.0078125,57424.0078125,69241316747,55719.21770381883,62242.40469499759,49196.03071264007,13046.373982357516,3261.593495589379,0.6306715652170127,False,False,False,True
2021-05-06 00:00:00+00:00,57441.30859375,58363.31640625,55382.5078125,56396.515625,56396.515625,69523285106,55813.96966357418,62280.99967438506,49346.9396527633,12934.060021621757,3233.5150054054393,0.5450396828568899,False,False,False,False
2021-05-07 00:00:00+00:00,56413.953125,58606.6328125,55321.84765625,57356.40234375,57356.40234375,68434023376,55935.968832519495,62413.25287349929,49458.6847915397,12954.568081959587,3238.642020489897,0.6096473075940361,False,False,False,False
2021-05-08 00:00:00+00:00,57352.765625,59464.61328125,56975.2109375,58803.77734375,58803.77734375,65382980634,56172.02264410494,62499.458749736754,49844.58653847312,12654.872211263631,3163.718052815908,0.7079637514871652,False,False,False,False
2021-05-09 00:00:00+00:00,58877.390625,59210.8828125,56482.00390625,58232.31640625,58232.31640625,65906690347,56343.7412216505,62584.20949796913,50103.272945331875,12480.936552637257,3120.234138159314,0.6513167843322171,False,False,False,False
2021-05-10 00:00:00+00:00,58250.87109375,59519.35546875,54071.45703125,55859.796875,55859.796875,71776546298,56357.055053715536,63063.0561899023,49651.05391752877,13412.002272373531,3353.0005680933828,0.4629243890198405,False,False,True,False
2021-05-11 00:00:00+00:00,55847.2421875,56872.54296875,54608.65234375,56704.57421875,56704.57421875,61308396325,56328.947255941035,62817.12640350913,49840.76810837294,12976.35829513619,3244.0895737840474,0.5289470246016371,False,False,False,True
2021-05-12 00:00:00+00:00,56714.53125,57939.36328125,49150.53515625,49150.53515625,49150.53515625,75215403907,55924.29937739903,63521.42623521031,48327.17251958775,15194.253715622559,3798.5634289056397,0.05418908042950976,False,False,True,False
2021-05-13 00:00:00+00:00,49735.43359375,51330.84375,46980.01953125,49716.19140625,49716.19140625,96721152926,55297.44720455151,63005.02622033166,47589.868188771354,15415.158031560306,3853.7895078900765,0.1379371663349352,False,False,False,False
2021-05-14 00:00:00+00:00,49682.98046875,51438.1171875,48868.578125,49880.53515625,49880.53515625,55737497453,54798.87224757041,62249.60117427255,47348.14332086827,14901.457853404281,3725.3644633510703,0.16994255597637353,False,False,False,False
2021-05-15 00:00:00+00:00,49855.49609375,50639.6640625,46664.140625,46760.1875,46760.1875,59161047474,54153.39210296053,61654.152824492456,46652.63138142861,15001.521443063844,3750.380360765961,0.007169680687362459,False,False,False,False
2021-05-16 00:00:00+00:00,46716.63671875,49720.04296875,43963.3515625,46456.05859375,46456.05859375,64047871555,53444.79771617064,61346.82064679937,45542.7747855419,15804.045861257473,3951.0114653143683,0.05778797506826729,False,False,False,False
2021-05-17 00:00:00+00:00,46415.8984375,46623.55859375,42207.2890625,43537.51171875,43537.51171875,74903638450,52556.98712018613,60552.061664001994,44561.91257637027,15990.149087631726,3997.5372719079314,0.0,False,False,False,False
2021-05-18 00:00:00+00:00,43488.05859375,45812.45703125,42367.83203125,42909.40234375,42909.40234375,56187365084,51713.13728036682,59597.62936980109,43828.64519093255,15768.984178868544,3942.246044717136,0.0,False,False,False,False
2021-05-19 00:00:00+00:00,42944.9765625,43546.1171875,30681.49609375,37002.44140625,37002.44140625,126358098747,50319.189434220774,59988.15653346162,40650.22233497993,19337.934198481686,4834.483549620421,0.0,False,False,False,False
2021-05-20 00:00:00+00:00,36753.66796875,42462.984375,35050.6171875,40782.73828125,40782.73828125,88281943359,49282.325038699746,59466.86886551651,39097.78121188298,20369.087653633527,5092.271913408382,0.08272128325131183,False,False,False,False
2021-05-21 00:00:00+00:00,40596.94921875,42172.171875,33616.453125,37304.69140625,37304.69140625,82051616861,48179.03428600612,59056.26748014121,37301.801091871035,21754.46638827017,5438.616597067543,0.0001328607343144608,False,False,False,False
2021-05-22 00:00:00+00:00,37371.03125,38831.0546875,35383.68359375,37536.6328125,37536.6328125,57377273240,47138.21740460078,57617.20149807236,36659.233311129195,20957.968186943166,5239.4920467357915,0.04186472150088601,False,False,False,False
2021-05-23 00:00:00+00:00,37531.44921875,38289.21875,31227.33984375,34770.58203125,34770.58203125,78469274361,45959.5662430515,56803.02770842593,35116.10477767707,21686.922930748857,5421.730732687214,0.0,False,True,False,False
2021-05-24 00:00:00+00:00,34700.36328125,39835.140625,34551.08203125,38705.98046875,38705.98046875,67359584098,45172.69336672913,55988.62040431611,34356.76632914215,21631.854075173964,5407.963518793491,0.20105600400657636,False,False,False,False
2021-05-25 00:00:00+00:00,38795.78125,39776.3515625,36581.4296875,38402.22265625,38402.22265625,56211915803,44513.70682088985,54887.025529718136,34140.38811206156,20746.637417656573,5186.659354414143,0.205422905813227,False,False,False,False
2021-05-26 00:00:00+00:00,38392.625,40782.078125,37905.8359375,39294.19921875,39294.19921875,51346735160,44019.770084971766,53931.00536041722,34108.53480952631,19822.47055089091,4955.6176377227275,0.26160535317282246,False,False,False,False
2021-05-27 00:00:00+00:00,39316.890625,40379.6171875,37247.90234375,38436.96875,38436.96875,43210968721,43511.99795882366,53058.452675474575,33965.543242172746,19092.90943330183,4773.227358325457,0.23419298789676338,False,False,False,False
2021-05-28 00:00:00+00:00,38507.08203125,38856.96875,34779.0390625,35697.60546875,35697.60546875,55200191952,42838.90651135633,52246.30169384215,33431.5113288705,18814.790364971646,4703.697591242912,0.12044216788608963,False,False,False,False
2021-05-29 00:00:00+00:00,35684.15625,37234.5,33693.9296875,34616.06640625,34616.06640625,45231013335,42109.62957674303,51284.39930348027,32934.859850005785,18349.539453474485,4587.384863368621,0.09162118539851846,False,False,False,False
2021-05-30 00:00:00+00:00,34607.40625,36400.66796875,33520.73828125,35678.12890625,35678.12890625,31646080921,41451.55486010877,50284.83355167229,32618.276168545257,17666.55738312703,4416.639345781758,0.17320028296102252,False,False,False,False
2021-05-31 00:00:00+00:00,35658.59375,37468.25,34241.9453125,37332.85546875,37332.85546875,39009847639,40965.47188236032,49560.68364226748,32370.260122453154,17190.42351981433,4297.605879953582,0.2886837162898734,False,False,False,False
2021-06-01 00:00:00+00:00,37293.79296875,37896.734375,35787.0859375,36684.92578125,36684.92578125,34639423297,40567.76808701648,48725.38835843292,32410.14781560003,16315.240542832893,4078.8101357082232,0.2620113356237235,False,False,False,False
2021-06-02 00:00:00+00:00,36699.921875,38231.33984375,35966.30859375,37575.1796875,37575.1796875,33070867190,40252.51487634824,48047.37937062305,32457.65038207344,15589.72898854961,3897.4322471374026,0.3282628780259938,False,False,False,False
2021-06-03 00:00:00+00:00,37599.41015625,39478.953125,37243.97265625,39208.765625,39208.765625,35460750427,40099.31318673571,47561.687325333034,32636.939048138385,14924.748277194649,3731.187069298662,0.44033081528775353,False,False,False,False
2021-06-04 00:00:00+00:00,39242.484375,39242.484375,35717.72265625,36894.40625,36894.40625,41831090187,39831.271082641826,47252.36015112942,32410.182014154234,14842.178136975184,3710.544534243796,0.3021270998408624,False,False,False,False
2021-06-05 00:00:00+00:00,36880.15625,37917.71484375,34900.4140625,35551.95703125,35551.95703125,35959473399,39478.13688231086,46760.57720019969,32195.696564422025,14564.880635777663,3641.2201589444157,0.23043515087817085,False,False,False,False
2021-06-06 00:00:00+00:00,35538.609375,36436.421875,35304.578125,35862.37890625,35862.37890625,28913440585,39134.294604828865,45914.859640928815,32353.729568728915,13561.1300721999,3390.282518049975,0.2587283890679406,False,False,False,False
2021-06-07 00:00:00+00:00,35835.265625,36790.5703125,33480.640625,33560.70703125,33560.70703125,33683936663,38703.470292265796,45467.96476225575,31938.975822275843,13528.98893997991,3382.2472349949776,0.11987083559376206,False,False,False,False
2021-06-08 00:00:00+00:00,33589.51953125,34017.38671875,31114.443359375,33472.6328125,33472.6328125,49902050442,38147.725911752386,44816.359606618345,31479.092216886427,13337.267389731918,3334.3168474329796,0.14947144248966304,False,False,False,False
2021-06-09 00:00:00+00:00,33416.9765625,37537.37109375,32475.865234375,37345.12109375,37345.12109375,53972919008,37922.81098116883,44936.88247842319,30908.73948391446,14028.14299450873,3507.0357486271823,0.45881921879147075,False,False,False,False
2021-06-10 00:00:00+00:00,37389.515625,38334.32421875,35847.59375,36702.59765625,36702.59765625,43576032854,37831.258050422584,44641.268491701514,31021.24760914366,13620.020882557856,3405.005220639464,0.4171322567046885,False,False,False,False
2021-06-11 00:00:00+00:00,36697.03125,37608.6953125,36044.44921875,37334.3984375,37334.3984375,38699736985,37751.69515573948,44193.55377164051,31309.836539838445,12883.717231802064,3220.929307950516,0.46761053423235455,False,False,False,False
2021-06-12 00:00:00+00:00,37340.14453125,37408.92578125,34728.19140625,35552.515625,35552.515625,37924228550,37575.01411908175,43908.83374839268,31241.19448977082,12667.63925862186,3166.909814655465,0.3403413254205834,False,False,False,False
2021-06-13 00:00:00+00:00,35555.7890625,39322.78125,34864.109375,39097.859375,39097.859375,40669112838,37592.78261567714,44184.95465705698,31000.6105742973,13184.344082759679,3296.0860206899197,0.6141563622638575,False,False,False,True
2021-06-14 00:00:00+00:00,39016.96875,40978.36328125,38757.28515625,40218.4765625,40218.4765625,43148914673,37820.585064977735,44197.75552721959,31443.41460273588,12754.34092448371,3188.5852311209273,0.6880059120043736,False,False,False,False
2021-06-15 00:00:00+00:00,40427.16796875,41295.26953125,39609.46875,40406.26953125,40406.26953125,46420149185,38069.76768775763,44146.3812600253,31993.15411548996,12153.22714453534,3038.306786133835,0.6922536142626915,False,False,False,False
2021-06-16 00:00:00+00:00,40168.69140625,40516.77734375,38176.03515625,38347.0625,38347.0625,39211635100,38159.6271143204,44096.7277668613,32222.526461779496,11874.201305081806,2968.5503262704515,0.5157850941603443,False,False,False,False
2021-06-17 00:00:00+00:00,38341.421875,39513.671875,37439.67578125,38053.50390625,38053.50390625,37096670047,38176.38807367084,43934.57787970765,32418.198267634027,11516.379612073622,2879.0949030184056,0.489329618199455,False,False,True,False
2021-06-18 00:00:00+00:00,38099.4765625,38187.26171875,35255.85546875,35787.24609375,35787.24609375,36200887275,38008.172170821235,43776.824246254364,32239.520095388103,11537.30415086626,2884.326037716565,0.30750043094733887,False,False,False,False
2021-06-19 00:00:00+00:00,35854.52734375,36457.796875,34933.0625,35615.87109375,35615.87109375,31207279719,37785.385312290644,43282.11905518046,32288.651569400827,10993.467485779634,2748.3668714449086,0.30265423795113117,False,False,False,False
2021-06-20 00:00:00+00:00,35563.140625,36059.484375,33432.07421875,35698.296875,35698.296875,36664034054,37526.13767838201,42998.68007823284,32053.595278531175,10945.084799701668,2736.271199925417,0.3329989363415594,False,False,False,False
2021-06-21 00:00:00+00:00,35641.14453125,35721.640625,31295.935546875,31676.693359375,31676.693359375,52809038594,37085.37121794086,42895.800393431615,31274.942042450108,11620.858350981507,2905.214587745377,0.034571569912558144,False,False,False,False
2021-06-22 00:00:00+00:00,31622.376953125,33292.453125,28893.62109375,32505.66015625,32505.66015625,58964353058,36559.51790750205,42668.67057169373,30450.36524331037,12218.305328383358,3054.5763320958395,0.16821440107288363,False,False,False,False
2021-06-23 00:00:00+00:00,32515.71484375,34753.41015625,31772.6328125,33723.02734375,33723.02734375,46317108925,36260.169227819315,42354.562094341825,30165.776361296805,12188.78573304502,3047.196433261255,0.29184621506711134,False,False,False,False
2021-06-24 00:00:00+00:00,33682.80078125,35228.8515625,32385.21484375,34662.4375,34662.4375,33123368116,36053.69291743176,42107.37384105202,30000.011993811506,12107.361847240518,3026.8404618101295,0.3850901265704835,False,False,False,False
2021-06-25 00:00:00+00:00,34659.10546875,35487.24609375,31350.884765625,31637.779296875,31637.779296875,40230904226,35746.227247716044,42021.812344599275,29470.642150832813,12551.170193766462,3137.7925484416155,0.1726641510381634,False,False,False,False
2021-06-26 00:00:00+00:00,31594.6640625,32637.587890625,30184.501953125,32186.27734375,32186.27734375,38585385521,35357.963293568486,41496.607068263394,29219.319518873577,12277.287549389817,3069.3218873474543,0.24166232263769705,False,False,False,False
2021-06-27 00:00:00+00:00,32287.5234375,34656.12890625,32071.7578125,34649.64453125,34649.64453125,35511640894,35208.87254338736,41250.52615936278,29167.218927411945,12083.307231950836,3020.826807987709,0.4537189610921549,False,False,False,False
2021-06-28 00:00:00+00:00,34679.12109375,35219.890625,33902.07421875,34434.3359375,34434.3359375,33892523752,35143.148198977455,40844.19973460533,29442.096663349577,11402.103071255755,2850.5257678139387,0.43783495403893147,False,False,False,False
2021-06-29 00:00:00+00:00,34475.55859375,36542.109375,34252.484375,35867.77734375,35867.77734375,37901460044,35182.28872268595,40771.16010475104,29593.417340620865,11177.742764130177,2794.435691032544,0.5613262118773933,False,False,False,True
2021-06-30 00:00:00+00:00,35908.38671875,36074.7578125,34086.15234375,35040.8359375,35040.8359375,34059036099,35171.332529850784,40599.03786745937,29743.627192242206,10855.410675217161,2713.8526688042903,0.4879786590986641,False,False,True,False
2021-07-01 00:00:00+00:00,35035.984375,35035.984375,32883.78125,33572.1171875,33572.1171875,37838957079,35043.6463464523,40359.99208780002,29727.300605104574,10632.691482695445,2658.1728706738613,0.3616033239234685,False,False,False,False
2021-07-02 00:00:00+00:00,33549.6015625,33939.58984375,32770.6796875,33897.046875,33897.046875,38728974942,34900.03927873462,39918.53247719757,29881.54608027167,10036.986396925902,2509.2465992314756,0.40007036334712837,False,False,False,False
2021-07-03 00:00:00+00:00,33854.421875,34909.26171875,33402.6953125,34668.546875,34668.546875,24383958643,34845.44836032339,39663.40552019004,30027.491200456734,9635.914319733307,2408.9785799333267,0.4816414426847785,False,False,False,False
2021-07-04 00:00:00+00:00,34665.56640625,35937.56640625,34396.4765625,35287.78125,35287.78125,24924307911,34879.908015491004,39524.287428120995,30235.528602861013,9288.758825259982,2322.1897063149954,0.5439104128099246,False,False,False,True
2021-07-05 00:00:00+00:00,35284.34375,35284.34375,33213.66015625,33746.00390625,33746.00390625,26721554282,34803.85353187282,39398.61922198981,30209.087841755827,9189.53138023398,2297.382845058495,0.38488535684222425,False,False,True,False
2021-07-06 00:00:00+00:00,33723.5078125,35038.53515625,33599.91796875,34235.1953125,34235.1953125,26501259870,34755.03092367858,39178.04348228387,30332.018365073294,8846.025117210578,2211.5062793026445,0.4412351192438731,False,False,False,False
2021-07-07 00:00:00+00:00,34225.6796875,34997.6640625,33839.2890625,33855.328125,33855.328125,24796027477,34705.100399201256,38917.486701946014,30492.714096456493,8424.772605489521,2106.1931513723803,0.3991340996375916,False,False,False,False
2021-07-08 00:00:00+00:00,33889.60546875,33907.90625,32133.18359375,32877.37109375,32877.37109375,29910396946,34540.12134332494,38686.21354704523,30394.02913960466,8292.184407440567,2073.046101860142,0.29947982728375416,False,False,False,False
2021-07-09 00:00:00+00:00,32861.671875,34042.29296875,32318.880859375,33798.01171875,33798.01171875,27436021028,34430.24266132177,38506.408066545024,30354.077256098513,8152.33081044651,2038.0827026116276,0.42244783028657046,False,False,False,False
2021-07-10 00:00:00+00:00,33811.2421875,34209.0703125,33116.01171875,33520.51953125,33520.51953125,22971873468,34352.61960032287,38239.7801837738,30465.459016871937,7774.321166901864,1943.580291725466,0.39296813815520976,False,False,False,False
2021-07-11 00:00:00+00:00,33509.078125,34584.703125,33346.73828125,34240.1875,34240.1875,20108729370,34324.48531795085,38070.52281180669,30578.447824095012,7492.074987711676,1873.018746927919,0.4887484017326157,False,False,False,False
2021-07-12 00:00:00+00:00,34254.015625,34592.15625,32697.30859375,33155.84765625,33155.84765625,24321499537,34244.22679560632,37994.63007132658,30493.823519886068,7500.806551440513,1875.2016378601284,0.3548983856746308,False,False,False,False
2021-07-13 00:00:00+00:00,33125.46875,33327.1015625,32261.419921875,32702.025390625,32702.025390625,19120856669,34103.20668412001,37691.705960393236,30514.707407846778,7176.998552546458,1794.2496381366145,0.30476778931523457,False,False,False,False
2021-07-14 00:00:00+00:00,32723.845703125,33061.3984375,31639.125,32822.34765625,32822.34765625,21376531210,33951.24639971969,37465.3504358656,30437.142363573785,7028.2080722918145,1757.0520180729536,0.33937602133319145,False,False,False,False
2021-07-15 00:00:00+00:00,32827.875,33159.640625,31175.708984375,31780.73046875,31780.73046875,21300524237,33769.09849111543,37328.57845177175,30209.618530459113,7118.959921312635,1779.7399803281587,0.22069402773111788,False,False,False,False
2021-07-16 00:00:00+00:00,31841.55078125,32218.40625,31100.673828125,31421.5390625,31421.5390625,23699476918,33560.63257579094,36987.71102475663,30133.55412682526,6854.156897931371,1713.5392244828427,0.1879129636007402,False,False,False,False
2021-07-17 00:00:00+00:00,31397.30859375,31935.9453125,31223.990234375,31533.068359375,31533.068359375,18895018942,33370.50896242196,36597.27058211608,30143.747342727846,6453.5232393882325,1613.3808098470581,0.21528101241932715,False,False,False,False
2021-07-18 00:00:00+00:00,31533.884765625,32398.99609375,31215.4921875,31796.810546875,31796.810546875,18787986667,33221.29537324289,36362.08161221759,30080.50913426818,6281.5724779494085,1570.3931194873521,0.27322798847448754,False,False,False,False
2021-07-19 00:00:00+00:00,31800.01171875,31885.859375,30563.734375,30817.83203125,30817.83203125,20434789545,33018.23314027531,36109.36575535255,29927.10052519808,6182.2652301544695,1545.5663075386174,0.14407850082317894,False,False,False,False
2021-07-20 00:00:00+00:00,30838.28515625,31006.1875,29360.955078125,29807.34765625,29807.34765625,23148267245,32736.321737530838,35847.387575475346,29625.255899586326,6222.131675889021,1555.5329189722552,0.02926517247606418,False,False,False,False
2021-07-21 00:00:00+00:00,29796.28515625,32752.326171875,29526.18359375,32110.693359375,32110.693359375,28203024559,32615.059449035834,36060.247218810895,29169.871679260774,6890.375539550121,1722.5938848875303,0.4268013641976668,False,False,False,False
2021-07-22 00:00:00+00:00,32138.873046875,32576.400390625,31745.298828125,32313.10546875,32313.10546875,19555230518,32576.634888413377,35843.52419371093,29309.745583115822,6533.778610595109,1633.4446526487773,0.4596666132464237,False,False,False,False
2021-07-23 00:00:00+00:00,32305.958984375,33581.55078125,32057.892578125,33581.55078125,33581.55078125,22552046192,32623.971062235116,35868.90307762792,29379.039046842317,6489.8640307856,1622.4660076964,0.6475500433402712,False,False,False,True
2021-07-24 00:00:00+00:00,33593.73046875,34490.390625,33424.859375,34292.4453125,34292.4453125,21664706865,32761.614939244468,35895.16000309799,29628.06987539095,6267.090127707041,1566.7725319267602,0.7442649366869118,False,False,False,False
2021-07-25 00:00:00+00:00,34290.29296875,35364.92578125,33881.8359375,35350.1875,35350.1875,20856685287,32961.99920594341,36078.80773216158,29845.19067972524,6233.617052436337,1558.4042631090842,0.8831143738807623,False,False,False,False
2021-07-26 00:00:00+00:00,35384.03125,40499.67578125,35287.3125,37337.53515625,37337.53515625,51022126212,33414.01589863134,37261.61622847769,29566.41556878499,7695.2006596926985,1923.8001649231746,1.0,False,False,False,False
2021-07-27 00:00:00+00:00,37276.03515625,39406.94140625,36441.7265625,39406.94140625,39406.94140625,35097370560,33890.636904317245,37946.52016992896,29834.75363870553,8111.766531223431,2027.9416328058578,1.0,False,False,False,False
2021-07-28 00:00:00+00:00,39503.1875,40816.0703125,38862.4375,39995.90625,39995.90625,38702404695,34462.14494716005,38503.166448710595,30421.123445609504,8082.043003101091,2020.5107507752728,1.0,False,False,False,False
2021-07-29 00:00:00+00:00,39995.453125,40593.0703125,39352.05859375,40008.421875,40008.421875,27167146027,34988.08513572417,38873.20683086966,31102.96344057868,7770.243390290983,1942.5608475727458,1.0,False,False,False,False
2021-07-30 00:00:00+00:00,40027.484375,42235.546875,38397.35546875,42235.546875,42235.546875,33072782960,35556.47224085362,39820.72004773456,31292.224433972675,8528.495613761886,2132.1239034404716,1.0,False,False,False,False
2021-07-31 00:00:00+00:00,42196.3046875,42231.44921875,41110.83203125,41626.1953125,41626.1953125,25802845343,36137.39477545486,40200.160770397706,32074.62878051201,8125.531989885698,2031.3829974714245,1.0,False,False,False,False
2021-08-01 00:00:00+00:00,41460.84375,42541.6796875,39540.94140625,39974.89453125,39974.89453125,26688438115,36570.57989604646,40827.21694774502,32313.942844347897,8513.274103397125,2128.3185258492813,0.8998831229744014,False,False,False,False
2021-08-02 00:00:00+00:00,39907.26171875,40419.1796875,38746.34765625,39201.9453125,39201.9453125,25595265436,36845.36506963727,41010.90482241598,32679.825316858565,8331.079505557413,2082.769876389353,0.782866132929199,False,False,False,False
2021-08-03 00:00:00+00:00,39178.40234375,39750.03125,37782.05078125,38152.98046875,38152.98046875,26189830450,37008.824348719434,41151.40621997027,32866.2424774686,8285.163742501667,2071.2909356254168,0.6380969834260745,False,False,False,False
2021-08-04 00:00:00+00:00,38213.33203125,39952.296875,37589.1640625,39747.50390625,39747.50390625,25372562724,37207.63361213505,41408.5838587608,33006.68336550929,8401.900493251509,2100.4751233128773,0.8022971167243652,False,False,False,False
2021-08-05 00:00:00+00:00,39744.515625,41341.93359375,37458.00390625,40869.5546875,40869.5546875,35185031017,37463.08095661425,42020.72211607743,32905.43979715107,9115.282318926358,2278.8205797315895,0.8737101728393841,False,False,False,False
2021-08-06 00:00:00+00:00,40865.8671875,43271.66015625,39932.1796875,42816.5,42816.5,38226483046,37895.814193881146,42665.58733114801,33126.04105661428,9539.546274533728,2384.886568633432,1.0,True,False,False,False
2021-08-07 00:00:00+00:00,42832.796875,44689.859375,42618.56640625,44555.80078125,44555.80078125,40030862141,38472.854955178176,43179.90937246835,33765.800537888004,9414.108834580344,2353.527208645086,1.0,False,False,False,False
2021-08-08 00:00:00+00:00,44574.4375,45282.3515625,43331.91015625,43798.1171875,43798.1171875,36302664750,39012.34111520089,43638.77837201205,34385.903858389735,9252.874513622315,2313.218628405579,1.0,False,False,False,False
2021-08-09 00:00:00+00:00,43791.92578125,46456.83203125,42848.6875,46365.40234375,46365.40234375,38734079049,39603.893449467476,44489.315886847515,34718.47101208744,9770.844874760078,2442.7112186900195,1.0,False,False,False,False
2021-08-10 00:00:00+00:00,46280.84765625,46637.98828125,44705.5546875,45585.03125,45585.03125,33546019517,40179.03293741502,44962.39984980706,35395.666025022976,9566.733824784082,2391.6834561960204,1.0,False,False,False,False
2021-08-11 00:00:00+00:00,45599.703125,46735.6328125,45351.7109375,45593.63671875,45593.63671875,34319709073,40723.28314873263,45305.09774488547,36141.4685525798,9163.62919230567,2290.9072980764176,1.0,False,False,False,False
2021-08-12 00:00:00+00:00,45576.87890625,46228.91015625,43861.4453125,44428.2890625,44428.2890625,33723620826,41115.30838952794,45712.43449481549,36518.18228424039,9194.252210575098,2298.5630526437744,0.8603317156300667,False,False,False,False
2021-08-13 00:00:00+00:00,44439.69140625,47831.9765625,44282.41796875,47793.3203125,47793.3203125,31744259539,41641.07949032687,46488.404703835666,36793.75427681807,9694.650427017594,2423.6626067543984,1.0,True,False,False,False
2021-08-14 00:00:00+00:00,47810.6875,48098.68359375,46177.6328125,47096.9453125,47096.9453125,31211354442,42163.302450573516,46910.105298981434,37416.4996021656,9493.605696815837,2373.4014242039593,1.0,False,False,False,False
2021-08-15 00:00:00+00:00,47096.66796875,47357.10546875,45579.58984375,47047.00390625,47047.00390625,30988958446,42591.67679555858,47219.30248412571,37964.05110699146,9255.25137713425,2313.8128442835623,0.9813836954983868,False,False,False,False
2021-08-16 00:00:00+00:00,47019.9609375,47998.09765625,45700.3203125,46004.484375,46004.484375,32776876610,42970.339397370466,47594.757985830875,38345.92080891006,9248.837176920817,2312.2092942302043,0.8280569134897109,False,False,False,False
2021-08-17 00:00:00+00:00,45936.45703125,47139.5703125,44512.41796875,44695.359375,44695.359375,33451362600,43206.41334861296,47893.82054697733,38519.006150248584,9374.814396728747,2343.7035991821867,0.6588240538294385,False,False,False,False
2021-08-18 00:00:00+00:00,44686.75,45952.0625,44364.02734375,44801.1875,44801.1875,32194123075,43380.954215213314,47917.227724991244,38844.680705435385,9072.54701955586,2268.136754888965,0.6565418489124801,False,False,False,False
2021-08-19 00:00:00+00:00,44741.8828125,46970.76171875,43998.31640625,46717.578125,46717.578125,37204312299,43620.43972646284,48297.57494776298,38943.304505162705,9354.270442600275,2338.5676106500687,0.8310935275542689,False,False,False,False
2021-08-20 00:00:00+00:00,46723.12109375,49342.15234375,46650.70703125,49339.17578125,49339.17578125,34706867452,44079.8275352521,48827.53829692223,39332.116773581976,9495.42152334025,2373.8553808350625,1.0,True,False,False,False
2021-08-21 00:00:00+00:00,49327.07421875,49717.01953125,48312.19921875,48905.4921875,48905.4921875,40585205312,44546.34272038682,49100.24646838993,39992.43897238371,9107.807496006222,2276.9518740015556,0.9786167767626478,False,False,False,False
2021-08-22 00:00:00+00:00,48869.10546875,49471.609375,48199.94140625,49321.65234375,49321.65234375,25370975378,44970.28478273094,49323.131749683744,40617.43781577813,8705.693933905612,2176.423483476403,0.9998300645594739,False,False,False,False
2021-08-23 00:00:00+00:00,49291.67578125,50482.078125,49074.60546875,49546.1484375,49546.1484375,34305053719,45420.82375679624,49619.88055830376,41221.766955288724,8398.113603015037,2099.5284007537593,0.9912203949256783,False,False,False,False
2021-08-24 00:00:00+00:00,49562.34765625,49878.76953125,47687.1171875,47706.1171875,47706.1171875,35361168834,45706.840665871205,49924.322255977975,41489.359075764434,8434.96318021354,2108.740795053385,0.7370225546827083,False,False,False,False
2021-08-25 00:00:00+00:00,47727.2578125,49202.87890625,47163.61328125,48960.7890625,48960.7890625,32646349931,45967.3727056295,50170.9592617256,41763.78614953341,8407.173112192191,2101.793278048048,0.8560550397766172,False,False,False,False
2021-08-26 00:00:00+00:00,49002.640625,49347.58203125,46405.78125,46942.21875,46942.21875,32666549568,46119.546163228275,50491.13421996476,41747.95810649179,8743.176113472975,2185.7940283682437,0.5940931048505372,False,False,False,False
2021-08-27 00:00:00+00:00,46894.5546875,49112.78515625,46394.28125,49058.66796875,49058.66796875,34511076995,46316.59682625416,50794.726858566995,41838.46679394132,8956.260064625676,2239.065016156419,0.8061625190324848,False,False,False,False
2021-08-28 00:00:00+00:00,49072.5859375,49283.50390625,48499.23828125,48902.40234375,48902.40234375,28568103401,46562.16362157122,50749.333775652776,42374.993467489665,8374.340308163111,2093.585077040778,0.7794535015370189,False,False,False,False
2021-08-29 00:00:00+00:00,48911.25,49644.11328125,47925.85546875,48829.83203125,48829.83203125,25889650240,46775.28457130253,50887.38927247593,42663.17987012913,8224.209402346794,2056.0523505866986,0.7498170169841736,False,False,False,False
2021-08-30 00:00:00+00:00,48834.8515625,48925.60546875,46950.2734375,47054.984375,47054.984375,31847007016,46857.9832877261,50953.94392503216,42762.02265042004,8191.921274612119,2047.9803186530298,0.5240482153905011,False,False,False,False
2021-08-31 00:00:00+00:00,47024.33984375,48189.55078125,46750.09375,47166.6875,47166.6875,34730363427,46906.63034068076,50880.88632050621,42932.374360855305,7948.511959650903,1987.1279899127258,0.5327177163020417,False,False,False,False
2021-09-01 00:00:00+00:00,47099.7734375,49111.08984375,46562.4375,48847.02734375,48847.02734375,39139399125,47027.286330060364,51113.84718065327,42940.72547946746,8173.12170118581,2043.2804252964524,0.7226494453674434,False,False,False,False
2021-09-02 00:00:00+00:00,48807.84765625,50343.421875,48652.3203125,49327.72265625,49327.72265625,39508070319,47257.17857938001,51273.30365741363,43241.05350134639,8032.250156067239,2008.0625390168098,0.7577788336567165,False,False,False,False
2021-09-03 00:00:00+00:00,49288.25,50982.2734375,48386.0859375,50025.375,50025.375,43206179619,47499.15313928032,51632.90320951058,43365.403069050066,8267.500140460514,2066.8750351151284,0.8055605464530373,False,False,False,False
2021-09-04 00:00:00+00:00,50009.32421875,50545.58203125,49548.78125,49944.625,49944.625,37471327794,47738.56675399172,51658.30197344895,43818.83153453449,7839.470438914461,1959.8676097286152,0.7814039880879703,False,False,False,False
2021-09-05 00:00:00+00:00,49937.859375,51868.6796875,49538.59765625,51753.41015625,51753.41015625,30322676319,48054.28063456393,52048.05873832544,44060.50253080243,7987.556207523012,1996.889051880753,0.9631115482107122,False,False,False,False
2021-09-06 00:00:00+00:00,51769.00390625,52700.94140625,51053.6796875,52633.53515625,52633.53515625,38884105426,48442.38585190705,52366.23848904241,44518.53321477169,7847.7052742707165,1961.9263185676791,1.0,True,False,False,False
2021-09-07 00:00:00+00:00,52660.48046875,52853.765625,43285.20703125,46811.12890625,46811.12890625,65210059683,48366.92375688415,53812.10284905597,42921.74466471233,10890.35818434364,2722.58954608591,0.3571401578994147,False,False,True,False
2021-09-08 00:00:00+00:00,46827.76171875,47334.0546875,44561.39453125,46091.390625,46091.390625,49007762488,48141.084663966605,53596.27787817124,42685.89144976197,10910.38642840927,2727.5966071023176,0.3121336900011662,False,False,False,False
2021-09-09 00:00:00+00:00,45774.7421875,47261.94921875,45669.73828125,46391.421875,46391.421875,38672657013,47979.17531104915,53207.291391333325,42751.05923076497,10456.232160568354,2614.0580401420884,0.3481524308501156,False,False,False,False
2021-09-10 00:00:00+00:00,46396.6640625,47031.7421875,44344.484375,44883.91015625,44883.91015625,39154666597,47735.44866932224,52978.204704078,42492.69263456648,10485.512069511518,2621.3780173778796,0.22804966565594872,False,False,False,False
2021-09-11 00:00:00+00:00,44869.83984375,45969.29296875,44818.265625,45201.45703125,45201.45703125,34499835245,47506.32706986298,52455.01296989316,42557.641169832794,9897.37180006037,2474.3429500150924,0.26712302162894197,False,False,False,False
2021-09-12 00:00:00+00:00,45206.62890625,46364.87890625,44790.4609375,46063.26953125,46063.26953125,27881980161,47338.061297336346,52106.76220111351,42569.36039355918,9537.401807554328,2384.350451888582,0.36633762613664694,False,False,False,False
2021-09-13 00:00:00+00:00,46057.21484375,46598.6796875,43591.3203125,44963.07421875,44963.07421875,40969943253,47120.24829183606,52013.55098023551,42226.945603436616,9786.605376798892,2446.651344199723,0.27957892547705304,False,False,False,False
2021-09-14 00:00:00+00:00,44960.05078125,47218.125,44752.33203125,47092.4921875,47092.4921875,38652152880,47047.30239797072,51944.433411280224,42150.17138466122,9794.262026619006,2448.5655066547515,0.5046139044888182,False,False,False,True
2021-09-15 00:00:00+00:00,47098.0,48450.46875,46773.328125,48176.34765625,48176.34765625,30484496466,47118.99247217192,51861.838509150475,42376.14643519337,9485.692073957107,2371.4230184892767,0.6114684280107552,False,False,False,False
2021-09-16 00:00:00+00:00,48158.90625,48486.828125,47079.55859375,47783.359375,47783.359375,31764293754,47182.2549698619,51732.270309392596,42632.2396303312,9100.030679061398,2275.0076697653494,0.5660552064424581,False,False,False,False
2021-09-17 00:00:00+00:00,47771.00390625,48160.921875,46832.5234375,47267.51953125,47267.51953125,28727713711,47204.92798364489,51565.62147672252,42844.234490567265,8721.386986155252,2180.346746538813,0.507176788245318,False,False,False,False
2021-09-18 00:00:00+00:00,47273.52734375,48791.78125,47087.28515625,48278.36328125,48278.36328125,28575630451,47285.64689591681,51551.17025843668,43020.123533396945,8531.046725039734,2132.7616812599335,0.6163651328294142,False,False,False,False
2021-09-19 00:00:00+00:00,48268.85546875,48328.3671875,46919.8046875,47260.21875,47260.21875,26967722648,47306.32784630569,51427.01137257357,43185.64432003781,8241.36705253576,2060.34176313394,0.4944051640933157,False,False,True,False
2021-09-20 00:00:00+00:00,47261.40625,47328.19921875,42598.9140625,42843.80078125,42843.80078125,43909845642,47015.912942292445,51670.38514718354,42361.44073740135,9308.944409782183,2327.236102445546,0.051816835788788755,False,False,False,False
2021-09-21 00:00:00+00:00,43012.234375,43607.609375,39787.609375,40693.67578125,40693.67578125,48701090088,46477.536932907446,51430.56191730943,41524.51194850546,9906.04996880397,2476.5124922009927,0.0,False,True,False,False
2021-09-22 00:00:00+00:00,40677.953125,43978.62109375,40625.6328125,43574.5078125,43574.5078125,38139709246,46120.27188274959,51248.59202496138,40991.95174053781,10256.64028442357,2564.1600711058927,0.2517935698577865,False,False,False,False
2021-09-23 00:00:00+00:00,43560.296875,44942.17578125,43109.33984375,44895.09765625,44895.09765625,34244064430,45948.3924425274,50930.44775801801,40966.33712703679,9964.110630981217,2491.027657745304,0.3942911389399459,False,False,False,False
2021-09-24 00:00:00+00:00,44894.30078125,45080.4921875,40936.55859375,42839.75,42839.75,42839345714,45663.047155342254,50975.6836580338,40350.41065265071,10625.27300538309,2656.3182513457723,0.2342847422450336,False,False,False,False
2021-09-25 00:00:00+00:00,42840.890625,42996.2578125,41759.921875,42716.59375,42716.59375,31604717236,45360.940233801724,50389.58027372412,40332.30019387933,10057.280079844786,2514.3200199611965,0.23707140869019783,False,False,False,False
2021-09-26 00:00:00+00:00,42721.62890625,43919.30078125,40848.4609375,43208.5390625,43208.5390625,30661222077,45103.59039506664,50243.53439974679,39963.646390386486,10279.888009360307,2569.972002340077,0.3156544768930256,False,False,False,False
2021-09-27 00:00:00+00:00,43234.18359375,44313.24609375,42190.6328125,42235.73046875,42235.73046875,30980029059,44894.982083631716,49945.45434409385,39844.50982316958,10100.94452092427,2525.2361302310674,0.23673238088051735,False,False,False,False
2021-09-28 00:00:00+00:00,42200.8984375,42775.14453125,40931.6640625,41034.54296875,41034.54296875,30214940550,44579.31241098425,49493.433539150166,39665.19128281833,9828.24225633184,2457.06056408296,0.13932823898896765,False,False,False,False
2021-09-29 00:00:00+00:00,41064.984375,42545.2578125,40829.66796875,41564.36328125,41564.36328125,30602359905,44299.99024684289,49065.81723094222,39534.16326274356,9531.653968198661,2382.9134920496654,0.21299556459770602,False,False,False,False
2021-09-30 00:00:00+00:00,41551.26953125,44092.6015625,41444.58203125,43790.89453125,43790.89453125,31141681925,44186.596830476905,49005.4450224163,39367.74863853751,9637.696383878792,2409.424095969698,0.45894223230679837,False,False,False,False
2021-10-01 00:00:00+00:00,43816.7421875,48436.01171875,43320.0234375,48116.94140625,48116.94140625,42850641582,44418.76146765371,49778.922496649175,39058.60043865825,10720.322057990925,2680.080514497731,0.8449691080726129,False,False,False,True
2021-10-02 00:00:00+00:00,48137.46875,48282.0625,47465.49609375,47711.48828125,47711.48828125,30614346492,44742.65868898828,49730.11689633419,39755.20048164237,9974.91641469182,2493.729103672955,0.7976295207736276,False,False,False,False
2021-10-03 00:00:00+00:00,47680.02734375,49130.69140625,47157.2890625,48199.953125,48199.953125,26638115879,45068.37162634655,49951.76448170787,40184.978770985224,9766.785710722645,2441.696427680661,0.8206358357197691,False,False,False,False
2021-10-04 00:00:00+00:00,48208.90625,49456.77734375,47045.00390625,49112.90234375,49112.90234375,33383173002,45398.83412522624,50276.24238255143,40521.42586790105,9754.816514650374,2438.7041286625936,0.8807419865812697,False,False,False,False
2021-10-05 00:00:00+00:00,49174.9609375,51839.984375,49072.83984375,51514.8125,51514.8125,35873904236,45914.108231355494,50857.20456919817,40971.01189351282,9886.19267568535,2471.5481689213375,1.0,True,False,False,False
2021-10-06 00:00:00+00:00,51486.6640625,55568.46484375,50488.19140625,55361.44921875,55361.44921875,49034730168,46665.72031944068,52130.561710999085,41200.87892788228,10929.682783116805,2732.420695779201,1.0,False,False,False,False
2021-10-07 00:00:00+00:00,55338.625,55338.625,53525.46875,53805.984375,53805.984375,36807860413,47385.49546758919,52671.048813741756,42099.94212143663,10571.106692305126,2642.7766730762814,1.0,False,False,False,False
2021-10-08 00:00:00+00:00,53802.14453125,55922.98046875,53688.0546875,53967.84765625,53967.84765625,34800873924,48065.57154408864,53269.55471187595,42861.58837630133,10407.966335574616,2601.991583893654,1.0,False,False,False,False
2021-10-09 00:00:00+00:00,53929.78125,55397.9453125,53735.14453125,54968.22265625,54968.22265625,32491211414,48697.46353988972,53713.6085471483,43681.31853263114,10032.290014517159,2508.0725036292897,1.0,False,False,False,False
2021-10-10 00:00:00+00:00,54952.8203125,56401.3046875,54264.2578125,54771.578125,54771.578125,39527792364,49311.582587678,54253.52246921072,44369.64270614528,9883.879763065444,2470.969940766361,1.0,False,False,False,False
2021-10-11 00:00:00+00:00,54734.125,57793.0390625,54519.765625,57484.7890625,57484.7890625,42637331698,50005.64119043882,55108.04177131827,44903.240609559376,10204.801161758893,2551.200290439723,1.0,False,False,False,False
2021-10-12 00:00:00+00:00,57526.83203125,57627.87890625,54477.97265625,56041.05859375,56041.05859375,41083758949,50581.196320119256,55803.33809291076,45359.05454732775,10444.283545583006,2611.0708863957516,1.0,False,False,False,False
2021-10-13 00:00:00+00:00,56038.2578125,57688.66015625,54370.97265625,57401.09765625,57401.09765625,41684252783,51143.64525689361,56507.11035240596,45780.18016138126,10726.930191024701,2681.7325477561753,1.0,False,False,False,False
2021-10-14 00:00:00+00:00,57372.83203125,58478.734375,56957.07421875,57321.5234375,57321.5234375,36615791366,51757.18164611803,56888.63226332914,46625.731028906914,10262.901234422228,2565.725308605557,1.0,False,False,False,False
2021-10-15 00:00:00+00:00,57345.90234375,62757.12890625,56868.14453125,61593.94921875,61593.94921875,51780081801,52580.91744668615,58377.01987717616,46784.815016196146,11592.204860980011,2898.051215245003,1.0,False,False,False,False
2021-10-16 00:00:00+00:00,61609.52734375,62274.4765625,60206.12109375,60892.1796875,60892.1796875,34250964237,53394.569034104934,59024.73231529594,47764.405752913925,11260.326562382019,2815.0816405955047,1.0,False,False,False,False
2021-10-17 00:00:00+00:00,60887.65234375,61645.5234375,59164.46875,61553.6171875,61553.6171875,29032367511,54098.69291577748,59662.05080634938,48535.335025205575,11126.715781143808,2781.678945285952,1.0,False,False,False,False
2021-10-18 00:00:00+00:00,61548.8046875,62614.66015625,60012.7578125,62026.078125,62026.078125,38055562075,54808.452196616134,60335.854766880846,49281.04962635142,11054.805140529425,2763.701285132356,1.0,False,False,False,False
2021-10-19 00:00:00+00:00,62043.1640625,64434.53515625,61622.93359375,64261.9921875,64261.9921875,40471196346,55630.48725527174,61167.46988100999,50093.5046295335,11073.96525147649,2768.4913128691223,1.0,False,False,False,False
2021-10-20 00:00:00+00:00,64284.5859375,66930.390625,63610.67578125,65992.8359375,65992.8359375,40788955582,56571.51711488872,62218.74444680313,50924.2897829743,11294.45466382883,2823.6136659572076,1.0,False,False,False,False
2021-10-21 00:00:00+00:00,66002.234375,66600.546875,62117.41015625,62210.171875,62210.171875,45908121370,57244.964021605665,63224.095964078646,51265.832079132684,11958.263884945962,2989.5659712364904,0.9152114304522869,False,False,False,False
2021-10-22 00:00:00+00:00,62237.890625,63715.0234375,60122.796875,60692.265625,60692.265625,38434082775,57651.1606524845,63750.824713210175,51551.49659175882,12199.328121451355,3049.832030362839,0.7492846279925867,False,False,False,False
2021-10-23 00:00:00+00:00,60694.62890625,61743.87890625,59826.5234375,61393.6171875,61393.6171875,26882546034,57968.955496097085,63842.1242445002,52095.78674769397,11746.337496806227,2936.584374201557,0.7915514467666253,False,False,False,False
2021-10-24 00:00:00+00:00,61368.34375,61505.8046875,59643.34375,60930.8359375,60930.8359375,27316183882,58228.4195559926,63886.7636170554,52570.0754949298,11316.688122125604,2829.172030531401,0.7387992275075446,False,False,False,False
2021-10-25 00:00:00+00:00,60893.92578125,63729.32421875,60691.80078125,63039.82421875,63039.82421875,31064911614,58633.99703379489,64334.01137625141,52933.98269133837,11400.028684913035,2850.007171228259,0.8864750963991735,False,False,False,False
2021-10-26 00:00:00+00:00,63032.76171875,63229.02734375,59991.16015625,60363.79296875,60363.79296875,34878965587,58877.869712123946,64655.45605783482,53100.283366413074,11555.172691421743,2888.793172855436,0.6285937732223738,False,False,False,False
2021-10-27 00:00:00+00:00,60352.0,61435.18359375,58208.1875,58482.38671875,58482.38671875,43657076893,58925.239511366104,64770.466441255885,53080.01258147632,11690.453859779562,2922.6134649448904,0.46211842603136927,False,False,True,False
2021-10-28 00:00:00+00:00,58470.73046875,62128.6328125,58206.91796875,60622.13671875,60622.13671875,45257083247,59058.00043091854,65103.04763656935,53012.95322526773,12090.094411301616,3022.523602825404,0.629373372499832,False,False,False,True
2021-10-29 00:00:00+00:00,60624.87109375,62927.609375,60329.96484375,62227.96484375,62227.96484375,36856881767,59321.85877281518,65281.93016415091,53361.78738147946,11920.14278267145,2980.0356956678625,0.7437979245650884,False,False,False,False
2021-10-30 00:00:00+00:00,62239.36328125,62330.14453125,60918.38671875,61888.83203125,61888.83203125,32157938616,59549.53454941215,65195.9503641143,53903.11873471,11292.831629404303,2823.207907351076,0.7071488851163583,False,False,False,False
2021-10-31 00:00:00+00:00,61850.48828125,62406.171875,60074.328125,61318.95703125,61318.95703125,32241199927,59713.05370442846,65261.19668766039,54164.910721196524,11096.285966463867,2774.071491615967,0.6447243998284686,False,False,False,False
2021-11-01 00:00:00+00:00,61320.44921875,62419.00390625,59695.18359375,61004.40625,61004.40625,36150572843,59839.3848992448,65377.47764665354,54301.29215183605,11076.185494817488,2769.046373704372,0.6051825424285566,False,False,False,False
2021-11-02 00:00:00+00:00,60963.25390625,64242.79296875,60673.0546875,63226.40234375,63226.40234375,37746665647,60113.16570249133,65811.39683140919,54414.93457357346,11396.46225783573,2849.1155644589326,0.7731757075857592,False,False,False,False
2021-11-03 00:00:00+00:00,63254.3359375,63516.9375,61184.23828125,62970.046875,62970.046875,36124731509,60345.91889451597,65940.86675429204,54750.97103473989,11189.895719552158,2797.4739298880395,0.734508707342007,False,False,False,False
2021-11-04 00:00:00+00:00,62941.8046875,63123.2890625,60799.6640625,61452.23046875,61452.23046875,32615846901,60483.61498690334,65983.7930607018,54983.436913104866,11000.35614759694,2750.089036899235,0.5880531019950895,False,False,False,False
2021-11-05 00:00:00+00:00,61460.078125,62541.46875,60844.609375,61125.67578125,61125.67578125,30605102446,60580.786699460165,65870.3188408788,55291.25455804154,10579.064282837258,2644.7660707093146,0.5515063589011197,False,False,False,False
2021-11-06 00:00:00+00:00,61068.875,61590.68359375,60163.78125,61527.48046875,61527.48046875,29094934221,60629.662420543325,65675.62181657008,55583.70302451656,10091.918792053526,2522.9796980133815,0.5889640579464065,False,False,False,False
2021-11-07 00:00:00+00:00,61554.921875,63326.98828125,61432.48828125,63326.98828125,63326.98828125,24726754302,60826.40774061063,65746.67119703471,55906.14428418654,9840.526912848167,2460.1317282120417,0.7541104315638343,False,False,False,False
2021-11-08 00:00:00+00:00,63344.06640625,67673.7421875,63344.06640625,67566.828125,67566.828125,41125608330,61337.69070876676,66635.27860079844,56040.102816735074,10595.175784063365,2648.7939460158414,1.0,True,False,False,False
2021-11-09 00:00:00+00:00,67549.734375,68530.3359375,66382.0625,66971.828125,66971.828125,42357991721,61905.02894483659,67102.5127351651,56707.54515450807,10394.96758065703,2598.7418951642576,0.9874280887216733,False,False,False,False
2021-11-10 00:00:00+00:00,66953.3359375,68789.625,63208.11328125,64995.23046875,64995.23046875,48730828378,62263.05694215374,68057.0946971994,56469.019187108075,11588.075510091323,2897.0188775228307,0.7357745705244142,False,False,False,False
2021-11-11 00:00:00+00:00,64978.890625,65579.015625,64180.48828125,64949.9609375,64949.9609375,35880633236,62514.49484746449,68008.83429575559,57020.155399173396,10988.67889658219,2747.1697241455477,0.7216341120671941,False,False,False,False
2021-11-12 00:00:00+00:00,64863.98046875,65460.81640625,62333.9140625,64155.94140625,64155.94140625,36084893887,62654.405556436126,68224.69152864811,57084.11958422414,11140.571944423966,2785.1429861059914,0.6347808584069525,False,False,False,False
2021-11-13 00:00:00+00:00,64158.12109375,64915.67578125,63303.734375,64469.52734375,64469.52734375,30474228777,62804.42843995015,68140.07409619093,57468.782783709365,10671.291312481568,2667.822828120392,0.6560353714505278,False,False,False,False
2021-11-14 00:00:00+00:00,64455.37109375,65495.1796875,63647.80859375,65466.83984375,65466.83984375,25122092191,63001.144084558066,68172.69939392478,57829.588775191354,10343.110618733423,2585.7776546833556,0.7383901565092101,False,False,False,False
2021-11-15 00:00:00+00:00,65521.2890625,66281.5703125,63548.14453125,63557.87109375,63557.87109375,30558763548,63140.32356658428,68341.40850126432,57939.23863190424,10402.169869360077,2600.5424673400194,0.54014042573902,False,False,False,False
2021-11-16 00:00:00+00:00,63721.1953125,63721.1953125,59016.3359375,60161.24609375,60161.24609375,46844335592,62933.26980925086,68555.2181254629,57311.32149303882,11243.896632424076,2810.974158106019,0.25346414093605585,False,False,True,False
2021-11-17 00:00:00+00:00,60139.62109375,60823.609375,58515.41015625,60368.01171875,60368.01171875,39178392930,62644.6101845603,68166.00351290112,57123.216856219464,11042.78665668166,2760.696664170415,0.29383840903665454,False,False,False,False
2021-11-18 00:00:00+00:00,60360.13671875,60948.5,56550.79296875,56942.13671875,56942.13671875,41388338699,62216.27999833233,68065.07540008907,56367.48459657558,11697.590803513493,2924.397700878373,0.04912568167470998,False,False,False,False
2021-11-19 00:00:00+00:00,56896.12890625,58351.11328125,55705.1796875,58119.578125,58119.578125,38702407772,61756.82066813401,67549.92324846509,55963.71808780293,11586.205160662154,2896.5512901655384,0.18607128108836804,False,False,False,False
2021-11-20 00:00:00+00:00,58115.08203125,59859.87890625,57469.7265625,59697.1953125,59697.1953125,30624264863,61495.1171372403,67186.93992828827,55803.29434619233,11383.645582095938,2845.9113955239845,0.34206098022165704,False,False,False,False
2021-11-21 00:00:00+00:00,59730.5078125,60004.42578125,58618.9296875,58730.4765625,58730.4765625,26123447605,61268.71969659043,66668.4594272836,55868.97996589726,10799.479461386334,2699.8698653465835,0.26496615941852125,False,False,False,False
2021-11-22 00:00:00+00:00,58706.84765625,59266.359375,55679.83984375,56289.2890625,56289.2890625,35036121783,60869.6507820342,66446.72044590805,55292.58111816035,11154.139327747704,2788.534831936926,0.08935767386912412,False,False,False,False
2021-11-23 00:00:00+00:00,56304.5546875,57875.515625,55632.76171875,57569.07421875,57569.07421875,37485803899,60503.56821747538,65971.48169621185,55035.654738738915,10935.826957472935,2733.9567393682337,0.2316623598620393,False,False,False,False
2021-11-24 00:00:00+00:00,57565.8515625,57803.06640625,55964.22265625,56280.42578125,56280.42578125,36635566789,60139.66377910471,65428.55465996753,54850.77289824189,10577.781761725637,2644.445440431409,0.13515620904385886,False,False,False,False
2021-11-25 00:00:00+00:00,57165.41796875,59367.96875,57146.68359375,57274.6796875,57274.6796875,34284016248,59929.19840430902,65306.70879083556,54551.68801778248,10755.020773053082,2688.7551932632705,0.2531833017505676,False,False,False,False
2021-11-26 00:00:00+00:00,58960.28515625,59183.48046875,53569.765625,53569.765625,53569.765625,41810748221,59501.75130925578,65464.25362587966,53539.248992631896,11925.004633247765,2981.2511583119413,0.002559045745191715,False,False,False,False
2021-11-27 00:00:00+00:00,53736.4296875,55329.2578125,53668.35546875,54815.078125,54815.078125,30560857714,59035.320753017135,64753.47127547863,53317.17023055564,11436.301044922991,2859.075261230748,0.13097835467608113,False,False,False,False
2021-11-28 00:00:00+00:00,54813.0234375,57393.84375,53576.734375,57248.45703125,57248.45703125,28116886357,58753.196083086936,64662.95342830228,52843.43873787159,11819.51469043069,2954.8786726076723,0.37269028456344305,False,False,False,False
2021-11-29 00:00:00+00:00,57291.90625,58872.87890625,56792.52734375,57806.56640625,57806.56640625,32370840356,58664.70034997548,64399.55227316929,52929.84842678167,11469.703846387623,2867.425961596906,0.42518255438689917,False,False,False,False
2021-11-30 00:00:00+00:00,57830.11328125,59113.40234375,56057.28125,57005.42578125,57005.42578125,36708594618,58543.494265057176,64316.08521468161,52770.90331543274,11545.18189924887,2886.2954748122174,0.3667783238731611,False,False,False,False
2021-12-01 00:00:00+00:00,56907.96484375,59041.68359375,56553.08203125,57229.828125,57229.828125,36858195307,58454.418422353316,64147.4705895153,52761.36625519133,11386.104334323973,2846.526083580993,0.39244870226055034,False,False,False,False
2021-12-02 00:00:00+00:00,57217.37109375,57349.234375,55895.1328125,56477.81640625,56477.81640625,32379968686,58275.33678193078,63689.90404487657,52860.76951898499,10829.134525891583,2707.2836314728956,0.33401070774556757,False,False,False,False
2021-12-03 00:00:00+00:00,56509.1640625,57482.16796875,52496.5859375,53598.24609375,53598.24609375,39789134215,57918.22534238182,63788.45228528303,52047.99839948061,11740.453885802417,2935.1134714506043,0.13204325057177604,False,False,False,False
2021-12-04 00:00:00+00:00,53727.87890625,53904.6796875,42874.6171875,49200.703125,49200.703125,61385677469,57036.48959548831,64525.7063440994,49547.27284687722,14978.433497222184,3744.608374305546,0.0,False,True,False,False
2021-12-05 00:00:00+00:00,49201.51953125,49768.1484375,47857.49609375,49368.84765625,49368.84765625,37198201161,56270.934782822755,63393.360325322734,49148.509240322775,14244.851084999958,3561.2127712499896,0.015467933965223703,False,False,False,False
2021-12-06 00:00:00+00:00,49413.48046875,50929.51953125,47281.03515625,50582.625,50582.625,37707308001,55635.39114279202,62775.271006042,48495.511279542035,14279.759726499964,3569.939931624991,0.14615888225239249,False,False,False,False
2021-12-07 00:00:00+00:00,50581.828125,51934.78125,50175.80859375,50700.0859375,50700.0859375,33676814852,55187.91502701024,61965.60143518523,48410.22861883525,13555.372816349976,3388.843204087494,0.1689261778106766,False,False,False,False
2021-12-08 00:00:00+00:00,50667.6484375,51171.375,48765.98828125,50504.796875,50504.796875,28479699446,54707.86471193783,61288.85982304531,48126.869600830345,13161.990222214969,3290.497555553742,0.1806662392254448,False,False,False,False
2021-12-09 00:00:00+00:00,50450.08203125,50797.1640625,47358.3515625,47672.12109375,47672.12109375,29603577251,54127.04066695168,60737.69876694842,47516.38256695494,13221.316199993482,3305.3290499983705,0.011779351196149156,False,False,False,False
2021-12-10 00:00:00+00:00,47642.14453125,50015.25390625,47023.69921875,47243.3046875,47243.3046875,30966005122,53552.473549861046,60100.37677735811,47004.57032236398,13095.806454994134,3273.9516137485334,0.01822983303521399,False,False,False,False
2021-12-11 00:00:00+00:00,47264.6328125,49458.2109375,46942.34765625,49362.5078125,49362.5078125,25775869261,53079.63690721555,59475.922468212906,46683.351346218195,12792.571121994712,3198.142780498678,0.20943064851720378,False,False,False,False
2021-12-12 00:00:00+00:00,49354.85546875,50724.8671875,48725.8515625,50098.3359375,50098.3359375,21939223599,52772.02242994105,58928.48255983867,46615.56230004343,12312.920259795239,3078.2300649488097,0.28285520932257624,False,False,False,False
2021-12-13 00:00:00+00:00,50114.7421875,50205.0,45894.84765625,46737.48046875,46737.48046875,32166727776,52280.63388502602,58683.478470683884,45877.78929936816,12805.689171315724,3201.422292828931,0.0671335340004595,False,False,False,False
2021-12-14 00:00:00+00:00,46709.82421875,48431.3984375,46424.49609375,46612.6328125,46612.6328125,34638619079,51792.59025609497,57956.530851937045,45628.64966025289,12327.881191684151,3081.970297921038,0.0798177024054108,False,False,False,False
2021-12-15 00:00:00+00:00,48379.75390625,49473.95703125,46671.96484375,48896.72265625,48896.72265625,36541828520,51464.49101047482,57584.302390482684,45344.679630466955,12239.622760015729,3059.9056900039322,0.29020853791236295,False,False,False,False
2021-12-16 00:00:00+00:00,48900.46484375,49425.57421875,47529.87890625,47665.42578125,47665.42578125,27268150947,51154.24992713595,57041.21923164303,45267.28062262887,11773.938609014163,2943.484652253541,0.20368249217684098,False,False,False,False
2021-12-17 00:00:00+00:00,47653.73046875,48004.89453125,45618.21484375,46202.14453125,46202.14453125,32902725329,50721.31355014681,56496.92186170319,44945.70523859044,11551.216623112748,2887.804155778187,0.10877116529401418,False,False,False,False
2021-12-18 00:00:00+00:00,46219.25390625,47313.828125,45598.44140625,46848.77734375,46848.77734375,26098292690,50327.57089060902,55868.69571475976,44786.44606645829,11082.24964830147,2770.5624120753673,0.18609319792825615,False,False,False,False
2021-12-19 00:00:00+00:00,46853.8671875,48089.6640625,46502.953125,46707.015625,46707.015625,25154053861,50020.17152999547,55324.52605923113,44715.8170007598,10608.70905847133,2652.1772646178324,0.18769471509355554,False,False,False,False
2021-12-20 00:00:00+00:00,46707.0625,47401.71875,45579.80859375,46880.27734375,46880.27734375,30961902129,49696.40296166256,54834.70406922466,44558.10185410047,10276.602215124192,2569.150553781048,0.22596724491602496,False,False,False,False
2021-12-21 00:00:00+00:00,46886.078125,49300.91796875,46698.7734375,48936.61328125,48936.61328125,27055803928,49564.56473317089,54709.464636226774,44419.664830115005,10289.799806111769,2572.449951527942,0.43897340436614624,False,False,False,False
2021-12-22 00:00:00+00:00,48937.09765625,49544.796875,48450.94140625,48628.51171875,48628.51171875,24447979559,49498.86809191652,54348.04909841682,44649.68708541622,9698.362013000602,2424.5905032501505,0.41025738449443194,False,False,False,False
2021-12-23 00:00:00+00:00,48626.34375,51332.33984375,48065.8359375,50784.5390625,50784.5390625,28223878108,49552.39541153558,54569.95909863585,44534.83172443531,10035.127374200543,2508.781843550136,0.6227830604454663,False,False,False,True
2021-12-24 00:00:00+00:00,50806.05078125,51814.02734375,50514.49609375,50822.1953125,50822.1953125,24367912228,49695.04723742108,54470.760805811326,44919.333669030835,9551.42713678049,2387.8567841951226,0.6180083414695711,False,False,False,False
2021-12-25 00:00:00+00:00,50854.91796875,51176.59765625,50236.70703125,50429.859375,50429.859375,19030650914,49782.60350250796,54268.72383905918,45296.48316595674,8972.240673102438,2243.0601682756096,0.5721398250531133,False,False,False,False
2021-12-26 00:00:00+00:00,50428.69140625,51196.37890625,49623.10546875,50809.515625,50809.515625,20964372926,49855.02221655482,54207.18520695092,45502.85922615872,8704.3259807922,2176.08149519805,0.6096573600932982,False,False,False,False
2021-12-27 00:00:00+00:00,50802.609375,51956.328125,50499.46875,50640.41796875,50640.41796875,24324345758,49967.1221592242,54175.44072558069,45758.80359286771,8416.637132712975,2104.1592831782436,0.5799958224299464,False,False,False,False
2021-12-28 00:00:00+00:00,50679.859375,50679.859375,47414.2109375,47588.85546875,47588.85546875,33430376883,49833.20340695681,54273.81980417765,45392.58700973597,8881.232794441676,2220.308198610419,0.24729319789799484,False,False,True,False
2021-12-29 00:00:00+00:00,47623.87109375,48119.7421875,46201.49609375,46444.7109375,46444.7109375,30049226299,49555.94432752441,53936.14830377317,45175.74035127566,8760.40795249751,2190.1019881243774,0.14485291017327237,False,False,False,False
2021-12-30 00:00:00+00:00,46490.60546875,47879.96484375,46060.3125,47178.125,47178.125,26686491018,49316.27986279987,53622.39391017375,45010.16581542599,8612.228094747756,2153.057023686939,0.2517303490714739,False,False,False,False
2021-12-31 00:00:00+00:00,47169.37109375,48472.52734375,45819.953125,46306.4453125,46306.4453125,36974172400,49082.949265747506,53488.966752133994,44676.93177936102,8812.034972772977,2203.0087431932443,0.18491909509821278,False,False,False,False
2022-01-01 00:00:00+00:00,46311.74609375,47827.3125,46288.484375,47686.8125,47686.8125,24582667004,48910.05280789854,53183.23417064638,44636.8714451507,8546.362725495681,2136.5906813739202,0.35687006891840173,False,False,False,False
2022-01-02 00:00:00+00:00,47680.92578125,47881.40625,46856.9375,47345.21875,47345.21875,27951569547,48762.54182619391,52813.29880266697,44711.784849720854,8101.513952946116,2025.378488236529,0.3250545411109855,False,False,False,False
2022-01-03 00:00:00+00:00,47343.54296875,47510.7265625,45835.96484375,46458.1171875,46458.1171875,33071628362,48556.73811556434,52537.37173814009,44576.10449298858,7961.26724515151,1990.3168112878775,0.23639612093885948,False,False,False,False
2022-01-04 00:00:00+00:00,46458.8515625,47406.546875,45752.46484375,45897.57421875,45897.57421875,42494677905,48346.781658129636,52260.168324697814,44433.39499156146,7826.773333136356,1956.693333284089,0.18707316091416876,False,False,False,False
2022-01-05 00:00:00+00:00,45899.359375,46929.046875,42798.22265625,43569.00390625,43569.00390625,36851084859,47973.95399029189,52322.16683395325,43625.741146630535,8696.425687322713,2174.1064218306783,0.0,False,True,False,False
2022-01-06 00:00:00+00:00,43565.51171875,43748.71875,42645.5390625,43160.9296875,43160.9296875,30208048289,47517.869086454564,51651.89658324979,43383.841589659336,8268.054993590456,2067.013748397614,0.0,False,False,False,False
2022-01-07 00:00:00+00:00,43153.5703125,43153.5703125,41077.4453125,41557.90234375,41557.90234375,84196607520,46985.65672802238,51122.97835013809,42848.33510590668,8274.64324423141,2068.6608110578527,0.0,False,False,False,False
2022-01-08 00:00:00+00:00,41561.46484375,42228.94140625,40672.27734375,41733.94140625,41733.94140625,28066355845,46467.5040287266,50502.426301130734,42432.58175632247,8069.844544808264,2017.461136202066,0.0,False,False,False,False
2022-01-09 00:00:00+00:00,41734.7265625,42663.94921875,41338.16015625,41911.6015625,41911.6015625,21294384372,46039.2881192447,49935.87597690842,42142.70026158098,7793.1757153274375,1948.2939288318594,0.0,False,False,False,False
2022-01-10 00:00:00+00:00,41910.23046875,42199.484375,39796.5703125,41821.26171875,41821.26171875,32104232331,45585.30246999124,49572.81435438859,41597.790585593895,7975.023768794694,1993.7559421986734,0.02802137518768538,False,False,False,False
2022-01-11 00:00:00+00:00,41819.5078125,43001.15625,41407.75390625,42735.85546875,42735.85546875,26327648900,45280.186857769855,49187.62802247747,41372.74569306224,7814.882329415224,1953.720582353806,0.17442486249050873,False,False,False,False
2022-01-12 00:00:00+00:00,42742.1796875,44135.3671875,42528.98828125,43949.1015625,43949.1015625,33499938689,45114.24706278384,48952.21989227069,41276.274233296994,7675.945658973695,1918.9864147434237,0.34820821406914104,False,False,False,False
2022-01-13 00:00:00+00:00,43946.7421875,44278.421875,42447.04296875,42591.5703125,42591.5703125,47691135082,44922.954807796494,48743.40613558466,41102.50348000833,7640.902655576327,1910.2256638940817,0.19488101074091677,False,False,False,False
2022-01-14 00:00:00+00:00,42598.87109375,43346.6875,41982.6171875,43099.69921875,43099.69921875,23577403399,44721.68939455397,48432.90965206332,41010.46913704462,7422.440515018694,1855.6101287546735,0.2814748164674398,False,False,False,False
2022-01-15 00:00:00+00:00,43101.8984375,43724.671875,42669.03515625,43177.3984375,43177.3984375,18371348298,44575.84930836629,48127.0748838747,41024.62373285788,7102.451151016823,1775.6127877542058,0.30310306383929425,False,False,False,False
2022-01-16 00:00:00+00:00,43172.0390625,43436.80859375,42691.0234375,43113.87890625,43113.87890625,17902097845,44433.44178495045,47778.701834158026,41088.18173574288,6690.520098415145,1672.6300246037863,0.3027712555541037,False,False,False,False
2022-01-17 00:00:00+00:00,43118.12109375,43179.390625,41680.3203125,42250.55078125,42250.55078125,21690904261,44236.931828248824,47547.47993503564,40926.38372146201,6621.096213573634,1655.2740533934084,0.19999211868774436,False,False,False,False
2022-01-18 00:00:00+00:00,42250.07421875,42534.40234375,41392.21484375,42375.6328125,42375.6328125,22417209227,44033.48593984417,47241.416735952305,40825.555143736034,6415.861592216272,1603.965398054068,0.2416008585104956,False,False,False,False
2022-01-19 00:00:00+00:00,42374.0390625,42478.3046875,41242.9140625,41744.328125,41744.328125,23091543258,43822.85384636695,46957.06968786427,40688.63800486962,6268.431682994647,1567.1079207486619,0.16841375538865846,False,False,False,False
2022-01-20 00:00:00+00:00,41744.02734375,43413.0234375,40672.82421875,40680.41796875,40680.41796875,20382033940,43610.0825475066,46978.916648604194,40241.24844640901,6737.668202195186,1684.4170505487964,0.06518123320437576,False,False,False,False
2022-01-21 00:00:00+00:00,40699.60546875,41060.52734375,35791.42578125,36457.31640625,36457.31640625,43011992031,43053.8610201647,47139.632023652535,38968.09001667687,8171.542006975666,2042.8855017439164,0.0,False,True,False,False
2022-01-22 00:00:00+00:00,36471.58984375,36688.8125,34349.25,35030.25,35030.25,39714385405,42320.741319831555,46465.847722970604,38175.63491669251,8290.212806278098,2072.5532015695244,0.0,False,False,False,False
2022-01-23 00:00:00+00:00,35047.359375,36433.3125,34784.96875,36276.8046875,36276.8046875,26017975951,41702.736938180926,45763.00145100607,37642.47242535578,8120.529025650292,2030.132256412573,0.0,False,False,False,False
2022-01-24 00:00:00+00:00,36275.734375,37247.51953125,33184.05859375,36654.328125,36654.328125,41856658597,41130.6002853383,45597.53053438093,36663.670036295676,8933.860498085254,2233.4651245213136,0.0,False,False,False,False
2022-01-25 00:00:00+00:00,36654.8046875,37444.5703125,35779.4296875,36954.00390625,36954.00390625,26428189594,40711.11466788545,45064.38001702382,36357.84931874708,8706.530698276736,2176.632674569184,0.06847211686980145,False,False,False,False
2022-01-26 00:00:00+00:00,36950.515625,38825.41015625,36374.90625,36852.12109375,36852.12109375,31324598034,40391.0858899916,44799.12548546613,35983.046294517066,8816.079190949065,2204.0197977372663,0.09857837939173242,False,False,False,False
2022-01-27 00:00:00+00:00,36841.87890625,37148.32421875,35629.28125,37138.234375,37138.234375,25041426629,40033.70754630192,44304.751775979,35762.66331662484,8542.088459354156,2135.522114838539,0.16103451338868016,False,False,False,False
2022-01-28 00:00:00+00:00,37128.4453125,37952.87890625,36211.109375,37784.33203125,37784.33203125,22238830523,39774.88842482872,43967.18213778809,35582.59471186935,8384.58742591874,2096.146856479685,0.2625933999536529,False,False,False,False
2022-01-29 00:00:00+00:00,37780.71484375,38576.26171875,37406.47265625,38138.1796875,38138.1796875,17194183075,39609.68997365455,43616.712127817984,35602.66781949112,8014.044308326862,2003.5110770817155,0.31638355996789236,False,False,False,False
2022-01-30 00:00:00+00:00,38151.91796875,38266.33984375,37437.7109375,37917.6015625,37917.6015625,14643548444,39444.37512993348,43216.420849930575,35672.32940993639,7544.091439994183,1886.0228599985458,0.29761995469203106,False,False,False,False
2022-01-31 00:00:00+00:00,37920.28125,38647.26171875,36733.57421875,38483.125,38483.125,20734730465,39302.496893352516,43080.0755413499,35524.91824535513,7555.157295994766,1888.7893239986915,0.39154800340333196,False,False,False,False
2022-02-01 00:00:00+00:00,38481.765625,39115.1328125,38113.6640625,38743.2734375,38743.2734375,20288500328,39241.05497692212,42841.16951011976,35640.940443724474,7200.229066395288,1800.057266598822,0.43086587456705366,False,False,False,False
2022-02-02 00:00:00+00:00,38743.71484375,38834.6171875,36832.73046875,36952.984375,36952.984375,19155189416,39079.06028169938,42719.54070532726,35438.5798580715,7280.960847255759,1820.2402118139398,0.20799514634106164,False,False,False,False
2022-02-03 00:00:00+00:00,36944.8046875,37154.6015625,36375.5390625,37154.6015625,37154.6015625,18591534769,38871.04635606134,42303.29123732643,35438.80147479625,6864.489762530182,1716.1224406325455,0.24995304051139292,False,False,False,False
2022-02-04 00:00:00+00:00,37149.265625,41527.78515625,37093.62890625,41500.875,41500.875,29412210792,38982.44794318249,42958.29958632107,35006.59630004391,7951.703286277159,1987.9258215692898,0.8167154213567989,False,False,False,True
2022-02-05 00:00:00+00:00,41501.48046875,41847.1640625,41038.09765625,41441.1640625,41441.1640625,19652846215,39216.704513077806,42956.78427315253,35476.62475300308,7480.159520149449,1870.0398800373623,0.7973812982771457,False,False,False,False
2022-02-06 00:00:00+00:00,41441.12109375,42500.78515625,41244.90625,42412.43359375,42412.43359375,16142097334,39486.80011500691,43104.04768032416,35869.55254968966,7234.495130634503,1808.6237826586257,0.9044005042389871,False,False,False,False
2022-02-07 00:00:00+00:00,42406.78125,44401.86328125,41748.15625,43840.28515625,43840.28515625,28641855926,39852.828824291966,43639.09303932749,36066.56460925644,7572.528430071048,1893.132107517762,1.0,False,False,False,False
2022-02-08 00:00:00+00:00,43854.65234375,45293.8671875,42807.8359375,44118.4453125,44118.4453125,33079398868,40254.78634697845,44159.63039051042,36349.94230344648,7809.688087063943,1952.4220217659858,0.9947264119192365,False,False,False,False
2022-02-09 00:00:00+00:00,44096.703125,44727.80078125,43232.96875,44338.796875,44338.796875,23245887300,40620.983406194784,44434.30945162356,36807.65736076601,7626.652090857548,1906.663022714387,0.9874764738858282,False,False,False,False
2022-02-10 00:00:00+00:00,44347.80078125,45661.171875,43402.80859375,43565.11328125,43565.11328125,32142048537,40962.765740525436,44846.43183766134,37079.099643389534,7767.332194271803,1941.8330485679508,0.8350374975134609,False,False,False,False
2022-02-11 00:00:00+00:00,43571.12890625,43810.83203125,42114.5390625,42407.9375,42407.9375,26954925781,41135.62324440396,44970.181325576275,37301.06516323165,7669.116162344624,1917.279040586156,0.6659010280536761,False,False,False,False
2022-02-12 00:00:00+00:00,42412.30078125,42992.55078125,41852.57421875,42244.46875,42244.46875,18152390304,41252.53511795279,44931.63270350787,37573.437532397715,7358.195171110157,1839.5487927775393,0.6348066487746546,False,False,False,False
2022-02-13 00:00:00+00:00,42236.56640625,42693.0546875,41950.94140625,42197.515625,42197.515625,14741589015,41350.436907314426,44810.047390563996,37890.82642406486,6919.220966499139,1729.8052416247847,0.6224240014572281,False,False,False,False
2022-02-14 00:00:00+00:00,42157.3984375,42775.77734375,41681.95703125,42586.91796875,42586.91796875,20827783012,41445.46362546702,44777.87712289163,38113.05012804241,6664.826994849223,1666.2067487123059,0.6712654123152981,False,False,False,False
2022-02-15 00:00:00+00:00,42586.46484375,44667.21875,42491.03515625,44575.203125,44575.203125,22721659051,41680.29112244635,45114.69998887851,38245.8822560142,6868.817732864307,1717.2044332160767,0.9214571000629047,False,False,False,False
2022-02-16 00:00:00+00:00,44578.27734375,44578.27734375,43456.69140625,43961.859375,43961.859375,19792547657,41901.11508300702,45216.400250295956,38585.82991571808,6630.570334577875,1657.6425836444687,0.8107944246132751,False,False,False,False
2022-02-17 00:00:00+00:00,43937.0703125,44132.97265625,40249.37109375,40538.01171875,40538.01171875,26246662813,41876.25826458572,45636.73522764576,38115.781301525676,7520.953926120084,1880.238481530021,0.3220642542180691,False,False,True,False
2022-02-18 00:00:00+00:00,40552.1328125,40929.15234375,39637.6171875,40030.9765625,40030.9765625,23310007704,41716.543067760096,45359.27936576414,38073.806769756055,7285.472596008083,1821.3681490020208,0.26864005964641663,False,False,False,False
2022-02-19 00:00:00+00:00,40026.0234375,40418.87890625,39713.05859375,40122.15625,40122.15625,13736557863,41561.12924384643,44980.75597455006,38141.5025131428,6839.253461407265,1709.8133653518162,0.2896008677019637,False,False,False,False
2022-02-20 00:00:00+00:00,40118.1015625,40119.890625,38112.8125,38431.37890625,38431.37890625,18340576452,41306.548110503914,44786.08091813719,37827.01530287064,6959.065615266547,1739.7664038166367,0.08684551012905067,False,False,False,False
2022-02-21 00:00:00+00:00,38423.2109375,39394.4375,36950.4765625,37075.28125,37075.28125,29280402798,40973.23226863053,44593.603983000474,37352.86055426058,7240.743428739894,1810.1858571849734,0.0,False,True,False,False
2022-02-22 00:00:00+00:00,37068.76953125,38359.85546875,36488.93359375,38286.02734375,38286.02734375,25493150450,40662.60114483238,44295.12006276533,37030.08222689942,7265.037835865907,1816.2594589664768,0.17287523413164477,False,False,False,False
2022-02-23 00:00:00+00:00,38285.28125,39122.39453125,37201.81640625,37296.5703125,37296.5703125,21849073843,40396.98139294358,44050.36404408323,36743.59874180392,7306.765302279309,1826.6913255698273,0.07567939407107836,False,False,False,False
2022-02-24 00:00:00+00:00,37278.56640625,38968.83984375,34459.21875,38332.609375,38332.609375,46383802093,40097.60754500451,44287.5761497802,35907.63894022882,8379.937209551383,2094.9843023878457,0.28937811514950496,False,False,False,False
2022-02-25 00:00:00+00:00,38333.74609375,39630.32421875,38111.34375,39214.21875,39214.21875,26545599159,39991.67307147233,44066.440909520454,35916.90523342421,8149.535676096246,2037.3839190240615,0.404601396647331,False,False,False,False
2022-02-26 00:00:00+00:00,39213.08203125,40005.34765625,38702.53515625,39105.1484375,39105.1484375,17467554129,39923.03853291941,43850.89208716272,35995.1849786761,7855.707108486618,1963.9267771216546,0.3958858720005188,False,False,False,False
2022-02-27 00:00:00+00:00,39098.69921875,39778.94140625,37268.9765625,37709.78515625,37709.78515625,23450127612,39763.94607343502,43801.007241004,35726.88490586604,8074.122335137959,2018.5305837844899,0.2455870951762186,False,False,False,False
2022-02-28 00:00:00+00:00,37706.0,43760.45703125,37518.21484375,43193.234375,43193.234375,35690014104,39928.39267755232,44810.1961658644,35046.58918924024,9763.606976624156,2440.901744156039,0.834388889809299,False,False,False,True
2022-03-01 00:00:00+00:00,43194.50390625,44793.6015625,42952.5859375,44354.63671875,44354.63671875,32479047645,40319.36557234893,45081.1918368298,35557.53930786806,9523.652528961742,2380.9131322404355,0.9237104550097432,False,False,False,False
2022-03-02 00:00:00+00:00,44357.6171875,45077.578125,43432.8515625,43924.1171875,43924.1171875,29183112630,40683.69732339506,45298.28627392785,36069.108372862276,9229.177901065574,2307.2944752663934,0.8511060138661762,False,False,False,False
2022-03-03 00:00:00+00:00,43925.1953125,44021.578125,41914.75,42451.7890625,42451.7890625,24967782593,40884.87272711934,45459.36840759885,36310.377046639835,9148.991360959015,2287.2478402397537,0.671266566286976,False,False,False,False
2022-03-04 00:00:00+00:00,42458.140625,42479.61328125,38805.84765625,39137.60546875,39137.60546875,28516271427,40814.02981362385,45665.82905105541,35962.23057619229,9703.598474863116,2425.899618715779,0.32723683907402223,False,False,True,False
2022-03-05 00:00:00+00:00,39148.44921875,39566.3359375,38777.03515625,39400.5859375,39400.5859375,16975917450,40664.882753000944,45189.362222939344,36140.403283062544,9048.9589398768,2262.2397349692,0.3602826221335294,False,False,False,False
2022-03-06 00:00:00+00:00,39404.19921875,39640.17578125,38211.6484375,38419.984375,38419.984375,19745229902,40483.20530331038,44840.94229500494,36125.46831161582,8715.473983389122,2178.8684958472804,0.26326922296564864,False,False,False,False
2022-03-07 00:00:00+00:00,38429.3046875,39430.2265625,37260.203125,38062.0390625,38062.0390625,28546143503,40270.59745696336,44626.565436988465,35914.62947693826,8711.935960050207,2177.9839900125517,0.24649051547313786,False,False,False,False
2022-03-08 00:00:00+00:00,38059.90234375,39304.44140625,37957.38671875,38737.26953125,38737.26953125,25776583476,40117.81349776844,44307.59561729104,35928.03137824584,8379.564239045198,2094.8910597612994,0.33524871614615803,False,False,False,False
2022-03-09 00:00:00+00:00,38742.81640625,42465.671875,38706.09375,41982.92578125,41982.92578125,32284121034,40206.742098179384,44729.46163074972,35684.02256560905,9045.439065140672,2261.359766285168,0.6963623512666925,False,False,False,True
2022-03-10 00:00:00+00:00,41974.0703125,42004.7265625,38832.94140625,39437.4609375,39437.4609375,31078064711,40195.786625535315,44900.59123609862,35490.98201497201,9409.609221126608,2352.402305281652,0.41940943877534154,False,False,True,False
2022-03-11 00:00:00+00:00,39439.96875,40081.6796875,38347.43359375,38794.97265625,38794.97265625,26364890465,40089.01602429386,44670.189392550834,35507.84265603688,9162.346736513951,2290.586684128488,0.3587650734841967,False,False,False,False
2022-03-12 00:00:00+00:00,38794.46484375,39308.59765625,38772.53515625,38904.01171875,38904.01171875,14616450657,39984.828610273806,44215.09714170508,35754.56007884253,8460.537062862553,2115.1342657156383,0.37225197602785276,False,False,False,False
2022-03-13 00:00:00+00:00,38884.7265625,39209.3515625,37728.14453125,37849.6640625,37849.6640625,17300745310,39820.78652536678,43924.26960990492,35717.30344082863,8206.966169076288,2051.741542269072,0.25982324987594885,False,False,False,False
2022-03-14 00:00:00+00:00,37846.31640625,39742.5,37680.734375,39666.75390625,39666.75390625,24322159070,39745.473150927086,43850.96105201142,35639.98524984275,8210.975802168672,2052.743950542168,0.4904129245325148,False,False,False,False
2022-03-15 00:00:00+00:00,39664.25,39794.62890625,38310.2109375,39338.78515625,39338.78515625,23934000868,39688.559041314984,43680.38174604088,35696.736336589085,7983.645409451798,1995.9113523629494,0.4561886998825263,False,False,False,False
2022-03-16 00:00:00+00:00,39335.5703125,41465.453125,39022.34765625,41143.9296875,41143.9296875,39616916192,39770.02105226118,43851.28258026449,35688.759524257875,8162.523056006612,2040.630764001653,0.6683191123396327,False,False,False,True
2022-03-17 00:00:00+00:00,41140.84375,41287.53515625,40662.87109375,40951.37890625,40951.37890625,22009601093,39884.04397287916,43682.11216058214,36085.97578517618,7596.136375405957,1899.0340938514892,0.6405102384452384,False,False,False,False
2022-03-18 00:00:00+00:00,40944.83984375,42195.74609375,40302.3984375,41801.15625,41801.15625,34421564942,40031.573143120826,43828.5040433035,36234.64224293815,7593.861800365354,1898.4654500913384,0.7330280894490385,False,False,False,False
2022-03-19 00:00:00+00:00,41794.6484375,42316.5546875,41602.66796875,42190.65234375,42190.65234375,19664853187,40222.530462823604,43782.54561673802,36662.51530890919,7120.030307828827,1780.0075769572068,0.7764204358459469,False,False,False,False
2022-03-20 00:00:00+00:00,42191.40625,42241.1640625,41004.7578125,41247.82421875,41247.82421875,20127946682,40343.995691562624,43795.290580085595,36892.700803039654,6902.589777045941,1725.6474442614854,0.6309404957242268,False,False,False,False
2022-03-21 00:00:00+00:00,41246.1328125,41454.41015625,40668.04296875,41077.99609375,41077.99609375,24615543271,40412.83575962809,43676.274596798765,37149.39692245742,6526.877674341347,1631.7194185853368,0.6019109545651218,False,False,False,False
2022-03-22 00:00:00+00:00,41074.10546875,43124.70703125,40948.28125,42358.80859375,42358.80859375,32004652376,40577.70209601272,43950.082205716324,37205.321986309114,6744.76021940721,1686.1900548518024,0.7640726193071131,False,False,False,False
2022-03-23 00:00:00+00:00,42364.37890625,42893.5078125,41877.5078125,42892.95703125,42892.95703125,25242943069,40765.983568019445,44004.32566675269,37527.6414692862,6476.684197466486,1619.1710493666214,0.8284046895574395,False,False,False,False
2022-03-24 00:00:00+00:00,42886.65234375,44131.85546875,42726.1640625,43960.93359375,43960.93359375,31042992291,41036.491581382674,44232.1377514926,37840.84541127275,6391.29234021985,1597.8230850549626,0.9575666166862788,False,False,False,False
2022-03-25 00:00:00+00:00,43964.546875,44999.4921875,43706.28515625,44348.73046875,44348.73046875,30574413034,41352.20691688591,44486.92987623484,38217.48395753698,6269.445918697864,1567.361479674466,0.9779566792222136,False,False,False,False
2022-03-26 00:00:00+00:00,44349.859375,44735.99609375,44166.2734375,44500.828125,44500.828125,16950455995,41648.92046944439,44584.11566410842,38713.72527478036,5870.390389328066,1467.5975973320164,0.9858122656953388,False,False,False,False
2022-03-27 00:00:00+00:00,44505.35546875,46827.546875,44437.29296875,46820.4921875,46820.4921875,28160889722,42066.01794953699,45185.744405984624,38946.29149308935,6239.452912895271,1559.8632282238177,1.0,True,False,False,False
2022-03-28 00:00:00+00:00,46821.8515625,48086.8359375,46690.203125,47128.00390625,47128.00390625,36362175703,42564.6525247795,45651.732898082366,39477.572151476634,6174.160746605732,1543.540186651433,1.0,False,False,False,False
2022-03-29 00:00:00+00:00,47100.4375,48022.2890625,47100.4375,47465.73046875,47465.73046875,31397059069,43037.49377737987,46000.23642585245,40074.751128907286,5925.48529694516,1481.37132423629,1.0,False,False,False,False
2022-03-30 00:00:00+00:00,47456.8984375,47655.1484375,46746.2109375,47062.6640625,47062.6640625,29333883962,43429.60622516909,46277.86210879441,40581.350341543766,5696.511767250646,1424.1279418126614,1.0,False,False,False,False
2022-03-31 00:00:00+00:00,47062.1484375,47512.02734375,45390.5390625,45538.67578125,45538.67578125,33327427106,43688.413320787906,46676.141272300694,40700.68536927512,5975.455903025577,1493.8639757563942,0.8096437310373662,False,False,False,False
2022-04-01 00:00:00+00:00,45554.1640625,46616.2421875,44403.140625,46281.64453125,46281.64453125,38162644287,43886.374824958904,47017.95029382042,40754.79935609739,6263.150937723025,1565.7877344307562,0.88243844513859,False,False,False,False
2022-04-02 00:00:00+00:00,46285.5,47028.28125,45782.51171875,45868.94921875,45868.94921875,29336594194,44109.25157774059,47176.82340596596,41041.67974951523,6135.143656450731,1533.7859141126828,0.7868225651341011,False,False,False,False
2022-04-03 00:00:00+00:00,45859.12890625,47313.4765625,45634.10546875,46453.56640625,46453.56640625,25414397610,44333.803758828784,47430.49262298161,41237.11489467596,6193.377728305655,1548.3444320764138,0.8422627749205807,False,False,False,False
2022-04-04 00:00:00+00:00,46445.2734375,46791.08984375,45235.81640625,46622.67578125,46622.67578125,32499785455,44513.11076691652,47611.18543215407,41415.036101678976,6196.149330475091,1549.0373326187728,0.8404638755166554,False,False,False,False
2022-04-05 00:00:00+00:00,46624.5078125,47106.140625,45544.80859375,45555.9921875,45555.9921875,29640604055,44661.288833757804,47761.822438721596,41560.75522879401,6201.0672099275835,1550.2668024818959,0.6442821571599519,False,False,False,False
2022-04-06 00:00:00+00:00,45544.35546875,45544.35546875,43193.953125,43206.73828125,43206.73828125,39393395788,44596.5644011777,47859.45245814511,41333.67634421028,6525.7761139348295,1631.4440284837074,0.2870251605843589,False,False,True,False
2022-04-07 00:00:00+00:00,43207.5,43860.69921875,42899.90625,43503.84765625,43503.84765625,26101973106,44484.652017732195,47613.409862752866,41355.89417271152,6257.515690041342,1564.3789225103355,0.34325978390383954,False,False,False,False
2022-04-08 00:00:00+00:00,43505.13671875,43903.01953125,42183.2890625,42287.6640625,42287.6640625,27215995394,44323.382703543415,47483.21085781202,41163.55454927481,6319.656308537204,1579.914077134301,0.1778751024334394,False,False,False,False
2022-04-09 00:00:00+00:00,42282.078125,42786.81640625,42183.25390625,42782.13671875,42782.13671875,16050772496,44157.73378038849,47122.29161923023,41193.175941546746,5929.115677683483,1482.2789194208708,0.2679928784631276,False,False,False,False
2022-04-10 00:00:00+00:00,42781.08984375,43376.37890625,42021.20703125,42207.671875,42207.671875,17654475582,44003.19589058959,46942.33232054716,41064.059460632016,5878.272859915145,1469.5682149787863,0.19454905235285266,False,False,False,False
2022-04-11 00:00:00+00:00,42201.0390625,42424.58984375,39373.05859375,39521.90234375,39521.90234375,33949912166,43663.82964009693,46919.35867705874,40408.30060313511,6511.058073923632,1627.764518480908,0.0,False,True,False,False
2022-04-12 00:00:00+00:00,39533.71484375,40617.5859375,39388.328125,40127.18359375,40127.18359375,30991500854,43319.118806317856,46494.94650208349,40143.29111055222,6351.655391531269,1587.9138478828172,0.0,False,False,False,False
2022-04-13 00:00:00+00:00,40123.5703125,41430.0546875,39712.74609375,41166.73046875,41166.73046875,27691105228,43076.33070571616,46278.03735065523,39874.62406077709,6403.413289878139,1600.8533224695348,0.2017840094774674,False,False,False,False
2022-04-14 00:00:00+00:00,41160.21875,41451.48046875,39695.74609375,39935.515625,39935.515625,24342001973,42817.71959683843,46050.4024522836,39585.03674139327,6465.365710890328,1616.341427722582,0.054208671137717816,False,False,False,False
2022-04-15 00:00:00+00:00,39939.40234375,40617.72265625,39866.83203125,40553.46484375,40553.46484375,21756855753,42582.31835051255,45641.911045413195,39522.7256556119,6119.185389801292,1529.796347450323,0.16844385689899294,False,False,False,False
2022-04-16 00:00:00+00:00,40552.31640625,40633.6796875,40078.42578125,40424.484375,40424.484375,16833150693,42372.46548677326,45237.14969343384,39507.78128011268,5729.368413321165,1432.3421033302911,0.16000072412099137,False,False,False,False
2022-04-17 00:00:00+00:00,40417.77734375,40570.7265625,39620.89453125,39716.953125,39716.953125,19087633042,42143.61398704089,44911.79617928541,39375.431794796365,5536.364384489047,1384.0910961222617,0.06168693143833859,False,False,False,False
2022-04-18 00:00:00+00:00,39721.203125,40986.3203125,38696.19140625,40826.21484375,40826.21484375,33705182072,41955.61032359255,44905.00007786262,39006.220569322475,5898.779508540145,1474.6948771350362,0.3085374308011633,False,False,False,False
2022-04-19 00:00:00+00:00,40828.17578125,41672.9609375,40618.6328125,41502.75,41502.75,25303206547,41889.81707848849,44755.133482331556,39024.50067464543,5730.632807686125,1432.6582019215311,0.4324564857882108,False,False,False,False
2022-04-20 00:00:00+00:00,41501.74609375,42126.30078125,40961.09765625,41374.37890625,41374.37890625,27819532341,41851.47822478323,44663.303613241995,39039.65283632447,5623.650776917522,1405.9126942293806,0.4151619939681345,False,False,False,False
2022-04-21 00:00:00+00:00,41371.515625,42893.58203125,40063.828125,40527.36328125,40527.36328125,35372786395,41785.77469345467,44882.36832431755,38689.181062591786,6193.187261725761,1548.2968154314403,0.2968071432327392,False,False,False,False
2022-04-22 00:00:00+00:00,40525.86328125,40777.7578125,39315.41796875,39740.3203125,39740.3203125,28011716745,41610.415074831995,44689.81731135859,38531.0128383054,6158.804473053184,1539.701118263296,0.1963542566557712,False,False,False,False
2022-04-23 00:00:00+00:00,39738.72265625,39935.859375,39352.203125,39486.73046875,39486.73046875,16138021249,41418.14674925275,44306.34001212669,38529.953486378814,5776.386525747876,1444.096631436969,0.16563590024774372,False,False,False,False
2022-04-24 00:00:00+00:00,39478.375,39845.92578125,39233.5390625,39469.29296875,39469.29296875,17964398167,41237.013973530266,43958.86525386681,38515.16269319372,5443.7025606730895,1360.9256401682724,0.17527230132836377,False,False,False,False
2022-04-25 00:00:00+00:00,39472.60546875,40491.75390625,38338.37890625,40458.30859375,40458.30859375,35445730570,41096.61395720199,43976.955109504874,38216.272804899105,5760.682304605769,1440.1705761514422,0.38919622195765724,False,False,False,False
2022-04-26 00:00:00+00:00,40448.421875,40713.890625,37884.984375,38117.4609375,38117.4609375,34569088416,40887.93122913513,44046.01951620773,37729.84294206253,6316.176574145196,1579.044143536299,0.06136908791058077,False,False,False,False
2022-04-27 00:00:00+00:00,38120.30078125,39397.91796875,37997.3125,39241.12109375,39241.12109375,30981015184,40696.58386009052,43818.98441220586,37574.18330797518,6244.801104230675,1561.2002760576688,0.2669320860588363,False,False,False,False
2022-04-28 00:00:00+00:00,39241.4296875,40269.46484375,38941.421875,39773.828125,39773.828125,33903704907,40598.01126528031,43673.78035593411,37522.2421746265,6151.538181307609,1537.8845453269023,0.3660199910999961,False,False,False,False
2022-04-29 00:00:00+00:00,39768.6171875,39887.26953125,38235.53515625,38609.82421875,38609.82421875,30882994649,40437.33174497583,43535.870801564255,37338.79268838741,6197.078113176845,1549.2695282942113,0.20510174426557515,False,False,False,False
2022-04-30 00:00:00+00:00,38605.859375,38771.2109375,37697.94140625,37714.875,37714.875,23895713731,40211.04705001782,43214.3861071974,37207.70799283824,6006.678114359165,1501.6695285897913,0.0844338580336714,False,False,False,False
2022-05-01 00:00:00+00:00,37713.265625,38627.859375,37585.7890625,38469.09375,38469.09375,27002760110,40022.14549565104,42933.56470961267,37110.726281689414,5822.838427923256,1455.709606980814,0.23328269968759102,False,False,False,False
2022-05-02 00:00:00+00:00,38472.1875,39074.97265625,38156.5625,38529.328125,38529.328125,32922642426,39885.46063197793,42689.41995579339,37081.501308162464,5607.918647630926,1401.9796619077315,0.25817543153005135,False,False,False,False
2022-05-03 00:00:00+00:00,38528.109375,38629.99609375,37585.62109375,37750.453125,37750.453125,27326943244,39704.81581980542,42437.25421123934,36972.3774283715,5464.876782867839,1366.2191957169598,0.14237753705037448,False,False,False,False
2022-05-04 00:00:00+00:00,37748.01171875,39902.94921875,37732.05859375,39698.37109375,39698.37109375,36754404490,39648.273960974744,42541.646638265265,36754.90128368422,5786.745354581042,1446.6863386452605,0.5086572208911174,False,False,False,True
2022-05-05 00:00:00+00:00,39695.74609375,39789.28125,35856.515625,36575.140625,36575.140625,43106256317,39434.81731389779,42825.40584845926,36044.228779336314,6781.177069122947,1695.2942672807367,0.07829198976105668,False,False,True,False
2022-05-06 00:00:00+00:00,36573.18359375,36624.359375,35482.1328125,36040.921875,36040.921875,37795577489,39112.37166693927,42392.346660544594,35832.39667333394,6559.9499872106535,1639.9874968026634,0.03178762064841997,False,False,False,False
2022-05-07 00:00:00+00:00,36042.50390625,36129.92578125,34940.82421875,35501.953125,35501.953125,24375896406,38770.64430580219,41960.44211254698,35580.8464990574,6379.595613489582,1594.8989033723956,0.0,False,True,False,False
2022-05-08 00:00:00+00:00,35502.94140625,35502.94140625,33878.96484375,34059.265625,34059.265625,36763041910,38362.04871715436,41557.66205572467,35166.43537858404,6391.226677140628,1597.806669285157,0.0,False,False,False,False
2022-05-09 00:00:00+00:00,34060.015625,34222.07421875,30296.953125,30296.953125,30296.953125,63355494961,37718.55139389363,41379.627617356906,34057.47517043035,7322.152446926557,1830.5381117316392,0.0,False,False,False,False
2022-05-10 00:00:00+00:00,30273.654296875,32596.30859375,29944.802734375,31022.90625,31022.90625,59811038817,37096.59467632043,40921.86444931238,33271.324903328474,7650.539545983906,1912.6348864959764,0.0,False,False,False,False
2022-05-11 00:00:00+00:00,31016.18359375,32013.40234375,28170.4140625,28936.35546875,28936.35546875,70388855818,36392.79746508356,40604.13791702632,32181.457013140804,8422.680903885514,2105.6702259713784,0.0,False,False,False,False
2022-05-12 00:00:00+00:00,28936.734375,30032.439453125,26350.490234375,29047.751953125,29047.751953125,66989173272,35638.901885571635,40165.49813607012,31112.305635073153,9053.192500996967,2263.298125249242,0.0,False,False,False,False
2022-05-13 00:00:00+00:00,29030.91015625,30924.802734375,28782.330078125,29283.103515625,29283.103515625,42841124537,35069.80762117196,39572.238777870596,30567.376464473324,9004.862313397272,2251.215578349318,0.0,False,False,False,False
2022-05-14 00:00:00+00:00,29285.642578125,30192.802734375,28702.91015625,30101.265625,30101.265625,28579868620,34555.126848223044,38905.293404876815,30204.960291569274,8700.33311330754,2175.083278326885,0.0,False,False,False,False
2022-05-15 00:00:00+00:00,30098.5859375,31308.19140625,29527.740234375,31305.11328125,31305.11328125,25835372065,34189.274923689896,38460.51505905329,29918.034788326502,8542.480270726785,2135.620067681696,0.16237421088073367,False,False,False,False
2022-05-16 00:00:00+00:00,31304.375,31305.341796875,29251.884765625,29862.91796875,29862.91796875,32613897286,33803.63428115594,38058.44180923299,29548.826753078883,8509.615056154104,2127.403764038526,0.0369101555826509,False,False,False,False
2022-05-17 00:00:00+00:00,29862.408203125,30694.490234375,29570.302734375,30425.857421875,30425.857421875,29101473475,33463.30880646251,37517.47308173186,29409.144531193164,8108.328550538699,2027.0821376346748,0.12539118072790575,False,False,False,False
2022-05-18 00:00:00+00:00,30424.478515625,30618.716796875,28720.271484375,28720.271484375,28720.271484375,31285268319,33071.859071422434,37100.29598166485,29043.42216118002,8056.8738204848305,2014.2184551212076,0.0,False,True,False,False
2022-05-19 00:00:00+00:00,28720.359375,30430.751953125,28708.955078125,30314.333984375,30314.333984375,33773447707,32761.969033370297,36731.92162758847,28792.016439152125,7939.905188436343,1984.9762971090859,0.1917299399796328,False,False,False,False
2022-05-20 00:00:00+00:00,30311.119140625,30664.9765625,28793.60546875,29200.740234375,29200.740234375,30749382605,32456.36316560884,36403.5947191552,28509.131612062483,7894.4631070927135,1973.6157767731784,0.08760679642560452,False,False,False,False
2022-05-21 00:00:00+00:00,29199.859375,29588.869140625,29027.39453125,29432.2265625,29432.2265625,17274840442,32160.471125531014,35825.27444559774,28495.667805464294,7329.606640133443,1832.4016600333607,0.12777749243834655,False,False,False,False
2022-05-22 00:00:00+00:00,29432.47265625,30425.861328125,29275.18359375,30323.72265625,30323.72265625,21631532270,31955.498243039965,35483.956777975014,28427.039708104916,7056.917069870098,1764.2292674675246,0.2687693406860452,False,False,False,False
2022-05-23 00:00:00+00:00,30309.396484375,30590.5859375,28975.560546875,29098.91015625,29098.91015625,31483454557,31726.881160865523,35225.49892043207,28228.26340129898,6997.235519133086,1749.3088797832715,0.12442724738510554,False,False,False,False
2022-05-24 00:00:00+00:00,29101.125,29774.35546875,28786.58984375,29655.5859375,29655.5859375,26616506245,31505.798232846584,34852.107341456474,28159.489124236694,6692.6182172197805,1673.1545543049451,0.2235443237168261,False,False,False,False
2022-05-25 00:00:00+00:00,29653.134765625,30157.78515625,29384.94921875,29562.361328125,29562.361328125,27525063551,31333.979217119133,34500.224602368035,28167.73383187023,6332.490770497803,1583.1226926244508,0.22023364056875452,False,False,False,False
2022-05-26 00:00:00+00:00,29564.77734375,29834.16015625,28261.90625,29267.224609375,29267.224609375,36774325352,31123.228530270484,34287.30015824449,27959.156902296476,6328.143255948016,1582.035813987004,0.20670639936114454,False,False,False,False
2022-05-27 00:00:00+00:00,29251.140625,29346.943359375,28326.61328125,28627.57421875,28627.57421875,36582005748,30898.82996736774,33950.56044816935,27847.09948656613,6103.460961603221,1525.8652404008053,0.12787412536818438,False,False,False,False
2022-05-28 00:00:00+00:00,28622.625,28814.900390625,28554.56640625,28814.900390625,28814.900390625,35519577634,30692.095912935893,33490.720142532344,27893.471683339445,5597.248459192899,1399.3121147982247,0.1646217269080139,False,False,False,False
2022-05-29 00:00:00+00:00,29019.8671875,29498.009765625,28841.107421875,29445.95703125,29445.95703125,18093886409,30555.86691229914,33211.25059393595,27900.48323066234,5310.767363273608,1327.691840818402,0.2910076256164638,False,False,False,False
2022-05-30 00:00:00+00:00,29443.365234375,31949.630859375,29303.572265625,31726.390625,31726.390625,39277993274,30597.517484143667,33516.57451636679,27678.460451920546,5838.114064446243,1459.5285161115607,0.6933626387553989,False,False,False,True
2022-05-31 00:00:00+00:00,31723.865234375,32249.86328125,31286.154296875,31792.310546875,31792.310546875,33538210634,30709.76433089189,33529.6574567677,27889.871205016076,5639.786251751626,1409.9465629379065,0.691948093005633,False,False,False,False
2022-06-01 00:00:00+00:00,31792.5546875,31957.28515625,29501.587890625,29799.080078125,29799.080078125,41135817341,30682.102747791076,33711.14601420431,27653.059481377844,6058.086532826463,1514.5216332066157,0.3542406641302807,False,False,True,False
2022-06-02 00:00:00+00:00,29794.890625,30604.734375,29652.705078125,30467.48828125,30467.48828125,29083562061,30640.15416020383,33556.69895935074,27723.609361056922,5833.089598293816,1458.272399573454,0.4703988982092208,False,False,False,False
2022-06-03 00:00:00+00:00,30467.806640625,30633.03515625,29375.689453125,29704.390625,29704.390625,26175547452,30570.079644450292,33446.43910430751,27693.720184593076,5752.718919714433,1438.1797299286081,0.3495165448665333,False,False,False,False
2022-06-04 00:00:00+00:00,29706.138671875,29930.564453125,29500.005859375,29832.9140625,29832.9140625,16588370958,30492.40489656614,33167.24012918763,27817.569663944643,5349.670465242987,1337.4176163107468,0.376723091945406,False,False,False,False
2022-06-05 00:00:00+00:00,29835.1171875,30117.744140625,29574.44921875,29906.662109375,29906.662109375,17264085441,30432.774445107458,32948.785138841806,27916.763751373113,5032.021387468692,1258.005346867173,0.39544711851928055,False,False,False,False
2022-06-06 00:00:00+00:00,29910.283203125,31693.291015625,29894.1875,31370.671875,31370.671875,31947336829,30485.467367498015,33109.69769498392,27861.237040012104,5248.460654971819,1312.1151637429548,0.6686598348914821,False,False,False,True
2022-06-07 00:00:00+00:00,31371.7421875,31489.68359375,29311.68359375,31155.478515625,31155.478515625,40770974039,30501.354465930744,33298.761760668065,27703.947171193424,5594.814589474641,1398.7036473686603,0.6169161263940435,False,False,False,False
2022-06-08 00:00:00+00:00,31151.48046875,31253.69140625,29944.404296875,30214.35546875,30214.35546875,30242059107,30498.446141298453,33277.97012843704,27718.922154159864,5559.047974277175,1389.7619935692937,0.4488958048459025,False,False,True,False
2022-06-09 00:00:00+00:00,30215.279296875,30609.310546875,30020.265625,30111.998046875,30111.998046875,21692004719,30474.517118912885,33093.89769171261,27855.136546113157,5238.761145599456,1309.690286399864,0.43080061068590614,False,False,False,False
2022-06-10 00:00:00+00:00,30110.330078125,30245.80859375,28978.146484375,29083.8046875,29083.8046875,29867476527,30375.603100147375,32986.57803754213,27764.62816275262,5221.949874789512,1305.487468697378,0.2526214453179819,False,False,False,False
2022-06-11 00:00:00+00:00,29084.666015625,29401.916015625,28236.212890625,28360.810546875,28360.810546875,27246574439,30212.813581184928,32795.831649840206,27629.795512529647,5166.036137310559,1291.5090343276397,0.14150404970374833,False,False,False,False
2022-06-12 00:00:00+00:00,28373.513671875,28502.685546875,26762.6484375,26762.6484375,26762.6484375,34163220274,29939.465697957,32612.189381621753,27266.742014292246,5345.447367329507,1336.3618418323767,0.0,False,True,False,False
2022-06-13 00:00:00+00:00,26737.578125,26795.58984375,22141.2578125,22487.388671875,22487.388671875,68204556440,29355.524086346017,32691.841807894296,26019.206364797737,6672.635443096558,1668.1588607741396,0.0,False,False,False,False
2022-06-14 00:00:00+00:00,22487.986328125,23018.951171875,20950.818359375,22206.79296875,22206.79296875,50913575242,28660.60314161465,32076.915653508102,25244.2906297212,6832.625023786903,1708.1562559467257,0.0,False,False,False,False
2022-06-15 00:00:00+00:00,22196.73046875,22642.671875,20178.376953125,22572.83984375,22572.83984375,54912007015,28007.01835580611,31574.558600885215,24439.478110727006,7135.080490158209,1783.7701225395522,0.0,False,False,False,False
2022-06-16 00:00:00+00:00,22576.3046875,22868.921875,20265.2265625,20381.650390625,20381.650390625,31183975654,27356.057840272988,31087.583123344182,23624.532557201794,7463.050566142389,1865.7626415355971,0.0,False,False,False,False
2022-06-17 00:00:00+00:00,20385.71875,21243.3125,20326.51953125,20471.482421875,20471.482421875,27132421514,26720.284536536674,30262.01588505075,23178.553188022597,7083.462697028153,1770.8656742570383,0.0,False,False,False,False
2022-06-18 00:00:00+00:00,20473.42578125,20736.041015625,17708.623046875,19017.642578125,19017.642578125,42009436760,25999.69574387048,29792.73755128315,22206.653936457813,7586.083614825337,1896.5209037063341,0.0,False,False,False,False
2022-06-19 00:00:00+00:00,19010.90234375,20683.822265625,18067.15234375,20553.271484375,20553.271484375,35329942625,25406.20872362091,29343.280334667314,21469.13711257451,7874.143222092804,1968.535805523201,0.0,False,False,False,False
2022-06-20 00:00:00+00:00,20553.37109375,20913.322265625,19689.169921875,20599.537109375,20599.537109375,30818458597,24929.491362541936,28717.6862812337,21141.296443850173,7576.389837383525,1894.0974593458814,0.0,False,False,False,False
2022-06-21 00:00:00+00:00,20594.294921875,21620.62890625,20415.0625,20710.59765625,20710.59765625,28970212744,24547.199774442703,28197.68848251529,20896.711066370117,7300.977416145171,1825.2443540362929,0.0,False,False,False,False
2022-06-22 00:00:00+00:00,20719.4140625,20835.75,19848.078125,19987.029296875,19987.029296875,28574793478,24135.430190269588,27618.404402534914,20652.455978004262,6965.948424530652,1741.487106132663,0.0,False,False,False,False
2022-06-23 00:00:00+00:00,19986.607421875,21135.76171875,19950.1171875,21085.876953125,21085.876953125,26188097173,23810.52432641455,27182.330023703344,20438.718629125757,6743.611394577587,1685.9028486443967,0.09596613537363842,False,False,False,False
2022-06-24 00:00:00+00:00,21084.6484375,21472.91796875,20777.51171875,21231.65625,21231.65625,24957784918,23558.15965842269,26731.866035982606,20384.453280862774,6347.412755119833,1586.8531887799581,0.13347217233570816,False,False,False,False
2022-06-25 00:00:00+00:00,21233.609375,21520.9140625,20964.5859375,21502.337890625,21502.337890625,18372538715,23345.88533827529,26313.486703079212,20378.283973471367,5935.202729607845,1483.8006824019612,0.18938761965893325,False,False,False,False
2022-06-26 00:00:00+00:00,21496.494140625,21783.724609375,21016.26953125,21027.294921875,21027.294921875,18027170497,23148.730831852245,25973.063075800776,20324.398587903714,5648.664487897062,1412.1661219742655,0.12443584416764807,False,False,False,False
2022-06-27 00:00:00+00:00,21028.23828125,21478.08984375,20620.19921875,20735.478515625,20735.478515625,20965695707,22938.812580505204,25652.289725058883,20225.335435951525,5426.954289107358,1356.7385722768395,0.09400172776420875,False,False,False,False
2022-06-28 00:00:00+00:00,20731.544921875,21164.423828125,20228.8125,20280.634765625,20280.634765625,21381535161,22712.06443295709,25341.316128680402,20082.812737233777,5258.503391446626,1314.6258478616564,0.03761945437041964,False,False,False,False
2022-06-29 00:00:00+00:00,20281.169921875,20364.15625,19937.791015625,20104.0234375,20104.0234375,23552740328,22466.660541028636,24918.260114054618,20015.060968002654,4903.199146051964,1225.799786512991,0.018143760195622187,False,False,False,False
2022-06-30 00:00:00+00:00,20108.3125,20141.16015625,18729.65625,19784.7265625,19784.7265625,26267239923,22189.059313906862,24677.799710880245,19700.31891693348,4977.480793946765,1244.3701984866912,0.01695790482389608,False,False,False,False
2022-07-01 00:00:00+00:00,19820.470703125,20632.671875,19073.708984375,19269.3671875,19269.3671875,30767551159,21948.06153946732,24499.72047486836,19396.402604066276,5103.317870802086,1275.8294677005215,0.0,False,True,False,False
2022-07-02 00:00:00+00:00,19274.8359375,19371.748046875,19027.08203125,19242.255859375,19242.255859375,18100418740,21687.645708327575,24053.071953313516,19322.219463341633,4730.852489971883,1182.7131224929708,0.0,False,False,False,False
2022-07-03 00:00:00+00:00,19242.095703125,19558.26953125,18966.951171875,19297.076171875,19297.076171875,16390821947,21457.784113090027,23704.931405452375,19210.63682072768,4494.294584724696,1123.573646181174,0.019233129808872068,False,False,False,False
2022-07-04 00:00:00+00:00,19297.314453125,20258.748046875,19063.06640625,20231.26171875,20231.26171875,21594638208,21304.75947285526,23566.32836410637,19043.19058160415,4523.137782502221,1130.7844456255552,0.26266525458099194,False,False,False,False
2022-07-05 00:00:00+00:00,20225.353515625,20635.466796875,19341.232421875,20190.115234375,20190.115234375,26715546990,21185.79236284127,23480.05123996727,18891.533485715267,4588.517754252003,1147.1294385630008,0.28300680485683805,False,False,False,False
2022-07-06 00:00:00+00:00,20194.619140625,20595.529296875,19823.51171875,20548.24609375,20548.24609375,24598943708,21103.56728413813,23322.80378917653,18884.33077909973,4438.473010076799,1109.6182525191998,0.3748846305638519,False,False,False,False
2022-07-07 00:00:00+00:00,20547.814453125,21771.81640625,20296.103515625,21637.587890625,21637.587890625,25814972520,21116.100806680533,23408.556239340094,18823.645374020973,4584.9108653191215,1146.2277163297804,0.613739852150467,False,False,False,True
2022-07-08 00:00:00+00:00,21637.154296875,22314.94140625,21257.453125,21731.1171875,21731.1171875,49899834488,21178.170943147466,23452.878488791073,18903.46339750386,4549.415091287214,1137.3537728218034,0.6215422715354124,False,False,False,False
2022-07-09 00:00:00+00:00,21716.828125,21877.138671875,21445.95703125,21592.20703125,21592.20703125,29641127858,21222.005543304058,23355.478662508303,19088.532424099812,4266.946238408491,1066.7365596021227,0.5867602888017689,False,False,False,False
2022-07-10 00:00:00+00:00,21591.080078125,21591.080078125,20727.123046875,20860.44921875,20860.44921875,28688807249,21206.533661203674,23299.676265362494,19113.391057044853,4186.28520831764,1046.57130207941,0.4173289861459879,False,False,True,False
2022-07-11 00:00:00+00:00,20856.353515625,20856.353515625,19924.5390625,19970.556640625,19970.556640625,24150249025,21115.481224223957,23186.491599216894,19044.47084923102,4142.020749985873,1035.5051874964684,0.2235830883747114,False,False,False,False
2022-07-12 00:00:00+00:00,19970.474609375,20043.4453125,19308.53125,19323.9140625,19323.9140625,25810220018,20967.20969890104,22978.101848894683,18956.317548907395,4021.7842999872883,1005.4460749968221,0.09140134979237131,False,False,False,False
2022-07-13 00:00:00+00:00,19325.97265625,20223.052734375,18999.953125,20212.07421875,20212.07421875,33042430345,20857.160523708084,22911.583380577365,18802.737666838802,4108.845713738563,1027.2114284346408,0.34300060165288326,False,False,False,False
2022-07-14 00:00:00+00:00,20211.466796875,20789.89453125,19689.2578125,20569.919921875,20569.919921875,31158743333,20808.83006956525,22877.937984497603,18739.7221546329,4138.215829864705,1034.5539574661761,0.4422673544559754,False,False,False,False
2022-07-15 00:00:00+00:00,20573.15625,21138.244140625,20397.0,20836.328125,20836.328125,25905575359,20807.0866428011,22817.532594365217,18796.640691236982,4020.891903128235,1005.2229757820587,0.5072723870482941,False,False,False,True
2022-07-16 00:00:00+00:00,20834.103515625,21514.404296875,20518.8984375,21190.31640625,21190.31640625,24302954056,20832.55836382401,22841.060892106714,18824.055835541305,4017.005056565409,1004.2512641413523,0.5890608892416676,False,False,False,False
2022-07-17 00:00:00+00:00,21195.041015625,21600.640625,20778.1796875,20779.34375,20779.34375,22927802083,20853.526267666166,22825.6707306206,18881.38180471173,3944.2889259088697,986.0722314772174,0.4811924230045921,False,False,True,False
2022-07-18 00:00:00+00:00,20781.912109375,22633.033203125,20781.912109375,22485.689453125,22485.689453125,39974475562,20959.55979028923,23105.22769757322,18813.89188300524,4291.335814567981,1072.8339536419953,0.8556304444072992,False,False,False,True
2022-07-19 00:00:00+00:00,22467.849609375,23666.962890625,21683.40625,23389.43359375,23389.43359375,48765202697,21145.62719865454,23473.439643335132,18817.814753973948,4655.624889361185,1163.9062223402962,0.9819560098630157,False,False,False,False
2022-07-20 00:00:00+00:00,23393.19140625,24196.818359375,23009.94921875,23231.732421875,23231.732421875,42932549127,21367.900798782677,23700.30582712021,19035.495770445144,4664.810056675065,1166.2025141687664,0.8995514502086298,False,False,False,False
2022-07-21 00:00:00+00:00,23233.201171875,23388.322265625,22431.1484375,23164.62890625,23164.62890625,33631012204,21522.834043640676,23813.433334769456,19232.234752511897,4581.198582257559,1145.2996455643897,0.8583767071280869,False,False,False,False
2022-07-22 00:00:00+00:00,23163.751953125,23671.927734375,22603.416015625,22714.978515625,22714.978515625,31421555646,21663.2092860122,23938.450991778103,19387.967580246295,4550.483411531808,1137.620852882952,0.7311335158254645,False,False,False,False
2022-07-23 00:00:00+00:00,22706.984375,22977.2109375,22002.91015625,22465.478515625,22465.478515625,24021799169,21741.176643197545,23983.754334636855,19498.598951758235,4485.15538287862,1121.288845719655,0.6614886911593664,False,False,False,False
2022-07-24 00:00:00+00:00,22465.509765625,22974.001953125,22306.83984375,22609.1640625,22609.1640625,23565495303,21825.826672714444,23977.579016884825,19674.074328544062,4303.504688340763,1075.8761720851908,0.6820231291737191,False,False,False,False
2022-07-25 00:00:00+00:00,22607.15625,22649.12109375,21361.642578125,21361.701171875,21361.701171875,35574561406,21822.49285765434,24016.56567053268,19628.420044775998,4388.145625756682,1097.0364064391706,0.3949917060467015,False,False,True,False
2022-07-26 00:00:00+00:00,21361.12109375,21361.12109375,20776.81640625,21239.75390625,21239.75390625,28624673855,21756.15040791742,23847.792892632926,19664.507923201912,4183.284969431013,1045.8212423577534,0.3765571780452584,False,False,False,False
2022-07-27 00:00:00+00:00,21244.169921875,22986.529296875,21070.806640625,22930.548828125,22930.548828125,31758955233,21810.735599722902,24076.35836721686,19545.112832228944,4531.2455349879165,1132.8113837469791,0.747131438752432,False,False,False,True
2022-07-28 00:00:00+00:00,22933.640625,24110.470703125,22722.265625,23843.88671875,23843.88671875,40212386158,21977.225004411994,24293.926510781555,19660.523498042432,4633.403012739123,1158.3507531847808,0.9028705703358392,False,False,False,False
2022-07-29 00:00:00+00:00,23845.212890625,24294.787109375,23481.173828125,23804.6328125,23804.6328125,35887249746,22156.555757960057,24404.30976994266,19908.801745977453,4495.508023965209,1123.8770059913022,0.8666052970552316,False,False,False,False
2022-07-30 00:00:00+00:00,23796.818359375,24572.580078125,23580.5078125,23656.20703125,23656.20703125,28148218301,22326.06774678529,24547.460810694636,20104.674682875946,4442.78612781869,1110.6965319546725,0.7993930489104543,False,False,False,False
2022-07-31 00:00:00+00:00,23652.0703125,24121.642578125,23275.703125,23336.896484375,23336.896484375,23553591896,22445.30707844066,24613.74872658407,20276.86543029725,4336.883296286818,1084.2208240717046,0.7055829832215471,False,False,False,False
2022-08-01 00:00:00+00:00,23336.71875,23464.787109375,22890.796875,23314.19921875,23314.19921875,25849159141,22519.397934561388,24585.79346476546,20453.002404357318,4132.791060408141,1033.1977651020352,0.692315864163266,False,False,False,False
2022-08-02 00:00:00+00:00,23308.43359375,23415.041015625,22710.083984375,22978.1171875,22978.1171875,28389250717,22568.44708960316,24569.194473036823,20567.699706169496,4001.4947668673267,1000.3736917168317,0.6023792661904593,False,False,False,False
2022-08-03 00:00:00+00:00,22981.302734375,23578.650390625,22747.8359375,22846.5078125,22846.5078125,26288169966,22615.03924426397,24581.87477997927,20648.203708548674,3933.6710714305955,983.4177678576489,0.5588428884959739,False,False,False,False
2022-08-04 00:00:00+00:00,22848.21484375,23198.009765625,22485.701171875,22630.95703125,22630.95703125,25120229769,22629.94560096105,24542.559301854817,20717.331900067285,3825.2274017875316,956.3068504468829,0.500264410499746,False,False,False,False
2022-08-05 00:00:00+00:00,22626.833984375,23422.828125,22612.177734375,23289.314453125,23289.314453125,28881249043,22675.484759996507,24558.967168925898,20792.002351067116,3766.9648178587813,941.7412044646953,0.6629507369483228,False,False,False,False
2022-08-06 00:00:00+00:00,23291.423828125,23326.5625,22961.279296875,22961.279296875,22961.279296875,15978259885,22714.29957948097,24482.490388142418,20946.10877081952,3536.381617322899,884.0954043307247,0.5698396678074013,False,False,False,False
2022-08-07 00:00:00+00:00,22963.505859375,23359.009765625,22894.556640625,23175.890625,23175.890625,15886817043,22755.142699887543,24439.40505268285,21070.880347092236,3368.5247055906148,842.1311763976537,0.6249056966731332,False,False,False,False
2022-08-08 00:00:00+00:00,23179.52734375,24203.689453125,23176.546875,23809.486328125,23809.486328125,28575544847,22847.977447715715,24569.37333085649,21126.58156457494,3442.7917662815526,860.6979415703881,0.7792817415872292,False,False,False,False
2022-08-09 00:00:00+00:00,23811.484375,23898.615234375,22982.0,23164.318359375,23164.318359375,23555719219,22895.628281068188,24628.207622769885,21163.04893936649,3465.158683403395,866.2896708508488,0.5775404830935221,False,False,False,False
2022-08-10 00:00:00+00:00,23162.8984375,24127.4140625,22771.51953125,23947.642578125,23947.642578125,32837431722,22964.18991054979,24794.69022433132,21133.68959676826,3661.0006275630585,915.2501568907646,0.7686294725466474,False,False,False,False
2022-08-11 00:00:00+00:00,23948.345703125,24822.62890625,23900.99609375,23957.529296875,23957.529296875,37127036580,23084.46243642997,24916.239281333346,21252.685591526595,3663.553689806751,915.8884224516878,0.7383114686906862,False,False,False,False
2022-08-12 00:00:00+00:00,23957.203125,24412.56640625,23657.265625,24402.818359375,24402.818359375,27265804688,23186.661264408864,24986.3205810719,21387.001947745826,3599.3186333260746,899.8296583315187,0.8378853663317672,False,False,False,False
2022-08-13 00:00:00+00:00,24402.1875,24860.05078125,24346.115234375,24424.068359375,24424.068359375,22987346289,23315.875568592146,25038.35606296388,21593.39507422041,3444.960988743471,861.2402471858677,0.8216851495282276,False,False,False,False
2022-08-14 00:00:00+00:00,24429.056640625,24974.9140625,24206.259765625,24319.333984375,24319.333984375,22994133555,23428.665444996066,25132.628749305626,21724.702140686506,3407.92660861912,851.98165215478,0.7613520306236377,False,False,False,False
2022-08-15 00:00:00+00:00,24318.31640625,25135.58984375,23839.775390625,24136.97265625,24136.97265625,35123501685,23518.39057374644,25311.120438250047,21725.660709242835,3585.4597290072124,896.3649322518031,0.6725251792675523,False,False,False,False
2022-08-16 00:00:00+00:00,24126.13671875,24228.416015625,23733.5,23883.291015625,23883.291015625,27753685646,23559.34407565154,25271.784156829784,21846.903994473298,3424.880162356487,856.2200405891217,0.5945863576582976,False,False,False,False
2022-08-17 00:00:00+00:00,23881.31640625,24407.05859375,23243.353515625,23335.998046875,23335.998046875,30931623076,23569.133851184728,25343.070939870147,21795.19676249931,3547.874177370839,886.9685443427097,0.4342885929279223,False,False,True,False
2022-08-18 00:00:00+00:00,23341.0390625,23563.83203125,23177.6015625,23212.73828125,23212.73828125,23747613147,23545.22179789729,25219.01127146417,21871.432324330413,3347.5789471337557,836.8947367834389,0.4006794098367812,False,False,False,False
2022-08-19 00:00:00+00:00,23213.3125,23213.3125,20868.84765625,20877.552734375,20877.552734375,40509610260,23365.032829545962,25340.336324506152,21389.729334585772,3950.6069899203794,987.6517474800949,0.0,False,True,False,False
2022-08-20 00:00:00+00:00,20872.841796875,21350.806640625,20856.73046875,21166.060546875,21166.060546875,27595671000,23151.651850739996,25028.240230579166,21275.063470900826,3753.1767596783393,938.2941899195848,0.0,False,False,False,False
2022-08-21 00:00:00+00:00,21160.392578125,21668.845703125,21103.197265625,21534.12109375,21534.12109375,23102307723,22988.198152653647,24790.257382008902,21186.138923298393,3604.118458710509,901.0296146776273,0.09655125780080744,False,False,False,False
2022-08-22 00:00:00+00:00,21531.462890625,21531.462890625,20939.18359375,21398.908203125,21398.908203125,31666498758,22826.450858353302,24567.29166477303,21085.610051933574,3481.6816128394566,870.4204032098642,0.08998472176090741,False,False,False,False
2022-08-23 00:00:00+00:00,21401.044921875,21646.203125,20955.138671875,21528.087890625,21528.087890625,31878280659,22688.358068272035,24393.32768467479,20983.38845186928,3409.939232805511,852.4848082013777,0.15973875238462001,False,False,False,False
2022-08-24 00:00:00+00:00,21526.455078125,21783.076171875,21195.005859375,21395.01953125,21395.01953125,31962253368,22571.152587563585,24223.239304826067,20919.065870301103,3304.1734345249643,826.0433586312411,0.14404621015825217,False,False,False,False
2022-08-25 00:00:00+00:00,21395.458984375,21789.63671875,21362.44140625,21600.904296875,21600.904296875,31028679593,22477.169243410703,24049.486351446936,20904.85213537447,3144.634216072467,786.1585540181168,0.22134598610641418,False,False,False,False
2022-08-26 00:00:00+00:00,21596.0859375,21804.908203125,20199.482421875,20260.01953125,20260.01953125,42326789564,22313.134399792223,24049.304953274834,20576.963846309613,3472.341106965221,868.0852767413053,0.0,False,True,False,False
2022-08-27 00:00:00+00:00,20262.48046875,20340.775390625,19890.5234375,20041.73828125,20041.73828125,30116729776,22101.50373026836,23754.10761902771,20448.89984150901,3305.207777518699,826.3019443796748,0.0,False,False,False,False
2022-08-28 00:00:00+00:00,20041.03515625,20139.0546875,19616.814453125,19616.814453125,19616.814453125,24366810591,21881.44571131423,23473.237258072644,20289.654164555817,3183.583093516827,795.8957733792067,0.0,False,False,False,False
2022-08-29 00:00:00+00:00,19615.154296875,20357.462890625,19600.78515625,20297.994140625,20297.994140625,32637854078,21710.395078093825,23294.343017051397,20126.447139136253,3167.8958779151435,791.9739694787859,0.05415171713334387,False,False,False,False
2022-08-30 00:00:00+00:00,20298.611328125,20542.64453125,19617.640625,19796.80859375,19796.80859375,34483360283,21546.13820557695,23156.692131888765,19935.584279265135,3221.1078526236306,805.2769631559077,0.0,False,True,False,False
2022-08-31 00:00:00+00:00,19799.58203125,20420.990234375,19799.58203125,20049.763671875,20049.763671875,33225232872,21407.469041156925,22981.803902962558,19833.13417935129,3148.669723611267,787.1674309028167,0.06880032252962136,False,False,False,False
2022-09-01 00:00:00+00:00,20050.498046875,20198.390625,19653.96875,20127.140625,20127.140625,30182031010,21272.773576919757,22798.559327544826,19746.987826294688,3051.5715012501387,762.8928753125347,0.12457607450770036,False,False,False,False
2022-09-02 00:00:00+00:00,20126.072265625,20401.568359375,19814.765625,19969.771484375,19969.771484375,29123998928,21157.465155903592,22648.032878341157,19666.897433466027,2981.13544487513,745.2838612187825,0.10159687693145368,False,False,False,False
2022-09-03 00:00:00+00:00,19969.71875,20037.009765625,19698.35546875,19832.087890625,19832.087890625,23613051457,21033.49873232547,22442.74054189428,19624.256922756664,2818.483619137616,704.620904784404,0.07373857575653651,False,False,False,False
2022-09-04 00:00:00+00:00,19832.470703125,19999.689453125,19636.81640625,19986.712890625,19986.712890625,25245861652,20923.108972103997,22264.001210090923,19582.21673411707,2681.784475973851,670.4461189934627,0.15083097099405854,False,False,False,False
2022-09-05 00:00:00+00:00,19988.7890625,20031.16015625,19673.046875,19812.37109375,19812.37109375,28813460025,20819.84710571314,22098.272776151374,19541.421435274904,2556.85134087647,639.2128352191176,0.10597004766894909,False,False,False,False
2022-09-06 00:00:00+00:00,19817.724609375,20155.26953125,18800.171875,18837.66796875,18837.66796875,43403978910,20671.706409137285,22093.309043781694,19250.103774492876,2843.2052692888174,710.8013173222043,0.0,False,True,False,False
2022-09-07 00:00:00+00:00,18837.68359375,19427.171875,18644.466796875,19290.32421875,19290.32421875,35239757134,20523.987160350403,21959.97054715537,19088.003773545435,2871.9667736099364,717.9916934024841,0.07044665246953982,False,False,False,False
2022-09-08 00:00:00+00:00,19289.94140625,19417.3515625,19076.71484375,19329.833984375,19329.833984375,32194477850,20405.001093987667,21765.51348586214,19044.488702113194,2721.024783748944,680.256195937236,0.10486684427352609,False,False,False,False
2022-09-09 00:00:00+00:00,19328.140625,21439.41015625,19310.962890625,21381.15234375,21381.15234375,48469528171,20434.097033945192,22084.247639757217,18783.946428133168,3300.3012116240498,825.0753029060124,0.7869602648598156,False,False,False,True
2022-09-10 00:00:00+00:00,21376.912109375,21760.275390625,21168.72265625,21680.5390625,21680.5390625,36913738894,20539.088970692475,22142.5350627983,18935.642878586652,3206.892184211647,801.7230460529117,0.8559365348879442,False,False,False,False
2022-09-11 00:00:00+00:00,21678.54296875,21770.552734375,21406.9453125,21769.255859375,21769.255859375,34493951963,20644.786970507477,22160.609937777717,19128.964003237237,3031.64593454048,757.91148363512,0.870910361284641,False,False,False,False
2022-09-12 00:00:00+00:00,21770.1484375,22439.181640625,21603.896484375,22370.44921875,22370.44921875,50212088965,20786.982730260734,22318.28043205395,19255.685028467517,3062.5954035864343,765.6488508966086,1.0,False,False,False,False
2022-09-13 00:00:00+00:00,22371.48046875,22673.8203125,20062.669921875,20296.70703125,20296.70703125,51091116622,20808.323970731934,22708.72198047083,18907.925960993038,3800.7960194777916,950.1990048694479,0.36539216078419623,False,False,True,False
2022-09-14 00:00:00+00:00,20184.5546875,20467.201171875,19793.396484375,20241.08984375,20241.08984375,37872380889,20747.26732272572,22592.386468990724,18902.148176460712,3690.2382925300117,922.5595731325029,0.362833389377496,False,False,False,False
2022-09-15 00:00:00+00:00,20242.2890625,20318.166015625,19636.734375,19701.2109375,19701.2109375,36389011503,20665.181905581205,22462.07546534471,18868.2883458177,3593.7871195270127,898.4467798817532,0.23176737073728634,False,False,False,False
2022-09-16 00:00:00+00:00,19704.005859375,19870.62890625,19400.076171875,19772.583984375,19772.583984375,30123362273,20571.459472113154,22282.774222775308,18860.144721451,3422.629501324307,855.6573753310768,0.2665901356167683,False,False,False,False
2022-09-17 00:00:00+00:00,19777.033203125,20162.53125,19777.033203125,20127.576171875,20127.576171875,24957448100,20519.16620889603,22137.33893761697,18900.99348017509,3236.3454574418793,809.0863643604698,0.37900239879504216,False,False,False,False
2022-09-18 00:00:00+00:00,20127.234375,20127.234375,19387.4921875,19419.505859375,19419.505859375,31254779144,20435.88791667974,22040.260169403587,18831.515663955895,3208.744505447692,802.186126361923,0.18324618691853956,False,False,False,False
2022-09-19 00:00:00+00:00,19418.572265625,19639.48046875,18390.318359375,19544.12890625,19544.12890625,40177002624,20317.356614595163,22011.124063921623,18623.589165268702,3387.5348986529207,846.8837246632302,0.2717432494488418,False,False,False,False
2022-09-20 00:00:00+00:00,19545.591796875,19602.45703125,18813.455078125,18890.7890625,18890.7890625,36791346508,20201.630625010705,21883.82172002952,18519.43952999189,3364.382190037628,841.095547509407,0.11037673829320686,False,False,False,False
2022-09-21 00:00:00+00:00,18891.283203125,19674.630859375,18290.314453125,18547.400390625,18547.400390625,46363793975,20071.70852431524,21862.54379108217,18280.873257548308,3581.670533533863,895.4176333834657,0.07441419599633645,False,False,False,False
2022-09-22 00:00:00+00:00,18534.650390625,19456.91015625,18415.591796875,19413.55078125,19413.55078125,41135767926,19978.722084995534,21798.737496960774,18158.706673030294,3640.0308239304795,910.0077059826199,0.3447344731176573,False,False,False,False
2022-09-23 00:00:00+00:00,19412.400390625,19464.671875,18617.552734375,19297.638671875,19297.638671875,38896078052,19897.569609638816,21705.00730853253,18090.1319107451,3614.8753977874294,903.7188494468573,0.3340382802320051,False,False,False,False
2022-09-24 00:00:00+00:00,19296.990234375,19310.197265625,18861.974609375,18937.01171875,18937.01171875,26149643168,19815.55293550655,21531.891395760893,18099.214475252204,3432.6769205086894,858.1692301271723,0.2440652770123333,False,False,False,False
2022-09-25 00:00:00+00:00,18936.310546875,19134.732421875,18696.46875,18802.09765625,18802.09765625,23359966112,19726.239920319418,21358.597268923328,18093.88257171551,3264.714697207819,816.1786743019547,0.2169301608928338,False,False,False,False
2022-09-26 00:00:00+00:00,18803.900390625,19274.873046875,18721.28515625,19222.671875,19222.671875,44148798321,19664.021200229472,21243.86039209799,18084.182008360953,3159.6783837370385,789.9195959342596,0.36031827558744256,False,False,False,False
2022-09-27 00:00:00+00:00,19221.83984375,20338.455078125,18915.66796875,19110.546875,19110.546875,58571439619,19644.103940584602,21350.51663514127,17937.691246027935,3412.8253891133354,853.2063472783339,0.3436611883846708,False,False,False,False
2022-09-28 00:00:00+00:00,19104.62109375,19688.34375,18553.296875,19426.720703125,19426.720703125,53071298734,19603.97852808845,21366.75932818945,17841.197727987448,3525.5616002020033,881.3904000505008,0.4497221024436806,False,False,False,False
2022-09-29 00:00:00+00:00,19427.779296875,19589.265625,18924.353515625,19573.05078125,19573.05078125,41037843771,19580.9542213459,21300.439363311798,17861.46907938,3438.970283931798,859.7425709829495,0.4977018004101905,False,False,False,False
2022-09-30 00:00:00+00:00,19573.431640625,20109.849609375,19265.662109375,19431.7890625,19431.7890625,43975248085,19582.999875860576,21299.374003629888,17866.625748091265,3432.748255538623,858.1870638846558,0.45595050900787654,False,False,False,False
2022-10-01 00:00:00+00:00,19431.10546875,19471.154296875,19231.08203125,19312.095703125,19312.095703125,18719537670,19559.67709502465,21152.42826314203,17966.92592690727,3185.5023362347565,796.3755840586891,0.42227869711993693,False,False,False,False
2022-10-02 00:00:00+00:00,19311.849609375,19370.30859375,18970.62109375,19044.107421875,19044.107421875,20765955327,19518.59791484373,21032.01146614937,18005.184363538086,3026.827102611285,756.7067756528213,0.3432383228763283,False,False,False,False
2022-10-03 00:00:00+00:00,19044.068359375,19653.54296875,19025.2265625,19623.580078125,19623.580078125,30484729489,19510.552069283214,20998.287546708292,18022.816591858136,2975.470954850156,743.867738712539,0.5379865945784297,False,False,False,True
2022-10-04 00:00:00+00:00,19623.583984375,20380.34375,19523.83984375,20336.84375,20336.84375,35887278685,19564.817819629257,21075.080530561827,18054.555108696688,3020.525421865139,755.1313554662847,0.7555932569817689,False,False,False,False
2022-10-05 00:00:00+00:00,20335.900390625,20343.748046875,19801.80078125,20160.716796875,20160.716796875,33223790572,19615.986459823296,21083.612352787608,18148.360566858984,2935.2517859286236,733.8129464821559,0.6855821499413101,False,False,False,False
2022-10-06 00:00:00+00:00,20161.0390625,20408.392578125,19900.087890625,19955.443359375,19955.443359375,34711412966,19660.937712161554,21083.461953329435,18238.413470993673,2845.048482335762,711.2621205839405,0.6035151594224007,False,False,False,False
2022-10-07 00:00:00+00:00,19957.55859375,20041.0859375,19395.79296875,19546.849609375,19546.849609375,29227315390,19660.966771816806,21070.2971826179,18251.636361015713,2818.660821602185,704.6652054005463,0.45951369474212256,False,False,True,False
2022-10-08 00:00:00+00:00,19546.328125,19601.6953125,19299.4140625,19416.568359375,19416.568359375,16437423167,19639.84859463981,20968.702214360794,18310.994974918827,2657.7072394419665,664.4268098604916,0.4159876483191233,False,False,False,False
2022-10-09 00:00:00+00:00,19417.478515625,19542.5390625,19349.259765625,19446.42578125,19446.42578125,16837262532,19621.393954178082,20856.01807130197,18386.769837054195,2469.2482342477742,617.3120585619436,0.4291411165141994,False,False,False,False
2022-10-10 00:00:00+00:00,19446.416015625,19515.466796875,19102.978515625,19141.484375,19141.484375,27425022774,19586.33832957382,20779.99769123532,18392.67896791232,2387.3187233229983,596.8296808307496,0.3136595879604163,False,False,False,False
2022-10-11 00:00:00+00:00,19139.0,19241.9609375,18925.603515625,19051.41796875,19051.41796875,28711532910,19537.44840681679,20675.01331668714,18399.883496946444,2275.129819740694,568.7824549351735,0.28637243736615164,False,False,False,False
2022-10-12 00:00:00+00:00,19052.646484375,19203.19921875,19029.7578125,19157.4453125,19157.4453125,24950173846,19498.656569461225,20557.15326959454,18440.159869327912,2116.993400266627,529.2483500666567,0.33882271105887657,False,False,False,False
2022-10-13 00:00:00+00:00,19156.966796875,19453.328125,18319.822265625,19382.904296875,19382.904296875,44219840004,19456.119584671265,20635.467786666246,18276.771382676285,2358.6964039899613,589.6741009974903,0.46895942704944366,False,False,False,False
2022-10-14 00:00:00+00:00,19382.533203125,19889.146484375,19115.408203125,19185.65625,19185.65625,38452356727,19450.464098432734,20666.62513647822,18234.30306038725,2432.322076090968,608.080519022742,0.391129611889922,False,False,False,False
2022-10-15 00:00:00+00:00,19185.4375,19212.541015625,19019.25,19067.634765625,19067.634765625,16192235532,19417.068336081997,20550.27147344793,18283.865198716063,2266.4062747318676,566.6015686829669,0.3458204187162616,False,False,False,False
2022-10-16 00:00:00+00:00,19068.9140625,19389.603515625,19068.9140625,19268.09375,19268.09375,17988916650,19400.414568459106,20484.691142088446,18316.137994829765,2168.553147258681,542.1382868146702,0.43898198039260616,False,False,False,False
2022-10-17 00:00:00+00:00,19268.5625,19635.802734375,19173.333984375,19550.7578125,19550.7578125,27472552998,19405.451102613795,20473.7937688802,18337.10843634739,2136.685332532812,534.171333133203,0.5680056663813755,False,False,False,True
2022-10-18 00:00:00+00:00,19550.466796875,19666.994140625,19144.76953125,19334.416015625,19334.416015625,30580012344,19403.223368634703,20469.17669014947,18337.270047119935,2131.906643029535,532.9766607573838,0.4677249689921111,False,False,True,False
2022-10-19 00:00:00+00:00,19335.02734375,19348.416015625,19127.6875,19139.53515625,19139.53515625,22425387184,19384.365227871873,20387.868920360164,18380.86153538358,2007.0073849765831,501.7518462441458,0.37801237132730864,False,False,False,False
2022-10-20 00:00:00+00:00,19138.0859375,19315.19921875,18971.458984375,19053.740234375,19053.740234375,24493974420,19358.56531529677,20330.466685411233,18386.66394518231,1943.8027402289226,485.95068505723066,0.34318106224818257,False,False,False,False
2022-10-21 00:00:00+00:00,19053.203125,19237.384765625,18770.970703125,19172.46875,19172.46875,32459287866,19330.15668903835,20298.150734641367,18362.162643435335,1935.9880912060325,483.99702280150814,0.4185491172416672,False,False,False,False
2022-10-22 00:00:00+00:00,19172.380859375,19248.068359375,19132.244140625,19208.189453125,19208.189453125,16104440957,19317.39579653073,20211.755281323443,18423.03631173802,1788.718969585425,447.17974239635623,0.43894717657573573,False,False,False,False
2022-10-23 00:00:00+00:00,19207.734375,19646.65234375,19124.197265625,19567.0078125,19567.0078125,22128794335,19329.639289619074,20239.053841557517,18420.22473768063,1818.8291038768875,454.7072759692219,0.6305062264370899,False,False,False,True
2022-10-24 00:00:00+00:00,19567.76953125,19589.125,19206.32421875,19345.572265625,19345.572265625,30202235805,19334.467975825988,20229.501228820587,18439.43472283139,1790.066505989198,447.5166264972995,0.5062032833762652,False,False,False,False
2022-10-25 00:00:00+00:00,19344.96484375,20348.412109375,19261.447265625,20095.857421875,20095.857421875,47761524910,19388.509654219542,20411.432550664682,18365.586757774403,2045.845792890279,511.46144822256974,0.8457483306482002,False,False,False,False
2022-10-26 00:00:00+00:00,20092.236328125,20938.134765625,20076.1171875,20770.44140625,20770.44140625,58895950537,19503.403762051807,20596.437884477433,18410.36963962618,2186.0682448512525,546.5170612128131,1.0,False,False,False,False
2022-10-27 00:00:00+00:00,20772.802734375,20854.044921875,20255.373046875,20285.8359375,20285.8359375,49625110402,19594.992416657984,20698.457501841047,18491.52733147492,2206.930170366126,551.7325425915315,0.8130337017991858,False,False,False,False
2022-10-28 00:00:00+00:00,20287.95703125,20724.98046875,20086.068359375,20595.3515625,20595.3515625,43994715910,19678.212198900874,20799.11319744063,18557.311200361117,2241.801997079514,560.4504992698785,0.9091081035675411,False,False,False,False
2022-10-29 00:00:00+00:00,20595.103515625,20988.39453125,20566.484375,20818.4765625,20818.4765625,40369840645,19784.203274203963,20877.396204139743,18691.010344268183,2186.3858598715597,546.5964649678899,0.9730515812779709,False,False,False,False
2022-10-30 00:00:00+00:00,20817.982421875,20917.005859375,20547.462890625,20635.603515625,20635.603515625,31486345556,19871.424304140884,20929.206534833087,18813.642073448682,2115.564461384405,528.8911153461013,0.8612176444786958,False,False,False,False
2022-10-31 00:00:00+00:00,20633.6953125,20795.3203125,20287.458984375,20495.7734375,20495.7734375,45668466815,19933.782393726673,20987.358666974655,18880.20612047869,2107.152546495963,526.7881366239908,0.7667063875882532,False,False,False,False
2022-11-01 00:00:00+00:00,20494.8984375,20647.2890625,20359.845703125,20485.2734375,20485.2734375,39819303159,19987.466870613815,20993.174188412,18981.75955281563,2011.4146355963676,502.8536588990919,0.7474907749384005,False,False,False,False
2022-11-02 00:00:00+00:00,20482.958984375,20742.810546875,20087.134765625,20159.50390625,20159.50390625,55552169483,20020.07158829345,21056.343330561816,18983.799846025082,2072.5434845367345,518.1358711341836,0.5672759433019653,False,False,False,False
2022-11-03 00:00:00+00:00,20162.689453125,20382.095703125,20086.240234375,20209.98828125,20209.98828125,43228750179,20039.69411063852,21031.50977243005,19047.87844884699,1983.6313235830603,495.9078308957651,0.5858497083540076,False,False,False,False
2022-11-04 00:00:00+00:00,20208.76953125,21209.560546875,20188.01953125,21147.23046875,21147.23046875,64072727950,20116.70135555787,21213.643654295247,19019.759056820494,2193.884597474753,548.4711493686882,0.9697280405625295,False,False,False,False
2022-11-05 00:00:00+00:00,21144.83203125,21446.88671875,21097.634765625,21282.69140625,21282.69140625,37846047609,20227.08576266744,21284.18422215608,19169.9873031788,2114.196918977279,528.5492297443197,0.9992939087685351,False,False,False,False
2022-11-06 00:00:00+00:00,21285.056640625,21345.376953125,20920.19140625,20926.486328125,20926.486328125,35082693210,20306.793616619747,21343.21933953452,19270.367893704974,2072.8514458295467,518.2128614573867,0.7989566438791539,False,False,False,False
2022-11-07 00:00:00+00:00,20924.62109375,21053.24609375,20489.97265625,20602.81640625,20602.81640625,53510852236,20345.703277140088,21391.141115263385,19300.26543901679,2090.875676246593,522.7189190616482,0.6229691138649932,False,False,False,False
2022-11-08 00:00:00+00:00,20600.671875,20664.607421875,17603.544921875,18541.271484375,18541.271484375,118992465607,20211.49102306722,21764.59757737819,18658.384468756252,3106.213108621938,776.5532771554845,0.0,False,True,True,False
2022-11-09 00:00:00+00:00,18543.76171875,18590.458984375,15682.6923828125,15880.7802734375,15880.7802734375,102905151606,19878.775422160026,21858.1246413524,17899.426202967654,3958.698438384745,989.6746095961862,0.0,False,False,False,False
2022-11-10 00:00:00+00:00,15883.158203125,18054.3125,15834.0185546875,17586.771484375,17586.771484375,83202283721,19619.68895462296,21845.162040958596,17394.215868287327,4450.946172671269,1112.7365431678172,0.0432617265223204,False,False,False,False
2022-11-11 00:00:00+00:00,17583.251953125,17650.943359375,16543.482421875,17034.29296875,17034.29296875,55871616488,19377.455681166808,21601.873646368877,17153.03771596474,4448.835930404137,1112.2089826010342,0.0,False,True,False,False
2022-11-12 00:00:00+00:00,17036.875,17066.67578125,16651.775390625,16799.185546875,16799.185546875,29717699419,19135.71821053981,21220.67445734667,17050.761963732948,4169.912493613723,1042.4781234034308,0.0,False,False,False,False
2022-11-13 00:00:00+00:00,16799.72265625,16920.765625,16320.634765625,16353.365234375,16353.365234375,27209183682,18887.70586112332,20884.192655124498,16891.21906712214,3992.973588002358,998.2433970005895,0.0,False,False,False,False
2022-11-14 00:00:00+00:00,16352.0283203125,17109.32421875,15872.94140625,16618.19921875,16618.19921875,49630243054,18663.494663040146,20707.609340141207,16619.379985939086,4088.2293542021216,1022.0573385505304,0.0,False,False,False,False
2022-11-15 00:00:00+00:00,16617.484375,17051.962890625,16542.55078125,16884.61328125,16884.61328125,36599436183,18488.530947611718,20430.11657887767,16546.945316345766,3883.171262531905,970.7928156329763,0.08695675314718623,False,False,False,False
2022-11-16 00:00:00+00:00,16884.341796875,16960.294921875,16430.111328125,16669.439453125,16669.439453125,33925512989,18316.91992730346,20170.38371419282,16463.456140414102,3706.9275737787175,926.7318934446794,0.05556712630911352,False,False,False,False
2022-11-17 00:00:00+00:00,16670.42578125,16726.439453125,16460.68359375,16687.517578125,16687.517578125,27868914022,18155.773287401542,19877.041867476964,16434.50470732612,3442.537160150845,860.6342900377113,0.07349604638335817,False,False,False,False
2022-11-18 00:00:00+00:00,16687.912109375,16947.05859375,16564.611328125,16697.77734375,16697.77734375,26862218609,18020.602728779966,19646.233903972847,16394.971553587086,3251.2623503857612,812.8155875964403,0.09313483734309742,False,False,False,False
2022-11-19 00:00:00+00:00,16696.220703125,16797.876953125,16570.41015625,16711.546875,16711.546875,16106223492,17894.19084935251,19402.752266401105,16385.62943230392,3017.1228340971866,754.2807085242966,0.10802259656544808,False,False,False,False
2022-11-20 00:00:00+00:00,16712.919921875,16746.779296875,16248.6923828125,16291.83203125,16291.83203125,21313378652,17754.658505316955,19211.98116347319,16297.33584716072,2914.645316312468,728.661329078117,0.0,False,True,False,False
2022-11-21 00:00:00+00:00,16291.2236328125,16291.2236328125,15599.046875,15787.2841796875,15787.2841796875,37429485518,17577.31181235026,19027.45923594087,16127.164388759651,2900.2948471812197,725.0737117953049,0.0,False,False,False,False
2022-11-22 00:00:00+00:00,15782.30078125,16253.0478515625,15656.6064453125,16189.76953125,16189.76953125,30726828760,17430.247951749443,18854.66891423099,16005.826989267895,2848.841924963097,712.2104812407742,0.06456747928703983,False,False,False,False
2022-11-23 00:00:00+00:00,16195.5888671875,16638.193359375,16170.5029296875,16610.70703125,16610.70703125,32958875628,17339.094283973704,18714.611236144596,15963.57733180281,2751.033904341786,687.7584760854465,0.23523145186464833,False,False,False,False
2022-11-24 00:00:00+00:00,16611.63671875,16771.474609375,16501.767578125,16604.46484375,16604.46484375,26129037414,17271.171242047636,18563.07790525144,15979.264578843831,2583.8133264076096,645.9533316019024,0.24196804719457518,False,False,False,False
2022-11-25 00:00:00+00:00,16602.26953125,16603.31640625,16388.404296875,16521.841796875,16521.841796875,18678255976,17198.156917408178,18404.0850236666,15992.228811149755,2411.8562125168464,602.9640531292116,0.21958729669567567,False,False,False,False
2022-11-26 00:00:00+00:00,16521.576171875,16666.86328125,16416.228515625,16464.28125,16464.28125,18000008764,17133.169688666923,18268.631937424507,15997.707439909342,2270.924497515165,567.7311243787913,0.20545544803501004,False,False,False,False
2022-11-27 00:00:00+00:00,16463.8828125,16594.40625,16437.025390625,16444.626953125,16444.626953125,20443898509,17072.10776891293,18125.499964669754,16018.715573156107,2106.7843915136473,526.6960978784118,0.2021618261861582,False,False,False,False
2022-11-28 00:00:00+00:00,16440.22265625,16482.93359375,16054.5302734375,16217.322265625,16217.322265625,27743025156,16993.96373164543,18027.69737188907,15960.230091401787,2067.4672804872826,516.8668201218206,0.12435126623267231,False,False,False,False
2022-11-29 00:00:00+00:00,16217.6396484375,16522.2578125,16139.396484375,16444.982421875,16444.982421875,23581685468,16934.43184351253,17941.36438535681,15927.499301668255,2013.8650836885554,503.46627092213885,0.2569601729520696,False,False,False,False
2022-11-30 00:00:00+00:00,16445.4765625,17190.9375,16445.4765625,17168.56640625,17168.56640625,29523576583,16934.485333614513,17989.915636899364,15879.055030329664,2110.8606065697004,527.7151516424251,0.6108936667380819,False,False,False,True
2022-12-01 00:00:00+00:00,17168.001953125,17197.498046875,16888.388671875,16967.1328125,16967.1328125,22895392882,16942.40798537345,17954.117133329815,15930.698837417087,2023.4182959127284,505.8545739781821,0.5122193355553286,False,False,False,False
2022-12-02 00:00:00+00:00,16968.68359375,17088.66015625,16877.880859375,17088.66015625,17088.66015625,19539705127,16949.645357302168,17902.339449837895,15996.95126476644,1905.3881850714552,476.3470462678638,0.5729587808075022,False,False,False,False
2022-12-03 00:00:00+00:00,17090.09765625,17116.041015625,16888.140625,16908.236328125,16908.236328125,16217776704,16951.660655614658,17854.665417021813,16048.655894207503,1806.009522814311,451.5023807035777,0.4759556486601523,False,False,True,False
2022-12-04 00:00:00+00:00,16908.169921875,17157.767578125,16903.439453125,17130.486328125,17130.486328125,16824520830,16962.3499061712,17825.91981643764,16098.779995904759,1727.1398205328805,431.78495513322014,0.5973496296911996,False,False,False,True
2022-12-05 00:00:00+00:00,17128.89453125,17378.15234375,16922.431640625,16974.826171875,16974.826171875,22209086834,16974.67880895648,17843.035868821276,16106.321749091685,1736.7141197295914,434.17852993239785,0.50008485156932,False,False,False,False
2022-12-06 00:00:00+00:00,16975.23828125,17091.86328125,16939.921875,17089.50390625,17089.50390625,19889922369,16980.940797389194,17792.85043251751,16169.031162260879,1623.8192702566303,405.95481756415757,0.56685664522484,False,False,False,False
2022-12-07 00:00:00+00:00,17089.505859375,17109.376953125,16750.55859375,16848.126953125,16848.126953125,19675404389,16973.488102399748,17775.97044589023,16171.005758909263,1604.9646869809676,401.2411717452419,0.42189164640715027,False,False,True,False
2022-12-08 00:00:00+00:00,16847.349609375,17267.916015625,16788.783203125,17233.474609375,17233.474609375,20496603770,16985.224912587866,17803.285584229303,16167.16424094643,1636.1213432828736,409.0303358207184,0.6517306144842665,False,False,False,True
2022-12-09 00:00:00+00:00,17232.1484375,17280.546875,17100.8359375,17133.15234375,17133.15234375,20328426366,17002.966513174735,17775.16330515203,16230.769721197443,1544.3935839545866,386.09839598864664,0.5842957597906545,False,False,False,False
2022-12-10 00:00:00+00:00,17134.220703125,17216.826171875,17120.68359375,17128.724609375,17128.724609375,12706781969,17017.485079380316,17731.69070778488,16303.279450975753,1428.4112568091277,357.10281420228193,0.577876402516721,False,False,False,False
2022-12-11 00:00:00+00:00,17129.7109375,17245.634765625,17091.8203125,17104.193359375,17104.193359375,14122486832,17029.840419042506,17703.388375231614,16356.292462853398,1347.0959123782159,336.77397809455397,0.5551949862287298,False,False,False,False
2022-12-12 00:00:00+00:00,17102.5,17212.564453125,16899.39453125,17206.4375,17206.4375,19617581341,17037.106299272586,17705.933444217782,16368.279154327389,1337.6542898903936,334.4135724725984,0.6265881640773486,False,False,False,False
2022-12-13 00:00:00+00:00,17206.44140625,17930.0859375,17111.763671875,17781.318359375,17781.318359375,26634741631,17091.450714222818,17857.059597798496,16325.841830647141,1531.2177671513546,382.80444178783864,0.9505352928575252,False,False,False,False
2022-12-14 00:00:00+00:00,17782.06640625,18318.53125,17739.513671875,17815.650390625,17815.650390625,25534481470,17173.96954501112,17978.82105585423,16369.118034168012,1609.7030216862186,402.42575542155464,0.8986330627258786,False,False,False,False
2022-12-15 00:00:00+00:00,17813.64453125,17846.744140625,17322.58984375,17364.865234375,17364.865234375,20964448341,17206.105754018,18035.3029731518,16376.908534884202,1658.3944382675982,414.59860956689954,0.5957308326014669,False,False,False,False
2022-12-16 00:00:00+00:00,17364.546875,17505.525390625,16584.701171875,16647.484375,16647.484375,24031608960,17178.149997682955,18108.592338653372,16247.707656712537,1860.8846819408354,465.22117048520886,0.21483153801368846,False,False,True,False
2022-12-17 00:00:00+00:00,16646.982421875,16800.58984375,16614.029296875,16795.091796875,16795.091796875,14463581825,17136.094789570292,18010.805005818667,16261.384573321915,1749.4204324967523,437.35510812418806,0.30507659201818305,False,False,False,False
2022-12-18 00:00:00+00:00,16795.609375,16815.38671875,16697.8203125,16757.9765625,16757.9765625,10924354698,17099.996352269947,17910.748828143485,16289.24387639641,1621.5049517470761,405.37623793676903,0.28907262083816576,False,False,False,False
2022-12-19 00:00:00+00:00,16759.041015625,16807.52734375,16398.13671875,16439.6796875,16439.6796875,17221074814,17047.46792983154,17859.023283117724,16235.912576545354,1623.11070657237,405.7776766430925,0.12554110457749046,False,False,False,False
2022-12-20 00:00:00+00:00,16441.787109375,17012.984375,16427.8671875,16906.3046875,16906.3046875,22722096615,17022.22197619679,17869.64523165436,16174.798720739223,1694.8465109151348,423.7116277287837,0.4316060257077786,False,False,False,False
2022-12-21 00:00:00+00:00,16904.52734375,16916.80078125,16755.912109375,16817.53515625,16817.53515625,14882945045,17003.922995824872,17798.781660111683,16209.064331538062,1589.7173285736208,397.4293321434052,0.3827540995969959,False,False,False,False
2022-12-22 00:00:00+00:00,16818.380859375,16866.673828125,16592.408203125,16830.341796875,16830.341796875,16441573050,16980.991403464566,17751.217326322694,16210.765480606437,1540.4518457162576,385.1129614290644,0.402204274019667,False,False,False,False
2022-12-23 00:00:00+00:00,16829.64453125,16905.21875,16794.458984375,16796.953125,16796.953125,15329265213,16966.821773273496,17682.177056970813,16251.46648957618,1430.7105673946335,357.67764184865837,0.38126973257572816,False,False,False,False
2022-12-24 00:00:00+00:00,16796.9765625,16864.703125,16793.52734375,16847.755859375,16847.755859375,9744636213,16954.298630679987,17612.35354225757,16296.243719102402,1316.1098231551678,329.02745578879194,0.4190472030293292,False,False,False,False
2022-12-25 00:00:00+00:00,16847.505859375,16860.5546875,16755.25390625,16841.986328125,16841.986328125,11656379938,16941.438282420782,17554.74785909061,16328.128705750956,1226.619153339654,306.6547883349135,0.4189218968047169,False,False,False,False
2022-12-26 00:00:00+00:00,16842.25,16920.123046875,16812.369140625,16919.8046875,16919.8046875,11886957804,16935.977394412454,17509.506794665296,16362.447994159611,1147.0588005056852,286.7647001264213,0.48590071676768115,False,False,False,False
2022-12-27 00:00:00+00:00,16919.291015625,16959.845703125,16642.072265625,16717.173828125,16717.173828125,15748580239,16920.45865198825,17500.18979971581,16340.72750426069,1159.4622954551178,289.86557386377945,0.3246731914784213,False,False,False,False
2022-12-28 00:00:00+00:00,16716.400390625,16768.169921875,16497.556640625,16552.572265625,16552.572265625,17005713920,16890.519695548894,17466.400384753695,16314.63900634409,1151.7613784096047,287.9403446024012,0.20658207832029998,False,False,False,False
2022-12-29 00:00:00+00:00,16552.322265625,16651.755859375,16508.68359375,16642.341796875,16642.341796875,14472237479,16862.93944676646,17409.846520175783,16316.032373357139,1093.814146818644,273.453536704661,0.2983225481832829,False,False,False,False
2022-12-30 00:00:00+00:00,16641.330078125,16643.427734375,16408.474609375,16602.5859375,16602.5859375,15929162910,16833.278175050607,17372.485166118997,16294.071183982216,1078.4139821367808,269.6034955341952,0.2860819301568119,False,False,False,False
2022-12-31 00:00:00+00:00,16603.673828125,16628.986328125,16517.51953125,16547.49609375,16547.49609375,11239186456,16807.696188637055,17315.27583997361,16300.116537300504,1015.1593026731043,253.78982566827608,0.24368545488190785,False,False,False,False
2023-01-01 00:00:00+00:00,16547.9140625,16630.439453125,16521.234375,16625.080078125,16625.080078125,9244361700,16787.17762801289,17265.840329840787,16308.514926184995,957.3254036557919,239.33135091394797,0.33067664425400217,False,False,False,False
2023-01-02 00:00:00+00:00,16625.509765625,16759.34375,16572.228515625,16688.470703125,16688.470703125,12097775227,16776.336678321186,17244.556156841292,16308.11719980108,936.4389570402127,234.10973926005317,0.40617009839712087,False,False,False,False
2023-01-03 00:00:00+00:00,16688.84765625,16760.447265625,16622.37109375,16679.857421875,16679.857421875,13903079207,16767.88162264774,17216.894387690834,16318.868857604642,898.0255300861918,224.50638252154795,0.4019802914018604,False,False,False,False
2023-01-04 00:00:00+00:00,16680.205078125,16964.5859375,16667.763671875,16863.23828125,16863.23828125,18421743322,16773.975051939226,17237.45099360301,16310.49911027544,926.9518833275724,231.7379708318931,0.5962975866561027,False,False,False,True
2023-01-05 00:00:00+00:00,16863.47265625,16884.021484375,16790.283203125,16836.736328125,16836.736328125,13692758566,16779.978730028346,17215.854733775755,16344.102726280938,871.752007494817,217.93800187370425,0.5651075048966727,False,False,False,False
2023-01-06 00:00:00+00:00,16836.47265625,16991.994140625,16716.421875,16951.96875,16951.96875,14413662913,16790.15170068041,17237.55455717808,16342.748844182743,894.8057129953359,223.70142824883396,0.6808404293462896,False,False,False,False
2023-01-07 00:00:00+00:00,16952.1171875,16975.017578125,16914.19140625,16955.078125,16955.078125,7714767174,16805.193986627513,17220.021791850413,16390.366181404614,829.6556104457995,207.41390261144988,0.6806582592648885,False,False,False,False
2023-01-08 00:00:00+00:00,16954.146484375,17091.14453125,16924.05078125,17091.14453125,17091.14453125,9768827914,16827.12280833759,17233.886583038202,16420.359033636978,813.527549401224,203.381887350306,0.8245393755954994,False,False,False,False
2023-01-09 00:00:00+00:00,17093.9921875,17389.95703125,17093.9921875,17196.5546875,17196.5546875,18624736866,16865.19060139274,17291.04049862329,16439.34070416219,851.6997944610994,212.92494861527484,0.8890620712394627,False,False,False,False
2023-01-10 00:00:00+00:00,17192.94921875,17484.720703125,17162.990234375,17446.29296875,17446.29296875,15808338949,16912.759874474385,17360.37087573188,16465.14887321689,895.2220025149873,223.8055006287468,1.0,False,False,False,False
2023-01-11 00:00:00+00:00,17446.359375,17934.896484375,17337.994140625,17934.896484375,17934.896484375,18372283782,16991.156937520474,17513.38730740222,16468.92656763873,1044.46073976349,261.1151849408725,1.0,False,False,False,False
2023-01-12 00:00:00+00:00,18117.59375,19030.087890625,17995.203125,18869.587890625,18869.587890625,34971338710,17147.39211509789,17836.43772924146,16458.346500954318,1378.0912282871432,344.5228070717858,1.0,False,False,False,False
2023-01-13 00:00:00+00:00,18868.90625,19964.322265625,18753.1640625,19909.57421875,19909.57421875,29225029694,17375.483677052853,18237.856370407066,16513.11098369864,1724.745386708426,431.1863466771065,1.0,False,False,False,False
2023-01-14 00:00:00+00:00,19910.537109375,21075.142578125,19907.828125,20976.298828125,20976.298828125,38967784639,17687.63664530972,18697.234959953515,16678.038330665928,2019.1966292875877,504.7991573218969,1.0,False,False,False,False
2023-01-15 00:00:00+00:00,20977.484375,20993.748046875,20606.986328125,20880.798828125,20880.798828125,19298407543,17986.640558554034,18972.631385483448,17000.64973162462,1971.9816538588275,492.99541346470687,1.0,False,False,False,False
2023-01-16 00:00:00+00:00,20882.224609375,21360.875,20715.74609375,21169.6328125,21169.6328125,26792494050,18281.444756350476,19297.862281836948,17265.027230864005,2032.8350509729426,508.20876274323564,1.0,False,False,False,False
2023-01-17 00:00:00+00:00,21175.833984375,21438.66015625,20978.533203125,21161.51953125,21161.51953125,24999983362,18558.72661735281,19565.527780915636,17551.925453789987,2013.602327125649,503.40058178141226,1.0,False,False,False,False
2023-01-18 00:00:00+00:00,21161.05078125,21564.501953125,20541.544921875,20688.78125,20688.78125,30005625418,18784.71545141445,19895.42790487099,17674.00299795791,2221.424906913082,555.3562267282705,1.0,False,False,False,False
2023-01-19 00:00:00+00:00,20686.74609375,21163.01171875,20685.380859375,21086.79296875,21086.79296875,21152848261,18993.63733054561,20088.804710531498,17898.469950559724,2190.3347599717745,547.5836899929436,1.0,False,False,False,False
2023-01-20 00:00:00+00:00,21085.373046875,22692.357421875,20919.126953125,22676.552734375,22676.552734375,28799154319,19289.10161999762,20629.398355734917,17948.80488426032,2680.5934714745963,670.1483678686491,1.0,False,False,False,False
2023-01-21 00:00:00+00:00,22677.427734375,23282.34765625,22511.833984375,22777.625,22777.625,32442278429,19628.92707335102,20989.29686988959,18268.55727681245,2720.739593077138,680.1848982692845,1.0,False,False,False,False
2023-01-22 00:00:00+00:00,22777.986328125,23056.73046875,22387.900390625,22720.416015625,22720.416015625,24746386230,19923.475189381083,21281.574021890796,18565.37635687137,2716.1976650194265,679.0494162548566,1.0,False,False,False,False
2023-01-23 00:00:00+00:00,22721.087890625,23126.486328125,22654.3046875,22934.431640625,22934.431640625,26518700512,20207.437001701932,21524.162279085675,18890.71172431819,2633.4505547674853,658.3626386918713,1.0,False,False,False,False
2023-01-24 00:00:00+00:00,22929.626953125,23134.01171875,22549.744140625,22636.46875,22636.46875,26405069715,20451.81521136127,21753.72147663164,19149.9089460909,2603.8125305407375,650.9531326351844,1.0,False,False,False,False
2023-01-25 00:00:00+00:00,22639.267578125,23722.099609375,22406.076171875,23117.859375,23117.859375,30685366709,20702.310116826862,22137.23044307019,19267.389790583533,2869.8406524866587,717.4601631216647,1.0,False,False,False,False
2023-01-26 00:00:00+00:00,23108.955078125,23237.078125,22911.373046875,23032.77734375,23032.77734375,26357839322,20926.891010958432,22283.46032020243,19570.321701714434,2713.1386184879957,678.2846546219989,1.0,False,False,False,False
2023-01-27 00:00:00+00:00,23030.716796875,23417.720703125,22654.59375,23078.728515625,23078.728515625,25383335641,21129.124977176674,22502.66274612127,19755.58720823208,2747.0755378891918,686.7688844722979,1.0,False,False,False,False
2023-01-28 00:00:00+00:00,23079.96484375,23165.896484375,22908.845703125,23031.08984375,23031.08984375,14712928379,21310.663297802705,22598.25744610284,20023.069149502568,2575.188296600274,643.7970741500685,1.0,False,False,False,False
2023-01-29 00:00:00+00:00,23031.44921875,23919.890625,22985.0703125,23774.56640625,23774.56640625,27423687259,21524.870835908794,22870.669631878918,20179.07203993867,2691.597591940248,672.899397985062,1.0,False,False,False,False
2023-01-30 00:00:00+00:00,23774.6484375,23789.34765625,22657.58203125,22840.138671875,22840.138671875,27205595568,21674.472608977005,23112.044650350115,20236.900567603894,2875.144082746221,718.7860206865553,0.905428746995037,False,False,False,False
2023-01-31 00:00:00+00:00,22840.796875,23225.021484375,22765.568359375,23139.283203125,23139.283203125,22837828665,21804.836266753002,23190.541728988803,20419.1308045172,2771.410924471602,692.8527311179005,0.9815045378470623,False,False,False,False
2023-02-01 00:00:00+00:00,23137.8359375,23764.5390625,22877.75,23723.76953125,23723.76953125,26683255504,21962.028323689225,23386.521052201446,20537.535595177003,2848.9854570244424,712.2463642561106,1.0,True,False,False,False
2023-02-02 00:00:00+00:00,23720.82421875,24167.2109375,23468.595703125,23471.87109375,23471.87109375,32066936882,22127.79317331803,23549.559675854027,20706.026670782034,2843.533005071993,710.8832512679983,0.9726788533963017,False,False,False,False
2023-02-03 00:00:00+00:00,23469.412109375,23678.103515625,23279.955078125,23449.322265625,23449.322265625,27083066007,22255.539247585362,23614.758787367762,20896.319707802963,2718.4390795647996,679.6097698911999,0.9391428253859391,False,False,False,False
2023-02-04 00:00:00+00:00,23446.3203125,23556.94921875,23291.794921875,23331.84765625,23331.84765625,15639298538,22363.91937628755,23640.24782146671,21087.590931108392,2552.6568903583175,638.1642225895794,0.8791846384127953,False,False,False,False
2023-02-05 00:00:00+00:00,23332.248046875,23423.435546875,22841.759765625,22955.666015625,22955.666015625,19564262605,22431.50995404191,23696.54071095315,21166.47919713067,2530.061513822482,632.5153784556205,0.7071712718127477,False,False,False,False
2023-02-06 00:00:00+00:00,22954.021484375,23119.279296875,22692.025390625,22760.109375,22760.109375,23825006542,22472.045960403,23696.024422873117,21248.067497932883,2447.956924940234,611.9892312350585,0.6176750340915549,False,False,False,False
2023-02-07 00:00:00+00:00,22757.267578125,23310.974609375,22756.2578125,23264.291015625,23264.291015625,27187964471,22532.851851078904,23745.37582667701,21320.327875480798,2425.047951196211,606.2619877990528,0.8016184336418161,False,False,False,False
2023-02-08 00:00:00+00:00,23263.416015625,23367.958984375,22731.09765625,22939.3984375,22939.3984375,25371367758,22578.5629471071,23797.206790770397,21359.919103443804,2437.2876873265923,609.3219218316481,0.6480479683498881,False,False,False,False
2023-02-09 00:00:00+00:00,22946.56640625,22996.4375,21773.974609375,21819.0390625,21819.0390625,32572572185,22542.17444966436,23883.446487086327,21200.90241224239,2682.544074843936,670.636018710984,0.23042926155596194,False,False,True,False
2023-02-10 00:00:00+00:00,21819.005859375,21941.185546875,21539.392578125,21651.18359375,21651.18359375,27078406594,22462.97566775188,23750.47909518165,21175.472240322113,2575.0068548595373,643.7517137148843,0.18474178137822328,False,False,False,False
2023-02-11 00:00:00+00:00,21651.841796875,21891.41015625,21618.44921875,21870.875,21870.875,16356226232,22399.223520823132,23612.568793009927,21185.878248636338,2426.6905443735886,606.6726360933972,0.28227610354021593,False,False,False,False
2023-02-12 00:00:00+00:00,21870.90234375,22060.994140625,21682.828125,21788.203125,21788.203125,17821046406,22346.345896320137,23513.989844413252,21178.701948227023,2335.28789618623,583.8219740465574,0.26099616144474386,False,False,False,False
2023-02-13 00:00:00+00:00,21787.0,21898.4140625,21460.087890625,21808.1015625,21808.1015625,23918742607,22286.90354161108,23425.44832926988,21148.358753952278,2277.089575317601,569.2723938294002,0.2897307228046589,False,False,False,False
2023-02-14 00:00:00+00:00,21801.822265625,22293.140625,21632.39453125,22220.8046875,22220.8046875,26792596581,22264.225104116373,23421.064631759295,21107.38557647345,2313.679055285844,578.419763821461,0.4812331721129713,False,False,False,False
2023-02-15 00:00:00+00:00,22220.5859375,24307.841796875,22082.76953125,24307.841796875,24307.841796875,32483312909,22388.218050549734,23874.388078553366,20902.048022546103,2972.3400560072623,743.0850140018156,1.0,True,False,False,True
2023-02-16 00:00:00+00:00,24307.349609375,25134.1171875,23602.5234375,23623.474609375,23623.474609375,39316664596,22553.15332301722,24197.02509822049,20909.281547813953,3287.743550406536,821.935887601634,0.8255488969708211,False,False,False,False
2023-02-17 00:00:00+00:00,23621.283203125,24924.041015625,23460.755859375,24565.6015625,24565.6015625,41358451255,22721.119623602885,24493.261252535824,20948.977994669945,3544.283257865878,886.0708144664695,1.0,True,False,False,False
2023-02-18 00:00:00+00:00,24565.296875,24798.8359375,24468.373046875,24641.27734375,24641.27734375,19625427158,22903.50462224785,24564.524666412493,21242.484578083204,3322.0400883292896,830.5100220823224,1.0,False,False,False,False
2023-02-19 00:00:00+00:00,24640.02734375,25093.0546875,24327.642578125,24327.642578125,24327.642578125,25555105670,23063.43560564488,24711.436067268063,21415.4351440217,3296.0009232463635,824.0002308115909,0.8835578332408204,False,False,False,False
2023-02-20 00:00:00+00:00,24336.623046875,25020.458984375,23927.91015625,24829.1484375,24829.1484375,28987376573,23209.06134409537,24910.771525181233,21507.35116300951,3403.4203621717243,850.8550905429311,0.9760173357988757,False,False,False,False
2023-02-21 00:00:00+00:00,24833.048828125,25126.8515625,24200.36328125,24436.353515625,24436.353515625,31252098714,23340.375132256922,25057.211951484198,21623.538313029647,3433.673638454551,858.4184096136378,0.8191853678503244,False,False,False,False
2023-02-22 00:00:00+00:00,24437.41796875,24472.33984375,23644.318359375,24188.84375,24188.84375,30199996781,23412.895022934837,25123.652457114385,21702.13758875529,3421.514868359096,855.378717089774,0.726785139600254,False,False,False,False
2023-02-23 00:00:00+00:00,24190.71875,24572.08984375,23693.919921875,23947.4921875,23947.4921875,30476264066,23475.587622437077,25190.90329757367,21760.271947300484,3430.6313502731864,857.6578375682966,0.6375561862761339,False,False,False,False
2023-02-24 00:00:00+00:00,23946.0078125,24103.705078125,23007.072265625,23198.126953125,23198.126953125,26811744928,23471.846080518466,25234.956750641402,21708.73541039553,3526.221340245873,881.5553350614682,0.42237607881575007,False,False,True,False
2023-02-25 00:00:00+00:00,23200.125,23210.2109375,22861.55859375,23175.375,23175.375,16100721565,23434.75421669925,25091.28428855989,21778.22414483861,3313.0601437212827,828.2650359303207,0.421710079066687,False,False,False,False
2023-02-26 00:00:00+00:00,23174.150390625,23654.3671875,23084.220703125,23561.212890625,23561.212890625,16644534842,23434.612570069163,25039.51893161874,21829.706208519587,3209.812723099152,802.453180774788,0.5394416532917228,False,False,False,True
2023-02-27 00:00:00+00:00,23561.451171875,23857.890625,23205.87890625,23522.87109375,23522.87109375,22660763494,23443.590440380038,25018.40850952466,21868.772371235416,3149.636138289243,787.4090345723107,0.5251713689737585,False,False,False,False
2023-02-28 00:00:00+00:00,23521.837890625,23585.384765625,23077.650390625,23147.353515625,23147.353515625,20535363434,23427.070356276385,24945.953493506542,21908.187219046227,3037.766274460315,759.4415686150787,0.40792022315769544,False,False,True,False
2023-03-01 00:00:00+00:00,23150.9296875,23880.6328125,23088.626953125,23646.55078125,23646.55078125,24662841200,23437.692561928634,24963.088557310777,21912.29656654649,3050.7919907642863,762.6979976910716,0.5684603276636513,False,False,False,True
2023-03-02 00:00:00+00:00,23647.01953125,23739.138671875,23245.021484375,23475.466796875,23475.466796875,20386398516,23442.344919621937,24914.024752965866,21970.665086278008,2943.3596666878584,735.8399166719646,0.5112530852508197,False,False,False,False
2023-03-03 00:00:00+00:00,23476.6328125,23479.34765625,22213.23828125,22362.6796875,22362.6796875,26062404610,23370.225264578577,24947.958989588114,21792.49153956904,3155.467450019074,788.8668625047685,0.18069847240145445,False,False,True,False
2023-03-04 00:00:00+00:00,22362.923828125,22405.177734375,22198.98046875,22353.349609375,22353.349609375,11166012913,23270.124693745696,24731.32449937928,21808.924888112113,2922.3996112671666,730.5999028167917,0.18629372901771699,False,False,False,False
2023-03-05 00:00:00+00:00,22354.14453125,22613.685546875,22307.142578125,22435.513671875,22435.513671875,13317001733,23192.21890694055,24568.607325760775,21815.830488120326,2752.7768376404492,688.1942094101123,0.22511203061626947,False,False,False,False
2023-03-06 00:00:00+00:00,22436.81640625,22584.29296875,22331.314453125,22429.7578125,22429.7578125,17353192895,23121.384256577167,24410.729536640367,21832.038976513966,2578.6905601264007,644.6726400316002,0.23179160975279453,False,False,False,False
2023-03-07 00:00:00+00:00,22428.322265625,22527.41796875,22011.26171875,22219.76953125,22219.76953125,22765452204,23038.663508926962,24302.305510983842,21775.02150687008,2527.2840041137606,631.8210010284402,0.17597864887997716,False,False,False,False
2023-03-08 00:00:00+00:00,22216.44140625,22268.896484375,21708.05078125,21718.080078125,21718.080078125,22536575684,22930.061503116456,24179.508445592648,21680.614560640264,2498.893884952384,624.723471238096,0.014992840516495024,False,False,False,False
2023-03-09 00:00:00+00:00,21720.080078125,21802.716796875,20210.306640625,20363.021484375,20363.021484375,30364664171,22726.438024149014,24169.422303627587,21283.45374467044,2885.9685589571454,721.4921397392864,0.0,False,True,False,False
2023-03-10 00:00:00+00:00,20367.001953125,20370.595703125,19628.25390625,20187.244140625,20187.244140625,39578257695,22472.684998039582,23919.839208945297,21025.530787133866,2894.308421811431,723.5771054528577,0.0,False,False,False,False
2023-03-11 00:00:00+00:00,20187.876953125,20792.525390625,20068.66015625,20632.41015625,20632.41015625,30180288176,22284.60692530962,23731.818761999766,20837.395088619476,2894.42367338029,723.6059183450725,0.0,False,False,False,False
2023-03-12 00:00:00+00:00,20628.029296875,22185.03125,20448.806640625,22163.94921875,22163.94921875,29279035521,22219.336015260295,23869.071590156425,20569.600440364164,3299.4711497922617,824.8677874480654,0.4832134320938731,False,False,False,False
2023-03-13 00:00:00+00:00,22156.40625,24550.837890625,21918.19921875,24197.533203125,24197.533203125,49466362688,22346.591960235506,24357.881712017024,20335.302208453988,4022.5795035630363,1005.6448758907591,0.9601378894438273,False,False,False,True
2023-03-14 00:00:00+00:00,24201.765625,26514.716796875,24081.18359375,24746.07421875,24746.07421875,54622230164,22610.15382463768,24907.021241866045,20313.286407409316,4593.734834456729,1148.4337086141823,0.96496379766877,False,False,False,False
2023-03-15 00:00:00+00:00,24770.92578125,25240.615234375,23964.91015625,24375.9609375,24375.9609375,43655701450,22792.726042231712,25115.04773336224,20470.404351101184,4644.643382261056,1161.160845565264,0.8408732953136984,False,False,False,False
2023-03-16 00:00:00+00:00,24373.45703125,25190.326171875,24225.111328125,25052.7890625,25052.7890625,33866061747,22986.060913209643,25269.19340397712,20702.928422442168,4566.2649815349505,1141.5662453837376,0.9526080193873518,False,False,False,False
2023-03-17 00:00:00+00:00,25055.123046875,27787.8125,24955.169921875,27423.9296875,27423.9296875,50730261335,23341.89359161428,25963.24134893001,20720.54583429855,5242.695514631458,1310.6738786578644,1.0,True,False,False,False
2023-03-18 00:00:00+00:00,27448.1171875,27725.953125,26636.26171875,26965.87890625,26965.87890625,35723036817,23700.70035273038,26277.851615564534,21123.549089896223,5154.30252566831,1288.5756314170776,1.0,False,False,False,False
2023-03-19 00:00:00+00:00,26969.50390625,28440.560546875,26907.716796875,28038.67578125,28038.67578125,37769448859,24090.695656438595,26716.700542989336,21464.690769887853,5252.009773101483,1313.0024432753708,1.0,False,False,False,False
2023-03-20 00:00:00+00:00,28041.6015625,28527.724609375,27242.880859375,27767.236328125,27767.236328125,44774027664,24448.338666837302,27068.711814732967,21827.965518941637,5240.74629579133,1310.1865739478326,1.0,False,False,False,False
2023-03-21 00:00:00+00:00,27768.392578125,28439.5625,27439.646484375,28175.81640625,28175.81640625,36102192830,24788.33896493613,27346.65800116723,22230.01992870503,5116.6380724621995,1279.1595181155499,1.0,False,False,False,False
2023-03-22 00:00:00+00:00,28158.720703125,28803.3359375,26759.99609375,27307.4375,27307.4375,33382021890,25058.3628581565,27769.517959514487,22347.20775679851,5422.310202715977,1355.5775506789942,0.9147816258680597,False,False,False,False
2023-03-23 00:00:00+00:00,27301.95703125,28729.84375,27183.36328125,28333.97265625,28333.97265625,24220433689,25346.36575063366,28095.70143560585,22597.03006566147,5498.671369944379,1374.6678424860947,1.0,True,False,False,False
2023-03-24 00:00:00+00:00,28324.111328125,28388.4375,27039.265625,27493.28515625,27493.28515625,25980310960,25564.838481724102,28309.074973199073,22820.60199024913,5488.472982949941,1372.1182457374853,0.8513630622791911,False,False,False,False
2023-03-25 00:00:00+00:00,27487.337890625,27791.826171875,27196.234375,27494.70703125,27494.70703125,13383005987,25748.592517690853,28337.523719393328,23159.66131598838,5177.86240340495,1294.4656008512375,0.8372269051435021,False,False,False,False
2023-03-26 00:00:00+00:00,27495.5234375,28178.14453125,27445.046875,27994.330078125,27994.330078125,13878363192,25950.870102811565,28427.52771559379,23474.21249002934,4953.315225564453,1238.3288063911132,0.9125438988350623,False,False,False,False
2023-03-27 00:00:00+00:00,27994.068359375,28037.92578125,26606.689453125,27139.888671875,27139.888671875,18188895178,26075.692121789827,28590.93123891883,23560.453004660823,5030.478234258007,1257.6195585645019,0.7115497772831814,False,False,False,False
2023-03-28 00:00:00+00:00,27132.888671875,27460.71875,26677.818359375,27268.130859375,27268.130859375,17783600385,26176.63153777016,28596.926821311266,23756.336254229056,4840.59056708221,1210.1476417705526,0.7254888750615336,False,False,False,False
2023-03-29 00:00:00+00:00,27267.03125,28619.54296875,27259.662109375,28348.44140625,28348.44140625,20684945906,26357.51254954999,28807.754476611983,23907.270622487995,4900.483854123988,1225.120963530997,0.9062718939527882,False,False,False,False
2023-03-30 00:00:00+00:00,28350.140625,29159.90234375,27720.16015625,28033.5625,28033.5625,22435349951,26542.943894037293,29036.110065893088,24049.777722181498,4986.3323437115905,1246.5830859278976,0.7989408854471102,False,False,False,False
2023-03-31 00:00:00+00:00,28032.26171875,28639.896484375,27583.71484375,28478.484375,28478.484375,19001327598,26703.99989470438,29159.085777499593,24248.914011909164,4910.171765590429,1227.5429413976071,0.8613894920603142,False,False,False,False
2023-04-01 00:00:00+00:00,28473.33203125,28802.45703125,28297.171875,28411.03515625,28411.03515625,10876469901,26875.38606544682,29186.020391212514,24564.751739681124,4621.268651531391,1155.3171628828477,0.832300328459437,False,False,False,False
2023-04-02 00:00:00+00:00,28462.845703125,28518.958984375,27884.087890625,28199.30859375,28199.30859375,12284641999,27001.614550285216,29208.15966222434,24795.06943834609,4413.090223878251,1103.2725559695627,0.7713957754555589,False,False,False,False
2023-04-03 00:00:00+00:00,28183.080078125,28475.623046875,27276.720703125,27790.220703125,27790.220703125,19556501327,27082.177115436625,29307.848184931838,24856.506045941413,4451.342138990425,1112.8355347476063,0.6590629445187874,False,False,False,False
2023-04-04 00:00:00+00:00,27795.2734375,28433.7421875,27681.3046875,28168.08984375,28168.08984375,15284538859,27178.577285990283,29332.168748535973,25024.985823444593,4307.18292509138,1076.795731272845,0.7297354384452395,False,False,False,False
2023-04-05 00:00:00+00:00,28169.7265625,28739.23828125,27843.763671875,28177.984375,28177.984375,17052315986,27280.96631678883,29398.29355495495,25163.639078622706,4234.654476332245,1058.6636190830613,0.7118279220240195,False,False,False,False
2023-04-06 00:00:00+00:00,28175.2265625,28178.384765625,27738.759765625,28044.140625,28044.140625,13837809380,27348.21667253116,29341.736186880673,25354.69715818165,3987.0390286990223,996.7597571747556,0.6745465613603284,False,False,False,False
2023-04-07 00:00:00+00:00,28038.966796875,28111.59375,27794.03125,27925.859375,27925.859375,10861680497,27404.94157276629,29262.621635680847,25547.26150985173,3715.3601258291164,928.8400314572791,0.6402065438050809,False,False,False,False
2023-04-08 00:00:00+00:00,27920.513671875,28159.86328125,27883.38671875,27947.794921875,27947.794921875,9373255556,27461.32951573696,29188.536884860063,25734.12214661386,3454.4147382462033,863.6036845615508,0.6408242619949612,False,False,False,False
2023-04-09 00:00:00+00:00,27952.3671875,28532.830078125,27828.48046875,28333.05078125,28333.05078125,12175322951,27534.67468338503,29230.031237470823,25839.318129299238,3390.713108171585,847.6782770428963,0.7354596429703507,False,False,False,False
2023-04-10 00:00:00+00:00,28336.02734375,29771.46484375,28189.271484375,29652.98046875,29652.98046875,19282400094,27693.712548360265,29535.97211891248,25851.45297780805,3684.519141104429,921.1297852761072,1.0,True,False,False,False
2023-04-11 00:00:00+00:00,29653.6796875,30509.083984375,29609.30078125,30235.05859375,30235.05859375,20121259843,27924.5793964331,29762.56965055509,26086.589142311106,3675.9805082439852,918.9951270609963,1.0,False,False,False,False
2023-04-12 00:00:00+00:00,30231.58203125,30462.48046875,29725.57421875,30139.052734375,30139.052734375,18651929926,28132.622864133915,29934.19534284371,26331.05038542412,3603.1449574195867,900.7862393548967,1.0,False,False,False,False
2023-04-13 00:00:00+00:00,29892.740234375,30539.845703125,29878.623046875,30399.06640625,30399.06640625,17487721001,28336.42180266878,30090.081564757595,26582.762040579968,3507.3195241776266,876.8298810444066,1.0,False,False,False,False
2023-04-14 00:00:00+00:00,30409.5625,31005.607421875,30044.498046875,30485.69921875,30485.69921875,22659995079,28543.61352582731,30314.129186707243,26773.097864947376,3541.031321759867,885.2578304399667,1.0,False,False,False,False
2023-04-15 00:00:00+00:00,30490.75,30601.740234375,30245.8828125,30318.49609375,30318.49609375,11940685378,28719.336654815976,30383.972233982913,27054.701075649038,3329.271158333875,832.3177895834688,0.9803331909240819,False,False,False,False
2023-04-16 00:00:00+00:00,30315.9765625,30555.537109375,30157.83203125,30315.35546875,30315.35546875,12854816417,28873.96251655969,30451.675553434936,27296.249479684448,3155.4260737504883,788.8565184376221,0.956798200465236,False,False,False,False
2023-04-17 00:00:00+00:00,30317.146484375,30319.197265625,29275.37109375,29445.044921875,29445.044921875,17872186762,28950.71571438734,30579.42268195006,27322.00874682462,3257.4139351254416,814.3534837813604,0.6517551092163,False,False,False,False
2023-04-18 00:00:00+00:00,29449.091796875,30470.302734375,29154.849609375,30397.552734375,30397.552734375,19480529496,29051.368347243308,30780.295243049757,27322.44145143686,3457.853791612899,864.4634479032247,0.8893121190944777,False,False,False,False
2023-04-19 00:00:00+00:00,30394.1875,30411.0546875,28669.8984375,28822.6796875,28822.6796875,24571565421,29075.162879648706,30979.42833587451,27170.897423422903,3808.530912451606,952.1327281129015,0.43370588346198335,False,False,True,False
2023-04-20 00:00:00+00:00,28823.68359375,29076.400390625,28037.2578125,28245.98828125,28245.98828125,21340360360,29015.929795376607,30937.597221604832,27094.262369148382,3843.33485245645,960.8337131141125,0.2996683755945692,False,False,False,False
2023-04-21 00:00:00+00:00,28249.23046875,28349.96875,27177.365234375,27276.91015625,27276.91015625,20759504330,28881.21407329709,30845.235460027492,26917.19268656669,3928.042773460802,982.0106933652005,0.09157677001729307,False,False,False,False
2023-04-22 00:00:00+00:00,27265.89453125,27872.142578125,27169.5703125,27817.5,27817.5,13125734602,28761.073459669587,30669.207160851947,26852.939758487228,3816.2674023647196,954.0668505911799,0.2527496477094583,False,False,False,False
2023-04-23 00:00:00+00:00,27816.14453125,27820.244140625,27400.314453125,27591.384765625,27591.384765625,12785446832,28650.874189205024,30452.18045776915,26849.567920640897,3602.612537128254,900.6531342820635,0.20591080426745717,False,False,False,False
2023-04-24 00:00:00+00:00,27591.73046875,27979.982421875,27070.849609375,27525.33984375,27525.33984375,17703288330,28543.685278328354,30346.68748253607,26740.68307412064,3606.0044084154288,901.5011021038572,0.21759728518306468,False,False,False,False
2023-04-25 00:00:00+00:00,27514.873046875,28371.078125,27207.931640625,28307.59765625,28307.59765625,17733373139,28488.305963626448,30343.63724428839,26632.974682964505,3710.6625613238866,927.6656403309717,0.4513002585414355,False,False,False,False
2023-04-26 00:00:00+00:00,28300.05859375,29995.837890625,27324.548828125,28422.701171875,28422.701171875,31854242019,28497.136757269167,30701.192722364915,26293.08079217342,4408.111930191495,1102.0279825478738,0.483113952963773,False,False,False,False
2023-04-27 00:00:00+00:00,28428.46484375,29871.546875,28402.88671875,29473.787109375,29473.787109375,27153445027,28568.781532866546,30846.16393270272,26291.399133030372,4554.764799672346,1138.6911999180866,0.6986942501561348,False,False,False,True
2023-04-28 00:00:00+00:00,29481.013671875,29572.791015625,28929.609375,29340.26171875,29340.26171875,17544464887,28636.601136383226,30814.88162436078,26458.32064840567,4356.560975955108,1089.140243988777,0.6615174414522013,False,False,False,False
2023-04-29 00:00:00+00:00,29336.56640625,29452.455078125,29088.04296875,29248.48828125,29248.48828125,10662634333,28696.25773698562,30729.59259804042,26662.922875930817,4066.6697221096038,1016.6674305274009,0.6357942941031142,False,False,False,False
2023-04-30 00:00:00+00:00,29245.515625,29952.029296875,29114.021484375,29268.806640625,29268.806640625,14652199272,28767.561997649686,30765.164935099005,26769.959060200366,3995.2058748986383,998.8014687246596,0.6254615303117593,False,False,False,False
2023-05-01 00:00:00+00:00,29227.103515625,29329.935546875,27680.79296875,28091.568359375,28091.568359375,18655599976,28729.454406603683,30857.12556593307,26601.783247274296,4255.342318658775,1063.8355796646938,0.35009759510258714,False,False,True,False
2023-05-02 00:00:00+00:00,28087.17578125,28881.298828125,27924.123046875,28680.537109375,28680.537109375,16432924527,28707.155859446983,30813.49505909343,26600.816659800534,4212.678399292898,1053.1695998232244,0.49368127648280713,False,False,False,False
2023-05-03 00:00:00+00:00,28680.494140625,29259.533203125,28178.388671875,29006.30859375,29006.30859375,19122972518,28717.40230041235,30829.336486344153,26605.468114480544,4223.868371863609,1055.9670929659023,0.5683985076954904,False,False,False,True
2023-05-04 00:00:00+00:00,29031.3046875,29353.185546875,28694.0390625,28847.7109375,28847.7109375,15548678514,28740.980987575458,30773.551051789083,26708.410923361833,4065.1401284272506,1016.2850321068127,0.5262549251815913,False,False,False,False
2023-05-05 00:00:00+00:00,28851.48046875,29668.908203125,28845.509765625,29534.384765625,29534.384765625,17936566518,28798.94478985002,30792.93753514228,26804.95204455776,3987.9854905845204,996.9963726461301,0.6844139045920119,False,False,False,False
2023-05-06 00:00:00+00:00,29538.859375,29820.126953125,28468.966796875,28904.623046875,28904.623046875,15913866714,28824.24264468573,30889.068146698766,26759.417142672697,4129.651004026069,1032.4127510065173,0.5194642118936695,False,False,False,False
2023-05-07 00:00:00+00:00,28901.623046875,29157.517578125,28441.3671875,28454.978515625,28454.978515625,11301355486,28810.945354120424,30812.518384057155,26809.372324183692,4003.146059873463,1000.7865149683657,0.4110782286803006,False,False,True,False
2023-05-08 00:00:00+00:00,28450.45703125,28663.271484375,27310.134765625,27694.2734375,27694.2734375,19122903752,28723.162612061336,30795.205682754397,26651.119541368276,4144.08614138612,1036.02153534653,0.25172109375670654,False,False,False,False
2023-05-09 00:00:00+00:00,27695.068359375,27821.400390625,27375.6015625,27658.775390625,27658.775390625,14128593256,28617.96545357137,30571.963982820125,26663.966924322616,3907.997058497509,976.9992646243772,0.2545571174725637,False,False,False,False
2023-05-10 00:00:00+00:00,27654.63671875,28322.6875,26883.669921875,27621.755859375,27621.755859375,20656025026,28521.9088478741,30568.311039822976,26475.506655925223,4092.8043838977537,1023.2010959744384,0.28006449757516994,False,False,False,False
2023-05-11 00:00:00+00:00,27621.0859375,27621.94140625,26781.826171875,27000.7890625,27000.7890625,16724343943,28389.808216032914,30399.593235661905,26380.023196403923,4019.570039257982,1004.8925098144955,0.15443588742906222,False,False,False,False
2023-05-12 00:00:00+00:00,26987.662109375,27055.646484375,25878.4296875,26804.990234375,26804.990234375,19313599897,28217.41589089486,30261.665767935952,26173.166013853766,4088.499754082186,1022.1249385205465,0.15453693494548584,False,False,False,False
2023-05-13 00:00:00+00:00,26807.76953125,27030.482421875,26710.873046875,26784.078125,26784.078125,9999171605,28086.405920135032,29990.152684472014,26182.65915579805,3807.4935286739637,951.8733821684909,0.15795666221694307,False,False,False,False
2023-05-14 00:00:00+00:00,26788.974609375,27150.9765625,26661.35546875,26930.638671875,26930.638671875,10014858959,27974.77902942773,29786.075336081012,26163.482722774446,3622.592613306566,905.6481533266415,0.21176986511887205,False,False,False,False
2023-05-15 00:00:00+00:00,26931.384765625,27646.34765625,26766.09765625,27192.693359375,27192.693359375,14413231792,27901.15368287509,29707.370358863045,26094.937006887136,3612.4333519759093,903.1083379939773,0.3038827974189252,False,False,False,False
2023-05-16 00:00:00+00:00,27171.513671875,27299.3046875,26878.947265625,27036.650390625,27036.650390625,12732238816,27822.151819228256,29531.818311992418,26112.485326464095,3419.3329855283228,854.8332463820807,0.2702764159186186,False,False,False,False
2023-05-17 00:00:00+00:00,27035.470703125,27465.927734375,26600.14453125,27398.802734375,27398.802734375,15140006925,27758.60958247636,29470.466066589106,26046.753098363617,3423.712968225489,855.9282420563723,0.3949074144238647,False,False,False,False
2023-05-18 00:00:00+00:00,27401.650390625,27466.52734375,26415.1015625,26832.208984375,26832.208984375,15222938600,27677.276539403218,29428.232531354686,25926.32054745175,3501.911983902937,875.4779959757343,0.25868395353375606,False,False,False,False
2023-05-19 00:00:00+00:00,26826.75390625,27128.619140625,26700.2109375,26890.12890625,26890.12890625,11258983301,27603.85207483704,29265.394108218363,25942.310041455716,3323.084066762647,830.7710166906618,0.28522265634936245,False,False,False,False
2023-05-20 00:00:00+00:00,26888.841796875,27155.158203125,26843.27734375,27129.5859375,27129.5859375,7044911360,27550.40652753113,29108.17052944932,25992.64252561294,3115.528003836378,778.8820009590945,0.3649280027292509,False,False,False,False
2023-05-21 00:00:00+00:00,27118.423828125,27265.91796875,26706.921875,26753.826171875,26753.826171875,8647416921,27489.309588897213,29003.096409373586,25975.52276842084,3027.5736409527453,756.8934102381863,0.25707166720120994,False,False,False,False
2023-05-22 00:00:00+00:00,26749.892578125,27045.734375,26549.734375,26851.27734375,26851.27734375,11056770492,27425.14505959748,28886.753198026214,25963.536921168743,2923.216276857471,730.8040692143677,0.30368619305021105,False,False,False,False
2023-05-23 00:00:00+00:00,26855.9609375,27434.68359375,26816.1796875,27225.7265625,27225.7265625,13697203143,27399.78489023105,28838.932996066913,25960.63678439519,2878.2962116717244,719.5740529179311,0.4395273054158811,False,False,False,False
2023-05-24 00:00:00+00:00,27224.603515625,27224.603515625,26106.576171875,26334.818359375,26334.818359375,16299104428,27319.3608704273,28838.424243804573,25800.297497050025,3038.1267467545476,759.5316866886369,0.1759376441078279,False,False,False,False
2023-05-25 00:00:00+00:00,26329.4609375,26591.51953125,25890.59375,26476.20703125,26476.20703125,13851122697,27224.13032125962,28731.472513549168,25716.788128970074,3014.6843845790936,753.6710961447734,0.2519066029480743,False,False,False,False
2023-05-26 00:00:00+00:00,26474.181640625,26916.669921875,26343.94921875,26719.291015625,26719.291015625,12711619225,27170.40077181426,28641.552885499852,25699.24865812867,2942.3042273711835,735.5760568427959,0.3466814709394254,False,False,False,False
2023-05-27 00:00:00+00:00,26720.181640625,26888.8828125,26621.140625,26868.353515625,26868.353515625,7892015141,27134.43806189941,28512.023401716444,25756.852722082378,2755.170679634066,688.7926699085165,0.4034235707278391,False,False,False,False
2023-05-28 00:00:00+00:00,26871.158203125,28193.44921875,26802.751953125,28085.646484375,28085.646484375,14545229578,27187.724838742324,28705.691097702656,25669.758579781992,3035.9325179206644,758.9831294801661,0.7957646918475216,False,False,False,True
2023-05-29 00:00:00+00:00,28075.591796875,28432.0390625,27563.876953125,27745.884765625,27745.884765625,15181308984,27256.887577314483,28796.68963225378,25717.085522375186,3079.6041098785936,769.9010274696484,0.6587857305235882,False,False,False,False
2023-05-30 00:00:00+00:00,27745.123046875,28044.759765625,27588.501953125,27702.349609375,27702.349609375,13251081851,27306.56848512977,28783.641897075137,25829.495073184404,2954.146823890733,738.5367059726832,0.633974764234626,False,False,False,False
2023-05-31 00:00:00+00:00,27700.529296875,27831.677734375,26866.453125,27219.658203125,27219.658203125,15656371534,27306.507647260267,28828.9186398861,25784.096654634435,3044.821985251663,761.2054963129158,0.4714763475316642,False,False,True,False
2023-06-01 00:00:00+00:00,27218.412109375,27346.10546875,26671.720703125,26819.97265625,26819.97265625,14678970415,27272.1671992077,28777.214045695946,25767.120352719452,3010.093692976494,752.5234232441235,0.34977393095344084,False,False,False,False
2023-06-02 00:00:00+00:00,26824.556640625,27303.861328125,26574.64453125,27249.58984375,27249.58984375,14837415000,27250.31304382681,28750.69856504123,25749.927522612386,3000.7710424288452,750.1927606072113,0.49975899524935974,False,False,False,False
2023-06-03 00:00:00+00:00,27252.32421875,27317.052734375,26958.00390625,27075.12890625,27075.12890625,8385597470,27237.59070780759,28659.74744252557,25815.43397308961,2844.3134694359615,711.0783673589904,0.44288189283517776,False,False,False,False
2023-06-04 00:00:00+00:00,27075.123046875,27407.01953125,26968.224609375,27119.06640625,27119.06640625,9360912318,27230.655419663217,28598.3554652844,25862.955374042034,2735.4000912423653,683.8500228105913,0.45920559710059256,False,False,False,False
2023-06-05 00:00:00+00:00,27123.109375,27129.982421875,25445.16796875,25760.09765625,25760.09765625,21513292646,27124.09293673894,28691.985868423006,25556.200005054874,3135.7858633681317,783.9464658420329,0.06502282364909973,False,False,False,False
2023-06-06 00:00:00+00:00,25732.109375,27313.8203125,25434.8671875,27238.783203125,27238.783203125,21929670693,27080.130774609042,28867.025038124702,25293.236511093382,3573.78852703132,893.44713175783,0.5443933454136827,False,False,False,True
2023-06-07 00:00:00+00:00,27235.650390625,27332.181640625,26146.98828125,26345.998046875,26345.998046875,19530045082,27035.203017305008,28880.4465263441,25189.959508265914,3690.4870180781872,922.6217545195468,0.3132482333486408,False,False,True,False
2023-06-08 00:00:00+00:00,26347.654296875,26797.513671875,26246.6640625,26508.216796875,26508.216796875,11904824295,26985.89461982358,28756.783699833763,25215.005539813395,3541.778160020367,885.4445400050918,0.36513050751156245,False,False,False,False
2023-06-09 00:00:00+00:00,26505.923828125,26770.2890625,26339.314453125,26480.375,26480.375,11015551640,26942.475402558637,28622.470496442802,25262.480308674472,3359.9901877683296,839.9975469420824,0.36246971665546457,False,False,False,False
2023-06-10 00:00:00+00:00,26481.76171875,26531.044921875,25501.8359375,25851.240234375,25851.240234375,19872933189,26849.03714497369,28566.874526344436,25131.19976360294,3435.674762741495,858.9186906853738,0.20957759988826855,False,False,False,False
2023-06-11 00:00:00+00:00,25854.03125,26203.439453125,25668.986328125,25940.16796875,25940.16796875,10732609603,26762.2270597381,28415.171327971773,25109.282791504425,3305.888536467348,826.472134116837,0.25133490378760726,False,False,False,False
2023-06-12 00:00:00+00:00,25934.28515625,26087.919921875,25675.197265625,25902.5,25902.5,11677889997,26679.018679048757,28249.213051709063,25108.82430638845,3140.3887453206116,785.0971863301529,0.2527316704959469,False,False,False,False
2023-06-13 00:00:00+00:00,25902.94140625,26376.3515625,25728.365234375,25918.728515625,25918.728515625,14143474486,26615.094529059985,28157.866730079262,25072.322328040707,3085.544402038555,771.3861005096387,0.2743134038275676,False,False,False,False
2023-06-14 00:00:00+00:00,25920.2578125,26041.80078125,24902.15234375,25124.67578125,25124.67578125,14265717766,26495.200729665383,28111.62539808273,24878.776061248034,3232.849336834697,808.2123342086743,0.07606284561430497,False,False,False,False
2023-06-15 00:00:00+00:00,25121.673828125,25735.30859375,24797.16796875,25576.39453125,25576.39453125,15837384409,26388.002917117887,28030.4132436935,24745.592590542274,3284.820653151226,821.2051632878065,0.2529215529349261,False,False,False,False
2023-06-16 00:00:00+00:00,25575.283203125,26463.173828125,25245.357421875,26327.462890625,26327.462890625,16324646965,26352.192929475706,28073.925504643757,24630.460354307656,3443.465150336102,860.8662875840255,0.4928182694550306,False,False,False,False
2023-06-17 00:00:00+00:00,26328.6796875,26769.39453125,26174.4921875,26510.67578125,26510.67578125,11090276850,26364.827333017703,28033.367119418952,24696.287546616455,3337.079572802497,834.2698932006242,0.5437054151842751,False,False,False,True
2023-06-18 00:00:00+00:00,26510.45703125,26675.92578125,26325.890625,26336.212890625,26336.212890625,9565695129,26372.55899326602,27944.25183227714,24800.866154254898,3143.3856780222413,785.8464195055603,0.4884372754844748,False,False,True,False
2023-06-19 00:00:00+00:00,26335.44140625,26984.611328125,26312.83203125,26851.029296875,26851.029296875,12826986222,26405.282665534334,27954.162080019345,24856.403251049323,3097.7588289700216,774.4397072425054,0.6438932647603406,False,False,False,True
2023-06-20 00:00:00+00:00,26841.6640625,28388.96875,26668.791015625,28327.48828125,28327.48828125,22211859147,26537.64457189218,28275.671591803686,24799.61755198067,3476.054039823015,869.0135099557538,1.0,True,False,False,False
2023-06-21 00:00:00+00:00,28311.310546875,30737.330078125,28283.41015625,30027.296875,30027.296875,33346760979,26837.171663755624,28892.179966050982,24782.163361460265,4110.016604590717,1027.5041511476793,1.0,False,False,False,False
2023-06-22 00:00:00+00:00,29995.935546875,30495.998046875,29679.158203125,29912.28125,29912.28125,20653160491,27141.169203715406,29154.04464453123,25128.293762899582,4025.7508816316476,1006.4377204079119,1.0,False,False,False,False
2023-06-23 00:00:00+00:00,29896.3828125,31389.5390625,29845.21484375,30695.46875,30695.46875,24115570085,27474.71571308378,29595.16845356802,25354.26297259954,4240.905480968482,1060.2263702421205,1.0,False,False,False,False
2023-06-24 00:00:00+00:00,30708.73828125,30804.1484375,30290.146484375,30548.6953125,30548.6953125,12147822496,27767.37739864326,29778.585255704078,25756.169541582443,4022.4157141216347,1005.6039285304087,1.0,False,False,False,False
2023-06-25 00:00:00+00:00,30545.150390625,31041.271484375,30327.943359375,30480.26171875,30480.26171875,12703464114,28038.721664248664,29991.4743606034,26085.96896789393,3905.5053927094705,976.3763481773676,1.0,False,False,False,False
2023-06-26 00:00:00+00:00,30480.5234375,30636.029296875,29955.744140625,30271.130859375,30271.130859375,16493186997,28252.903864379743,30146.438322349004,26359.369406410482,3787.068915938522,946.7672289846305,1.0,False,False,False,False
2023-06-27 00:00:00+00:00,30274.3203125,31006.787109375,30236.650390625,30688.1640625,30688.1640625,16428827944,28480.614657057864,30338.8230129802,26622.40630113553,3716.416711844671,929.1041779611678,1.0,False,False,False,False
2023-06-28 00:00:00+00:00,30696.560546875,30703.279296875,29921.822265625,30086.24609375,30086.24609375,14571500779,28647.90048833013,30476.579414910233,26819.22156175003,3657.3578531602034,914.3394632900508,0.8932745066707216,False,False,False,False
2023-06-29 00:00:00+00:00,30086.1875,30796.25,30057.203125,30445.3515625,30445.3515625,13180860821,28817.903765235198,30611.52417415729,27024.283356313106,3587.2408178441838,896.8102044610459,0.9536767615849235,False,False,False,False
2023-06-30 00:00:00+00:00,30441.353515625,31256.86328125,29600.275390625,30477.251953125,30477.251953125,26387306197,28972.84596616518,30918.421912320064,27027.270020010295,3891.1518923097683,972.7879730774421,0.8866222724260739,False,False,False,False
2023-07-01 00:00:00+00:00,30471.84765625,30641.2890625,30328.865234375,30590.078125,30590.078125,9086606733,29120.201347859766,30933.70446502416,27306.698230695372,3627.0062343287864,906.7515585821966,0.9052589607451419,False,False,False,False
2023-07-02 00:00:00+00:00,30587.26953125,30766.140625,30264.01953125,30620.76953125,30620.76953125,10533418042,29256.402161952486,30988.979186150442,27523.82513775453,3465.1540483959106,866.2885120989777,0.8937393115117368,False,False,False,False
2023-07-03 00:00:00+00:00,30624.515625,31375.61328125,30586.513671875,31156.439453125,31156.439453125,15271884873,29426.22311180622,31143.36235545938,27709.08386815306,3434.278487306321,858.5696218265803,1.0,True,False,False,False
2023-07-04 00:00:00+00:00,31156.865234375,31325.197265625,30659.35546875,30777.58203125,30777.58203125,12810828427,29568.555347685786,31247.14902634863,27889.96166902294,3357.187357325689,839.2968393314222,0.8601308342014359,False,False,False,False
2023-07-05 00:00:00+00:00,30778.724609375,30877.330078125,30225.61328125,30514.166015625,30514.166015625,12481622280,29660.98212012841,31302.05979029997,28019.90444995685,3282.155340343117,820.5388350857793,0.7599462264962138,False,False,False,False
2023-07-06 00:00:00+00:00,30507.150390625,31460.052734375,29892.2265625,29909.337890625,29909.337890625,21129219509,29733.320876544753,31523.856014074157,27942.785739015348,3581.07027505881,895.2675687647024,0.549152069230855,False,False,False,False
2023-07-07 00:00:00+00:00,29907.998046875,30434.64453125,29777.28515625,30342.265625,30342.265625,13384770155,29776.31239028652,31519.265889062983,28033.358891510055,3485.9069975529274,871.4767493882318,0.6623546569402955,False,False,False,False
2023-07-08 00:00:00+00:00,30346.921875,30374.4375,30080.16015625,30292.541015625,30292.541015625,7509378699,29821.334660160028,31448.848277808844,28193.821042511212,3255.0272352976317,813.7568088244079,0.6447626460249529,False,False,False,False
2023-07-09 00:00:00+00:00,30291.611328125,30427.58984375,30085.591796875,30171.234375,30171.234375,7903327692,29860.07789937098,31393.239764629914,28326.916034112044,3066.32373051787,766.5809326294675,0.601475415831736,False,False,False,False
2023-07-10 00:00:00+00:00,30172.423828125,31026.083984375,29985.39453125,30414.470703125,30414.470703125,14828209155,29918.672042883267,31506.65561224131,28330.688473525224,3175.967138716085,793.9917846790213,0.6561095057306432,False,False,False,False
2023-07-11 00:00:00+00:00,30417.6328125,30788.314453125,30358.09765625,30620.951171875,30620.951171875,12151839152,29982.524333442005,31497.752905239242,28467.295761644767,3030.4571435944745,757.6142858986186,0.7106701425500929,False,False,False,False
2023-07-12 00:00:00+00:00,30622.24609375,30959.96484375,30228.8359375,30391.646484375,30391.646484375,14805659717,30034.361611705466,31544.29310757298,28524.430115837953,3019.8629917350263,754.9657479337566,0.6183116166684967,False,False,False,False
2023-07-13 00:00:00+00:00,30387.48828125,31814.515625,30268.3515625,31476.048828125,31476.048828125,23686079548,30144.07053807082,31812.241696851583,28475.89937929006,3336.3423175615244,834.0855793903811,0.8992331011848028,False,False,False,False
2023-07-14 00:00:00+00:00,31474.720703125,31582.25390625,29966.38671875,30334.068359375,30334.068359375,20917902660,30190.118073631536,32014.64555403422,28365.59059322885,3649.05496080537,912.2637402013424,0.5394486482910339,False,False,False,False
2023-07-15 00:00:00+00:00,30331.783203125,30407.78125,30263.462890625,30295.806640625,30295.806640625,8011667756,30202.71161523012,31873.65001946754,28531.773210992702,3341.876808474837,835.4692021187093,0.5278571086638487,False,False,False,False
2023-07-16 00:00:00+00:00,30297.47265625,30437.560546875,30089.669921875,30249.1328125,30249.1328125,8516564470,30208.05220048598,31781.474889299658,28634.629511672305,3146.8453776273527,786.7113444068382,0.5130545378257487,False,False,False,False
2023-07-17 00:00:00+00:00,30249.626953125,30336.400390625,29685.783203125,30145.888671875,30145.888671875,13240156074,30193.573332681764,31739.777190114073,28647.369475249456,3092.4077148646174,773.1019287161544,0.4845800860677092,False,False,True,False
2023-07-18 00:00:00+00:00,30147.0703125,30233.65625,29556.427734375,29856.5625,29856.5625,13138897269,30163.92020526366,31690.949380077738,28636.891030449584,3054.0583496281542,763.5145874070386,0.39936089292430077,False,False,False,False
2023-07-19 00:00:00+00:00,29862.046875,30184.181640625,29794.26953125,29913.923828125,29913.923828125,12128602812,30144.892090476646,31597.200769684314,28692.583411268977,2904.6173584153366,726.1543396038342,0.42048237896724056,False,False,False,False
2023-07-20 00:00:00+00:00,29915.25,30195.53125,29638.095703125,29792.015625,29792.015625,14655207121,30119.208481165377,31537.77340182728,28700.643560503475,2837.1298413238037,709.2824603309509,0.3846746978584848,False,False,False,False
2023-07-21 00:00:00+00:00,29805.111328125,30045.998046875,29733.8515625,29908.744140625,29908.744140625,10972789818,30097.969379784547,31437.107105255258,28758.831654313835,2678.2754509414226,669.5688627353557,0.42934810379827315,False,False,False,False
2023-07-22 00:00:00+00:00,29908.697265625,29991.615234375,29664.12109375,29771.802734375,29771.802734375,7873300598,30070.46559956697,31341.18838061561,28799.74281851833,2541.4455620972803,635.3613905243201,0.3824830759131016,False,False,False,False
2023-07-23 00:00:00+00:00,29790.111328125,30330.640625,29741.52734375,30084.5390625,30084.5390625,9220145050,30068.729416473292,31330.20257566707,28807.256257279514,2522.946318387556,630.736579596889,0.5062663426135884,False,False,False,True
2023-07-24 00:00:00+00:00,30081.662109375,30093.39453125,28934.294921875,29176.916015625,29176.916015625,15395817395,30005.187105975834,31372.332871125232,28638.041340826436,2734.2915302987967,683.5728825746992,0.19708018286538645,False,False,True,False
2023-07-25 00:00:00+00:00,29178.970703125,29353.16015625,29062.43359375,29227.390625,29227.390625,10266772793,29929.867203025755,31218.443704160214,28641.290701891296,2577.1530022689185,644.2882505672296,0.22742146958007678,False,False,False,False
2023-07-26 00:00:00+00:00,29225.759765625,29675.552734375,29113.912109375,29354.97265625,29354.97265625,13497554655,29877.639770991555,31149.68674701257,28605.59279497054,2544.093952042029,636.0234880105072,0.294556677310587,False,False,False,False
2023-07-27 00:00:00+00:00,29353.798828125,29560.966796875,29099.3515625,29210.689453125,29210.689453125,10770779217,29821.706072563786,31058.8713978577,28584.54074726987,2474.330650587828,618.582662646957,0.25305781412293216,False,False,False,False
2023-07-28 00:00:00+00:00,29212.1640625,29521.513671875,29125.845703125,29319.24609375,29319.24609375,11218474952,29774.134239264058,30966.71662577858,28581.551852749537,2385.1647730290424,596.2911932572606,0.30928439382560036,False,False,False,False
2023-07-29 00:00:00+00:00,29319.4453125,29396.84375,29264.166015625,29356.91796875,29356.91796875,6481775959,29732.722335028593,30832.58202976666,28632.862640290525,2199.7193894761367,549.9298473690342,0.32915804257738035,False,False,False,False
2023-07-30 00:00:00+00:00,29357.09375,29443.169921875,29059.501953125,29275.30859375,29275.30859375,8678454527,29687.63704816079,30754.24436717505,28621.029729146525,2133.2146380285267,533.3036595071317,0.30671028265967004,False,False,False,False
2023-07-31 00:00:00+00:00,29278.314453125,29489.873046875,29131.578125,29230.111328125,29230.111328125,11656781982,29649.181535637537,30680.787107125372,28617.575964149702,2063.2111429756696,515.8027857439174,0.29688447838250204,False,False,False,False
2023-08-01 00:00:00+00:00,29230.873046875,29675.732421875,28657.0234375,29675.732421875,29675.732421875,18272392391,29619.370223711743,30751.557034925794,28487.183412497692,2264.373622428102,566.0934056070255,0.524890856175413,False,False,False,True
2023-08-02 00:00:00+00:00,29704.146484375,29987.998046875,28946.509765625,29151.958984375,29151.958984375,19212655598,29594.873592782846,30822.139379125492,28367.6078064402,2454.531572685293,613.6328931713233,0.31955228715054146,False,False,True,False
2023-08-03 00:00:00+00:00,29161.8125,29375.70703125,28959.48828125,29178.6796875,29178.6796875,12780357746,29554.532456962257,30742.31541467064,28366.749499253874,2375.565915416766,593.8914788541915,0.34178390209125475,False,False,False,False
2023-08-04 00:00:00+00:00,29174.3828125,29302.078125,28885.3359375,29074.091796875,29074.091796875,12036639988,29510.021615326965,30662.374714764508,28357.66851588942,2304.7061988750866,576.1765497187716,0.3108523252704663,False,False,False,False
2023-08-05 00:00:00+00:00,29075.388671875,29102.46484375,28957.796875,29042.126953125,29042.126953125,6598366353,29464.698562180747,30530.749945424537,28398.647178936957,2132.10276648758,533.025691621895,0.3018052339231798,False,False,False,False
2023-08-06 00:00:00+00:00,29043.701171875,29160.822265625,28963.833984375,29041.85546875,29041.85546875,7269806994,29425.727642568294,30424.571543737704,28426.883741398884,1997.68780233882,499.421950584705,0.3078417591733451,False,False,False,False
2023-08-07 00:00:00+00:00,29038.513671875,29244.28125,28724.140625,29180.578125,29180.578125,13618163710,29389.912311530046,30392.899947582515,28386.924675477578,2005.9752721049372,501.4938180262343,0.39564468244397405,False,False,False,False
2023-08-08 00:00:00+00:00,29180.01953125,30176.796875,29113.814453125,29765.4921875,29765.4921875,17570561357,29418.050933150203,30533.336289972427,28302.76557632798,2230.570713644447,557.6426784111118,0.655763389263784,False,False,False,True
2023-08-09 00:00:00+00:00,29766.6953125,30093.435546875,29376.80078125,29561.494140625,29561.494140625,18379521213,29442.735938524787,30589.819712789787,28295.652164259787,2294.16754853,573.5418871325,0.5517652697930923,False,False,False,False
2023-08-10 00:00:00+00:00,29563.97265625,29688.564453125,29354.447265625,29429.591796875,29429.591796875,11865344789,29447.319929002584,30546.518763341086,28348.121094664082,2198.397668677004,549.599417169251,0.49193588476726646,False,False,True,False
2023-08-11 00:00:00+00:00,29424.90234375,29517.7734375,29253.517578125,29397.71484375,29397.71484375,10195168197,29441.829328125354,30483.959450905004,28399.699205345703,2084.2602455593005,521.0650613898251,0.47883446442480326,False,False,False,False
2023-08-12 00:00:00+00:00,29399.787109375,29465.11328125,29357.587890625,29415.96484375,29415.96484375,6194358008,29439.07307514913,30398.495263775814,28479.650886522442,1918.844377253372,479.711094313343,0.487957214418709,False,False,False,False
2023-08-13 00:00:00+00:00,29416.59375,29441.43359375,29265.806640625,29282.9140625,29282.9140625,7329897180,29428.690061543657,30327.295421932675,28530.08470115464,1797.2107207780355,449.30268019450887,0.4188876421900328,False,False,False,False
2023-08-14 00:00:00+00:00,29283.263671875,29660.25390625,29124.10546875,29408.443359375,29408.443359375,14013695304,29425.72919010696,30341.703701957074,28509.754678256842,1831.949023700232,457.987255925058,0.4905642403209212,False,False,False,False
2023-08-15 00:00:00+00:00,29408.048828125,29439.12109375,29088.853515625,29170.34765625,29170.34765625,12640195779,29407.352513767408,30301.78309005751,28512.921937477306,1788.8611525802044,447.2152881450511,0.3675107583528445,False,False,False,False
2023-08-16 00:00:00+00:00,29169.07421875,29221.9765625,28701.779296875,28701.779296875,28701.779296875,14949271904,29356.66926344829,30265.696235234383,28447.642291662196,1818.0539435721876,454.5134858930469,0.13978518410375942,False,False,False,False
2023-08-17 00:00:00+00:00,28699.802734375,28745.947265625,25409.111328125,26664.55078125,26664.55078125,31120851211,29126.497885183373,30611.98934729086,27641.006423075887,2970.9829242149717,742.7457310537429,0.0,False,True,False,False
2023-08-18 00:00:00+00:00,26636.078125,26808.1953125,25668.921875,26049.556640625,26049.556640625,24026236529,28845.455985900036,30410.252989296772,27280.6589825033,3129.5940067934716,782.3985016983679,0.0,False,False,False,False
2023-08-19 00:00:00+00:00,26047.83203125,26249.44921875,25802.408203125,26096.205078125,26096.205078125,10631443812,28579.160574544476,30076.886080726537,27081.435068362414,2995.451012364123,748.8627530910308,0.0,False,False,False,False
2023-08-20 00:00:00+00:00,26096.861328125,26260.681640625,26004.314453125,26189.583984375,26189.583984375,9036580420,28347.957347702937,29747.18374076679,26948.730954639082,2798.4527861277093,699.6131965319273,0.0,False,False,False,False
2023-08-21 00:00:00+00:00,26188.69140625,26220.201171875,25846.087890625,26124.140625,26124.140625,13371557893,28130.38774911218,29464.514159119648,26796.26133910471,2668.252820014939,667.0632050037348,0.0,False,False,False,False
2023-08-22 00:00:00+00:00,26130.748046875,26135.5078125,25520.728515625,26031.65625,26031.65625,14503820706,27917.585505645144,29241.255134026866,26593.915877263422,2647.3392567634437,661.8348141908609,0.0,False,False,False,False
2023-08-23 00:00:00+00:00,26040.474609375,26786.8984375,25804.998046875,26431.640625,26431.640625,16985265785,27767.45155619878,29155.13429986733,26379.768812530227,2775.365487337105,693.8413718342763,0.018690083416560446,False,False,False,False
2023-08-24 00:00:00+00:00,26431.51953125,26554.91015625,25914.92578125,26162.373046875,26162.373046875,12871532023,27619.192963048896,28996.104307350593,26242.281618747198,2753.8226886033954,688.4556721508488,0.0,False,True,False,False
2023-08-25 00:00:00+00:00,26163.6796875,26248.103515625,25786.8125,26047.66796875,26047.66796875,12406045118,27467.605823214875,28799.0842362114,26136.12741021835,2662.956825993053,665.7392064982632,0.0,False,False,False,False
2023-08-26 00:00:00+00:00,26047.234375,26107.384765625,25983.87890625,26008.462890625,26008.462890625,6034817316,27330.9997626706,28554.031506242474,26107.968019098724,2446.0634871437505,611.5158717859376,0.0,False,False,False,False
2023-08-27 00:00:00+00:00,26008.2421875,26165.373046875,25965.09765625,26089.693359375,26089.693359375,6913768611,27211.227215828956,28352.01086316864,26070.44356848927,2281.567294679371,570.3918236698428,0.008437090999077732,False,False,False,False
2023-08-28 00:00:00+00:00,26089.615234375,26198.578125,25880.599609375,26106.150390625,26106.150390625,11002805166,27101.75567543255,28192.056661163268,26011.45468970183,2180.6019714614376,545.1504928653594,0.04342640342552066,False,False,False,False
2023-08-29 00:00:00+00:00,26102.486328125,28089.337890625,25912.62890625,27727.392578125,27727.392578125,29368391712,27115.218924597702,28531.83160863035,25698.606240565055,2833.225368065294,708.3063420163235,0.716069522893383,False,False,False,True
2023-08-30 00:00:00+00:00,27726.083984375,27760.16015625,27069.20703125,27297.265625,27297.265625,16343655235,27140.01181471538,28553.15385534476,25726.869774086,2826.28408125876,706.57102031469,0.555639774970739,False,False,False,False
2023-08-31 00:00:00+00:00,27301.9296875,27456.078125,25752.9296875,25931.47265625,25931.47265625,20181001451,27067.64499009963,28680.102514166072,25455.18746603319,3224.9150481328834,806.2287620332208,0.14768922067964685,False,False,True,False
2023-09-01 00:00:00+00:00,25934.021484375,26125.869140625,25362.609375,25800.724609375,25800.724609375,17202862221,26943.399534693315,28547.263259478113,25339.535809908517,3207.7274495695965,801.9318623923991,0.14377430960612442,False,False,False,False
2023-09-02 00:00:00+00:00,25800.91015625,25970.28515625,25753.09375,25868.798828125,25868.798828125,10100387473,26840.605221369347,28327.520854925668,25353.689587813027,2973.8312671126405,743.4578167781601,0.17321401049498816,False,False,False,False
2023-09-03 00:00:00+00:00,25869.47265625,26087.1484375,25817.03125,25969.56640625,25969.56640625,8962524523,26756.53952072306,28148.78702842375,25364.292013022372,2784.4950154013786,696.1237538503447,0.21737312865700323,False,False,False,False
2023-09-04 00:00:00+00:00,25968.169921875,26081.525390625,25657.025390625,25812.416015625,25812.416015625,10680635106,26670.233115475625,28008.155872406245,25332.310358545004,2675.8455138612408,668.9613784653102,0.17942203860162462,False,False,False,False
2023-09-05 00:00:00+00:00,25814.95703125,25858.375,25589.98828125,25779.982421875,25779.982421875,11094740040,26581.904428386675,27839.712253374233,25324.096603399117,2515.615649975116,628.903912493779,0.18122236538017736,False,False,False,False
2023-09-06 00:00:00+00:00,25783.931640625,25953.015625,25404.359375,25753.236328125,25753.236328125,12752705327,26498.250398004613,27740.008690493414,25256.492105515812,2483.516584977602,620.8791462444005,0.20001647084376847,False,False,False,False
2023-09-07 00:00:00+00:00,25748.3125,26409.302734375,25608.201171875,26240.1953125,26240.1953125,11088307100,26458.978906726396,27736.781682466317,25181.176130986474,2555.6055514798427,638.9013878699607,0.4143907031741627,False,False,False,False
2023-09-08 00:00:00+00:00,26245.208984375,26414.005859375,25677.48046875,25905.654296875,25905.654296875,10817356400,26415.175856085785,27712.503432376714,25117.848279794856,2594.6551525818577,648.6637881454644,0.30362648242338613,False,False,False,False
2023-09-09 00:00:00+00:00,25905.42578125,25921.9765625,25810.494140625,25895.677734375,25895.677734375,5481314132,26363.830486855393,27553.721789892228,25173.93918381856,2379.7826060736697,594.9456515184174,0.3032791939542814,False,False,False,False
2023-09-10 00:00:00+00:00,25895.2109375,25978.130859375,25640.26171875,25832.2265625,25832.2265625,7899553047,26311.739302095357,27450.21530295351,25173.263301237203,2276.9520017163086,569.2380004290771,0.28940586396467194,False,False,False,False
2023-09-11 00:00:00+00:00,25831.71484375,25883.947265625,24930.296875,25162.654296875,25162.654296875,14600006467,26217.82439832437,27433.18287722171,25002.46591942703,2430.716957794677,607.6792394486693,0.06590169905808486,False,False,False,False
2023-09-12 00:00:00+00:00,25160.658203125,26451.939453125,25133.078125,25833.34375,25833.34375,18657279324,26178.61449778951,27536.209394422112,24821.019601156906,2715.1897932652064,678.7974483163016,0.37283734321411954,False,False,False,False
2023-09-13 00:00:00+00:00,25837.5546875,26376.11328125,25781.123046875,26228.32421875,26228.32421875,13072077070,26173.843610599237,27514.677064443582,24833.01015675489,2681.66690768869,670.4167269221725,0.5203159490071493,False,False,False,True
2023-09-14 00:00:00+00:00,26228.27734375,26774.623046875,26171.451171875,26539.673828125,26539.673828125,13811359124,26204.45368091915,27531.838164379056,24877.06919745924,2654.7689669198153,663.6922417299538,0.6262709303080295,False,False,False,False
2023-09-15 00:00:00+00:00,26533.818359375,26840.498046875,26240.701171875,26608.693359375,26608.693359375,11479735788,26238.629285216528,27553.234695330448,24924.023875102608,2629.2108202278396,657.3027050569599,0.6407510083677518,False,False,False,False
2023-09-16 00:00:00+00:00,26606.19921875,26754.76953125,26473.890625,26568.28125,26568.28125,7402031417,26272.948445553047,27512.269095905573,25033.627795200522,2478.6413007050505,619.6603251762626,0.6191510866711312,False,False,False,False
2023-09-17 00:00:00+00:00,26567.927734375,26617.998046875,26445.07421875,26534.1875,26534.1875,6774210670,26297.660014726567,27447.63336566884,25147.686663784294,2299.946701884546,574.9866754711366,0.6028404202060966,False,False,False,False
2023-09-18 00:00:00+00:00,26532.994140625,27414.734375,26415.515625,26754.28125,26754.28125,15615339655,26351.360053006578,27586.179818854624,25116.540287158532,2469.6395316960916,617.4098829240229,0.6631498005365606,False,False,False,False
2023-09-19 00:00:00+00:00,26760.8515625,27488.763671875,26681.60546875,27211.1171875,27211.1171875,13807690550,26425.245963136902,27698.015393025144,25152.47653324866,2545.538859776483,636.3847149441208,0.8087248978128361,False,False,False,False
2023-09-20 00:00:00+00:00,27210.228515625,27379.505859375,26864.08203125,27132.0078125,27132.0078125,13281116604,26491.90811595323,27740.485368477646,25243.33086342881,2497.154505048835,624.2886262622087,0.7563316347677307,False,False,False,False
2023-09-21 00:00:00+00:00,27129.83984375,27152.939453125,26389.30078125,26567.6328125,26567.6328125,13371443708,26512.039820683876,27788.487082330852,25235.5925590369,2552.8945232939514,638.2236308234878,0.5217764546513238,False,False,False,False
2023-09-22 00:00:00+00:00,26564.056640625,26726.078125,26495.533203125,26579.568359375,26579.568359375,10578746709,26520.454431015572,27715.365950872852,25325.542911158293,2389.82303971456,597.45575992864,0.5247356927174357,False,False,False,False
2023-09-23 00:00:00+00:00,26578.556640625,26634.185546875,26520.51953125,26579.390625,26579.390625,7404700301,26525.93799958949,27624.09157058604,25427.78442859294,2196.3071419931002,549.0767854982751,0.5243375001558317,False,False,False,False
2023-09-24 00:00:00+00:00,26579.373046875,26716.05859375,26221.05078125,26256.826171875,26256.826171875,8192867686,26513.751382069062,27601.09115846596,25426.411605672165,2174.679552793794,543.6698881984485,0.38185606018873347,False,False,True,False
2023-09-25 00:00:00+00:00,26253.775390625,26421.5078125,26011.46875,26298.48046875,26298.48046875,11997833257,26488.043537149784,27548.65714840699,25427.42992589258,2121.2272225144116,530.3068056286029,0.410635189673323,False,False,False,False
2023-09-26 00:00:00+00:00,26294.7578125,26389.884765625,26090.712890625,26217.25,26217.25,9985498161,26463.717094127584,27478.10371925907,25449.330468996097,2028.7732502629733,507.1933125657433,0.3785142232649035,False,False,False,False
2023-09-27 00:00:00+00:00,26209.498046875,26817.841796875,26111.46484375,26352.716796875,26352.716796875,11718380997,26460.25271809956,27514.4760713429,25406.029364856222,2108.4467064866767,527.1116766216692,0.4489975625688219,False,False,False,False
2023-09-28 00:00:00+00:00,26355.8125,27259.5,26327.322265625,27021.546875,27021.546875,14079002707,26499.224495443254,27634.461060237256,25363.98793064925,2270.4731295880047,567.6182823970012,0.730050015897579,False,False,False,True
2023-09-29 00:00:00+00:00,27024.841796875,27225.9375,26721.763671875,26911.720703125,26911.720703125,10396435377,26542.454603020087,27665.00227695969,25419.906929080484,2245.095347879207,561.2738369698018,0.6644768007085908,False,False,False,False
2023-09-30 00:00:00+00:00,26911.689453125,27091.794921875,26888.96875,26967.916015625,26967.916015625,5331172801,26584.401138843572,27635.259279764214,25533.54299792293,2101.7162818412835,525.4290704603209,0.6824769975352887,False,False,False,False
2023-10-01 00:00:00+00:00,26967.396484375,28047.23828125,26965.09375,27983.75,27983.75,9503917434,26687.34966629498,27849.55089937356,25525.1484332164,2324.4024661571602,581.1006165392901,1.0,True,False,False,False
2023-10-02 00:00:00+00:00,27976.798828125,28494.458984375,27347.787109375,27530.78515625,27530.78515625,19793041322,26792.460213949427,28067.775698720146,25517.144729178708,2550.6309695414384,637.6577423853596,0.7894675674832379,False,False,False,False
2023-10-03 00:00:00+00:00,27508.251953125,27667.19140625,27216.001953125,27429.978515625,27429.978515625,11407814187,26853.913903890752,28091.9357308094,25615.892076972104,2476.043653837296,619.010913459324,0.732655272794355,False,False,False,False
2023-10-04 00:00:00+00:00,27429.07421875,27826.658203125,27248.10546875,27799.39453125,27799.39453125,11143355314,26927.323951238457,28157.25414234024,25697.393760136674,2459.8603822035657,614.9650955508914,0.8545203566514349,False,False,False,False
2023-10-05 00:00:00+00:00,27798.646484375,28091.861328125,27375.6015625,27415.912109375,27415.912109375,11877253670,26994.03516223162,28244.224287348225,25743.846037115014,2500.3782502332106,625.0945625583026,0.6687252507111803,False,False,False,False
2023-10-06 00:00:00+00:00,27412.123046875,28252.537109375,27215.552734375,27946.59765625,27946.59765625,13492391599,27071.25998805083,28403.827075655776,25738.692900445887,2665.134175209889,666.2835438024722,0.8284403751005266,False,False,False,False
2023-10-07 00:00:00+00:00,27946.78125,28028.091796875,27870.423828125,27968.83984375,27968.83984375,6553044316,27155.500480260278,28386.34445285473,25924.656507665826,2461.6879451889035,615.4219862972259,0.8303990520322869,False,False,False,False
2023-10-08 00:00:00+00:00,27971.677734375,28102.169921875,27740.662109375,27935.08984375,27935.08984375,7916875290,27228.878906743426,28408.94004457843,26048.817768908422,2360.122275670008,590.030568917502,0.7992264190236031,False,False,False,False
2023-10-09 00:00:00+00:00,27934.47265625,27989.470703125,27302.5625,27583.677734375,27583.677734375,12007668568,27266.62729459326,28466.063959269766,26067.190629916757,2398.8733293530095,599.7183323382524,0.6321663949080834,False,False,False,False
2023-10-10 00:00:00+00:00,27589.201171875,27715.84765625,27301.654296875,27391.01953125,27391.01953125,9973350678,27285.94918667565,28448.280856759506,26123.617516591796,2324.66334016771,581.1658350419275,0.5451980907337616,False,False,False,False
2023-10-11 00:00:00+00:00,27392.076171875,27474.115234375,26561.099609375,26873.3203125,26873.3203125,13648094333,27255.812284968444,28484.513913043913,26027.110656892975,2457.4032561509375,614.3508140377344,0.34435115746222855,False,False,True,False
2023-10-12 00:00:00+00:00,26873.29296875,26921.439453125,26558.3203125,26756.798828125,26756.798828125,9392909295,27207.212975090497,28385.66826848342,26028.757681697574,2356.910586785845,589.2276466964613,0.30889637923017965,False,False,False,False
2023-10-13 00:00:00+00:00,26752.87890625,27092.697265625,26686.322265625,26862.375,26862.375,15165312851,27176.09410543902,28317.97886949265,26034.20934138539,2283.7695281072592,570.9423820268148,0.3626310135160511,False,False,False,False
2023-10-14 00:00:00+00:00,26866.203125,26969.0,26814.5859375,26861.70703125,26861.70703125,5388116782,27148.06269757975,28206.641797728018,26089.48359743148,2117.158200296537,529.2895500741342,0.36474526736375135,False,False,False,False
2023-10-15 00:00:00+00:00,26858.01171875,27289.169921875,26817.89453125,27159.65234375,27159.65234375,7098201980,27142.428688187232,28189.404956445673,26095.45241992879,2093.952536516881,523.4881341292203,0.508225427874988,False,False,False,True
2023-10-16 00:00:00+00:00,27162.62890625,29448.138671875,27130.47265625,28519.466796875,28519.466796875,27833876539,27258.96176947099,28664.773614028585,25853.149924913392,2811.623689115193,702.9059222787982,0.9483192513578115,False,False,False,False
2023-10-17 00:00:00+00:00,28522.09765625,28618.751953125,28110.185546875,28415.748046875,28415.748046875,14872527508,27365.876062755495,28732.820004107332,25998.932121403657,2733.887882703675,683.4719706759188,0.884021594580256,False,False,False,False
2023-10-18 00:00:00+00:00,28413.53125,28889.009765625,28174.251953125,28328.341796875,28328.341796875,12724128586,27470.446708068463,28843.647817785117,26097.24559835181,2746.4022194333083,686.6005548583271,0.8123705197789839,False,False,False,False
2023-10-19 00:00:00+00:00,28332.416015625,28892.474609375,28177.98828125,28719.806640625,28719.806640625,14448058195,27577.7143082921,28956.492572662086,26198.936043922113,2757.556528739973,689.3891321849933,0.9141682393197443,False,False,False,False
2023-10-20 00:00:00+00:00,28732.8125,30104.0859375,28601.669921875,29682.94921875,29682.94921875,21536125230,27757.25596395079,29298.63960500878,26215.8723228928,3082.7672821159795,770.6918205289949,1.0,True,False,False,False
2023-10-21 00:00:00+00:00,29683.380859375,30287.482421875,29481.751953125,29918.412109375,29918.412109375,11541146996,27960.934649427698,29509.326020129887,26412.54327872551,3096.7827414043786,774.1956853510947,1.0,False,False,False,False
2023-10-22 00:00:00+00:00,29918.654296875,30199.43359375,29720.3125,29993.896484375,29993.896484375,10446520040,28152.389844025856,29641.766296407826,26663.013391643886,2978.75290476394,744.688226190985,1.0,False,False,False,False
2023-10-23 00:00:00+00:00,30140.685546875,34370.4375,30097.828125,33086.234375,33086.234375,38363572311,28568.178112848793,30783.925123117566,26352.43110258002,4431.494020537546,1107.8735051343865,1.0,False,False,False,False
2023-10-24 00:00:00+00:00,33077.3046875,35150.43359375,32880.76171875,33901.52734375,33901.52734375,44934999645,29083.358694363196,31531.46537860509,26635.2520101213,4896.21336848379,1224.0533421209475,1.0,False,False,False,False
2023-10-25 00:00:00+00:00,33916.04296875,35133.7578125,33709.109375,34502.8203125,34502.8203125,25254318008,29594.330485376227,32082.556188693936,27106.10478205852,4976.451406635417,1244.1128516588542,1.0,False,False,False,False
2023-10-26 00:00:00+00:00,34504.2890625,34832.91015625,33762.32421875,34156.6484375,34156.6484375,19427195376,30037.78735383246,32491.307674318396,27584.267033346525,4907.040640971871,1226.7601602429677,1.0,False,False,False,False
2023-10-27 00:00:00+00:00,34156.5,34238.2109375,33416.88671875,33909.80078125,33909.80078125,16418032871,30401.328191165874,32773.76132335322,28028.89505897853,4744.866264374687,1186.2165660936716,1.0,False,False,False,False
2023-10-28 00:00:00+00:00,33907.72265625,34399.390625,33874.8046875,34089.57421875,34089.57421875,10160330825,30755.60707871357,32995.714085182175,28515.50007224496,4480.2140129372165,1120.0535032343041,1.0,False,False,False,False
2023-10-29 00:00:00+00:00,34089.37109375,34743.26171875,33947.56640625,34538.48046875,34538.48046875,11160323986,31103.622550383705,33278.85791870546,28928.387182061957,4350.4707366435,1087.617684160875,1.0,False,False,False,False
2023-10-30 00:00:00+00:00,34531.7421875,34843.93359375,34110.97265625,34502.36328125,34502.36328125,17184860315,31425.730546577317,33530.03456556689,29321.426527587744,4208.608037979149,1052.1520094947873,1.0,False,False,False,False
2023-10-31 00:00:00+00:00,34500.078125,34719.25390625,34083.30859375,34667.78125,34667.78125,15758270810,31717.576645315985,33738.6393249066,29696.513965725368,4042.1253591812347,1010.5313397953087,1.0,False,False,False,False
2023-11-01 00:00:00+00:00,34657.2734375,35527.9296875,34170.69140625,35437.25390625,35437.25390625,22446272005,32034.501885444624,34124.905953326175,29944.09781756307,4180.808135763105,1045.2020339407763,1.0,False,False,False,False
2023-11-02 00:00:00+00:00,35441.578125,35919.84375,34401.57421875,34938.2421875,34938.2421875,20998158544,32325.173456870536,34510.191024213935,30140.155889527137,4370.035134686797,1092.5087836716993,1.0,False,False,False,False
2023-11-03 00:00:00+00:00,34942.47265625,34942.47265625,34133.44140625,34732.32421875,34732.32421875,17158456701,32542.085136573343,34670.4071971824,30413.763075964285,4256.644121218116,1064.161030304529,1.0,False,False,False,False
2023-11-04 00:00:00+00:00,34736.32421875,35256.03125,34616.69140625,35082.1953125,35082.1953125,9561294264,32774.74109082826,34818.098914126414,30731.38326753011,4086.7156465963053,1021.6789116490763,1.0,False,False,False,False
2023-11-05 00:00:00+00:00,35090.01171875,35340.33984375,34594.2421875,35049.35546875,35049.35546875,12412743996,32986.16059011446,34974.40216233279,30997.919017896118,3976.4831444366755,994.1207861091689,1.0,False,False,False,False
2023-11-06 00:00:00+00:00,35044.7890625,35286.02734375,34765.36328125,35037.37109375,35037.37109375,12693436420,33180.77265196863,35074.32287946514,31287.22242447213,3787.1004549930076,946.7751137482519,0.9902427236472118,False,False,False,False
2023-11-07 00:00:00+00:00,35047.79296875,35892.41796875,34545.81640625,35443.5625,35443.5625,18834737789,33382.025950987496,35355.54146823435,31408.51043374064,3947.031034493706,986.7577586234265,1.0,True,False,False,False
2023-11-08 00:00:00+00:00,35419.4765625,35994.41796875,35147.80078125,35655.27734375,35655.27734375,17295394918,33593.18208561567,35538.66948863784,31647.6946825935,3890.974806044338,972.7437015110845,1.0,False,False,False,False
2023-11-09 00:00:00+00:00,35633.6328125,37926.2578125,35592.1015625,36693.125,36693.125,37762672382,33892.608692541166,36110.37860526112,31674.838779821213,4435.539825439904,1108.884956359976,1.0,False,False,False,False
2023-11-10 00:00:00+00:00,36702.25,37493.80078125,36362.75390625,37313.96875,37313.96875,22711265155,34193.96416428328,36416.166460731234,31971.761867835325,4444.404592895909,1111.1011482239774,1.0,False,False,False,False
2023-11-11 00:00:00+00:00,37310.0703125,37407.09375,36773.66796875,37138.05078125,37138.05078125,13924272142,34471.32670419281,36597.993927245974,32344.65948113965,4253.334446106324,1063.333611526581,1.0,False,False,False,False
2023-11-12 00:00:00+00:00,37133.9921875,37227.69140625,36779.1171875,37054.51953125,37054.51953125,11545715999,34714.0996569681,36717.81500146595,32710.384312470254,4007.4306889956933,1001.8576722489233,1.0,False,False,False,False
2023-11-13 00:00:00+00:00,37070.3046875,37405.1171875,36399.60546875,36502.35546875,36502.35546875,19057712790,34909.8069317013,36914.25308549936,32905.36077790324,4008.892307596121,1002.2230768990303,0.8972540080538235,False,False,False,False
2023-11-14 00:00:00+00:00,36491.7890625,36753.3515625,34948.5,35537.640625,35537.640625,23857403554,34989.49173780911,37154.46358872737,32824.519886890856,4329.943701836513,1082.4859254591283,0.6265949224601683,False,False,False,False
2023-11-15 00:00:00+00:00,35548.11328125,37964.89453125,35383.78125,37880.58203125,37880.58203125,27365821679,35188.24674095427,37652.9440630307,32723.549418877843,4929.394644152857,1232.3486610382142,1.0,True,False,False,False
2023-11-16 00:00:00+00:00,37879.98046875,37934.625,35545.47265625,36154.76953125,36154.76953125,26007385366,35317.45712078403,38013.51517940281,32621.39906216524,5392.116117237572,1348.029029309393,0.6552845658848562,False,False,False,False
2023-11-17 00:00:00+00:00,36164.82421875,36704.484375,35901.234375,36596.68359375,36596.68359375,22445028430,35420.632707495075,38007.73496025198,32833.53045473817,5174.204505513815,1293.5511263784538,0.7272911488136358,False,False,False,False
2023-11-18 00:00:00+00:00,36625.37109375,36839.28125,36233.3125,36585.703125,36585.703125,11886022717,35528.45489011459,37978.04066759581,33078.86911263337,4899.171554962435,1224.7928887406088,0.7158014315327476,False,False,False,False
2023-11-19 00:00:00+00:00,36585.765625,37509.35546875,36414.59765625,37386.546875,37386.546875,12915986553,35678.45918629415,38102.03794852725,33254.880424061055,4847.157524466194,1211.7893811165486,0.8523895561644564,False,False,False,False
2023-11-20 00:00:00+00:00,37374.07421875,37756.8203125,36882.53125,37476.95703125,37476.95703125,20888209068,35839.75858422645,38195.83728273624,33483.679885716665,4712.157397019575,1178.0393492548938,0.8474413753791565,False,False,False,False
2023-11-21 00:00:00+00:00,37469.16015625,37631.140625,35813.8125,35813.8125,35813.8125,25172163756,35894.98048493505,38378.91693859385,33411.044031276244,4967.872907317607,1241.9682268294018,0.48366142080336066,False,False,True,False
2023-11-22 00:00:00+00:00,35756.5546875,37856.98046875,35670.97265625,37432.33984375,37432.33984375,24397247860,35998.95989807615,38671.70426886908,33326.215527283224,5345.488741585854,1336.3721853964635,0.7681475941615408,False,False,False,True
2023-11-23 00:00:00+00:00,37420.43359375,37643.91796875,36923.86328125,37289.62109375,37289.62109375,14214948217,36121.51617266414,38670.997043877775,33572.0353014505,5098.961742427273,1274.7404356068182,0.7290868180803031,False,False,False,False
2023-11-24 00:00:00+00:00,37296.31640625,38415.33984375,37261.60546875,37720.28125,37720.28125,22922957823,36281.28372963263,38806.5633887249,33756.004070540366,5050.5593181845325,1262.6398295461331,0.7849184475838663,False,False,False,False
2023-11-25 00:00:00+00:00,37721.4140625,37892.4296875,37617.41796875,37796.79296875,37796.79296875,9099571165,36422.95958474699,38750.713621680035,34095.205547813945,4655.508073866091,1163.8770184665227,0.7950984859665666,False,False,False,False
2023-11-26 00:00:00+00:00,37796.828125,37820.30078125,37162.75,37479.12109375,37479.12109375,13744796068,36524.33396953299,38750.82275902273,34297.84518004325,4452.97757897948,1113.24439474487,0.7144154349045303,False,False,False,False
2023-11-27 00:00:00+00:00,37454.19140625,37559.35546875,36750.12890625,37254.16796875,37254.16796875,19002925720,36587.52922144255,38753.21444448332,34421.84399840178,4331.370446081535,1082.8426115203838,0.653909427883394,False,False,False,False
2023-11-28 00:00:00+00:00,37247.9921875,38368.48046875,36891.08984375,37831.0859375,37831.0859375,21696137014,36693.18219241627,38937.77701815296,34448.58736667958,4489.189651473382,1122.2974128683454,0.7534764252408583,False,False,False,False
2023-11-29 00:00:00+00:00,37826.10546875,38366.11328125,37612.6328125,37858.4921875,37858.4921875,20728546658,36812.473992543295,38983.30542945631,34641.64255563028,4341.662873826033,1085.4157184565083,0.7409257064298305,False,False,False,False
2023-11-30 00:00:00+00:00,37861.1171875,38141.75390625,37531.140625,37712.74609375,37712.74609375,18115982627,36906.068235316954,38981.93918478867,34830.197285845235,4151.741898943437,1037.9354747358593,0.694298652967405,False,False,False,False
2023-12-01 00:00:00+00:00,37718.0078125,38954.109375,37629.359375,38688.75,38688.75,23512784002,37050.64010973121,39183.873964255756,34917.40625520667,4266.467709049088,1066.616927262272,0.8839499093815691,False,False,False,False
2023-12-02 00:00:00+00:00,38689.27734375,39678.9375,38652.59375,39476.33203125,39476.33203125,15534035612,37261.93988598697,39387.11910505906,35136.76066691488,4250.358438144176,1062.589609536044,1.0,True,False,False,False
2023-12-03 00:00:00+00:00,39472.20703125,40135.60546875,39298.1640625,39978.390625,39978.390625,15769696322,37504.0459335517,39584.19551196658,35423.89635513682,4160.299156829758,1040.0747892074396,1.0,False,False,False,False
2023-12-04 00:00:00+00:00,39978.62890625,42371.75,39978.62890625,41980.09765625,41980.09765625,39856129827,37879.23129107059,40230.03778664398,35528.424795497194,4701.612991146787,1175.4032477866967,1.0,False,False,False,False
2023-12-05 00:00:00+00:00,41986.265625,44408.6640625,41421.1484375,44080.6484375,44080.6484375,36312154535,38395.82707088926,41109.056041905314,35682.598099873205,5426.45794203211,1356.6144855080274,1.0,False,False,False,False
2023-12-06 00:00:00+00:00,44080.0234375,44265.76953125,43478.08203125,43746.4453125,43746.4453125,29909761586,38913.37677445536,41512.82034836981,36313.933200540916,5198.887147828893,1299.7217869572232,1.0,False,False,False,False
2023-12-07 00:00:00+00:00,43769.1328125,44042.58984375,42880.6484375,43292.6640625,43292.6640625,27635760671,39341.17906081676,41913.06655858976,36769.29156304376,5143.774995546002,1285.9437488865005,1.0,False,False,False,False
2023-12-08 00:00:00+00:00,43293.13671875,44705.515625,43125.296875,44166.6015625,44166.6015625,24421116687,39784.79419986595,42415.53669786165,37154.05170187025,5261.484995991399,1315.3712489978498,1.0,False,False,False,False
2023-12-09 00:00:00+00:00,44180.01953125,44361.2578125,43627.59765625,43725.984375,43725.984375,17368210171,40177.189667934275,42691.58994738041,37662.78938848814,5028.800558892268,1257.200139723067,1.0,False,False,False,False
2023-12-10 00:00:00+00:00,43728.3828125,44034.625,43593.28515625,43779.69921875,43779.69921875,13000481418,40522.46079082943,42873.68901108095,38171.23257057791,4702.45644050304,1175.61411012576,1.0,False,False,False,False
2023-12-11 00:00:00+00:00,43792.01953125,43808.375,40234.578125,41243.83203125,41243.83203125,40632672038,40640.537069679005,43471.401842905376,37809.672296452634,5661.7295464527415,1415.4323866131854,0.6065566549269347,False,False,False,False
2023-12-12 00:00:00+00:00,41238.734375,42048.3046875,40667.5625,41450.22265625,41450.22265625,24779520132,40711.790359669896,43535.717093073625,37887.86362626617,5647.853466807457,1411.9633667018643,0.6307456542418964,False,False,False,False
2023-12-13 00:00:00+00:00,41468.46484375,43429.78125,40676.8671875,42890.7421875,42890.7421875,26797884674,40866.14018652673,43958.25705909009,37774.02331396338,6184.2337451267085,1546.0584362816771,0.8273812220582205,False,False,False,False
2023-12-14 00:00:00+00:00,42884.26171875,43390.859375,41767.08984375,43023.97265625,43023.97265625,25578530178,41043.39419654006,44151.05328809708,37935.73510498304,6215.318183114039,1553.8295457785098,0.8186608314101819,False,False,False,False
2023-12-15 00:00:00+00:00,43028.25,43087.82421875,41692.96875,41929.7578125,41929.7578125,19639442462,41157.05667881402,44232.92095496534,38081.1924026627,6151.728552302637,1537.9321380756592,0.6256071569342493,False,False,False,False
2023-12-16 00:00:00+00:00,41937.7421875,42664.9453125,41723.11328125,42240.1171875,42240.1171875,14386729590,41257.2790834111,44213.92333819729,38300.63482862491,5913.288509572376,1478.322127393094,0.6662083800744528,False,False,False,False
2023-12-17 00:00:00+00:00,42236.109375,42359.49609375,41274.54296875,41364.6640625,41364.6640625,16678702876,41296.227206419564,44174.197660727135,38418.25675211199,5755.940908615143,1438.9852271537857,0.5118897773912174,False,False,False,False
2023-12-18 00:00:00+00:00,41348.203125,42720.296875,40530.2578125,42623.5390625,42623.5390625,25224642008,41359.25616295103,44387.437384327844,38331.07494157422,6056.362442753627,1514.0906106884067,0.708752846531117,False,False,False,False
2023-12-19 00:00:00+00:00,42641.51171875,43354.296875,41826.3359375,42270.52734375,42270.52734375,23171001281,41466.34796191601,44497.303248655146,38435.39267517688,6061.910573478264,1515.477643369566,0.6326610434262075,False,False,False,False
2023-12-20 00:00:00+00:00,42261.30078125,44275.5859375,42223.81640625,43652.25,43652.25,27868908174,41648.97045264623,44787.18411696145,38510.75678833101,6276.427328630438,1569.1068321576095,0.8191751361822746,False,False,False,False
2023-12-21 00:00:00+00:00,43648.125,44240.66796875,43330.05078125,43869.15234375,43869.15234375,22452766169,41855.096158545006,44861.611893928704,38848.58042316131,6013.031470767397,1503.2578676918492,0.8349485521564974,False,False,False,False
2023-12-22 00:00:00+00:00,43868.98828125,44367.95703125,43441.96875,43997.90234375,43997.90234375,21028503216,42053.272020429606,44944.33383852493,39162.21020233428,5782.1236361906485,1445.5309090476621,0.8363176655630191,False,False,False,False
2023-12-23 00:00:00+00:00,44012.19921875,44015.69921875,43351.35546875,43739.54296875,43739.54296875,13507796558,42210.31270598393,44945.137092269724,39475.48831969814,5469.648772571585,1367.4121931428963,0.779584727713164,False,False,False,False
2023-12-24 00:00:00+00:00,43728.3671875,43945.5234375,42786.91796875,43016.1171875,43016.1171875,18830554085,42309.2847845807,45002.34782598791,39616.22174317348,5386.1260828144295,1346.5315207036074,0.6312320565934393,False,False,False,False
2023-12-25 00:00:00+00:00,43010.57421875,43765.09375,42765.76953125,43613.140625,43613.140625,21115795370,42411.3847703746,45035.00635139109,39787.763189358106,5247.243162032988,1311.810790508247,0.7290261414452524,False,False,False,False
2023-12-26 00:00:00+00:00,43599.84765625,43603.17578125,41676.48828125,42520.40234375,42520.40234375,30026850982,42429.35023371194,45177.94012537679,39680.7603420471,5497.179783329688,1374.294945832422,0.5165634222686649,False,False,False,False
2023-12-27 00:00:00+00:00,42518.46875,43683.16015625,42167.58203125,43442.85546875,43442.85546875,25260941032,42493.01839101716,45269.86491851552,39716.1718635188,5553.693054996722,1388.4232637491805,0.6710280111498526,False,False,False,False
2023-12-28 00:00:00+00:00,43468.19921875,43804.78125,42318.55078125,42627.85546875,42627.85546875,22992093014,42533.40354425362,45329.811512752145,39736.99557575509,5592.815936997053,1398.2039842492632,0.5168880802730467,False,False,False,False
2023-12-29 00:00:00+00:00,42614.64453125,43124.32421875,41424.0625,42099.40234375,42099.40234375,26000021055,42503.16793884851,45359.98745424719,39646.34842344984,5713.639030797349,1428.4097576993372,0.42933302350355734,False,False,True,False
2023-12-30 00:00:00+00:00,42091.75390625,42584.125,41556.2265625,42156.90234375,42156.90234375,16013925945,42464.683814712145,45241.40106607095,39687.966563353344,5553.434502717602,1388.3586256794006,0.44457817575564623,False,False,False,False
2023-12-31 00:00:00+00:00,42152.09765625,42860.9375,41998.25390625,42265.1875,42265.1875,16397498810,42456.12278176337,45127.705026736294,39784.540536790446,5343.164489945848,1335.791122486462,0.4642655055589904,False,False,False,False
2024-01-01 00:00:00+00:00,42280.234375,44175.4375,42214.9765625,44167.33203125,44167.33203125,18426978443,42557.372869016064,45353.8890769917,39760.85666104043,5593.0324159512675,1398.2581039878169,0.7878508548676295,False,False,False,True
2024-01-02 00:00:00+00:00,44187.140625,45899.70703125,44176.94921875,44957.96875,44957.96875,39335274536,42791.103230697074,45654.44281787514,39927.76364351901,5726.679174356133,1431.6697935890334,0.8783808125669189,False,False,False,False
2024-01-03 00:00:00+00:00,44961.6015625,45503.2421875,40813.53515625,42848.17578125,42848.17578125,46342323118,42816.234768249735,46331.181802959996,39301.28773353947,7029.894069420523,1757.4735173551308,0.5045435980520967,False,False,False,False
2024-01-04 00:00:00+00:00,42855.81640625,44770.0234375,42675.17578125,44179.921875,44179.921875,30448091210,42917.073396471984,46499.49525896122,39334.651533982746,7164.8437249784765,1791.2109312446191,0.676256248845373,False,False,False,False
2024-01-05 00:00:00+00:00,44192.98046875,44353.28515625,42784.71875,44162.69140625,44162.69140625,32336029347,42998.009114665125,46535.90207215543,39460.116157174816,7075.785914980617,1768.9464787451543,0.6646011207206042,False,False,False,False
2024-01-06 00:00:00+00:00,44178.953125,44227.6328125,43475.15625,43989.1953125,43989.1953125,16092503468,43083.65854422082,46418.2575184621,39749.059569979545,6669.197948482557,1667.2994871206392,0.635778961019625,False,False,False,False
2024-01-07 00:00:00+00:00,43998.46484375,44495.5703125,43662.23046875,43943.09765625,43943.09765625,19330573863,43174.132284056934,46341.93932962409,40006.32523848978,6335.61409113431,1583.9035227835775,0.6213718766850259,False,False,False,False
2024-01-08 00:00:00+00:00,43948.70703125,47218.0,43244.08203125,46970.50390625,46970.50390625,42746192015,43425.249397876905,47071.05933263734,39779.43946311647,7291.619869520873,1822.9049673802183,0.9862094530177491,False,False,False,False
2024-01-09 00:00:00+00:00,46987.640625,47893.69921875,45244.71484375,46139.73046875,46139.73046875,39821290992,43711.03975780133,47522.065574085726,39900.01394151693,7622.051632568793,1905.5129081421983,0.8186400234512909,False,False,False,False
2024-01-10 00:00:00+00:00,46121.5390625,47647.22265625,44483.15234375,46627.77734375,46627.77734375,50114613298,43953.10429971708,48015.84159687303,39890.36700256113,8125.474594311905,2031.3686485779763,0.8291713010714816,False,False,False,False
2024-01-11 00:00:00+00:00,46656.07421875,48969.37109375,45678.64453125,46368.5859375,46368.5859375,45833734549,44243.811876331325,48558.420756271684,39929.202996390966,8629.217759880717,2157.3044399701794,0.7462302053666156,False,False,False,False
2024-01-12 00:00:00+00:00,46354.79296875,46498.13671875,41903.76953125,42853.16796875,42853.16796875,43332698900,44196.94326013311,48998.96468957943,39394.921830686784,9604.042858892644,2401.010714723161,0.36008233083436647,False,False,True,False
2024-01-13 00:00:00+00:00,42799.4453125,43234.66015625,42464.14453125,42842.3828125,42842.3828125,20601860469,44068.38318773948,48544.30559924117,39592.460776237785,8951.844823003383,2237.9612057508457,0.36304494777556384,False,False,False,False
2024-01-14 00:00:00+00:00,42842.26171875,43065.59765625,41724.61328125,41796.26953125,41796.26953125,17521429522,43890.012740296035,48186.53978564756,39593.48569494451,8593.054090703052,2148.263522675763,0.2563446957338153,False,False,False,False
2024-01-15 00:00:00+00:00,41715.06640625,43319.72265625,41705.41796875,42511.96875,42511.96875,22320220558,43758.808649950384,47948.54392826675,39569.07337163402,8379.470556632732,2094.867639158183,0.35120302153655114,False,False,False,False
2024-01-16 00:00:00+00:00,42499.3359375,43566.2734375,42085.99609375,43154.9453125,43154.9453125,24062872740,43680.420995788445,47747.23821502318,39613.60377655371,8133.634438469468,2033.408609617367,0.4353947257817349,False,False,False,False
2024-01-17 00:00:00+00:00,43132.1015625,43189.890625,42189.30859375,42742.65234375,42742.65234375,20851232595,43587.74126801494,47447.9931715762,39727.489364453686,7720.5038071225135,1930.1259517806284,0.39053966614389723,False,False,False,False
2024-01-18 00:00:00+00:00,42742.3125,42876.34765625,40631.171875,41262.05859375,41262.05859375,25218357242,43397.46680201352,47320.728671468656,39474.20493255839,7846.5237389102695,1961.6309347275674,0.22785296020017035,False,False,False,False
2024-01-19 00:00:00+00:00,41278.4609375,42134.16015625,40297.45703125,41618.40625,41618.40625,25752407154,43202.47070777413,47100.747015283756,39304.19440026451,7796.552615019245,1949.1381537548114,0.29682501536350847,False,False,False,False
2024-01-20 00:00:00+00:00,41624.58984375,41877.89453125,41446.82421875,41665.5859375,41665.5859375,11586690904,43055.89586854167,46650.55860780033,39461.23312928301,7189.325478517319,1797.3313696293299,0.30661469073891456,False,False,False,False
2024-01-21 00:00:00+00:00,41671.48828125,41855.3671875,41497.0078125,41545.78515625,41545.78515625,9344043642,42920.35531459326,46227.223654926056,39613.486974260464,6613.736680665592,1653.434170166398,0.2921643656661386,False,False,False,False
2024-01-22 00:00:00+00:00,41553.65234375,41651.20703125,39450.1171875,39507.3671875,39507.3671875,31338708143,42661.54977371929,46077.949248768804,39245.15029866978,6832.7989500990225,1708.1997375247556,0.038376204355671614,False,False,False,False
2024-01-23 00:00:00+00:00,39518.71484375,40127.3515625,38521.89453125,39845.55078125,39845.55078125,29244553045,42360.28461669841,45756.135550492974,38964.433682903844,6791.70186758913,1697.9254668972826,0.12973436047759393,False,False,False,False
2024-01-24 00:00:00+00:00,39877.59375,40483.78515625,39508.796875,40077.07421875,40077.07421875,22359526178,42137.70691510809,45388.970411773196,38886.44341844298,6502.526993330219,1625.6317483325547,0.18310278473711497,False,False,False,False
2024-01-25 00:00:00+00:00,40075.55078125,40254.48046875,39545.6640625,39933.80859375,39933.80859375,18491782013,41925.669847796205,44993.570276044804,38857.76941954761,6135.800856497197,1533.9502141242992,0.17537061573029633,False,False,False,False
2024-01-26 00:00:00+00:00,39936.81640625,42209.38671875,39825.69140625,41816.87109375,41816.87109375,25598119893,41864.556821617196,45102.40626954093,38626.70737369346,6475.6988958474685,1618.9247239618671,0.4926362036539756,False,False,False,False
2024-01-27 00:00:00+00:00,41815.625,42195.6328125,41431.28125,42120.0546875,42120.0546875,11422941934,41869.42343384413,44936.358249475496,38802.48861821277,6133.869631262729,1533.4674078156822,0.5408602185443373,False,False,False,True
2024-01-28 00:00:00+00:00,42126.125,42797.17578125,41696.91015625,42035.59375,42035.59375,16858971687,41898.67452546215,44878.96898453038,38918.38006639392,5960.588918136462,1490.1472295341155,0.5229707544704589,False,False,False,False
2024-01-29 00:00:00+00:00,42030.9140625,43305.8671875,41818.33203125,43288.24609375,43288.24609375,20668476578,41984.91013613242,44964.68218054382,39005.13809172102,5959.544088822804,1489.886022205701,0.7186972590842983,False,False,False,False
2024-01-30 00:00:00+00:00,43300.2265625,43838.9453125,42711.37109375,42952.609375,42952.609375,23842814518,42097.55125908013,45004.8609428004,39190.24157535986,5814.619367440537,1453.6548418601342,0.6470531537640868,False,False,False,False
2024-01-31 00:00:00+00:00,42946.25,43717.40625,42298.9453125,42582.60546875,42582.60546875,24673628793,42170.7672353979,45071.038138246135,39270.496332549665,5800.54180569647,1450.1354514241175,0.5709999595119979,False,False,False,False
2024-02-01 00:00:00+00:00,42569.76171875,43243.16796875,41879.19140625,43075.7734375,43075.7734375,21423953779,42224.285683217146,45107.32480828056,39341.24655815373,5766.078250126826,1441.5195625317065,0.6476719040821421,False,False,False,False
2024-02-02 00:00:00+00:00,43077.640625,43422.48828125,42584.3359375,43185.859375,43185.859375,18603843039,42304.28017668059,45066.64585798766,39541.91449537352,5524.73136261414,1381.182840653535,0.6595696044671155,False,False,False,False
2024-02-03 00:00:00+00:00,43184.96484375,43359.94140625,42890.80859375,42992.25,42992.25,11169245236,42378.25349318721,44958.20916886357,39798.297817510844,5159.911351352726,1289.9778378381816,0.6189936153945411,False,False,False,False
2024-02-04 00:00:00+00:00,42994.94140625,43097.64453125,42374.83203125,42583.58203125,42583.58203125,14802225490,42407.50105236779,44874.02366047652,39940.97844425906,4933.045216217462,1233.2613040543656,0.5356941749293801,False,False,False,False
2024-02-05 00:00:00+00:00,42577.62109375,43494.25,42264.81640625,42658.66796875,42658.66796875,18715487317,42445.44490055498,44911.201966602835,39979.68783450713,4931.514132095705,1232.8785330239261,0.5432368360879877,False,False,False,False
2024-02-06 00:00:00+00:00,42657.390625,43344.1484375,42529.01953125,43084.671875,43084.671875,16798476726,42496.92125427197,44879.12839496504,40114.7141135789,4764.41428138614,1191.103570346535,0.6233626183651337,False,False,False,False
2024-02-07 00:00:00+00:00,43090.01953125,44341.94921875,42775.95703125,44318.22265625,44318.22265625,21126587775,42622.17094136512,45079.355805488885,40164.98607724135,4914.369728247533,1228.5924320618833,0.8451209023073838,False,False,False,False
2024-02-08 00:00:00+00:00,44332.125,45575.83984375,44332.125,45301.56640625,45301.56640625,26154524080,42855.28263742558,45318.27245263697,40392.29282221419,4925.979630422778,1231.4949076056946,0.9966085839487043,False,False,False,False
2024-02-09 00:00:00+00:00,45297.3828125,48152.49609375,45260.82421875,47147.19921875,47147.19921875,39316770844,43236.06586342474,46031.091072114985,40441.04065473449,5590.050417380495,1397.5126043451237,1.0,True,False,False,False
2024-02-10 00:00:00+00:00,47153.52734375,48146.171875,46905.3203125,47771.27734375,47771.27734375,16398681570,43652.40148059857,46416.0944809198,40888.708480277346,5527.386000642451,1381.8465001606128,1.0,False,False,False,False
2024-02-11 00:00:00+00:00,47768.96875,48535.9375,47617.40625,48293.91796875,48293.91796875,19315867136,44080.65726716855,46751.68721745765,41409.62731687945,5342.059900578199,1335.5149751445497,1.0,False,False,False,False
2024-02-12 00:00:00+00:00,48296.38671875,50280.4765625,47745.76171875,49958.22265625,49958.22265625,34511985805,44580.41882704139,47491.28875105158,41669.548903031195,5821.739848020385,1455.4349620050962,1.0,False,False,False,False
2024-02-13 00:00:00+00:00,49941.359375,50358.390625,48406.49609375,49742.44140625,49742.44140625,35593051468,45049.18300621205,48059.34484407122,42039.021168352876,6020.323675718348,1505.080918929587,1.0,False,False,False,False
2024-02-14 00:00:00+00:00,49733.4453125,52021.37109375,49296.83203125,51826.6953125,51826.6953125,39105608050,45620.527432207724,48874.58089878098,42366.47396563447,6508.106933146511,1627.0267332866279,1.0,False,False,False,False
2024-02-15 00:00:00+00:00,51836.78515625,52820.06640625,51371.62890625,51938.5546875,51938.5546875,38564360533,46232.23116882286,49450.56678873879,43013.89554890693,6436.671239831863,1609.1678099579658,1.0,False,False,False,False
2024-02-16 00:00:00+00:00,51937.7265625,52537.96875,51641.3671875,52160.203125,52160.203125,28180567298,46792.321503934974,49868.14387435931,43716.49913351064,6151.644740848671,1537.9111852121678,1.0,False,False,False,False
2024-02-17 00:00:00+00:00,52161.67578125,52191.9140625,50669.66796875,51662.99609375,51662.99609375,20009091006,47241.452094830056,50314.14144696196,44168.76274269815,6145.378704263814,1536.3446760659535,1.0,False,False,False,False
2024-02-18 00:00:00+00:00,51661.96875,52356.96484375,51233.70703125,52122.546875,52122.546875,17595377311,47685.542966751,50675.61494616972,44695.470987332286,5980.143958837434,1495.0359897093585,1.0,False,False,False,False
2024-02-19 00:00:00+00:00,52134.8125,52483.32421875,51711.8203125,51779.14453125,51779.14453125,21362184346,48095.62741634614,50940.99297907299,45250.2618536193,5690.731125453691,1422.6827813634227,1.0,False,False,False,False
2024-02-20 00:00:00+00:00,51777.7265625,52945.05078125,50792.3125,52284.875,52284.875,33353758256,48468.178401495716,51459.55506419987,45476.80173879156,5982.75332540831,1495.6883313520775,1.0,False,False,False,False
2024-02-21 00:00:00+00:00,52273.53515625,52368.81640625,50671.7578125,51839.1796875,51839.1796875,28624907020,48768.97899520247,51800.629710386216,45737.32828001873,6063.301430367486,1515.8253575918716,1.0,False,False,False,False
2024-02-22 00:00:00+00:00,51854.64453125,52009.61328125,50926.29296875,51304.97265625,51304.97265625,25413900611,49020.85016728637,51965.99987345174,46075.700461121,5890.2994123307435,1472.5748530826859,0.8877769751707444,False,False,False,False
2024-02-23 00:00:00+00:00,51283.90625,51497.93359375,50561.77734375,50731.94921875,50731.94921875,21427078270,49202.72666425116,52040.59264979999,46364.86067870233,5675.731971097659,1418.9329927744147,0.7694317776607579,False,False,False,False
2024-02-24 00:00:00+00:00,50736.37109375,51684.1953125,50585.4453125,51571.1015625,51571.1015625,15174077879,49400.5857815447,52174.41516853865,46626.75639455075,5547.658773987903,1386.9146934969758,0.8912489699497208,False,False,False,False
2024-02-25 00:00:00+00:00,51565.21484375,51950.02734375,51306.171875,51733.23828125,51733.23828125,15413239245,49616.06769123885,52241.28523328341,46990.850149194295,5250.435084089113,1312.6087710222782,0.9032371710350271,False,False,False,False
2024-02-26 00:00:00+00:00,51730.5390625,54938.17578125,50931.03125,54522.40234375,54522.40234375,34074411896,49982.525034136735,53146.64972822683,46818.40034004664,6328.249388180193,1582.0623470450482,1.0,True,False,False,False
2024-02-27 00:00:00+00:00,54519.36328125,57537.83984375,54484.19921875,57085.37109375,57085.37109375,49756832031,50590.77376600467,54049.21411568576,47132.33341632358,6916.880699362184,1729.220174840546,1.0,False,False,False,False
2024-02-28 00:00:00+00:00,57071.09765625,63913.1328125,56738.42578125,62504.7890625,62504.7890625,83239156760,51587.09206309152,56134.6297840545,47039.55434212854,9095.075441925961,2273.7688604814903,1.0,False,False,False,False
2024-02-29 00:00:00+00:00,62499.18359375,63585.64453125,60498.73046875,61198.3828125,61198.3828125,65496611844,52556.02798763836,57266.19474900504,47845.86122627168,9420.33352273336,2355.08338068334,1.0,False,False,False,False
2024-03-01 00:00:00+00:00,61168.0625,63155.1015625,60802.52734375,62440.6328125,62440.6328125,40186368423,53468.09712274423,58177.76205172425,48758.43219376421,9419.329857960038,2354.8324644900094,1.0,False,False,False,False
2024-03-02 00:00:00+00:00,62431.65234375,62458.69921875,61657.2890625,62029.84765625,62029.84765625,23888473685,54285.28901383208,58684.2694811641,49886.30854650006,8797.960934664035,2199.490233666009,1.0,False,False,False,False
2024-03-03 00:00:00+00:00,62031.578125,63230.2109375,61435.0234375,63167.37109375,63167.37109375,26253811450,55078.20134485601,59396.321265454826,50760.081424257194,8636.239841197632,2159.059960299408,1.0,False,False,False,False
2024-03-04 00:00:00+00:00,63137.00390625,68537.03125,62386.51953125,68330.4140625,68330.4140625,70670471105,56158.18105308401,61274.59132537294,51041.77078079508,10232.820544577859,2558.2051361444646,1.0,False,False,False,False
2024-03-05 00:00:00+00:00,68341.0546875,69170.625,59323.91015625,63801.19921875,63801.19921875,102802940877,56914.40934564744,63488.52155945748,50340.2971318374,13148.22442762008,3287.05610690502,1.0,False,False,False,False
2024-03-06 00:00:00+00:00,63776.05078125,67637.9296875,62848.671875,66106.8046875,66106.8046875,68750229073,57735.049923839746,64609.60247876878,50860.497368910714,13749.105109858065,3437.276277464516,1.0,False,False,False,False
2024-03-07 00:00:00+00:00,66099.7421875,68029.921875,65655.53125,66925.484375,66925.484375,46989543159,58605.074931093106,65267.05035552924,51943.099506656974,13323.950848872264,3330.987712218066,1.0,False,False,False,False
2024-03-08 00:00:00+00:00,66938.09375,70083.0546875,66230.453125,68300.09375,68300.09375,59202881172,59519.30911424297,66285.60730873549,52753.01091975045,13532.596388985039,3383.1490972462598,1.0,False,False,False,False
2024-03-09 00:00:00+00:00,68299.2578125,68673.0546875,68053.125,68498.8828125,68498.8828125,21609650379,60365.88483352141,66579.53914606468,54152.23052097815,12427.30862508653,3106.8271562716327,1.0,False,False,False,False
2024-03-10 00:00:00+00:00,68500.2578125,70005.203125,68239.9765625,69019.7890625,69019.7890625,35683977532,61196.593222392396,67141.92741618134,55251.259028603454,11890.668387577884,2972.667096894471,1.0,False,False,False,False
2024-03-11 00:00:00+00:00,69020.546875,72850.7109375,67194.8828125,72123.90625,72123.90625,65716656765,62103.885931370896,68585.85233078094,55621.91953196085,12963.93279882009,3240.9831997050223,1.0,False,False,False,False
2024-03-12 00:00:00+00:00,72125.125,72825.65625,68728.8515625,71481.2890625,71481.2890625,62554434520,62952.27129901811,69605.40199598715,56299.14060204907,13306.261393938083,3326.5653484845207,1.0,False,False,False,False
2024-03-13 00:00:00+00:00,71482.1171875,73637.4765625,71334.09375,73083.5,73083.5,48212536929,63879.20007411162,70327.69426388376,57430.705884339484,12896.98837954428,3224.24709488607,1.0,False,False,False,False
2024-03-14 00:00:00+00:00,73079.375,73750.0703125,68563.0234375,71396.59375,71396.59375,59594605698,64579.901257529564,71420.9554033245,57738.84711173464,13682.108291589851,3420.527072897463,0.9982194517975371,False,False,False,False
2024-03-15 00:00:00+00:00,71387.875,72357.1328125,65630.6953125,69403.7734375,69403.7734375,78320453976,65013.294838161666,72515.5310693771,57511.05860694624,15004.472462430866,3751.1181156077164,0.7926113270780751,False,False,False,False
2024-03-16 00:00:00+00:00,69392.484375,70046.2734375,64801.39453125,65315.1171875,65315.1171875,46842198371,65175.92660456691,72976.91499391079,57374.93821522302,15601.976778687771,3900.4941946719428,0.5089213427828729,False,False,False,False
2024-03-17 00:00:00+00:00,65316.34375,68845.71875,64545.31640625,68390.625,68390.625,44716864318,65374.46248845736,73255.43250761686,57493.49246929785,15761.940038319008,3940.485009579752,0.6913573141510513,False,False,False,False
2024-03-18 00:00:00+00:00,68371.3046875,68897.1328125,66594.2265625,67548.59375,67548.59375,49261579492,65594.03600146143,73147.49026870498,58040.58173421788,15106.908534487098,3776.7271336217746,0.6293817159266287,False,False,False,False
2024-03-19 00:00:00+00:00,67556.1328125,68106.9296875,61536.1796875,61912.7734375,61912.7734375,74215844794,65428.12409060796,73540.38293112715,57315.86525008877,16224.517681038385,4056.1294202595964,0.2833309610666358,False,False,True,False
2024-03-20 00:00:00+00:00,61930.15625,68115.2578125,60807.78515625,67913.671875,67913.671875,66792634382,65445.65877543101,74208.18626314828,56683.13128771373,17525.05497543455,4381.263743858637,0.640827695150086,False,False,False,True
2024-03-21 00:00:00+00:00,67911.5859375,68199.9921875,64580.91796875,65491.390625,65491.390625,44480350565,65507.09764701695,74117.1872297125,56897.0080643214,17220.17916539109,4305.044791347773,0.4990878711617289,False,False,True,False
2024-03-22 00:00:00+00:00,65489.9296875,66623.75,62355.37109375,63778.76171875,63778.76171875,41401116964,65387.62430960264,73990.38071527863,56784.86790392664,17205.51281135199,4301.378202837997,0.40649144791597674,False,False,False,False
2024-03-23 00:00:00+00:00,63802.72265625,65976.3984375,63038.4921875,64062.203125,64062.203125,24738964812,65289.66306583096,73619.72508093936,56959.601050722566,16660.124030216793,4165.031007554198,0.4263234812295098,False,False,False,False
2024-03-24 00:00:00+00:00,64070.75390625,67622.7578125,63825.8515625,67234.171875,67234.171875,27206630673,65378.989797656584,73635.42686125413,57122.55273405903,16512.874127195108,4128.218531798777,0.6123476181707286,False,False,False,True
2024-03-25 00:00:00+00:00,67234.09375,71162.59375,66414.8359375,69958.8125,69958.8125,42700139523,65740.87147367341,74121.21639341122,57360.52655393561,16760.689839475606,4190.172459868902,0.7516567675151581,False,False,False,False
2024-03-26 00:00:00+00:00,69931.328125,71535.7421875,69335.609375,69987.8359375,69987.8359375,36010437368,66173.77855554578,74156.11554580981,58191.44156528176,15964.673980528045,3991.1684951320112,0.7389060613831628,False,False,False,False
2024-03-27 00:00:00+00:00,69991.8984375,71727.6875,68381.9296875,69455.34375,69455.34375,40827113309,66524.36983398587,74377.62468772348,58671.11498024825,15706.509707475234,3926.6274268688085,0.6866088628601675,False,False,False,False
2024-03-28 00:00:00+00:00,69452.7734375,71546.0234375,68895.5078125,70744.953125,70744.953125,34374900617,66893.04840138403,74491.0808947479,59295.01590802018,15196.064986727717,3799.0162466819293,0.7534804060775094,False,False,False,False
2024-03-29 00:00:00+00:00,70744.796875,70913.09375,69076.65625,69892.828125,69892.828125,25230851763,67185.22087506174,74390.73761908921,59979.70413103427,14411.033488054942,3602.7583720137354,0.6878843215639288,False,False,False,False
2024-03-30 00:00:00+00:00,69893.4453125,70355.4921875,69601.0625,69645.3046875,69645.3046875,17130241883,67440.65569251619,74076.50669964092,60804.80468539146,13271.702014249458,3317.9255035623646,0.6661165231570708,False,False,False,False
2024-03-31 00:00:00+00:00,69647.78125,71377.78125,69624.8671875,71333.6484375,71333.6484375,20050941373,67758.5709241813,74081.41964309356,61435.72220526905,12645.697437824507,3161.4243594561267,0.7827109798329742,False,False,False,False
2024-04-01 00:00:00+00:00,71333.484375,71342.09375,68110.6953125,69702.1484375,69702.1484375,34873527352,67945.21297902118,74282.05651354221,61608.369444500146,12673.687069042062,3168.4217672605155,0.6386285971010346,False,False,False,False
2024-04-02 00:00:00+00:00,69705.0234375,69708.3828125,64586.59375,65446.97265625,65446.97265625,50705240709,67815.2545752652,74542.77156883411,61087.73758169627,13455.033987137846,3363.7584967844614,0.3239854376228915,False,False,True,False
2024-04-03 00:00:00+00:00,65446.671875,66914.3203125,64559.8984375,65980.8125,65980.8125,34488018367,67625.0725919066,74150.72226111863,61099.42292269457,13051.299338424062,3262.8248346060154,0.37401560187453775,False,False,False,False
2024-04-04 00:00:00+00:00,65975.6953125,69291.2578125,65113.796875,68508.84375,68508.84375,34439527442,67626.30054942342,74334.87743921425,60917.7236596326,13417.153779581655,3354.2884448954137,0.5657772292898393,False,False,False,True
2024-04-05 00:00:00+00:00,68515.7578125,68725.7578125,66011.4765625,67837.640625,67837.640625,33748230056,67616.6489097958,74197.22436060754,61036.07345898405,13161.150901623485,3290.2877254058712,0.5167912150583234,False,False,False,False
2024-04-06 00:00:00+00:00,67840.5703125,69629.6015625,67491.71875,68896.109375,68896.109375,19967785809,67717.20392433906,74067.29839256963,61367.10945610849,12700.188936461142,3175.0472341152854,0.5928258198802384,False,False,False,False
2024-04-07 00:00:00+00:00,68897.109375,70284.4296875,68851.6328125,69362.5546875,69362.5546875,21204930369,67886.95012797344,73888.59452438095,61885.305731565924,12003.28879281503,3000.8221982037576,0.6229333547660565,False,False,False,False
2024-04-08 00:00:00+00:00,69362.5546875,72715.359375,69064.2421875,71631.359375,71631.359375,37261432669,68196.4774471347,74328.18084140147,62064.77405286794,12263.406788533524,3065.851697133381,0.7800919831736287,False,False,False,False
2024-04-09 00:00:00+00:00,71632.5,71742.5078125,68212.921875,69139.015625,69139.015625,36426900409,68339.4937319314,74563.94397427149,62115.04348959132,12448.900484680169,3112.2251211700423,0.564224297884982,False,False,False,False
2024-04-10 00:00:00+00:00,69140.2421875,71093.4296875,67503.5625,70587.8828125,70587.8828125,38318601774,68471.76020190619,74791.73885751226,62151.78154630011,12639.95731121215,3159.9893278030377,0.6674153289043728,False,False,False,False
2024-04-11 00:00:00+00:00,70575.734375,71256.234375,69571.8125,70060.609375,70060.609375,30153382941,68645.5181588675,74670.38332391297,62620.652993822034,12049.73033009094,3012.432582522735,0.6174375838601706,False,False,False,False
2024-04-12 00:00:00+00:00,70061.3828125,71222.7421875,65254.8359375,67195.8671875,67195.8671875,44129299406,68573.67342349917,75189.6333220401,61957.71352495825,13231.91979708185,3307.9799492704624,0.395872537233559,False,False,True,False
2024-04-13 00:00:00+00:00,67188.375,67931.4296875,60919.10546875,63821.47265625,63821.47265625,52869738185,68159.41905975323,75516.24781219006,60802.59030731639,14713.65750487367,3678.4143762184176,0.2051755213096165,False,False,False,False
2024-04-14 00:00:00+00:00,63836.23046875,65824.4296875,62205.8515625,65738.7265625,65738.7265625,49084320047,67819.4428893799,75164.30439157305,60474.58138718676,14689.723004386295,3672.4307510965737,0.35835564589893143,False,False,False,False
2024-04-15 00:00:00+00:00,65739.6484375,66878.6484375,62332.0703125,63426.2109375,63426.2109375,43595917654,67475.90641380404,74995.59739077787,59956.21543683021,15039.38195394766,3759.845488486915,0.23072726733687082,False,False,False,False
2024-04-16 00:00:00+00:00,63419.296875,64355.66796875,61716.40234375,63811.86328125,63811.86328125,42847528078,67077.69099641794,74373.26600069439,59782.11599214149,14591.150008552904,3647.787502138226,0.27617749709559514,False,False,False,False
2024-04-17 00:00:00+00:00,63831.84765625,64486.36328125,59768.5859375,61276.69140625,61276.69140625,41915247049,66579.23282612416,74088.80579872297,59069.65985352536,15019.145945197612,3754.786486299403,0.14694787311993215,False,False,False,False
2024-04-18 00:00:00+00:00,61275.31640625,64125.6875,60833.48046875,63512.75390625,63512.75390625,36006307335,66221.5891244298,73638.64620601872,58804.532042840874,14834.114163177845,3708.528540794461,0.317391507953752,False,False,False,False
2024-04-19 00:00:00+00:00,63510.75,65481.59765625,59651.390625,63843.5703125,63843.5703125,49920425401,65914.02694095236,73755.41972063239,58072.634161272326,15682.785559360062,3920.6963898400154,0.3679790257530728,False,False,False,False
2024-04-20 00:00:00+00:00,63851.1015625,65442.45703125,63172.40234375,64994.44140625,64994.44140625,23097485495,65782.82757455214,73294.09201376417,58271.56313534011,15022.528878424055,3755.6322196060137,0.4475197435343626,False,False,False,False
2024-04-21 00:00:00+00:00,64992.81640625,65723.2421875,64277.72265625,64926.64453125,64926.64453125,20506644853,65705.97445237257,72755.21635391339,58656.73255083174,14098.483803081654,3524.6209507704134,0.4447224302976312,False,False,False,False
2024-04-22 00:00:00+00:00,64935.6328125,67233.9609375,64548.1796875,66837.6796875,66837.6796875,28282686673,65753.6537207974,72635.12768218415,58872.17975941066,13762.947922773485,3440.736980693371,0.5787640825777495,False,False,False,True
2024-04-23 00:00:00+00:00,66839.890625,67199.2421875,65864.8671875,66407.2734375,66407.2734375,24310975583,65823.82583667384,72284.02740192192,59363.624271425775,12920.403130496146,3230.1007826240366,0.5451570740427623,False,False,False,False
2024-04-24 00:00:00+00:00,66408.71875,67075.3671875,63589.87109375,64276.8984375,64276.8984375,30276655120,65743.5293036176,72254.80993109086,59232.248676144336,13022.561254946522,3255.6403137366306,0.3873776949553216,False,False,True,False
2024-04-25 00:00:00+00:00,64275.01953125,65275.20703125,62783.6328125,64481.70703125,64481.70703125,32155786816,65594.63911200322,71953.10652047915,59236.17170352728,12716.93481695187,3179.2337042379677,0.41248425058610344,False,False,False,False
2024-04-26 00:00:00+00:00,64485.37109375,64789.65625,63322.3984375,63755.3203125,63755.3203125,24139372950,65438.55840292355,71454.63063305189,59422.4861727952,12032.144460256684,3008.036115064171,0.3601048968466562,False,False,False,False
2024-04-27 00:00:00+00:00,63750.98828125,63898.36328125,62424.71875,63419.140625,63419.140625,19530783039,65229.87736951019,70939.0712828757,59520.68345614468,11418.387826731014,2854.5969566827534,0.3414192290551593,False,False,False,False
2024-04-28 00:00:00+00:00,63423.515625,64321.484375,62793.59765625,63113.23046875,63113.23046875,17334827993,65056.502143842554,70500.35400962151,59612.65027806359,10887.703731557922,2721.9259328894805,0.32151684845538214,False,False,False,False
2024-04-29 00:00:00+00:00,63106.36328125,64174.87890625,61795.45703125,63841.12109375,63841.12109375,26635912073,64886.40533748453,70261.7563916856,59511.05428328347,10750.702108402133,2687.675527100533,0.4027706066827393,False,False,False,False
2024-04-30 00:00:00+00:00,63839.41796875,64703.33203125,59120.06640625,60636.85546875,60636.85546875,37840840057,64562.62876268442,70517.09783646537,58608.15968890346,11908.938147561908,2977.234536890477,0.1703506857378269,False,False,False,False
2024-05-01 00:00:00+00:00,60609.49609375,60780.5,56555.29296875,58254.01171875,58254.01171875,48439780271,63988.08648965099,70192.15006230384,57784.022916998125,12408.12714530572,3102.03178632643,0.03787749724418989,False,False,False,False
2024-05-02 00:00:00+00:00,58253.703125,59602.296875,56937.203125,59123.43359375,59123.43359375,32711813559,63470.584080914385,69587.26004630196,57353.90811552681,12233.351930775156,3058.337982693789,0.14464763935807648,False,False,False,False
2024-05-03 00:00:00+00:00,59122.30078125,63320.50390625,58848.3125,62889.8359375,62889.8359375,33172023048,63300.64440158127,69700.09105168008,56901.19775148245,12798.893300197633,3199.7233250494082,0.4679028135913189,False,False,False,False
2024-05-04 00:00:00+00:00,62891.03125,64494.95703125,62599.3515625,63891.47265625,63891.47265625,20620477992,63335.05227603384,69473.67535487277,57196.429197194906,12277.246157677866,3069.3115394194665,0.5453212693685539,False,False,False,True
2024-05-05 00:00:00+00:00,63892.453125,64610.890625,62955.3046875,64031.1328125,64031.1328125,18296164805,63385.5973965703,69241.47535502535,57529.71943811526,11711.755916910093,2927.9389792275233,0.5551185851642992,False,False,False,False
2024-05-06 00:00:00+00:00,64038.3125,65494.90234375,62746.23828125,63161.94921875,63161.94921875,28697928697,63425.16240146043,69245.18537656998,57605.13942635089,11640.045950219086,2910.0114875547715,0.47738727288224486,False,False,True,False
2024-05-07 00:00:00+00:00,63162.76171875,64390.45703125,62285.98046875,62334.81640625,62334.81640625,25930730982,63385.02801104357,69043.94400114215,57726.11202094499,11317.831980197167,2829.4579950492916,0.4072073514935433,False,False,False,False
2024-05-08 00:00:00+00:00,62332.640625,62986.0859375,60877.12890625,61187.94140625,61187.94140625,26088172222,63222.99855761085,68737.81435494957,57708.182760272124,11029.631594677448,2757.407898669362,0.3154918290885706,False,False,False,False
2024-05-09 00:00:00+00:00,61191.19921875,63404.9140625,60648.07421875,63049.9609375,63049.9609375,25453338161,63141.53676541775,68656.23895177261,57626.834579062896,11029.404372709716,2757.351093177429,0.4916971193708029,False,False,False,False
2024-05-10 00:00:00+00:00,63055.19140625,63446.7421875,60208.78125,60792.77734375,60792.77734375,27804954694,62983.558685576376,68594.38284079575,57372.734530357004,11221.648310438744,2805.412077609686,0.30477187653542487,False,False,False,False
2024-05-11 00:00:00+00:00,60793.35546875,61451.15234375,60492.625,60793.7109375,60793.7109375,13842272968,62786.314629211956,68027.76183765939,57544.86742076452,10482.894416894866,2620.7236042237164,0.3099185575597751,False,False,False,False
2024-05-12 00:00:00+00:00,60793.50390625,61818.15625,60632.6015625,61448.39453125,61448.39453125,13800459405,62644.73394527908,67599.14737038176,57690.320520176385,9908.826850205376,2477.206712551344,0.3792652821454563,False,False,False,False
2024-05-13 00:00:00+00:00,61451.21875,63422.66015625,60769.83984375,62901.44921875,62901.44921875,27889181179,62618.05925902234,67607.59540411476,57628.52311392992,9979.072290184842,2494.7680725462105,0.5283984273775021,False,False,False,True
2024-05-14 00:00:00+00:00,62900.7734375,63092.125,61123.765625,61552.7890625,61552.7890625,28186271527,62551.85297046465,67436.10737604783,57667.59856488147,9768.508811166364,2442.127202791591,0.3977260575511155,False,False,True,False
2024-05-15 00:00:00+00:00,61553.98828125,66454.453125,61330.41015625,66267.4921875,66267.4921875,39815167074,62754.92587704738,68175.56343582225,57334.28831827252,10841.275117549725,2710.3187793874313,0.8239993702185934,False,False,False,True
2024-05-16 00:00:00+00:00,66256.109375,66712.4296875,64613.0546875,65231.58203125,65231.58203125,31573077994,63018.17313974922,68316.6219426466,57719.72433685185,10596.897605794751,2649.224401448688,0.7088732923389209,False,False,False,False
2024-05-17 00:00:00+00:00,65231.296875,67459.4609375,65119.31640625,67051.875,67051.875,28031279310,63353.92339132073,68590.55622017836,58117.290562463095,10473.265657715267,2618.3164144288166,0.8530848667010683,False,False,False,False
2024-05-18 00:00:00+00:00,67066.2109375,67387.328125,66663.5,66940.8046875,66940.8046875,16712277406,63700.903157623514,68558.63832859539,58843.16798665164,9715.47034194375,2428.8675854859375,0.8334786084302207,False,False,False,False
2024-05-19 00:00:00+00:00,66937.9296875,67694.296875,65937.1796875,66278.3671875,66278.3671875,19249094538,63980.49472197683,68703.87981335151,59257.10963060214,9446.770182749366,2361.6925456873414,0.7432442433837643,False,False,False,False
2024-05-20 00:00:00+00:00,66278.7421875,71483.5625,66086.171875,71448.1953125,71448.1953125,43850655717,64522.60410361396,69853.12881085118,59192.07939637674,10661.049414474437,2665.2623536186093,1.0,True,False,False,False
2024-05-21 00:00:00+00:00,71443.0625,71946.4609375,69191.125,70136.53125,70136.53125,46932005990,65084.70902033326,70433.24844434675,59736.16959631977,10697.078848026984,2674.269712006746,0.9722618484389799,False,False,False,False
2024-05-22 00:00:00+00:00,70135.3203125,70623.6953125,68977.6953125,69122.3359375,69122.3359375,32802561717,65512.31535371422,70655.20083532637,60369.429872102075,10285.770963224291,2571.442740806073,0.8509722894562822,False,False,False,False
2024-05-23 00:00:00+00:00,69121.3046875,70041.2734375,66356.953125,67929.5625,67929.5625,41895680979,65759.64370296366,71125.10469891458,60394.182707012726,10730.921991901858,2682.7304979754645,0.7022117762736404,False,False,False,False
2024-05-24 00:00:00+00:00,67928.1328125,69220.296875,66622.671875,68526.1015625,68526.1015625,29197308153,65984.72748720521,71333.16738356104,60636.28759084937,10696.879792711668,2674.219948177917,0.7375808763436195,False,False,False,False
2024-05-25 00:00:00+00:00,68526.921875,69579.3203125,68515.8203125,69265.9453125,69265.9453125,15473071741,66283.35934358249,71309.65525030273,61257.063436862234,10052.5918134405,2513.147953360125,0.7966982072155505,False,False,False,False
2024-05-26 00:00:00+00:00,69264.2890625,69506.2265625,68183.890625,68518.09375,68518.09375,15628433737,66516.95086443177,71305.08436798,61728.81736088354,9576.26700709646,2394.066751774115,0.7089689942944665,False,False,False,False
2024-05-27 00:00:00+00:00,68512.1796875,70597.8828125,68232.5,69394.5546875,69394.5546875,25870990717,66792.3186392478,71574.7153549412,62009.921923554386,9564.793431386817,2391.1983578467043,0.772064009214562,False,False,False,False
2024-05-28 00:00:00+00:00,69392.1953125,69514.640625,67227.15625,68296.21875,68296.21875,32722265965,66940.28878868451,71701.94270780857,62178.63486956045,9523.307838248125,2380.8269595620313,0.6423801460947968,False,False,False,False
2024-05-29 00:00:00+00:00,68296.3515625,68852.4609375,67101.4921875,67578.09375,67578.09375,26707072906,67026.35801119075,71662.04028840241,62390.67573397909,9271.364554423315,2317.8411386058287,0.5595096585373746,False,False,False,False
2024-05-30 00:00:00+00:00,67576.0859375,69500.5390625,67118.078125,68364.9921875,68364.9921875,29509712534,67150.31151409322,71798.91775108372,62501.70527710272,9297.212473980995,2324.303118495249,0.6306499853376657,False,False,False,False
2024-05-31 00:00:00+00:00,68362.515625,68999.5625,66633.421875,67491.4140625,67491.4140625,27387283769,67203.43735203672,71860.41109032817,62546.463613745276,9313.947476582893,2328.486869145723,0.5309188677719417,False,False,False,False
2024-06-01 00:00:00+00:00,67489.609375,67839.765625,67386.1953125,67706.9375,67706.9375,11641495604,67245.42422128719,71527.41464824948,62963.43379432489,8563.980853924593,2140.9952134811483,0.5538900409266231,False,False,False,False
2024-06-02 00:00:00+00:00,67710.2734375,68409.1640625,67315.5234375,67751.6015625,67751.6015625,17110588415,67300.66283711698,71373.18234638305,63228.14332785091,8145.039018532145,2036.2597546330362,0.5553636053009708,False,False,False,False
2024-06-03 00:00:00+00:00,67753.8984375,70230.8203125,67589.8359375,68804.78125,68804.78125,32401285324,67450.6135986614,71644.07803200086,63257.149165321935,8386.928866678929,2096.732216669732,0.6614616831577859,False,False,False,False
2024-06-04 00:00:00+00:00,68804.5703125,71047.40625,68564.640625,70567.765625,70567.765625,33149696545,67699.12063688412,71969.79175188964,63428.4495218786,8541.34223001104,2135.33555750276,0.8358541211516552,False,False,False,False
2024-06-05 00:00:00+00:00,70568.3515625,71735.4140625,70390.7109375,71082.8203125,71082.8203125,32810771409,68020.12328456182,72132.66791306679,63907.57865605685,8225.089257009939,2056.2723142524846,0.8723603394732714,False,False,False,False
2024-06-06 00:00:00+00:00,71082.84375,71625.734375,70119.125,70757.1640625,70757.1640625,25223152007,68288.1122872226,72290.72432787706,64285.500246568125,8005.2240813089375,2001.3060203272344,0.8084300639431559,False,False,False,False
2024-06-07 00:00:00+00:00,70759.1875,71907.8515625,68507.2578125,69342.5859375,69342.5859375,36188381096,68443.45699994743,72725.92658653646,64160.98741335841,8564.939173178049,2141.234793294512,0.6049778544100205,False,False,False,False
2024-06-08 00:00:00+00:00,69324.1796875,69533.3203125,69210.7421875,69305.7734375,69305.7734375,14262185861,68529.78922019053,72448.52747312066,64611.05096726042,7837.4765058602425,1959.3691264650606,0.5990094473303037,False,False,False,False
2024-06-09 00:00:00+00:00,69297.4921875,69817.5234375,69160.84375,69647.9921875,69647.9921875,13534028500,68626.20165556921,72284.40202070631,64968.001290432105,7316.40073027421,1829.1001825685526,0.6396575405858742,False,False,False,False
2024-06-10 00:00:00+00:00,69644.3125,70146.0703125,69232.421875,69512.28125,69512.28125,20597699541,68721.82605146739,72196.93606759078,65246.71603534399,6950.220032246791,1737.5550080616977,0.6137309602955239,False,False,False,False
2024-06-11 00:00:00+00:00,69508.078125,69549.4140625,66123.6015625,67332.03125,67332.03125,37116136345,68621.49489974034,72434.2564142514,64808.73338522928,7625.5230290221225,1906.3807572555306,0.3309016122785615,False,False,True,False
2024-06-12 00:00:00+00:00,67321.375,69977.890625,66902.453125,68241.1875,68241.1875,34497940694,68597.90907595554,72644.48193901549,64551.336212895585,8093.145726119903,2023.2864315299757,0.45592300101501326,False,False,False,False
2024-06-13 00:00:00+00:00,68243.1015625,68365.78125,66304.5625,66756.3984375,66756.3984375,28955204146,68459.27463022961,72513.43395698357,64405.11530347566,8108.318653507915,2027.0796633769787,0.2899840564365466,False,False,False,False
2024-06-14 00:00:00+00:00,66747.5703125,67294.6484375,65056.89453125,66011.09375,66011.09375,27403884779,68236.57027556488,72332.86445089344,64140.27610023632,8192.588350657119,2048.1470876642798,0.2283548946547064,False,False,False,False
2024-06-15 00:00:00+00:00,66006.7421875,66402.1875,65871.7734375,66191.0,66191.0,14121265576,68038.32424733648,71831.07181763218,64245.57667704078,7585.4951405914035,1896.3737851478509,0.25646622757015514,False,False,False,False
2024-06-16 00:00:00+00:00,66189.359375,66894.84375,66018.25,66639.046875,66639.046875,13281140541,67893.47243409809,71482.26399736422,64304.68087083196,7177.583126532263,1794.3957816330658,0.32523008971347905,False,False,False,False
2024-06-17 00:00:00+00:00,66636.515625,67188.3203125,65094.96484375,66490.296875,66490.296875,30006354476,67737.69988581097,71386.2833865005,64089.11638512145,7297.167001379043,1824.2917503447607,0.3290565351491566,False,False,False,False
2024-06-18 00:00:00+00:00,66490.9765625,66556.703125,64066.95703125,65140.74609375,65140.74609375,39481285950,67501.23342843216,71282.90779780272,63719.55905906158,7563.348738741137,1890.8371846852842,0.1879044698030099,False,False,False,False
2024-06-19 00:00:00+00:00,65146.66015625,65695.3515625,64693.30078125,64960.296875,64960.296875,21103423504,67274.09847393862,70878.01556262214,63670.181385255106,7207.834177367033,1801.9585443417582,0.1789879536624084,False,False,False,False
2024-06-20 00:00:00+00:00,64960.296875,66438.9609375,64547.84765625,64828.65625,64828.65625,25641109124,67083.4054397143,70705.15347577947,63461.657403649144,7243.496072130329,1810.8740180325822,0.18872086527532536,False,False,False,False
2024-06-21 00:00:00+00:00,64837.98828125,65007.546875,63378.89453125,64096.19921875,64096.19921875,26188171739,66805.0697033923,70390.37340460095,63219.766002183664,7170.607402417285,1792.6518506043212,0.1222257986500393,False,False,False,False
2024-06-22 00:00:00+00:00,64113.86328125,64475.46875,63929.7578125,64252.578125,64252.578125,9858198793,66558.80289632319,69894.71841491097,63222.88737773541,6671.831037175558,1667.9577592938895,0.1543340563523171,False,False,False,False
2024-06-23 00:00:00+00:00,64248.96484375,64491.703125,63180.796875,63180.796875,63180.796875,11170471802,66278.70410857812,69543.20932530712,63014.19889184912,6529.010433458003,1632.2526083645007,0.02551657480851119,False,False,False,False
2024-06-24 00:00:00+00:00,63173.3515625,63292.52734375,58601.69921875,60277.4140625,60277.4140625,43152133651,65749.67326093576,69625.89358099186,61873.45294087965,7752.4406401122105,1938.1101600280526,0.0,False,False,False,False
2024-06-25 00:00:00+00:00,60266.28125,62258.26171875,60239.75,61804.640625,61804.640625,29201215431,65338.67746921965,69230.97810102014,61446.37683741916,7784.601263600984,1946.150315900246,0.046022111531389895,False,False,False,False
2024-06-26 00:00:00+00:00,61789.67578125,62434.13671875,60695.1875,60811.27734375,60811.27734375,22506003064,64955.33045826222,68806.19087063266,61104.47004589178,7701.720824740885,1925.4302061852213,0.0,False,False,False,False
2024-06-27 00:00:00+00:00,60811.2265625,62293.86328125,60585.33203125,61604.80078125,61604.80078125,21231745045,64625.74330648328,68433.22392761668,60818.26268534988,7614.9612422668,1903.7403105667,0.1032885225382953,False,False,False,False
2024-06-28 00:00:00+00:00,61612.8046875,62126.09765625,59985.40234375,60320.13671875,60320.13671875,24952866877,64262.3911413817,68117.26276290175,60407.519519861635,7709.743243040117,1927.4358107600292,0.0,False,False,False,False
2024-06-29 00:00:00+00:00,60319.875,61097.62109375,60300.96484375,60887.37890625,60887.37890625,12652903396,63929.01944041677,67557.73514978483,60300.30373104872,7257.431418736109,1814.3578546840272,0.0808929690586756,False,False,False,False
2024-06-30 00:00:00+00:00,60888.4453125,62892.828125,60632.94921875,62678.29296875,62678.29296875,17333226409,63751.781725853274,67469.60164553452,60033.961806172025,7435.639839362499,1858.9099598406247,0.3556292692633549,False,False,False,False
2024-07-01 00:00:00+00:00,62673.60546875,63777.2265625,62495.51171875,62851.98046875,62851.98046875,25468379421,63684.14279164503,67286.52368810815,60081.7618951819,7204.761792926249,1801.1904482315622,0.38449828782513573,False,False,False,False
2024-07-02 00:00:00+00:00,62844.41015625,63203.359375,61752.74609375,62029.015625,62029.015625,20151616992,63555.02192557565,67087.28738864246,60022.75646250884,7064.530926133622,1766.1327315334056,0.2839904281640922,False,False,False,False
2024-07-03 00:00:00+00:00,62034.33203125,62187.703125,59419.38671875,60173.921875,60173.921875,29756701685,63272.988463417656,67005.69066142778,59540.28626540753,7465.404396020254,1866.3510990050636,0.08487626067922818,False,False,False,False
2024-07-04 00:00:00+00:00,60147.13671875,60399.67578125,56777.8046875,56977.703125,56977.703125,41149609230,62775.725549242954,66859.53174620208,58691.91935228383,8167.6123939182435,2041.9030984795609,0.0,False,True,False,False
2024-07-05 00:00:00+00:00,57022.80859375,57497.15234375,53717.375,56662.375,56662.375,55417544033,62126.51049197378,66557.89153798699,57695.12944596057,8862.762092026416,2215.690523006604,0.0,False,False,False,False
2024-07-06 00:00:00+00:00,56659.07421875,58472.546875,56038.9609375,58303.5390625,58303.5390625,20610320577,61695.89193321437,66170.85206212626,57220.93180430248,8949.920257823775,2237.4800644559436,0.12096278257352419,False,False,False,False
2024-07-07 00:00:00+00:00,58239.4296875,58371.12109375,55793.32421875,55849.109375,55849.109375,20553359505,61217.34840584475,65760.37189686544,56674.32491482405,9086.046982041393,2271.511745510348,0.0,False,True,False,False
2024-07-08 00:00:00+00:00,55849.57421875,58131.3359375,54321.01953125,56705.09765625,56705.09765625,39766159899,60757.20262512938,65607.987048298,55906.418201960754,9701.56884633725,2425.3922115843125,0.08232477313097467,False,False,False,False
2024-07-09 00:00:00+00:00,56704.59765625,58239.1953125,56316.875,58009.2265625,58009.2265625,27849512607,60449.0657679742,65199.23581132597,55698.89572462243,9500.340086703538,2375.0850216758845,0.24318401412924745,False,False,False,False
2024-07-10 00:00:00+00:00,58033.8828125,59359.43359375,57178.4140625,57742.49609375,57742.49609375,26175260526,60224.72121070682,64936.07815597341,55513.36426544023,9422.713890533181,2355.6784726332953,0.23657004279301502,False,False,False,False
2024-07-11 00:00:00+00:00,57729.890625,59299.43359375,57120.37890625,57344.9140625,57344.9140625,28707803842,60005.374002147444,64681.40619038737,55329.341813907515,9352.064376479859,2338.0160941199647,0.21552163965654306,False,False,False,False
2024-07-12 00:00:00+00:00,57341.1953125,58532.5546875,56590.17578125,57899.46484375,57899.46484375,25604805221,59783.34458329213,64380.24933395807,55186.43983262619,9193.809501331882,2298.4523753329704,0.29509258493237045,False,False,False,False
2024-07-13 00:00:00+00:00,57908.73828125,59787.078125,57796.44140625,59231.953125,59231.953125,17080061806,59702.88232635161,64238.22394570096,55167.54070700226,9070.683238698693,2267.6708096746734,0.44808227903467496,False,False,False,False
2024-07-14 00:00:00+00:00,59225.25,61329.52734375,59225.25,60787.79296875,60787.79296875,22223416061,59773.80052741336,64276.46345357777,55271.13760124895,9005.325852328824,2251.331463082206,0.6125991949613256,False,False,False,True
2024-07-15 00:00:00+00:00,60815.45703125,64870.15234375,60704.9296875,64870.15234375,64870.15234375,38094526099,60126.938076389866,65012.37924118784,55241.496911591894,9770.882329595945,2442.720582398986,0.9854438020395524,False,False,False,False
2024-07-16 00:00:00+00:00,64784.41796875,65354.33984375,62487.96875,65097.1484375,65097.1484375,41617346768,60525.62514947179,65495.79641653996,55555.45388240361,9940.342534136347,2485.085633534087,0.959895951505599,False,False,False,False
2024-07-17 00:00:00+00:00,65091.83203125,66066.734375,63896.0859375,64118.79296875,64118.79296875,32525071311,60922.60095368876,65829.8847815501,56015.3171258274,9814.567655722705,2453.6419139306763,0.8256579532769944,False,False,False,False
2024-07-18 00:00:00+00:00,64104.73828125,65104.66015625,63246.1640625,63974.06640625,63974.06640625,27239305337,61226.00056524221,66014.25522906744,56437.745901416994,9576.509327650441,2394.1273319126103,0.7869590314158877,False,False,False,False
2024-07-19 00:00:00+00:00,63972.32421875,67442.640625,63329.34375,66710.15625,66710.15625,37003855410,61664.22719791756,66796.31577036025,56532.13862547486,10264.17714488539,2566.0442862213476,0.9916058034517475,False,False,False,False
2024-07-20 00:00:00+00:00,66709.921875,67610.734375,66299.6171875,67163.6484375,67163.6484375,19029581250,62174.74524256033,67055.84839525876,57293.6420898619,9762.206305396852,2440.551576349213,1.0,True,False,False,False
2024-07-21 00:00:00+00:00,67164.9140625,68372.90625,65842.296875,68154.5234375,68154.5234375,26652190004,62677.776697633955,67576.89141006254,57778.66198520537,9798.22942485717,2449.5573562142927,1.0,False,False,False,False
2024-07-22 00:00:00+00:00,68152.9765625,68480.0625,66611.296875,67585.25,67585.25,42649109453,63142.64270658945,67925.59907277518,58359.68634040373,9565.91273237145,2391.4781830928623,0.9644206379153532,False,False,False,False
2024-07-23 00:00:00+00:00,67584.8046875,67779.015625,65484.4609375,65927.671875,65927.671875,35605668666,63452.58620873967,68216.15787580682,58689.01454167251,9527.143334134307,2381.785833533577,0.7597930543768011,False,False,False,False
2024-07-24 00:00:00+00:00,65927.859375,67113.984375,65146.99609375,65372.1328125,65372.1328125,27470942309,63683.549848581926,68364.16200519237,59002.937691971485,9361.224313220882,2340.3060783052206,0.6803805685473516,False,False,False,False
2024-07-25 00:00:00+00:00,65375.875,66112.421875,63473.47265625,65777.2265625,65777.2265625,38315761670,63820.45370724873,68560.79449194812,59080.112922549335,9480.681569398788,2370.170392349697,0.7063957998090804,False,False,False,False
2024-07-26 00:00:00+00:00,65771.8125,68207.6015625,65743.765625,67912.0625,67912.0625,30488630457,64150.67810616155,68909.751999891,59391.604212432096,9518.147787458904,2379.536946864726,0.8951802890468298,False,False,False,False
2024-07-27 00:00:00+00:00,67911.8125,69398.5078125,66705.21875,67813.3359375,67813.3359375,34691905492,64514.64725478108,69336.47157163758,59692.82293792457,9643.648633713012,2410.912158428253,0.8420581574474951,False,False,False,False
2024-07-28 00:00:00+00:00,67808.65625,68301.8515625,67085.828125,68255.8671875,68255.8671875,18043166945,64835.26963924637,69418.11621191722,60252.42306657551,9165.693145341713,2291.423286335428,0.8731957304278822,False,False,False,False
2024-07-29 00:00:00+00:00,68259.0546875,69987.5390625,66532.59375,66819.9140625,66819.9140625,40780682628,65115.721637889576,69931.27261579335,60300.1706599858,9631.10195580755,2407.7754889518874,0.6769467743597914,False,False,False,False
2024-07-30 00:00:00+00:00,66819.0546875,66987.671875,65323.19140625,66201.015625,66201.015625,31380492109,65216.18874876517,69883.08072262857,60549.29677490178,9333.783947726792,2333.445986931698,0.6055120711760934,False,False,False,False
2024-07-31 00:00:00+00:00,66201.2734375,66810.2109375,64532.046875,64619.25,64619.25,31292785994,65226.12340166055,69881.9589906376,60570.2878126835,9311.671177954107,2327.917794488527,0.434826585898205,False,False,True,False
2024-08-01 00:00:00+00:00,64625.83984375,65593.2421875,62248.94140625,65357.5,65357.5,40975554494,65147.43493781192,70006.54712414127,60288.32275148257,9718.224372658704,2429.556093164676,0.5216155805971177,False,False,False,True
2024-08-02 00:00:00+00:00,65353.5,65523.22265625,61184.89453125,61415.06640625,61415.06640625,43060875727,64915.08188321872,70155.94847591514,59674.215290522305,10481.733185392834,2620.4332963482084,0.16608428061818212,False,False,True,False
2024-08-03 00:00:00+00:00,61414.80859375,62148.37109375,59836.52734375,60680.09375,60680.09375,31753030589,64531.581773309,69710.73045673578,59352.43308988223,10358.297366853549,2589.574341713387,0.12817363830143275,False,False,False,False
2024-08-04 00:00:00+00:00,60676.09375,61062.98828125,57210.8046875,58116.9765625,58116.9765625,31758917219,63985.4238117637,69417.0943455978,58553.7532779296,10863.341067668196,2715.835266917049,0.0,False,True,False,False
2024-08-05 00:00:00+00:00,58110.296875,58268.828125,49121.23828125,53991.45703125,53991.45703125,108991085584,63014.7968911989,69732.8183403996,56296.775441998216,13436.042898401378,3359.0107246003445,0.0,False,False,False,False
2024-08-06 00:00:00+00:00,53991.34765625,57059.91796875,53973.2734375,56034.31640625,56034.31640625,49300484106,62317.1180702117,68980.66628074231,55653.56985968108,13327.09642106123,3331.7741052653073,0.028569354834651815,False,False,False,False
2024-08-07 00:00:00+00:00,56040.6328125,57726.8828125,54620.5078125,55027.4609375,55027.4609375,41637562185,61695.641795667725,68314.11018514528,55077.173406190166,13236.936778955118,3309.2341947387795,0.0,False,True,False,False
2024-08-08 00:00:00+00:00,55030.02734375,62673.765625,54766.7265625,61710.13671875,61710.13671875,45298472567,61507.187939135874,69045.21730216568,53969.15857610607,15076.058726059608,3769.014681514902,0.5134616601926152,False,False,False,True
2024-08-09 00:00:00+00:00,61728.20703125,61751.86328125,59587.859375,60880.11328125,60880.11328125,33425553115,61434.1172127896,68651.14442076642,54217.09000481278,14434.054415953637,3608.513603988409,0.4616182733156894,False,False,True,False
2024-08-10 00:00:00+00:00,60881.23046875,61464.51171875,60287.56640625,60945.8125,60945.8125,15745822278,61383.18194252392,68113.89549220307,54652.468392844785,13461.427099358283,3365.356774839571,0.46750942977325366,False,False,False,False
2024-08-11 00:00:00+00:00,60944.890625,61778.66015625,58348.82421875,58719.484375,58719.484375,22759754812,61214.846162283546,67958.45554449478,54471.236780072315,13487.218764422461,3371.8046911056153,0.314983219975197,False,False,False,False
2024-08-12 00:00:00+00:00,58719.39453125,60680.33203125,57688.8984375,59354.515625,59354.515625,37078637820,61026.884499010506,67694.41966175061,54359.3493362704,13335.070325480207,3333.7675813700516,0.37458867233605814,False,False,False,False
2024-08-13 00:00:00+00:00,59356.20703125,61572.3984375,58506.25390625,60609.56640625,60609.56640625,30327698167,60950.934189580934,67564.94474229703,54336.92363686484,13228.021105432184,3307.005276358046,0.47419358643215737,False,False,False,False
2024-08-14 00:00:00+00:00,60611.05078125,61687.7578125,58472.875,58737.26953125,58737.26953125,29961696180,60825.38180148592,67420.9678614304,54229.795741541435,13191.172119888965,3297.793029972241,0.3417038113627848,False,False,False,False
2024-08-15 00:00:00+00:00,58733.26171875,59838.6484375,56161.59375,57560.09765625,57560.09765625,35682112440,60542.34035511425,67213.77874656429,53870.90196366421,13342.876782900079,3335.7191957250197,0.27649177554526894,False,False,False,False
2024-08-16 00:00:00+00:00,57560.2734375,59847.359375,57110.01953125,58894.10546875,58894.10546875,29350938673,60358.98998399226,66910.75250504729,53807.227462937226,13103.525042110065,3275.881260527516,0.38820683666916794,False,False,False,False
2024-08-17 00:00:00+00:00,58893.53125,59694.66796875,58814.83203125,59478.97265625,59478.97265625,13589684021,60260.94245079459,66333.49590724411,54188.388994345056,12145.106912899057,3036.276728224764,0.4356144165586496,False,False,False,False
2024-08-18 00:00:00+00:00,59468.1328125,60262.71875,58445.40234375,58483.96484375,58483.96484375,17740625837,60146.9506598459,65975.71205190048,54318.18926779132,11657.522784109162,2914.3806960272905,0.3573465523599247,False,False,False,False
2024-08-19 00:00:00+00:00,58480.7109375,59612.66015625,57864.7109375,59493.453125,59493.453125,25911207712,60036.79104839232,65632.26614499144,54441.3159517932,11190.950193198245,2797.7375482995612,0.4514484548664547,False,False,False,False
2024-08-20 00:00:00+00:00,59493.453125,61396.328125,58610.8828125,59012.79296875,59012.79296875,31613400008,60002.176151918444,65595.19280135765,54409.15950247923,11186.033298878421,2796.5083247196053,0.4115519186530899,False,False,False,False
2024-08-21 00:00:00+00:00,59014.98828125,61834.3515625,58823.4453125,61175.19140625,61175.19140625,32731154072,60060.15900352145,65696.05523801674,54424.26276902616,11271.792468990578,2817.9481172476444,0.5989223680081122,False,False,False,True
2024-08-22 00:00:00+00:00,61168.31640625,61408.109375,59815.25390625,60381.9140625,60381.9140625,27625734377,60105.39076013051,65496.26846492627,54714.513055334755,10781.755409591511,2695.438852397878,0.5256473358803421,False,False,False,False
2024-08-23 00:00:00+00:00,60380.953125,64947.0625,60372.05078125,64094.35546875,64094.35546875,42530509233,60394.19382265776,66160.98610072394,54627.40154459158,11533.584556132359,2883.3961390330896,0.8208162759880996,False,False,False,False
2024-08-24 00:00:00+00:00,64103.87109375,64513.7890625,63619.91796875,64178.9921875,64178.9921875,21430585163,60747.53089411099,66116.41816312056,55378.643625101424,10737.774538019134,2684.4436345047834,0.8195691324342179,False,False,False,False
2024-08-25 00:00:00+00:00,64176.3671875,64996.421875,63833.51953125,64333.54296875,64333.54296875,18827683555,61094.22586848137,66158.80487933998,56029.64685762276,10129.158021717216,2532.289505429304,0.8198012207256947,False,False,False,False
2024-08-26 00:00:00+00:00,64342.2265625,64489.70703125,62849.55859375,62880.66015625,62880.66015625,27682040631,61314.45596930061,66200.60676657336,56428.30517202786,9772.301594545497,2443.0753986363743,0.6602697350052708,False,False,False,False
2024-08-27 00:00:00+00:00,62879.70703125,63210.796875,58116.75,59504.1328125,59504.1328125,39103882198,61215.67221627198,66632.01730881745,55799.32712372651,10832.690185090942,2708.1725462727354,0.3420023674149221,False,False,True,False
2024-08-28 00:00:00+00:00,59507.92578125,60236.44921875,57890.67578125,59027.625,59027.625,40289564698,61009.56851313497,66353.4337839259,55665.70324234404,10687.730541581856,2671.932635395464,0.3145589930973665,False,False,False,False
2024-08-29 00:00:00+00:00,59027.46875,61184.08203125,58786.2265625,59388.1796875,59388.1796875,32224990582,60893.05367954275,66182.10351700458,55604.003842080914,10578.099674923666,2644.5249187309164,0.3577368300272131,False,False,False,False
2024-08-30 00:00:00+00:00,59388.6015625,59896.88671875,57768.53125,59119.4765625,59119.4765625,32292756405,60705.93410787995,65891.7500553456,55520.1181604143,10371.631894931306,2592.9079737328266,0.3470387725430879,False,False,False,False
2024-08-31 00:00:00+00:00,59117.48046875,59432.59375,58768.78515625,58969.8984375,58969.8984375,12403470760,60548.90156883583,65348.89764030491,55748.905497366744,9599.992142938165,2399.998035734541,0.3355203725351635,False,False,False,False
2024-09-01 00:00:00+00:00,58969.80078125,59062.0703125,57217.82421875,57325.48828125,57325.48828125,24592449997,60293.6215087086,64982.46719178078,55604.775825636425,9377.691366144354,2344.4228415360885,0.18348998580031617,False,False,False,False
2024-09-02 00:00:00+00:00,57326.96875,59403.0703125,57136.02734375,59112.48046875,59112.48046875,27036454524,60127.61241660937,64800.982125124334,55454.24270809441,9346.739417029923,2336.6848542574808,0.3913918637755339,False,False,False,False
2024-09-03 00:00:00+00:00,59106.19140625,59815.05859375,57425.16796875,57431.0234375,57431.0234375,26666961053,59946.2921864561,64630.30304911956,55262.28132379264,9368.021725326922,2342.0054313317305,0.2315048125736149,False,False,False,False
2024-09-04 00:00:00+00:00,57430.34765625,58511.5703125,55673.1640625,57971.5390625,57971.5390625,35627680312,59702.40002385711,64485.69105025422,54919.108997459996,9566.582052794227,2391.6455131985567,0.3190721668611459,False,False,False,False
2024-09-05 00:00:00+00:00,57971.703125,58300.58203125,55712.453125,56160.48828125,56160.48828125,31030280656,59418.7912418231,64241.378946830504,54596.203536815694,9645.17541001481,2411.2938525037025,0.16218313072980226,False,False,False,False
2024-09-06 00:00:00+00:00,56160.19140625,56976.109375,52598.69921875,53948.75390625,53948.75390625,49361693566,58951.08294895106,64166.89391470772,53735.2719831944,10431.62193151332,2607.90548287833,0.02046488306968697,False,False,False,False
2024-09-07 00:00:00+00:00,53949.0859375,54838.14453125,53740.0703125,54139.6875,54139.6875,19061486526,58502.34179012239,63416.18650305338,53588.497077191394,9827.689425861987,2456.9223564654967,0.05608545395809158,False,False,False,False
2024-09-08 00:00:00+00:00,54147.93359375,55300.859375,53653.7578125,54841.56640625,54841.56640625,18268287531,58130.56903530915,62882.449589447046,53378.68848117125,9503.761108275794,2375.9402770689485,0.15392620967764928,False,False,False,False
2024-09-09 00:00:00+00:00,54851.88671875,58041.125,54598.43359375,57019.53515625,57019.53515625,34618096173,57980.327341470176,62945.55812144429,53015.096561496066,9930.46155994822,2482.615389987055,0.40324798304489023,False,False,False,False
2024-09-10 00:00:00+00:00,57020.09765625,58029.9765625,56419.4140625,57648.7109375,57648.7109375,28857630507,57921.82319982222,62712.643401798916,53131.00299784552,9581.640403953395,2395.410100988349,0.4714962938695203,False,False,False,False
2024-09-11 00:00:00+00:00,57650.2890625,57991.3203125,55567.33984375,57343.171875,57343.171875,37049062672,57830.91407067248,62627.448346201505,53034.37979514345,9593.068551058052,2398.267137764513,0.4491568111833534,False,False,False,False
2024-09-12 00:00:00+00:00,57343.171875,58534.359375,57330.1015625,58127.01171875,58127.01171875,33835707949,57846.7467831878,62404.47919366393,53289.014372711674,9115.464820952257,2278.866205238064,0.5307460937063788,False,False,False,True
2024-09-13 00:00:00+00:00,58130.32421875,60648.0234375,57650.11328125,60571.30078125,60571.30078125,32490528356,58015.92764510642,62717.46884578493,53314.38644442791,9403.082401357024,2350.770600339256,0.77175909207972,False,False,False,False
2024-09-14 00:00:00+00:00,60569.1171875,60656.72265625,59517.8828125,60005.12109375,60005.12109375,16428405496,58210.59252215978,62669.74757152044,53751.437472799116,8918.310098721326,2229.5775246803314,0.7012184541382469,False,False,False,False
2024-09-15 00:00:00+00:00,60000.7265625,60381.91796875,58696.30859375,59182.8359375,59182.8359375,18120960867,58325.80791687472,62676.16933629932,53975.446497450124,8700.722838849193,2175.1807097122983,0.5985007839576963,False,False,False,False
2024-09-16 00:00:00+00:00,59185.2265625,59205.51171875,57501.33984375,58192.5078125,58192.5078125,32032822113,58323.32968272792,62579.489335210055,54067.17003024578,8512.319304964272,2128.079826241068,0.48463146581547695,False,False,True,False
2024-09-17 00:00:00+00:00,58192.5078125,61316.08984375,57628.0703125,60308.5390625,60308.5390625,38075570118,58459.288735761766,63027.43632924569,53891.14114227784,9136.29518696785,2284.0737967419627,0.70240702482731,False,False,False,True
2024-09-18 00:00:00+00:00,60309.0,61664.06640625,59218.25390625,61649.6796875,61649.6796875,40990702891,58686.404094260644,63286.89942839617,54085.908760125116,9200.990668271057,2300.2476670677643,0.8220604932747073,False,False,False,False
2024-09-19 00:00:00+00:00,61651.15625,63872.44140625,61609.8671875,62940.45703125,62940.45703125,42710252573,59078.89785115646,63671.85849562843,54485.93720668448,9185.921288943951,2296.480322235988,0.9203779956988378,False,False,False,False
2024-09-20 00:00:00+00:00,62941.42578125,64119.53125,62364.60546875,63192.9765625,63192.9765625,35177164222,59473.83181076853,63958.48154704332,54989.18207449375,8969.299472549566,2242.3248681373916,0.914652756674461,False,False,False,False
2024-09-21 00:00:00+00:00,63184.33984375,63543.359375,62783.10546875,63394.83984375,63394.83984375,14408616220,59832.55591410804,64020.79145800534,55644.320370210735,8376.471087794605,2094.1177719486514,0.9252726347772612,False,False,False,False
2024-09-22 00:00:00+00:00,63396.8046875,63993.421875,62440.7265625,63648.7109375,63648.7109375,20183348802,60168.593743716796,64248.54479572437,56088.642691709225,8159.902104015142,2039.9755260037855,0.9264900668441581,False,False,False,False
2024-09-23 00:00:00+00:00,63643.1015625,64733.55859375,62628.078125,63329.80078125,63329.80078125,31400285425,60491.947910981864,64584.99995153868,56398.89587042505,8186.104081113634,2046.5260202784084,0.8466670887822472,False,False,False,False
2024-09-24 00:00:00+00:00,63326.83984375,64695.21484375,62737.41796875,64301.96875,64301.96875,29938335243,60817.62276271375,64892.92897421488,56742.316551212614,8150.612423002269,2037.6531057505672,0.9274949913521708,False,False,False,False
2024-09-25 00:00:00+00:00,64302.58984375,64804.50390625,62945.375,63143.14453125,63143.14453125,25078377700,61085.564196026724,65125.165567627744,57045.962824425704,8079.20274320204,2019.80068580051,0.7546761605846015,False,False,False,False
2024-09-26 00:00:00+00:00,63138.546875,65790.796875,62669.26953125,65181.01953125,65181.01953125,36873129847,61415.22747696069,65675.1741801516,57155.28077376977,8519.89340638183,2129.9733515954576,0.9419999024246645,False,False,False,False
2024-09-27 00:00:00+00:00,65180.6640625,66480.6953125,64852.9921875,65790.6640625,65790.6640625,32058813449,61824.074116059666,65983.5667739315,57664.58145818784,8318.98531574366,2079.746328935915,0.9768117499779176,False,False,False,False
2024-09-28 00:00:00+00:00,65792.1796875,66255.53125,65458.03515625,65887.6484375,65887.6484375,15243637984,62209.12149687144,66112.16410770608,58306.0788860368,7806.08522166928,1951.52130541732,0.9712383782868736,False,False,False,False
2024-09-29 00:00:00+00:00,65888.8984375,66069.34375,65450.015625,65635.3046875,65635.3046875,14788214575,62543.32148328051,66179.92545803169,58906.71750852933,7273.2079495023645,1818.3019873755911,0.9251195931268602,False,False,False,False
2024-09-30 00:00:00+00:00,65634.65625,65635.0546875,62873.6171875,63329.5,63329.5,37112957475,62676.91536979348,66502.19644706954,58851.63429251742,7650.562154552121,1912.6405386380302,0.5852989122921158,False,False,False,False
2024-10-01 00:00:00+00:00,63335.60546875,64110.98046875,60189.27734375,60837.0078125,60837.0078125,50220923500,62585.05884647982,66812.15244102827,58357.96525193137,8454.187189096905,2113.5467972742263,0.29323251367863895,False,False,True,False
2024-10-02 00:00:00+00:00,60836.32421875,62357.6875,59996.94921875,60632.78515625,60632.78515625,40762722398,62433.70155554524,66710.23344688884,58157.16966420163,8553.063782687212,2138.265945671803,0.28944195377794507,False,False,False,False
2024-10-03 00:00:00+00:00,60632.484375,61469.0390625,59878.8046875,60759.40234375,60759.40234375,36106447279,62268.81715640601,66435.74273361526,58101.89157919676,8333.851154418502,2083.4627886046255,0.3188814769200986,False,False,False,False
2024-10-04 00:00:00+00:00,60754.625,62465.9921875,60459.94140625,62067.4765625,62067.4765625,29585472513,62211.260289327656,66362.70346506598,58059.817113589335,8302.886351476642,2075.7215878691604,0.48268268157107985,False,False,False,False
2024-10-05 00:00:00+00:00,62067.609375,62371.0234375,61689.58203125,62089.94921875,62089.94921875,13305410749,62195.919775661525,66068.50691507602,58323.33263624703,7745.174278828992,1936.293569707248,0.4863178602447729,False,False,False,False
2024-10-06 00:00:00+00:00,62084.98828125,62959.5703125,61833.1484375,62818.953125,62818.953125,14776233667,62228.42493591599,65939.03773638903,58517.812135442946,7421.225600946083,1855.3064002365209,0.5795728658361673,False,False,False,True
2024-10-07 00:00:00+00:00,62819.109375,64443.70703125,62152.55078125,62236.66015625,62236.66015625,34253562610,62296.604083884304,66094.38685431004,58498.82131345857,7595.565540851472,1898.891385212868,0.492108036286185,False,False,True,False
2024-10-08 00:00:00+00:00,62221.64453125,63174.3046875,61843.5625,62131.96875,62131.96875,28134475157,62304.858804069925,65989.01173495309,58620.70587318676,7368.305861766334,1842.0764654415834,0.4765359829907387,False,False,False,False
2024-10-09 00:00:00+00:00,62131.7265625,62508.8359375,60314.61328125,60582.1015625,60582.1015625,27670982363,62193.46116499184,65948.04333403669,58438.87899594699,7509.1643380897,1877.291084522425,0.28541425783980645,False,False,False,False
2024-10-10 00:00:00+00:00,60581.9296875,61236.72265625,58895.20703125,60274.5,60274.5,30452813570,61997.462631421186,65844.88970856155,58150.035554280825,7694.854154280722,1923.7135385701804,0.2760889814314824,False,False,False,False
2024-10-11 00:00:00+00:00,60275.4609375,63400.87109375,60046.125,62445.08984375,62445.08984375,30327141594,61994.27844231758,66127.91203049391,57860.644854141254,8267.26717635266,2066.816794088165,0.55452967610892,False,False,False,True
2024-10-12 00:00:00+00:00,62444.6171875,63448.78515625,62443.26953125,63193.0234375,63193.0234375,16744110886,62092.76234066829,66014.13569502698,58171.3889863096,7842.746708717386,1960.6866771793466,0.6402902755496037,False,False,False,False
2024-10-13 00:00:00+00:00,63192.9453125,63272.65234375,62035.63671875,62851.375,62851.375,18177529690,62152.4885959221,65929.12773984493,58375.849451999275,7553.278287845656,1888.319571961414,0.5925275592192213,False,False,False,False
2024-10-14 00:00:00+00:00,62848.3984375,66482.4921875,62442.15234375,66046.125,66046.125,43706958056,62422.75220682634,66629.79540510688,58215.7090085458,8414.086396561084,2103.521599140271,0.9306317551783837,False,False,False,False
2024-10-15 00:00:00+00:00,66050.3671875,67881.6796875,64809.1953125,67041.109375,67041.109375,48863870879,62818.42610379526,67219.26185724775,58417.59035034277,8801.671506904982,2200.4178767262456,0.9797592443539855,False,False,False,False
2024-10-16 00:00:00+00:00,67042.4609375,68375.2890625,66758.7265625,67612.71875,67612.71875,38195189534,63272.12312168778,67556.18779979502,58988.058443580536,8568.129356214486,2142.0323390536214,1.0,True,False,False,False
2024-10-17 00:00:00+00:00,67617.078125,67912.2109375,66647.390625,67399.8359375,67399.8359375,32790898511,63657.6173481937,67766.23962099022,59548.995075397186,8217.244545593036,2054.311136398259,0.9554103956067942,False,False,False,False
2024-10-18 00:00:00+00:00,67419.109375,68969.75,67177.8203125,68418.7890625,68418.7890625,36857165014,64089.15726344509,68145.30324646196,60033.011280428225,8112.291966033736,2028.072991508434,1.0,True,False,False,False
2024-10-19 00:00:00+00:00,68418.9765625,68668.0078125,68024.640625,68362.734375,68362.734375,14443497908,64495.122692720164,68274.32751493534,60715.917870504985,7558.409644430358,1889.6024111075894,1.0,False,False,False,False
2024-10-20 00:00:00+00:00,68364.1796875,69359.0078125,68105.71875,69001.703125,69001.703125,18975847518,64907.21988666745,68559.1620391611,61255.27773417379,7303.884304987318,1825.9710762468294,1.0,False,False,False,False
2024-10-21 00:00:00+00:00,69002.0,69462.734375,66829.8515625,67367.8515625,67367.8515625,37498611780,65190.99061174675,69004.31511149104,61377.66611200245,7626.648999488592,1906.662249872148,0.7854282334088304,False,False,False,False
2024-10-22 00:00:00+00:00,67360.703125,67801.578125,66581.3671875,67361.40625,67361.40625,31808472566,65386.90742848515,69062.94166575502,61710.87319121529,7352.06847453973,1838.0171186349326,0.768563714871883,False,False,False,False
2024-10-23 00:00:00+00:00,67362.375,67402.7421875,65188.03515625,66432.1953125,66432.1953125,32263980353,65477.77251962149,69229.14473941436,61726.40029982861,7502.744439585753,1875.6861098964382,0.6272098230939093,False,False,False,False
2024-10-24 00:00:00+00:00,66653.703125,68798.9609375,66454.1015625,68161.0546875,68161.0546875,31414428647,65699.38520624484,69548.97332905844,61849.79708343125,7699.17624562719,1924.7940614067975,0.8197315404558091,False,False,False,False
2024-10-25 00:00:00+00:00,68165.296875,68722.15625,65521.79296875,66642.4140625,66642.4140625,41469984306,65819.64576695963,69924.34773374186,61714.943800177396,8209.403933564463,2052.3509833911157,0.6002226595497941,False,False,False,False
2024-10-26 00:00:00+00:00,66628.734375,67317.921875,66360.59375,67014.6953125,67014.6953125,19588098156,65922.32112050315,69808.01851560717,62036.62372539914,7771.394790208025,1942.8486975520063,0.6405634665958856,False,False,False,False
2024-10-27 00:00:00+00:00,67023.4765625,68221.3125,66847.2265625,67929.296875,67929.296875,16721307878,66088.38056736,69860.3254104536,62316.43572426639,7543.889686187213,1885.9724215468032,0.7440274691464144,False,False,False,False
2024-10-28 00:00:00+00:00,67922.671875,70212.265625,67535.1328125,69907.7578125,69907.7578125,38799856657,66386.47626729397,70316.65318857822,62456.29934600972,7860.3538425684965,1965.0884606421241,0.9479800293640974,False,False,False,False
2024-10-29 00:00:00+00:00,69910.046875,73577.2109375,69729.9140625,72720.4921875,72720.4921875,58541874402,66921.97431128184,71228.59291543766,62615.355707126015,8613.23720831165,2153.3093020779124,1.0,True,False,False,False
2024-10-30 00:00:00+00:00,72715.3671875,72905.296875,71411.734375,72339.5390625,72339.5390625,40646637831,67426.43930742961,71601.10855116985,63251.77006368937,8349.338487480476,2087.334621870119,1.0,False,False,False,False
2024-10-31 00:00:00+00:00,72335.046875,72662.3125,69590.5,70215.1875,70215.1875,40627912076,67749.88953211886,72121.45435148508,63378.32471275264,8743.12963873244,2185.78240968311,0.7819697373535173,False,False,False,False
2024-11-01 00:00:00+00:00,70216.8984375,71559.015625,68779.703125,69482.46875,69482.46875,49989795365,67958.50917985357,72448.78001728316,63468.23834242398,8980.541674859182,2245.1354187147954,0.6696957294249541,False,False,False,False
2024-11-02 00:00:00+00:00,69486.0234375,69867.3515625,69033.71875,69289.2734375,69289.2734375,18184612091,68095.48747224847,72303.4577884351,63887.51715606183,8415.94063237327,2103.9851580933173,0.6418481923053786,False,False,False,False
2024-11-03 00:00:00+00:00,69296.3828125,69361.65625,67482.5234375,68741.1171875,68741.1171875,34868307655,68136.72031219307,72299.72015926104,63973.720465125094,8325.999694135942,2081.4999235339856,0.5725915082284492,False,False,False,False
2024-11-04 00:00:00+00:00,68742.1328125,69433.1796875,66803.6484375,67811.5078125,67811.5078125,41184819348,68125.23380428579,72397.83991664696,63852.627691924616,8545.212224722345,2136.3030561805863,0.46328634286248144,False,False,True,False
2024-11-05 00:00:00+00:00,67811.171875,70522.7890625,67458.8671875,69359.5625,69359.5625,46046889204,68219.37721181412,72677.50708793917,63761.24733568906,8916.25975225011,2229.0649380625273,0.6278770829773265,False,False,False,True
2024-11-06 00:00:00+00:00,69358.5,76460.15625,69322.03125,75639.078125,75639.078125,118592653963,68751.5401956096,74191.48208412215,63311.598307097054,10879.883777025098,2719.9709442562744,1.0,True,False,False,False
2024-11-07 00:00:00+00:00,75637.0859375,76943.1171875,74480.421875,75904.859375,75904.859375,63467654989,69420.54901626584,74809.03577842713,64032.062254104545,10776.973524322588,2694.243381080647,1.0,False,False,False,False
2024-11-08 00:00:00+00:00,75902.8359375,77252.75,75648.7421875,76545.4765625,76545.4765625,55176858003,70093.09891154211,75263.53855998728,64922.659263096946,10340.879296890336,2585.219824222584,1.0,False,False,False,False
2024-11-09 00:00:00+00:00,76556.1875,76932.765625,75773.7890625,76778.8671875,76778.8671875,29009480361,70702.81716996667,75588.00816606732,65817.62617386603,9770.381992201292,2442.595498050323,1.0,False,False,False,False
2024-11-10 00:00:00+00:00,76775.546875,81474.421875,76565.4296875,80474.1875,80474.1875,82570594495,71541.08979068413,76919.56012467471,66162.61945669354,10756.940667981165,2689.2351669952914,1.0,False,False,False,False
2024-11-11 00:00:00+00:00,80471.4140625,89604.5,80283.25,88701.484375,88701.484375,117966845037,72936.83471141262,79641.70801200415,66231.9614108211,13409.746601183055,3352.4366502957637,1.0,False,False,False,False
2024-11-12 00:00:00+00:00,88705.5625,89956.8828125,85155.109375,87955.8125,87955.8125,133673285375,74341.82837977016,81336.56903780253,67347.08772173779,13989.481316064746,3497.3703290161866,1.0,False,False,False,False
2024-11-13 00:00:00+00:00,87929.96875,93434.3515625,86256.9296875,90584.1640625,90584.1640625,123559027869,75841.82711542698,83572.57808265611,68111.07614819784,15461.501934458269,3865.375483614567,1.0,False,False,False,False
2024-11-14 00:00:00+00:00,90574.8828125,91765.21875,86682.8125,87250.4296875,87250.4296875,87616705248,77053.66773737044,85027.82485787667,69079.51061686422,15948.314241012442,3987.0785602531105,1.0,False,False,False,False
2024-11-15 00:00:00+00:00,87284.1796875,91868.7421875,87124.8984375,91066.0078125,91066.0078125,78243109518,78288.54536357327,86414.05552202887,70163.03520511767,16251.020316911192,4062.755079227798,1.0,False,False,False,False
2024-11-16 00:00:00+00:00,91064.3671875,91763.9453125,90094.2265625,90558.4765625,90558.4765625,44333192814,79480.64099362979,87127.54388623983,71833.73810101974,15293.805785220087,3823.451446305022,1.0,False,False,False,False
2024-11-17 00:00:00+00:00,90558.4609375,91433.0390625,88741.6640625,89845.8515625,89845.8515625,46350159305,80483.1372382841,87903.62484163314,73062.64963493505,14840.975206698087,3710.243801674522,1.0,False,False,False,False
2024-11-18 00:00:00+00:00,89843.71875,92596.7890625,89393.59375,90542.640625,90542.640625,75535775084,81469.9185628126,88788.99646832673,74150.84065729847,14638.155811028264,3659.538952757066,1.0,False,False,False,False
2024-11-19 00:00:00+00:00,90536.8125,94002.8671875,90426.984375,92343.7890625,92343.7890625,74521048295,82497.34348143362,89799.69015889634,75194.9968039709,14604.693354925432,3651.173338731358,1.0,False,False,False,False
2024-11-20 00:00:00+00:00,92341.890625,94902.0234375,91619.5,94339.4921875,94339.4921875,71730956426,83556.67634431296,90785.29304152941,76328.05964709651,14457.2333944329,3614.308348608225,1.0,False,False,False,False
2024-11-21 00:00:00+00:00,94334.640625,99014.21875,94132.6015625,98504.7265625,98504.7265625,106024505582,84857.6769107276,92339.75537572241,77375.5984457328,14964.156929989607,3741.039232497402,1.0,False,False,False,False
2024-11-22 00:00:00+00:00,98496.4296875,99655.5,97222.6640625,98997.6640625,98997.6640625,78473580551,86168.8768279599,93389.31463395523,78948.43902196457,14440.875611990661,3610.2189029976653,1.0,False,False,False,False
2024-11-23 00:00:00+00:00,99006.7421875,99014.6796875,97232.890625,97777.28125,97777.28125,44414644677,87296.43940188436,94151.19123978015,80441.68756398857,13709.50367579158,3427.375918947895,1.0,False,False,False,False
2024-11-24 00:00:00+00:00,97778.09375,98647.1796875,95788.078125,98013.8203125,98013.8203125,51712020623,88266.59051043505,95007.68747704127,81525.49354382884,13482.193933212431,3370.548483303108,1.0,False,False,False,False
2024-11-25 00:00:00+00:00,98033.4453125,98935.03125,92642.9140625,93102.296875,93102.296875,80909462490,88897.71656301267,96223.12727045827,81572.30585556707,14650.821414891194,3662.7053537227985,0.7869859779816691,False,False,False,False
2024-11-26 00:00:00+00:00,93087.28125,94991.75,90770.8125,91985.3203125,91985.3203125,91656519855,89248.660471694,96685.71760839503,81811.60333499298,14874.114273402054,3718.5285683505135,0.683988087660433,False,False,False,False
2024-11-27 00:00:00+00:00,91978.140625,97361.1796875,91778.6640625,95962.53125,95962.53125,71133452438,89799.65709343745,97609.51164146837,81989.80254540652,15619.709096061852,3904.927274015463,0.8945575502501759,False,False,False,False
2024-11-28 00:00:00+00:00,95954.9453125,96650.203125,94677.3515625,95652.46875,95652.46875,52260008261,90357.78573334817,97781.225139076,82934.34632762033,14846.878811455681,3711.7197028639202,0.8566192654961605,False,False,False,False
2024-11-29 00:00:00+00:00,95653.953125,98693.171875,95407.8828125,97461.5234375,97461.5234375,54968682476,91008.23719128326,98346.39046893832,83670.0839136282,14676.306555310119,3669.0766388275297,0.9397077849182592,False,False,False,False
2024-11-30 00:00:00+00:00,97468.8125,97499.34375,96144.21875,96449.0546875,96449.0546875,31634227866,91550.07546473248,98425.43841462203,84674.71251484293,13750.725899779092,3437.681474944773,0.8562705895291116,False,False,False,False
2024-12-01 00:00:00+00:00,96461.3359375,97888.125,95770.1875,97279.7890625,97279.7890625,36590695296,92067.1508669008,98678.56502180139,85455.73671200022,13222.828309801174,3305.7070774502936,0.8942150705938929,False,False,False,False
2024-12-02 00:00:00+00:00,97276.0078125,98152.6015625,94482.8671875,95865.3046875,95865.3046875,72680784305,92457.6054966404,99141.82511105094,85773.38588222986,13368.43922882108,3342.10980720527,0.7549062858073156,False,False,False,False
2024-12-03 00:00:00+00:00,95854.59375,96297.203125,93629.5625,96002.1640625,96002.1640625,67067810961,92729.22813783339,99278.55391580287,86179.9023598639,13098.651555938966,3274.6628889847416,0.7498681570915332,False,False,False,False
2024-12-04 00:00:00+00:00,95988.53125,99207.328125,94660.5234375,98768.53125,98768.53125,77199817112,93187.91697589688,99991.6711135694,86384.16283822435,13607.508275345055,3401.877068836264,0.9101128701287974,False,False,False,False
2024-12-05 00:00:00+00:00,98741.5390625,103900.46875,91998.78125,96593.5703125,96593.5703125,149218945580,93598.36362303369,102102.07984693896,85094.64739912841,17007.43244781054,4251.858111952635,0.6761116322912047,False,False,False,False
2024-12-06 00:00:00+00:00,97074.2265625,102039.8828125,96514.875,99920.7109375,99920.7109375,94534772658,94159.64546052253,102917.99162453727,85401.29929650779,17516.692328029487,4379.173082007372,0.828890030668567,False,False,False,False
2024-12-07 00:00:00+00:00,99916.7109375,100563.3828125,99030.8828125,99923.3359375,99923.3359375,44177510897,94700.55546626642,102889.5670138797,86511.54391865314,16378.023095226556,4094.505773806639,0.8188895534501829,False,False,False,False
2024-12-08 00:00:00+00:00,99921.9140625,101399.9921875,98771.515625,101236.015625,101236.015625,44125751925,95249.9477532093,103145.75345856124,87354.14204785736,15791.611410703888,3947.902852675972,0.8790663103407684,False,False,False,False
2024-12-09 00:00:00+00:00,101237.0625,101272.5078125,94355.9140625,97432.71875,97432.71875,110676473908,95482.05243147508,103971.59631629183,86992.50854665833,16979.08776963351,4244.771942408377,0.6148864029087368,False,False,False,False
2024-12-10 00:00:00+00:00,97441.234375,98270.15625,94321.2578125,96675.4296875,96675.4296875,104823780634,95571.59803323937,104001.96721707445,87141.22884940429,16860.738367670157,4215.184591917539,0.5654675750367606,False,False,False,False
2024-12-11 00:00:00+00:00,96656.0625,101913.359375,95747.2265625,101173.03125,101173.03125,85391409936,95956.32257570863,104776.8814036602,87135.76374775707,17641.11765590313,4410.2794139757825,0.7957130481211736,False,False,False,False
2024-12-12 00:00:00+00:00,101167.8046875,102524.9140625,99339.953125,100043.0,100043.0,72073983533,96402.00192365702,104977.49705631344,87826.5067910006,17150.990265312837,4287.747566328209,0.7122908368566184,False,False,False,False
2024-12-13 00:00:00+00:00,100046.6484375,101888.8046875,99233.28125,101459.2578125,101459.2578125,56894751583,96826.61582775318,105075.66613464395,88577.56552086241,16498.100613781542,4124.5251534453855,0.7807985048216389,False,False,False,False
2024-12-14 00:00:00+00:00,101451.4375,102618.8828125,100634.0546875,101372.96875,101372.96875,40422968793,97275.69705844336,105096.80795964506,89454.58615724166,15642.221802403394,3910.5554506008484,0.7619366828647772,False,False,False,False
2024-12-15 00:00:00+00:00,101373.53125,105047.5390625,101227.03125,104298.6953125,104298.6953125,51145914137,97870.81370763923,105673.91508122075,90067.71233405771,15606.202747163043,3901.5506867907607,0.911879924219827,False,False,False,False
2024-12-16 00:00:00+00:00,104293.578125,107780.578125,103322.984375,106029.71875,106029.71875,91020417816,98617.50704500692,106531.8170312303,90703.19705878354,15828.619972446759,3957.1549931116897,0.9682790867362846,False,False,False,False
2024-12-17 00:00:00+00:00,106030.6875,108268.4453125,105291.734375,106140.6015625,106140.6015625,68589364868,99374.59466770467,107092.8158428057,91656.37349260364,15436.442350202065,3859.1105875505164,0.9383138770771724,False,False,False,False
2024-12-18 00:00:00+00:00,106147.296875,106470.609375,100041.5390625,100041.5390625,100041.5390625,93865656139,99642.21065173279,107874.42377182373,91409.99753164186,16464.42624018187,4116.106560045468,0.5242540131640079,False,False,False,False
2024-12-19 00:00:00+00:00,100070.6875,102748.1484375,95587.6796875,97490.953125,97490.953125,97221662392,99543.8026928376,108384.88825091945,90702.71713475576,17682.171116163692,4420.542779040923,0.38390285591337553,False,False,True,False
2024-12-20 00:00:00+00:00,97484.6953125,98098.9140625,92175.1796875,97755.9296875,97755.9296875,105634083408,99207.25079947212,108348.97467674578,90065.52692219846,18283.44775454732,4570.86193863683,0.42062103759335207,False,False,False,False
2024-12-21 00:00:00+00:00,97756.1953125,99507.1015625,96426.5234375,97224.7265625,97224.7265625,51765334294,99065.55553483985,107909.22264938614,90221.88842029356,17687.33422909258,4421.833557273145,0.39592388833179815,False,False,False,False
2024-12-22 00:00:00+00:00,97218.3203125,97360.265625,94202.1875,95104.9375,95104.9375,43147981314,98731.2928053313,107322.20883342296,90140.37677723962,17181.83205618334,4295.458014045835,0.28894245424624243,False,False,False,False
2024-12-23 00:00:00+00:00,95099.390625,96416.2109375,92403.1328125,94686.2421875,94686.2421875,65239002919,98328.48986950608,106862.92991978858,89794.04981922358,17068.880100565002,4267.2200251412505,0.2866147245427355,False,False,False,False
2024-12-24 00:00:00+00:00,94684.34375,99404.0625,93448.015625,98676.09375,98676.09375,47114953674,98218.73438590232,107090.93980615657,89346.52896564807,17744.4108405085,4436.102710127125,0.5257748407771069,False,False,False,True
2024-12-25 00:00:00+00:00,98675.9140625,99478.75,97593.46875,99299.1953125,99299.1953125,33700394629,98273.18552573703,106635.22665396586,89911.14439750821,16724.082256457652,4181.020564114413,0.5613492430274788,False,False,False,False
2024-12-26 00:00:00+00:00,99297.6953125,99884.5703125,95137.8828125,95795.515625,95795.515625,47054980873,98146.15099153985,106621.3255069458,89670.9764761339,16950.349030811893,4237.587257702973,0.36132230302355856,False,False,True,False
2024-12-27 00:00:00+00:00,95704.9765625,97294.84375,93310.7421875,94164.859375,94164.859375,52419934565,97839.23011337731,106263.70748974266,89414.75273701196,16848.9547527307,4212.238688182675,0.2819229268342708,False,False,False,False
2024-12-28 00:00:00+00:00,94160.1875,95525.8984375,94014.2890625,95163.9296875,95163.9296875,24107436185,97559.43414027788,105443.78565400669,89675.08262654908,15768.70302745761,3942.1757568644025,0.3480848774558913,False,False,False,False
2024-12-29 00:00:00+00:00,95174.0546875,95174.875,92881.7890625,93530.2265625,93530.2265625,29635885267,97207.32582929904,104761.85937915496,89652.7922794431,15109.067099711858,3777.2667749279644,0.25662962891539737,False,False,False,False
2024-12-30 00:00:00+00:00,93527.1953125,94903.3203125,91317.1328125,92643.2109375,92643.2109375,56188003691,96802.30000627055,104318.61770114089,89285.98231140022,15032.635389740666,3758.1588474351665,0.22332934572410298,False,False,False,False
2024-12-31 00:00:00+00:00,92643.25,96090.6015625,91914.03125,93429.203125,93429.203125,43625106843,96517.44082908606,104117.44081696936,88917.44084120276,15199.999975766608,3799.999993941652,0.2968264665125235,False,False,False,False
2025-01-01 00:00:00+00:00,93425.1015625,94929.8671875,92788.125,94419.7578125,94419.7578125,24519888919,96282.05757552231,103550.40600211729,89013.70914892733,14536.696853189962,3634.1742132974905,0.37188975722406675,False,False,False,False
2025-01-02 00:00:00+00:00,94416.2890625,97739.8203125,94201.5703125,96886.875,96886.875,46009564411,96281.4890961075,103530.65268004297,89032.32551217203,14498.327167870943,3624.5817919677356,0.541755569237951,False,False,False,True
2025-01-03 00:00:00+00:00,96881.7265625,98956.9140625,96034.6171875,98107.4296875,98107.4296875,35611391163,96416.55238655758,103525.25898709951,89307.84578601565,14217.413201083866,3554.3533002709664,0.6189300245429677,False,False,False,False
2025-01-04 00:00:00+00:00,98106.9921875,98734.4296875,97562.9765625,98236.2265625,98236.2265625,22342608078,96584.29764537749,103216.42421086523,89952.17107988975,13264.25313097547,3316.0632827438676,0.6245399119581658,False,False,False,False
2025-01-05 00:00:00+00:00,98233.90625,98813.3046875,97291.765625,98314.9609375,98314.9609375,20525254825,96732.46076645266,103005.68248789162,90459.23904501369,12546.443442877935,3136.6108607194838,0.6261313756565539,False,False,False,False
2025-01-06 00:00:00+00:00,98314.953125,102482.875,97926.1484375,102078.0859375,102078.0859375,51823432705,97122.61083234605,103679.85569414112,90565.36597055098,13114.489723590144,3278.622430897536,0.8778625939399012,False,False,False,False
2025-01-07 00:00:00+00:00,102248.8515625,102712.484375,96132.875,96922.703125,96922.703125,58685738547,97262.30067370992,104479.74292432549,90044.85842309435,14434.884501231136,3608.721125307784,0.47647382986119796,False,False,True,False
2025-01-08 00:00:00+00:00,96924.1640625,97258.3203125,92525.84375,95043.5234375,95043.5234375,63875859171,97041.37322859469,104483.56656664869,89599.17989054069,14884.386676107999,3721.0966690269997,0.36577547099729796,False,False,False,False
2025-01-09 00:00:00+00:00,95043.484375,95349.71875,91220.84375,92484.0390625,92484.0390625,62777261693,96658.2139230936,104181.9629273422,89134.464918845,15047.498008497205,3761.874502124301,0.22260007223549877,False,False,False,False
2025-01-10 00:00:00+00:00,92494.4921875,95770.609375,92250.09375,94701.453125,94701.453125,62058693684,96427.97628756089,103903.45351638463,88952.49905873714,14950.954457647487,3737.738614411872,0.3845208734029845,False,False,False,False
2025-01-11 00:00:00+00:00,94700.8359375,94977.6875,93840.046875,94566.59375,94566.59375,18860894100,96240.6873752535,103196.14500619487,89285.22974431214,13910.915261882736,3477.728815470684,0.37965611221565826,False,False,False,False
2025-01-12 00:00:00+00:00,94565.7265625,95367.5390625,93712.5078125,94488.4375,94488.4375,20885130965,96077.08173237221,102667.99985021945,89486.16361452498,13181.83623569447,3295.4590589236177,0.3794823267436444,False,False,False,False
2025-01-13 00:00:00+00:00,94488.890625,95837.0,89260.1015625,94516.5234375,94516.5234375,72978998252,95803.50648801931,103050.71248158182,88556.3004944568,14494.41198712503,3623.6029967812574,0.41120832968853793,False,False,False,False
2025-01-14 00:00:00+00:00,94519.0078125,97352.6640625,94322.15625,96534.046875,96534.046875,53769675818,95828.85086019208,102957.43781689834,88700.26390348581,14257.173913412524,3564.293478353131,0.5494625385851895,False,False,False,True
2025-01-15 00:00:00+00:00,96534.046875,100697.234375,96501.640625,100504.4921875,100504.4921875,57805923627,96153.19418104681,103408.04119208244,88898.34717001118,14509.694022071257,3627.423505517814,0.7998890259046304,False,False,False,False
2025-01-16 00:00:00+00:00,100505.296875,100781.5859375,97364.4453125,99756.90625,99756.90625,54103781805,96452.98322729632,103665.7736622284,89240.19279236425,14425.580869864149,3606.395217466037,0.7290322346468389,False,False,False,False
2025-01-17 00:00:00+00:00,100025.765625,105884.2265625,99948.90625,104462.0390625,104462.0390625,71888972663,97117.6252016808,104834.60065561967,89400.64974774193,15433.950907877734,3858.4877269694334,0.9758609059116868,False,False,False,False
2025-01-18 00:00:00+00:00,104124.953125,104913.203125,102226.6171875,104408.0703125,104408.0703125,50445655726,97758.73678961596,105241.33188566094,90276.14169357097,14965.190192089969,3741.2975480224923,0.9443200144825843,False,False,False,False
2025-01-19 00:00:00+00:00,104411.2890625,106299.796875,99570.53125,101089.609375,101089.609375,76789928525,98193.14082552555,106273.32953696603,90112.95211408507,16160.377422880963,4040.094355720241,0.6792327291424166,False,False,False,False
2025-01-20 00:00:00+00:00,101083.75,109114.8828125,99471.359375,102016.6640625,102016.6640625,126279678351,98701.82285007866,107902.6973778751,89500.94832228223,18401.749055592867,4600.437263898217,0.6801372903416402,False,False,False,False
2025-01-21 00:00:00+00:00,102052.578125,107180.921875,100103.953125,106146.265625,106146.265625,88733878242,99251.84418578545,108948.02501080223,89555.66336076867,19392.361650033563,4848.090412508391,0.8555225280775752,False,False,False,False
2025-01-22 00:00:00+00:00,106136.3828125,106294.34375,103360.265625,103653.0703125,103653.0703125,53878181052,99745.56314229795,109058.94150981306,90432.18477478284,18626.756735030212,4656.689183757553,0.7097792560340598,False,False,False,False
2025-01-23 00:00:00+00:00,103657.671875,106820.328125,101257.8046875,103960.171875,103960.171875,104104515428,100151.96362676164,109646.50884502524,90657.41840849805,18989.090436527185,4747.272609131796,0.7005471647506051,False,False,False,False
2025-01-24 00:00:00+00:00,103965.671875,107098.546875,102772.125,104819.484375,104819.484375,52388229265,100603.84506707007,110014.22013850731,91193.46999563283,18820.750142874487,4705.187535718622,0.7239889098961322,False,False,False,False
2025-01-25 00:00:00+00:00,104824.03125,105243.7890625,104120.375,104714.6484375,104714.6484375,23888996502,100993.28244163482,109687.30281842833,92299.2620648413,17388.040753587033,4347.010188396758,0.7140187067998154,False,False,False,False
2025-01-26 00:00:00+00:00,104713.2109375,105438.6484375,102507.7109375,102682.5,102682.5,22543395879,101236.10822100293,109646.9140601171,92825.30238188876,16821.611678228335,4205.402919557084,0.5859841379449444,False,False,False,False
2025-01-27 00:00:00+00:00,102680.3046875,103214.109375,97795.9375,102087.6875,102087.6875,89006608428,101216.72440233598,109870.08403253873,92563.36477213324,17306.719260405487,4326.679815101372,0.5503251416145992,False,False,False,False
2025-01-28 00:00:00+00:00,102095.4140625,103730.8203125,100238.1875,101332.4765625,101332.4765625,47180685494,101269.14697909764,109755.69720878011,92782.59674941517,16973.10045936494,4243.275114841235,0.5037311735445139,False,False,False,False
2025-01-29 00:00:00+00:00,101317.5234375,104750.8046875,101283.8203125,103703.2109375,103703.2109375,47432049818,101457.41348704073,109788.70556875496,93126.1214053265,16662.58416342846,4165.646040857115,0.6347808616257984,False,False,False,False
2025-01-30 00:00:00+00:00,103709.3359375,106418.765625,103321.6484375,104735.3046875,104735.3046875,41915744521,101778.15882954479,109895.74514058759,93660.57251850198,16235.172622085607,4058.793155521402,0.6821444050389981,False,False,False,False
2025-01-31 00:00:00+00:00,104737.5625,106026.3515625,101543.8828125,102405.0234375,102405.0234375,45732764360,101925.48522077862,110127.80665071715,93723.16379084009,16404.642859877058,4101.1607149692645,0.5292318595910582,False,False,False,False
2025-02-01 00:00:00+00:00,102402.796875,102755.7265625,100297.7109375,100655.90625,100655.90625,27757944848,101859.862620387,109733.55503233167,93986.17020844232,15747.384823889355,3936.846205972339,0.4235456309824506,False,False,True,False
2025-02-02 00:00:00+00:00,100661.5390625,101430.6640625,96216.078125,97688.9765625,97688.9765625,63091816853,101534.66042638189,109663.90078463209,93405.42006813169,16258.480716500402,4064.6201791251005,0.26346597625330503,False,False,False,False
2025-02-03 00:00:00+00:00,97681.1015625,102514.171875,91242.890625,101405.421875,101405.421875,115400897748,101234.93036593281,110805.502938358,91664.35779350763,19141.145144850365,4785.286286212591,0.5089070694452705,False,False,False,True
2025-02-04 00:00:00+00:00,101398.71875,101745.6171875,96208.109375,97871.8203125,97871.8203125,73002130211,100984.79562870112,110705.81250638378,91263.77875101846,19442.033755365323,4860.508438841331,0.33988427572079255,False,False,True,False
2025-02-05 00:00:00+00:00,97878.0078125,99113.2109375,96174.828125,96615.4453125,96615.4453125,49125911241,100633.97332676133,109970.56507917574,91297.38157434693,18673.183504828805,4668.295876207201,0.2847968444576063,False,False,False,False
2025-02-06 00:00:00+00:00,96610.640625,99168.609375,95707.3515625,96593.296875,96593.296875,45302471947,100302.77770238725,109397.9618420602,91207.59356271429,18190.368279345916,4547.592069836479,0.29607445157670925,False,False,False,False
2025-02-07 00:00:00+00:00,96581.3203125,100154.140625,95653.8828125,96529.0859375,96529.0859375,55741290456,100030.67536168371,109116.39264988937,90944.95807347805,18171.434576411324,4542.858644102831,0.3073025324742832,False,False,False,False
2025-02-08 00:00:00+00:00,96533.2578125,96877.8046875,95702.4921875,96482.453125,96482.453125,22447526395,99680.53961295192,108092.74767233702,91268.33155356682,16824.416118770197,4206.104029692549,0.309913968759726,False,False,False,False
2025-02-09 00:00:00+00:00,96481.3125,97325.28125,94745.2578125,96500.09375,96500.09375,27732901800,99348.12735814697,107435.11929909357,91261.13541720038,16173.98388189319,4043.4959704732973,0.3239126717978647,False,False,False,False
2025-02-10 00:00:00+00:00,96499.4609375,98333.21875,95320.84375,97437.5546875,97437.5546875,40078962391,99127.40466332345,107008.17241017538,91246.63691647153,15761.53549370385,3940.3838734259625,0.39278646255636157,False,False,False,False
2025-02-11 00:00:00+00:00,97438.1328125,98492.8984375,94875.0390625,95747.4296875,95747.4296875,37488783272,98864.96508229265,106681.22792945939,91048.70223512591,15632.525694333483,3908.1314235833706,0.3005737872592974,False,False,False,False
2025-02-12 00:00:00+00:00,95745.6953125,98151.0234375,94101.203125,97885.859375,97885.859375,49340445530,98659.98700897906,106504.58763392913,90815.386384029,15689.201249900128,3922.300312475032,0.45065856944221483,False,False,False,False
2025-02-13 00:00:00+00:00,97888.75,98111.0859375,95269.7109375,96623.8671875,96623.8671875,37147280860,98470.29504185407,106098.71060430913,90841.87947939901,15256.831124910124,3814.207781227531,0.3789769750194473,False,False,False,False
2025-02-14 00:00:00+00:00,96623.3671875,98819.46875,96342.8046875,97508.96875,97508.96875,32697987277,98383.32225016956,105744.22906887911,91022.41543146,14721.813637419109,3680.4534093547772,0.4406083026382584,False,False,False,False
2025-02-15 00:00:00+00:00,97508.3828125,97975.0390625,97240.1953125,97580.3515625,97580.3515625,17047266288,98308.58000213753,105080.36488897612,91536.79511529894,13543.569773677184,3385.892443419296,0.44623068719645154,False,False,False,False
2025-02-16 00:00:00+00:00,97580.4921875,97725.59375,96060.9765625,96175.03125,96175.03125,16536755396,98150.98830550538,104578.51814116012,91723.45846985064,12855.059671309486,3213.7649178273714,0.3462895462153776,False,False,False,False
2025-02-17 00:00:00+00:00,96179.0078125,97032.234375,95243.546875,95773.3828125,95773.3828125,27336550690,97947.69304029852,104090.20739238778,91805.17868820926,12285.02870417852,3071.25717604463,0.3230113840060491,False,False,False,False
2025-02-18 00:00:00+00:00,95773.8125,96695.375,93388.8359375,95539.546875,95539.546875,37325720482,97686.76220511136,103876.3329344917,91497.19147573102,12379.141458760685,3094.7853646901713,0.32654569888675283,False,False,False,False
2025-02-19 00:00:00+00:00,95532.53125,96855.59375,95011.96875,96635.609375,96635.609375,28990872862,97542.0918958944,103481.4305523367,91602.7532394521,11878.677312884596,2969.669328221149,0.423688261157566,False,False,False,False
2025-02-20 00:00:00+00:00,96632.6796875,98767.1953125,96442.671875,98333.9375,98333.9375,31668022771,97571.21980065048,103381.52927894855,91760.9103223524,11620.618956596154,2905.1547391490385,0.5656348600877741,False,False,False,True
2025-02-21 00:00:00+00:00,98340.671875,99497.96875,94852.9609375,96125.546875,96125.546875,49608706470,97500.19812320756,103658.47821617583,91341.91803023929,12316.560185936542,3079.1400464841354,0.3883900027722687,False,False,True,False
2025-02-22 00:00:00+00:00,96134.203125,96950.15625,95765.34375,96577.7578125,96577.7578125,18353824477,97398.37791504493,103177.79249871637,91618.96333137348,11558.82916734289,2889.7072918357226,0.4290049112531725,False,False,False,False
2025-02-23 00:00:00+00:00,96577.8046875,96671.875,95270.453125,96273.921875,96273.921875,16999478976,97272.0641453581,102753.8216456624,91790.3066450538,10963.515000608604,2740.878750152151,0.408957823261728,False,False,False,False
2025-02-24 00:00:00+00:00,96277.9609375,96503.453125,91371.7421875,91418.171875,91418.171875,44046480529,96874.51413746686,102834.43807524073,90914.59019969299,11919.84787554774,2979.961968886935,0.042247324006546495,False,False,False,False
2025-02-25 00:00:00+00:00,91437.1171875,92511.078125,86008.234375,88736.171875,88736.171875,92139104128,96132.67102516843,102797.1713191649,89468.17073117195,13329.000587992952,3332.250146998238,0.0,False,False,False,False
2025-02-26 00:00:00+00:00,88638.890625,89286.25,82131.8984375,84347.0234375,84347.0234375,64597492134,95096.70781245397,102525.62838955081,87667.78723535713,14857.84115419368,3714.46028854842,0.0,False,False,False,False
2025-02-27 00:00:00+00:00,84076.859375,87000.78125,83144.9609375,84704.2265625,84704.2265625,52659591954,94130.35369539485,101587.546277282,86673.1611135077,14914.385163774306,3728.5962909435766,0.0,False,False,False,False
2025-02-28 00:00:00+00:00,84705.625,85036.3203125,78248.9140625,84373.0078125,84373.0078125,83610570576,93027.72452400804,101096.67909770647,84958.76995030961,16137.909147396858,4034.4772868492146,0.0,False,False,False,False
2025-03-01 00:00:00+00:00,84373.8671875,86522.3046875,83794.234375,86031.9140625,86031.9140625,29190628396,92305.98736695966,100113.66054578825,84498.31418813106,15615.346357657196,3903.836589414299,0.09821107001042728,False,False,False,False
2025-03-02 00:00:00+00:00,86036.2578125,95043.4375,85040.2109375,94248.3515625,94248.3515625,58398341092,92223.89333201112,101251.44450545686,83196.34215856539,18055.10234689148,4513.77558672287,0.6121266549251893,False,False,False,True
2025-03-03 00:00:00+00:00,94248.421875,94429.75,85081.3046875,86065.671875,86065.671875,70072228536,91871.67258808942,101866.15770669059,81877.18746948826,19988.97023720233,4997.242559300583,0.2095397789785276,False,False,True,False
2025-03-04 00:00:00+00:00,86064.0703125,88911.2734375,81529.2421875,87222.1953125,87222.1953125,68095241474,91301.75808565233,101773.20094239338,80830.31522891128,20942.8857134821,5235.721428370525,0.30520531750187196,False,False,False,False
2025-03-05 00:00:00+00:00,87222.953125,90998.2421875,86379.7734375,90623.5625,90623.5625,50498988027,91114.3391608283,101462.33148189523,80766.34683976136,20695.984642133873,5173.996160533468,0.4762863826334142,False,False,False,False
2025-03-06 00:00:00+00:00,90622.359375,92804.9375,87852.140625,89961.7265625,89961.7265625,47749810486,91027.85621495577,101331.60867891602,80724.10375099552,20607.504927920498,5151.876231980124,0.4482649813170103,False,False,False,False
2025-03-07 00:00:00+00:00,89963.28125,91191.046875,84717.6796875,86742.671875,86742.671875,65945677657,90696.67620837268,101264.7268634369,80128.62555330846,21136.101310128433,5284.025327532108,0.3129265054441276,False,False,False,False
2025-03-08 00:00:00+00:00,86742.65625,86847.265625,85247.484375,86154.59375,86154.59375,18206118081,90257.28938694036,100088.49122649817,80426.08754738256,19662.40367911561,4915.600919778903,0.29134312854648414,False,False,False,False
2025-03-09 00:00:00+00:00,86154.3046875,86471.1328125,80052.484375,80601.0390625,80601.0390625,30899345977,89506.58424691431,99638.39559001633,79374.77290381229,20263.622686204035,5065.905671551009,0.06051564311462329,False,False,False,False
2025-03-10 00:00:00+00:00,80597.1484375,83955.9296875,77420.59375,78532.0,78532.0,54061099422,88598.29125316057,99023.9886494524,78172.59385686874,20851.394792583655,5212.848698145914,0.01723655164109648,False,False,False,False
2025-03-11 00:00:00+00:00,78523.875,83577.7578125,76624.25,82862.2109375,82862.2109375,54702837196,87876.68315762148,98650.51237678411,77102.85393845884,21547.658438325278,5386.914609581319,0.2672845875817953,False,False,False,False
2025-03-12 00:00:00+00:00,82857.375,84358.578125,80635.25,83722.359375,83722.359375,40353484454,87403.22722197499,97844.33914422136,76962.11529972861,20882.22384449275,5220.555961123187,0.32373199931262403,False,False,False,False
2025-03-13 00:00:00+00:00,83724.921875,84301.6953125,79931.8515625,81066.703125,81066.703125,31412940153,86866.41986750119,97137.38934752293,76595.45038747945,20541.93896004348,5135.48474001087,0.21766459077780695,False,False,False,False
2025-03-14 00:00:00+00:00,81066.9921875,85263.2890625,80797.5625,83969.1015625,83969.1015625,29588112414,86530.88632853281,96667.90417305237,76393.86848401325,20274.035689039127,5068.508922259782,0.3736420905376129,False,False,False,False
2025-03-15 00:00:00+00:00,83968.40625,84672.671875,83639.59375,84343.109375,84343.109375,13650491277,86310.65509089475,95640.58677596237,76980.72340582714,18659.863370135223,4664.965842533806,0.394557335342349,False,False,False,False
2025-03-16 00:00:00+00:00,84333.3203125,85051.6015625,82017.90625,82579.6875,82579.6875,21330270174,86015.96398104764,95019.64156010849,77012.28640198678,18007.355158121703,4501.838789530426,0.30917372646488833,False,False,False,False
2025-03-17 00:00:00+00:00,82576.3359375,84725.328125,82492.15625,84075.6875,84075.6875,25092785558,85801.52842332881,94351.47261948358,77251.58422717404,17099.88839230954,4274.972098077385,0.39907297148763926,False,False,False,False
2025-03-18 00:00:00+00:00,84075.71875,84075.71875,81179.9921875,82718.5,82718.5,24095774594,85502.15146039274,93776.24654943202,77228.05637135345,16548.19017807857,4137.0475445196425,0.3317851420344295,False,False,False,False
2025-03-19 00:00:00+00:00,82718.8046875,87021.1875,82569.7265625,86854.2265625,86854.2265625,34931960257,85500.20499194264,93837.18275957799,77163.22722430728,16673.95553527071,4168.488883817678,0.5812057803376757,False,False,False,True
2025-03-20 00:00:00+00:00,86872.953125,87443.265625,83647.1953125,84167.1953125,84167.1953125,29028988961,85460.7459847735,93723.24003814532,77198.25193140168,16524.988106743636,4131.247026685909,0.4217215368678166,False,False,True,False
2025-03-21 00:00:00+00:00,84164.5390625,84782.2734375,83171.0703125,84043.2421875,84043.2421875,19030452299,85321.51893662047,93080.00420965512,77563.03366358583,15516.970546069293,3879.2426365173233,0.4176207272337524,False,False,False,False
2025-03-22 00:00:00+00:00,84046.2578125,84513.875,83674.78125,83832.484375,83832.484375,9863214091,85196.33112122805,92346.78661695923,78045.87562549688,14300.910991462355,3575.2277478655888,0.40463217713596916,False,False,False,False
2025-03-23 00:00:00+00:00,83831.8984375,86094.78125,83794.9140625,86054.375,86054.375,12594615537,85207.60340531744,92102.9867889755,78312.22002165938,13790.76676731612,3447.69169182903,0.5614013425772233,False,False,False,True
2025-03-24 00:00:00+00:00,86070.9296875,88758.7265625,85541.1953125,87498.9140625,87498.9140625,34582604933,85403.667713938,92253.01900923027,78554.31641864574,13698.702590584522,3424.6756476461305,0.6529521744637418,False,False,False,False
2025-03-25 00:00:00+00:00,87512.8203125,88542.3984375,86346.078125,87471.703125,87471.703125,30005840049,85598.8796677693,92202.55989603233,78995.19943950628,13207.360456526047,3301.8401141315117,0.6418014949614927,False,False,False,False
2025-03-26 00:00:00+00:00,87460.234375,88292.15625,85861.453125,86900.8828125,86900.8828125,26704046038,85734.0496101246,92163.50244056132,79304.59677968787,12858.905660873454,3214.7264152183634,0.5907412522611311,False,False,False,False
2025-03-27 00:00:00+00:00,86896.2578125,87786.7265625,85837.9375,87177.1015625,87177.1015625,24413471941,85848.32315916035,92024.5885190534,79672.0577992673,12352.530719786097,3088.132679946524,0.607571349829653,False,False,False,False
2025-03-28 00:00:00+00:00,87185.234375,87489.859375,83557.640625,84353.1484375,84353.1484375,34198619509,85780.24947535143,92125.33204925519,79435.16690144768,12690.165147807507,3172.541286951877,0.38754275289333057,False,False,True,False
2025-03-29 00:00:00+00:00,84352.0703125,84567.3359375,81634.140625,82597.5859375,82597.5859375,16969396135,85509.08484277828,91806.29822179166,79211.8714637649,12594.426758026762,3148.6066895066906,0.2688264054239149,False,False,False,False
2025-03-30 00:00:00+00:00,82596.984375,83505.0,81573.25,82334.5234375,82334.5234375,14763760943,85219.73623672003,91273.57827783207,79165.89419560798,12107.684082224092,3026.921020556023,0.2617039906536747,False,False,False,False
2025-03-31 00:00:00+00:00,82336.0625,83870.125,81293.890625,82548.9140625,82548.9140625,29004228247,84967.47341060384,90931.17812260467,79003.768698603,11927.409424001671,2981.852356000418,0.29722676885418714,False,False,False,False
2025-04-01 00:00:00+00:00,82551.921875,85487.3671875,82429.359375,85169.171875,85169.171875,28175650319,84909.80605205426,90888.74185535501,78930.87024875352,11957.87160660149,2989.4679016503724,0.5216899655288614,False,False,False,True
2025-04-02 00:00:00+00:00,85180.609375,88466.953125,82343.5390625,82485.7109375,82485.7109375,47584398470,84864.30716217609,91470.03219764677,78258.58212670541,13211.450070941355,3302.8625177353388,0.31995948878406444,False,False,True,False
2025-04-03 00:00:00+00:00,82487.4765625,83909.296875,81282.1015625,83102.828125,83102.828125,36852112080,84664.34859315932,91134.94018758292,78193.75699873571,12941.183188847208,3235.295797211802,0.3793371173738546,False,False,False,False
2025-04-04 00:00:00+00:00,83100.25,84696.1484375,81670.75,83843.8046875,83843.8046875,45157640207,84544.27422317589,90972.88634565714,78115.66210069464,12857.224244962505,3214.306061240626,0.44551938098533705,False,False,False,False
2025-04-05 00:00:00+00:00,83844.703125,84207.015625,82377.734375,83504.796875,83504.796875,14380803631,84431.78927731786,90583.39643755098,78280.18211708474,12303.214320466242,3075.8035801165606,0.42465445385472794,False,False,False,False
2025-04-06 00:00:00+00:00,83504.5078125,83704.71875,77097.7421875,78214.484375,78214.484375,36294853736,83978.50602273204,90836.34777944184,77120.66426602223,13715.683513419615,3428.920878354904,0.07974958797405637,False,False,False,False
2025-04-07 00:00:00+00:00,78221.3359375,81119.0625,74436.6796875,79235.3359375,79235.3359375,91262424987,83434.2380880274,90942.77223156622,75925.70394448857,15017.06828707765,3754.2670717694127,0.2203913526756351,False,False,False,False
2025-04-08 00:00:00+00:00,79218.4765625,80823.890625,76198.0234375,76271.953125,76271.953125,48314590749,82894.27468877082,90577.12885545577,75211.42052208587,15365.708333369897,3841.4270833424744,0.06901944120668731,False,False,False,False
2025-04-09 00:00:00+00:00,76273.5625,83541.0,74589.671875,82573.953125,82573.953125,84213627038,82640.9985279355,91345.83290295195,73936.16415291905,17409.6687500329,4352.417187508225,0.4961489558533171,False,False,False,False
2025-04-10 00:00:00+00:00,82565.9765625,82700.9296875,78456.1328125,79626.140625,79626.140625,44718000633,82414.33844987815,91097.64876239296,73731.02813736335,17366.62062502961,4341.655156257402,0.33945075526900914,False,False,False,False
2025-04-11 00:00:00+00:00,79625.046875,84247.4765625,78936.3203125,83404.8359375,83404.8359375,41656778779,82393.56440108022,91270.77493234354,73516.3538698169,17754.421062526642,4438.605265631661,0.5569588573380305,False,False,False,True
2025-04-12 00:00:00+00:00,83404.515625,85856.1875,82769.375,85287.109375,85287.109375,24258059104,82607.2780097075,91214.1299878445,74000.4260315705,17213.703956273996,4303.425989068499,0.6556801123163131,False,False,False,False
2025-04-13 00:00:00+00:00,85279.46875,86015.1875,83027.0078125,83684.9765625,83684.9765625,28796984817,82763.00302068773,91106.80573851103,74419.20030286442,16687.605435646605,4171.901358911651,0.5552490017437034,False,False,False,False
2025-04-14 00:00:00+00:00,83694.5234375,85785.0,83690.640625,84542.390625,84542.390625,34090769777,82944.87674093968,90874.30387448065,75015.44960739871,15858.854267081944,3964.713566770486,0.6007332470023551,False,False,False,False
2025-04-15 00:00:00+00:00,84539.6953125,86429.3515625,83598.8203125,83668.9921875,83668.9921875,28040322885,83099.24289458034,90801.8335647672,75396.65222439347,15405.181340373732,3851.295335093433,0.5369842639519256,False,False,False,False
2025-04-16 00:00:00+00:00,83674.5078125,85428.28125,83100.6171875,84033.8671875,84033.8671875,29617804112,83202.8948609695,90600.75927663769,75805.03044530132,14795.728831336368,3698.932207834092,0.5561629870351874,False,False,False,False
2025-04-17 00:00:00+00:00,84030.671875,85449.0703125,83749.75,84895.75,84895.75,21276866029,83345.3039317502,90343.24596835156,76347.36189514883,13995.884073202731,3498.9710183006828,0.6107787160954248,False,False,False,False
2025-04-18 00:00:00+00:00,84900.1875,85095.046875,84298.8828125,84450.8046875,84450.8046875,12728372364,83466.21893428192,89923.59957972314,77008.83828884069,12914.761290882452,3228.690322720613,0.5762372397787312,False,False,False,False
2025-04-19 00:00:00+00:00,84450.8671875,85597.703125,84353.4609375,85063.4140625,85063.4140625,15259300427,83612.75611911221,89673.24713750932,77552.2651007151,12120.982036794216,3030.245509198554,0.6196815521204638,False,False,False,False
2025-04-20 00:00:00+00:00,85066.0703125,85306.3828125,83976.84375,85174.3046875,85174.3046875,14664050812,83727.65335379993,89448.00308285734,78007.30362474253,11440.699458114803,2860.1748645287007,0.6264478049612575,False,False,False,False
2025-04-21 00:00:00+00:00,85171.5390625,88460.09375,85143.8359375,87518.90625,87518.90625,41396190190,84043.20496891423,89854.77128756589,78231.63865026257,11623.132637303323,2905.7831593258306,0.7990330911247492,False,False,False,False
2025-04-22 00:00:00+00:00,87521.875,93817.3828125,87084.53125,93441.890625,93441.890625,55899038456,84748.41734290653,91325.39734219301,78171.43734362004,13153.959998572973,3288.489999643243,1.0,True,False,False,False
2025-04-23 00:00:00+00:00,93427.5859375,94535.734375,91962.9609375,93699.109375,93699.109375,41719568821,85572.30790350273,92006.14459036058,79138.47121664489,12867.67337371569,3216.9183434289225,1.0,False,False,False,False
2025-04-24 00:00:00+00:00,93692.3984375,94016.1953125,91696.7109375,93943.796875,93943.796875,31483175315,86300.55486904216,92554.90476221421,80046.2049758701,12508.699786344107,3127.1749465860266,1.0,False,False,False,False
2025-04-25 00:00:00+00:00,93954.25,95768.390625,92898.59375,94720.5,94720.5,40915232364,87077.88248072067,93280.75675957552,80875.00820186581,12405.74855770971,3101.4371394274276,1.0,False,False,False,False
2025-04-26 00:00:00+00:00,94714.6484375,95251.359375,93927.25,94646.9296875,94646.9296875,17612825123,87795.08538930283,93642.49411527219,81947.67666333346,11694.817451938725,2923.704362984681,1.0,False,False,False,False
2025-04-27 00:00:00+00:00,94660.90625,95301.203125,93665.3984375,93754.84375,93754.84375,18090367764,88408.9326637343,93998.76145460673,82819.10387286187,11179.657581744861,2794.9143954362153,0.9781820057704608,False,False,False,False
2025-04-28 00:00:00+00:00,93755.3046875,95598.4921875,92860.8046875,94978.75,94978.75,32363449569,88987.06754893421,94565.4509607194,83408.68413714902,11156.76682357039,2789.1917058925974,1.0,True,False,False,False
2025-04-29 00:00:00+00:00,94981.859375,95485.4140625,93796.6328125,94284.7890625,94284.7890625,25806129921,89514.23051054365,94872.53183115032,84155.92918993699,10716.602641213336,2679.150660303334,0.9451558681115961,False,False,False,False
2025-04-30 00:00:00+00:00,94286.46875,95249.3203125,92979.640625,94207.3125,94207.3125,28344679831,89955.29660279347,95231.70372883948,84678.88947674747,10552.814252092008,2638.203563023002,0.9029271998570049,False,False,False,False
2025-05-01 00:00:00+00:00,94212.859375,97437.9609375,94153.6328125,96492.3359375,96492.3359375,32875889623,90533.64707514647,95939.27911358787,85128.01503670507,10811.264076882799,2702.8160192206997,1.0,True,False,False,False
2025-05-02 00:00:00+00:00,96494.96875,97905.8984375,96375.9453125,96910.0703125,96910.0703125,26421924677,91155.58272076744,96326.64218036471,85984.52326117018,10342.11891919453,2585.5297297986326,1.0,False,False,False,False
2025-05-03 00:00:00+00:00,96904.6328125,96943.8828125,95821.2890625,95891.796875,95891.796875,15775154889,91637.81194577372,96516.28420941126,86759.33968213618,9756.944527275075,2439.2361318187686,0.9359956047033442,False,False,False,False
2025-05-04 00:00:00+00:00,95877.1875,96318.921875,94173.4296875,94315.9765625,94315.9765625,18198688416,91951.93551046193,96771.65898523571,87132.21203568815,9639.446949547564,2409.861737386891,0.7452465441649665,False,False,False,False
2025-05-05 00:00:00+00:00,94319.5625,95193.1875,93566.265625,94748.0546875,94748.0546875,25816260327,92194.84666224333,96857.98216453975,87531.71115994692,9326.271004592825,2331.5677511482063,0.7737651547975939,False,False,False,False
2025-05-06 00:00:00+00:00,94748.3828125,96889.1796875,93399.859375,96802.4765625,96802.4765625,26551275827,92528.40144441063,97423.08745897739,87633.71542984387,9789.37202913352,2447.34300728338,0.9366036049472399,False,False,False,False
2025-05-07 00:00:00+00:00,96800.1953125,97625.8046875,95829.3359375,97032.3203125,97032.3203125,76983822462,92937.99689216517,97702.50805527526,88173.48572905509,9529.022326220176,2382.255581555044,0.9296687823963676,False,False,False,False
2025-05-08 00:00:00+00:00,97034.25,103969.5390625,96913.875,103241.4609375,103241.4609375,69895404397,93741.51702941928,99440.70988871835,88042.3241701202,11398.385718598147,2849.5964296495367,1.0,True,False,False,False
2025-05-09 00:00:00+00:00,103239.125,104297.4921875,102343.09375,102970.8515625,102970.8515625,58198593958,94642.68802661744,100162.84128748662,89122.53476574826,11040.306521738356,2760.076630434589,1.0,False,False,False,False
2025-05-10 00:00:00+00:00,102973.7109375,104961.765625,102830.484375,104696.328125,104696.328125,42276713994,95549.37101217768,100943.76519695994,90154.97682739543,10788.788369564514,2697.1970923911285,1.0,False,False,False,False
2025-05-11 00:00:00+00:00,104701.0703125,104937.9921875,103364.7421875,104106.359375,104106.359375,46285517406,96367.17992371632,101536.78469002034,91197.5751574123,10339.209532608045,2584.8023831520113,1.0,False,False,False,False
2025-05-12 00:00:00+00:00,104106.9609375,105747.453125,100814.40625,102812.953125,102812.953125,63250475404,97010.77588336238,102650.02954803601,91371.52221868875,11278.507329347252,2819.626832336813,1.0,False,False,False,False
2025-05-13 00:00:00+00:00,102812.4921875,104997.421875,101515.09375,104169.8125,104169.8125,52608876410,97634.5854222485,103406.37934545477,91862.79149904224,11543.587846412527,2885.896961603132,1.0,False,False,False,False
2025-05-14 00:00:00+00:00,104167.328125,104303.5625,102618.296875,103539.4140625,103539.4140625,45956071155,98191.96691973277,103723.63457561842,92660.29926384713,11063.335311771283,2765.833827942821,0.983348555573254,False,False,False,False
2025-05-15 00:00:00+00:00,103538.828125,104153.6171875,101440.8125,103744.640625,103744.640625,50408241840,98660.63896904394,104181.70079684102,93139.57714124686,11042.123655594158,2760.5309138985394,0.9604188301568608,False,False,False,False
2025-05-16 00:00:00+00:00,103735.65625,104533.484375,103137.4765625,103489.2890625,103489.2890625,44386499364,99142.49081326197,104390.64802077934,93894.33360574461,10496.314415034722,2624.0786037586804,0.9141261472704889,False,False,False,False
2025-05-17 00:00:00+00:00,103489.2890625,103716.9453125,102659.1796875,103191.0859375,103191.0859375,37898552742,99527.87933699893,104462.77394876456,94592.9847252333,9869.789223531261,2467.4473058828153,0.8711534783100902,False,False,False,False
2025-05-18 00:00:00+00:00,103186.953125,106597.171875,103142.6015625,106446.0078125,106446.0078125,49887082058,100086.67753506252,105218.99674815159,94954.35832197346,10264.638426178135,2566.1596065445337,1.0,True,False,False,False
2025-05-19 00:00:00+00:00,106430.53125,107068.71875,102112.6875,105606.1796875,105606.1796875,61761126647,100547.86970434227,106158.16324612244,94937.57616256211,11220.587083560327,2805.146770890082,0.9508061784546759,False,False,False,False
2025-05-20 00:00:00+00:00,105605.40625,107307.1171875,104206.515625,106791.0859375,106791.0859375,36515726122,101076.79381980174,106746.17831990388,95407.4093196996,11338.76900020428,2834.69225005107,1.0,True,False,False,False
2025-05-21 00:00:00+00:00,106791.3125,110724.4609375,106127.234375,109678.078125,109678.078125,78086364051,101816.45705720157,107838.3484197935,95794.56569460963,12043.782725183875,3010.945681295969,1.0,False,False,False,False
2025-05-22 00:00:00+00:00,109673.4921875,111970.171875,109285.0703125,111673.28125,111673.28125,70157575642,102688.81109738871,108645.53363622144,96732.08855855597,11913.44507766547,2978.3612694163676,1.0,False,False,False,False
2025-05-23 00:00:00+00:00,111679.359375,111798.90625,106841.3046875,107287.796875,107287.796875,67548133399,103255.84520914534,109608.4158065948,96903.27461169587,12705.141194898926,3176.2852987247315,0.8173480407658499,False,False,False,False
2025-05-24 00:00:00+00:00,107278.5078125,109454.5234375,106895.2890625,107791.15625,107791.15625,45903627163,103712.14467335372,109941.30508605823,97482.9842606492,12458.320825409028,3114.580206352257,0.8274126291825017,False,False,False,False
2025-05-25 00:00:00+00:00,107802.2734375,109313.3046875,106683.375,109035.390625,109035.390625,47518041841,104153.27598422479,110285.50629315886,98021.04567529072,12264.460617868142,3066.1151544670356,0.8980700654427832,False,False,False,False
2025-05-26 00:00:00+00:00,109023.78125,110376.8828125,108735.640625,109440.3671875,109440.3671875,45950461571,104664.16686271132,110511.42257825198,98816.91114717067,11694.511431081308,2923.627857770327,0.9084138403674256,False,False,False,False
2025-05-27 00:00:00+00:00,109440.40625,110744.2109375,107609.5546875,108994.640625,108994.640625,57450176272,105088.16386784993,110977.62526183653,99198.70247386333,11778.922787973192,2944.730696993298,0.8316497465403847,False,False,False,False
2025-05-28 00:00:00+00:00,108992.171875,109298.2890625,106812.9296875,107802.328125,107802.328125,49155377493,105362.73705107057,111160.3241806585,99565.14992148263,11595.174259175867,2898.7935647939667,0.7103971030878521,False,False,False,False
2025-05-29 00:00:00+00:00,107795.5703125,108910.046875,105374.3984375,105641.7578125,105641.7578125,56022752042,105484.57806604798,111409.53617017712,99559.61996191884,11849.916208258277,2962.4790520645693,0.5132642074162922,False,False,False,False
2025-05-30 00:00:00+00:00,105646.2109375,106308.9453125,103685.7890625,103998.5703125,103998.5703125,57655287183,105406.4691926942,111263.56273641043,99549.37564897798,11714.187087432452,2928.546771858113,0.3798124983248163,False,False,True,False
2025-05-31 00:00:00+00:00,103994.71875,104927.1015625,103136.1171875,104638.09375,104638.09375,38997843858,105294.78363465983,110924.36469900444,99665.20257031523,11259.162128689204,2814.790532172301,0.4416750663012003,False,False,False,False
2025-06-01 00:00:00+00:00,104637.296875,105884.546875,103826.953125,105652.1015625,105652.1015625,37397056873,105278.2519095335,110756.39361744364,99800.11020162336,10956.283415820275,2739.0708539550687,0.5341219406963023,False,False,False,True
2025-06-02 00:00:00+00:00,105649.8125,105958.3125,103727.546875,105881.53125,105881.53125,45819706290,105269.76412846682,110646.24479058594,99893.2834663477,10752.961324238247,2688.240331059562,0.5568928970435516,False,False,False,False
2025-06-03 00:00:00+00:00,105888.4765625,106813.578125,104920.84375,105432.46875,105432.46875,46196508367,105312.8624852795,110530.24195618671,100095.4830143723,10434.75894181442,2608.689735453605,0.5114622930330673,False,False,False,False
2025-06-04 00:00:00+00:00,105434.3671875,105997.6953125,104232.703125,104731.984375,104731.984375,44544857105,105281.87186168146,110330.51182299796,100233.23190036496,10097.279922632995,2524.319980658249,0.44554102779215926,False,False,True,False
2025-06-05 00:00:00+00:00,104750.78125,105936.6875,100436.8828125,101575.953125,101575.953125,57479298400,105031.20226969592,110674.93917238076,99387.46536701107,11287.473805369693,2821.868451342423,0.1938864085733531,False,False,False,False
2025-06-06 00:00:00+00:00,101574.3671875,105376.7734375,101169.5703125,104390.34375,104390.34375,48856653697,104899.23657734392,110820.04041476028,98978.43273992756,11841.607674832718,2960.4019187081794,0.45702502216607915,False,False,False,False
2025-06-07 00:00:00+00:00,104390.6484375,105972.7578125,103987.3125,105615.625,105615.625,38365033776,104927.10913545403,110652.92165162876,99201.2966192793,11451.62503234946,2862.906258087365,0.5601238568850272,False,False,False,True
2025-06-08 00:00:00+00:00,105617.5078125,106497.0625,105075.328125,105793.6484375,105793.6484375,36626232328,105009.16347374412,110446.74161330138,99571.58533418686,10875.156279114512,2718.789069778628,0.5721355117684576,False,False,False,False
2025-06-09 00:00:00+00:00,105793.0234375,110561.421875,105400.234375,110294.1015625,110294.1015625,55903193732,105365.61640680024,111291.67423240177,99439.55858119871,11852.115651203057,2963.0289128007644,0.9158316794014316,False,False,False,False
2025-06-10 00:00:00+00:00,110295.6875,110380.125,108367.7109375,110257.234375,110257.234375,54700101509,105775.40120337483,111511.3360589162,100039.46634783346,11471.869711082749,2867.967427770687,0.8906802713506552,False,False,False,False
2025-06-11 00:00:00+00:00,110261.796875,110384.21875,108086.328125,108686.625,108686.625,50842662052,106087.49543400579,111709.41492899302,100465.57593901856,11243.838989974465,2810.9597474936163,0.7311603330776719,False,False,False,False
2025-06-12 00:00:00+00:00,108685.9140625,108780.6953125,105785.6875,105929.0546875,105929.0546875,54843867968,106158.38277362428,111817.1118816128,100499.65366563576,11317.458215977036,2829.364553994259,0.4797367852615055,False,False,True,False
2025-06-13 00:00:00+00:00,105924.59375,106182.546875,102822.0234375,106090.96875,106090.96875,69550440846,106051.0935908188,111816.05447550846,100286.13270612914,11529.921769379318,2882.4804423448295,0.5034584067419349,False,False,False,True
2025-06-14 00:00:00+00:00,106108.0859375,106203.7578125,104379.3671875,105472.40625,105472.40625,38007870453,105984.49836788367,111537.84128910437,100431.15544666298,11106.685842441395,2776.6714606103487,0.4538933463007622,False,False,True,False
2025-06-15 00:00:00+00:00,105464.84375,106157.1015625,104519.8828125,105552.0234375,105552.0234375,36744307742,105929.75273959317,111255.2051186918,100604.30036049454,10650.904758197255,2662.726189549314,0.4645354727444674,False,False,False,False
2025-06-16 00:00:00+00:00,105555.59375,108915.375,104997.625,106796.7578125,106796.7578125,50366626945,106022.4670124097,111598.92415359846,100446.00987122094,11152.914282377518,2788.2285705943796,0.5694249754356794,False,False,False,True
2025-06-17 00:00:00+00:00,106794.1171875,107750.1953125,103396.53125,104601.1171875,104601.1171875,55964092176,105948.83027313258,111838.37451270247,100059.28603356269,11779.088479139784,2944.772119784946,0.38558426333079004,False,False,True,False
2025-06-18 00:00:00+00:00,104602.0703125,105581.8515625,103602.265625,104883.328125,104883.328125,47318089133,105828.8605745009,111525.3675776138,100132.353571388,11393.0140062258,2848.25350155645,0.4170076988420971,False,False,False,False
2025-06-19 00:00:00+00:00,104886.7734375,105250.890625,103940.7734375,104684.2890625,104684.2890625,37333806920,105714.2374443897,111103.1171846913,100325.35770408809,10777.759480603214,2694.4398701508035,0.40443761676596124,False,False,False,False
2025-06-20 00:00:00+00:00,104681.03125,106539.3828125,102372.2109375,103309.6015625,103309.6015625,50951862476,105557.9988088129,111241.42495008436,99874.57266754145,11366.85228254291,2841.7130706357275,0.30219702073845306,False,False,False,False
2025-06-21 00:00:00+00:00,103315.078125,104015.78125,100973.0625,102257.40625,102257.40625,38360555118,105258.70527146563,110982.33254860993,99535.07799432133,11447.254554288607,2861.813638572152,0.2378149487956287,False,False,False,False
2025-06-22 00:00:00+00:00,102212.03125,103351.6328125,98286.203125,100987.140625,100987.140625,65536997201,104841.20878727843,111005.55927420831,98676.85830034855,12328.700973859755,3082.175243464939,0.1873905717682569,False,False,False,False
2025-06-23 00:00:00+00:00,100987.4765625,106116.859375,99705.75,105577.7734375,105577.7734375,65237759656,104742.05819841064,111572.19551164753,97911.92088517375,13660.27462647378,3415.068656618445,0.5611785093595215,False,False,False,True
2025-06-24 00:00:00+00:00,105571.515625,106316.828125,104740.2421875,106045.6328125,106045.6328125,48822986421,104833.37656443502,111295.81733384822,98370.93579502183,12924.88153882639,3231.2203847065975,0.5937924455573041,False,False,False,False
2025-06-25 00:00:00+00:00,106047.40625,108168.3984375,105881.390625,107361.2578125,107361.2578125,51624120283,105052.77076067931,111326.36901565119,98779.17250570744,12547.196509943751,3136.799127485938,0.6839842908327126,False,False,False,False
2025-06-26 00:00:00+00:00,107375.0703125,108305.546875,106666.3515625,106960.0,106960.0,43891990613,105267.8052418051,111241.88273377978,99293.7277498304,11948.154983949382,2987.0387459873455,0.6416281225401014,False,False,False,False
2025-06-27 00:00:00+00:00,106954.921875,107772.46875,106449.9921875,107088.4296875,107088.4296875,45353692675,105442.64571480778,111083.810770085,99801.48065953056,11282.330110554438,2820.5825276386095,0.6458727015222343,False,False,False,False
2025-06-28 00:00:00+00:00,107090.546875,107567.8828125,106883.9765625,107327.703125,107327.703125,30037708335,105615.71318641338,110829.54298616288,100401.88338666389,10427.659599498991,2606.914899874748,0.6641777737613213,False,False,False,False
2025-06-29 00:00:00+00:00,107327.8203125,108526.3046875,107230.109375,108385.5703125,108385.5703125,35534874438,105847.29556151688,110798.98144379143,100895.60967924232,9903.371764549112,2475.842941137278,0.7563040963552768,False,False,False,False
2025-06-30 00:00:00+00:00,108383.4375,108798.7890625,106759.6484375,107135.3359375,107135.3359375,42064804590,106010.84752192796,110875.19294097506,101146.50210288087,9728.69083809419,2432.1727095235474,0.6155847620492706,False,False,False,False
2025-07-01 00:00:00+00:00,107144.3828125,107550.6796875,105270.2265625,105698.28125,105698.28125,44110692247,106026.29656745863,110860.29806960102,101192.29506531624,9668.00300428478,2417.000751071195,0.46607207121126704,False,False,True,False
2025-07-02 00:00:00+00:00,105703.1015625,109763.65625,105157.3984375,108859.3203125,108859.3203125,56248657737,106207.29610071654,111479.14901514469,100935.4431862884,10543.705828856298,2635.9264572140746,0.7515267643872732,False,False,False,True
2025-07-03 00:00:00+00:00,108845.015625,110541.4609375,108605.796875,109647.9765625,109647.9765625,50494742270,106530.25946810862,111662.05990359395,101398.45903262329,10263.600870970666,2565.9002177426664,0.803764452026721,False,False,False,False
2025-07-04 00:00:00+00:00,109635.65625,109751.984375,107296.3828125,108034.3359375,108034.3359375,42616442656,106704.60628463796,111814.34698907477,101594.86558020116,10219.481408873602,2554.8703522184005,0.6301171360522685,False,False,False,False
2025-07-05 00:00:00+00:00,108015.8359375,108381.34375,107842.2734375,108231.1796875,108231.1796875,30615537520,106842.4151107042,111548.99580719732,102135.83441421107,9413.16139298625,2353.2903482465626,0.6475343424824916,False,False,False,False
2025-07-06 00:00:00+00:00,108231.1875,109731.625,107847.015625,109232.0703125,109232.0703125,36746020463,107041.89020928791,111654.73471113172,102429.04570744411,9225.689003687614,2306.4222509219035,0.7374001662462983,False,False,False,False
2025-07-07 00:00:00+00:00,109235.328125,109710.25,107527.0546875,108299.8515625,108299.8515625,45415696597,107181.93737189542,111770.13648605485,102593.73825773598,9176.398228318867,2294.0995570797168,0.6218249429448953,False,False,False,False
2025-07-08 00:00:00+00:00,108298.2265625,109198.96875,107499.5546875,108950.2734375,108950.2734375,44282204127,107312.19085631808,111781.45287156156,102842.9288410746,8938.524030486966,2234.6310076217414,0.6832609696628719,False,False,False,False
2025-07-09 00:00:00+00:00,108950.2734375,111925.375,108357.6796875,111326.5546875,111326.5546875,57927418065,107619.27138984333,112355.14626606247,102883.39651362419,9471.749752438278,2367.9374381095695,0.8914042700190975,False,False,False,False
2025-07-10 00:00:00+00:00,111329.1953125,116608.78125,110660.75,115987.203125,115987.203125,95911605728,108266.85615827094,113718.74979686816,102814.96251967372,10903.787277194439,2725.9468192986096,1.0,True,False,False,False
2025-07-11 00:00:00+00:00,115986.234375,118856.4765625,115245.6875,117516.9921875,117516.9921875,86928361085,109118.23989716577,114747.10198440327,103489.37780992826,11257.724174475006,2814.4310436187516,1.0,False,False,False,False
2025-07-12 00:00:00+00:00,117530.7109375,118219.8984375,116977.0234375,117435.2265625,117435.2265625,45524560304,109920.69795259442,115235.24883110817,104606.14707408067,10629.1017570275,2657.275439256875,1.0,False,False,False,False
2025-07-13 00:00:00+00:00,117432.203125,119449.5703125,117265.4375,119116.1171875,119116.1171875,49021091807,110748.28624282351,115968.20859598588,105528.36388966114,10439.844706324744,2609.961176581186,1.0,False,False,False,False
2025-07-14 00:00:00+00:00,119115.7890625,123091.609375,118959.1953125,119849.703125,119849.703125,181746419401,111689.7354200943,117214.14835044043,106165.32248974816,11048.825860692275,2762.206465173069,1.0,False,False,False,False
2025-07-15 00:00:00+00:00,119853.8515625,119935.5625,115765.6875,117777.1875,117777.1875,98321661181,112274.15545945038,118080.10209676191,106468.20882213885,11611.893274623057,2902.973318655764,0.9739134188027796,False,False,False,False
2025-07-16 00:00:00+00:00,117777.1875,120065.515625,117064.8203125,118738.5078125,118738.5078125,72162029070,112878.80236013765,118704.29339621803,107053.31132405727,11650.982072160754,2912.7455180401885,1.0,True,False,False,False
2025-07-17 00:00:00+00:00,118738.5078125,120999.609375,117508.21875,119289.84375,119289.84375,72363841798,113487.09648060073,119428.31653807306,107545.87642312839,11882.440114944678,2970.6100287361696,0.9883464350138903,False,False,False,False
2025-07-18 00:00:00+00:00,119284.109375,120851.9140625,116925.984375,118003.2265625,118003.2265625,77945799785,113973.44046657527,120105.72445580037,107841.15647735016,12264.567978450214,3066.1419946125534,0.8285713857190385,False,False,False,False
2025-07-19 00:00:00+00:00,117998.125,118541.3984375,117388.4140625,117939.9765625,117939.9765625,47564562765,114352.78864634587,120102.44111164847,108603.13618104327,11499.304930605198,2874.8262326512995,0.8119482384197754,False,False,False,False
2025-07-20 00:00:00+00:00,117944.109375,118865.03125,116550.1328125,117300.7890625,117300.7890625,57515447231,114659.3787157415,120297.04562201384,109021.71180946917,11275.333812544675,2818.833453136169,0.7342644919141748,False,False,False,False
2025-07-21 00:00:00+00:00,117306.46875,119671.5625,116584.3984375,117439.5390625,117439.5390625,69820091744,114967.86645709946,120659.19948524456,109276.53342895435,11382.66605629021,2845.6665140725527,0.717143557860477,False,False,False,False
2025-07-22 00:00:00+00:00,117426.5,120269.96875,116233.2265625,119995.4140625,119995.4140625,79217583118,115335.96201277254,121265.51017560312,109406.41384994195,11859.096325661172,2964.774081415293,0.8929011049218953,False,False,False,False
2025-07-23 00:00:00+00:00,119997.4453125,120113.3515625,117391.390625,118754.9609375,118754.9609375,66608604537,115661.41652346087,121542.4020575084,109780.43098941333,11761.971068095067,2940.4927670237666,0.7630124148520079,False,False,False,False
2025-07-24 00:00:00+00:00,118770.984375,119535.453125,117247.96875,118368.0,118368.0,72627318560,115920.69183471857,121671.07569036135,110170.30797907579,11500.76771128556,2875.19192782139,0.712795200000424,False,False,False,False
2025-07-25 00:00:00+00:00,118368.0,118486.9765625,114759.8203125,117635.8828125,117635.8828125,104857024569,116019.75863418981,121940.53535426832,110098.98191411131,11841.553440157004,2960.388360039251,0.6364790680950353,False,False,False,False
2025-07-26 00:00:00+00:00,117644.84375,118335.6875,117181.2265625,117947.3671875,117947.3671875,48508954046,116191.34610553682,121750.93734110748,110631.75486996617,11119.182471141306,2779.7956177853266,0.6579271755383769,False,False,False,False
2025-07-27 00:00:00+00:00,117944.7265625,119815.59375,117859.6875,119448.4921875,119448.4921875,54683390892,116462.76626810475,121857.57963011834,111067.95290609116,10789.626724027185,2697.406681006796,0.7767218918469534,False,False,False,False
2025-07-28 00:00:00+00:00,119457.5234375,119819.7890625,117441.4375,117924.4765625,117924.4765625,64822943193,116646.81084971382,121977.81318802605,111315.80851140158,10662.004676624463,2665.501169156116,0.619833535206316,False,False,False,False
2025-07-29 00:00:00+00:00,117938.5859375,119273.8671875,116987.3671875,117922.1484375,117922.1484375,68463107433,116781.50768347124,122036.70978795225,111526.30557899023,10510.40420896202,2627.601052240505,0.60852491791478,False,False,False,False
2025-07-30 00:00:00+00:00,117921.9921875,118780.7265625,115800.828125,117831.1875,117831.1875,68896148592,116847.16543385493,122172.82701538783,111521.50385232203,10651.323163065797,2662.8307907664494,0.5923849601669432,False,False,False,False
2025-07-31 00:00:00+00:00,117833.6328125,118919.984375,115505.21875,115758.203125,115758.203125,69370346018,116835.79749571002,122311.84604408965,111359.7489473304,10952.097096759244,2738.024274189811,0.4016083987212927,False,False,True,False
2025-08-01 00:00:00+00:00,115738.953125,116060.7734375,112724.4453125,113320.0859375,113320.0859375,91294530181,116569.06454969003,122164.77386823168,110973.35523114837,11191.41863708332,2797.85465927083,0.2096901905336314,False,False,False,False
2025-08-02 00:00:00+00:00,113320.390625,114021.6015625,112005.765625,112526.9140625,112526.9140625,56870866000,116215.00383860843,121654.30941279592,110775.69826442095,10878.61114837497,2719.6527870937425,0.16097788349946165,False,False,False,False
2025-08-03 00:00:00+00:00,112525.8046875,114747.421875,111943.8046875,114217.671875,114217.671875,48099615826,115969.41294723302,121425.51140150176,110513.31449296429,10912.196908537473,2728.0492271343683,0.33946944076288627,False,False,False,False
2025-08-04 00:00:00+00:00,114223.921875,115729.46875,114130.40625,115071.8828125,115071.8828125,35783028986,115874.92148598861,121105.22259483048,110644.62037714674,10460.602217683743,2615.150554420936,0.42323208006790775,False,False,False,False
2025-08-05 00:00:00+00:00,115072.1875,115117.4375,112701.109375,114141.4453125,114141.4453125,61039182286,115695.08744565636,120885.62406861404,110504.55082269869,10381.073245915351,2595.268311478838,0.3503389682018018,False,False,False,False
2025-08-06 00:00:00+00:00,114140.9140625,115737.8359375,113372.25,115028.0,115028.0,56379133510,115601.52629011766,120746.12643827958,110456.92614195574,10289.200296323834,2572.3000740809584,0.4442593910507726,False,False,False,False
2025-08-07 00:00:00+00:00,115030.0546875,117676.90625,114279.7109375,117496.8984375,117496.8984375,64051649681,115685.61952042392,120995.19871626965,110376.04032457819,10619.158391691453,2654.7895979228633,0.6705670873591306,False,False,False,True
2025-08-08 00:00:00+00:00,117505.5,117689.203125,115917.4609375,116688.7265625,116688.7265625,59713005166,115788.43006212957,120921.39977589072,110655.46034836842,10265.939427522302,2566.4848568805755,0.587697429614361,False,False,False,False
2025-08-09 00:00:00+00:00,116678.2734375,117906.609375,116363.8359375,116500.359375,116500.359375,54004312429,115896.54163359341,120824.76906347845,110968.31420370837,9856.454859770078,2464.1137149425194,0.5612611481508547,False,False,False,False
2025-08-10 00:00:00+00:00,116497.71875,119320.7109375,116485.1640625,119306.7578125,119306.7578125,64755458694,116132.19267840992,121134.70674030646,111129.67861651338,10005.028123793076,2501.257030948269,0.8172969725632864,False,False,False,False
2025-08-11 00:00:00+00:00,119306.8125,122321.09375,118159.03125,118731.4453125,118731.4453125,90528784177,116475.52576657724,121810.20092228412,111140.85061087036,10669.350311413757,2667.337577853439,0.7114392610681689,False,False,False,False
2025-08-12 00:00:00+00:00,118717.6640625,120302.46875,118228.71875,120172.90625,120172.90625,72803657984,116770.05009833179,121986.00773846798,111554.0924581956,10431.91528027237,2607.9788200680923,0.8261966820324257,False,False,False,False
2025-08-13 00:00:00+00:00,120168.9765625,123682.453125,118939.6328125,123344.0625,123344.0625,90904808795,117267.06591237955,122909.99185100212,111624.13997375697,11285.85187724515,2821.4629693112875,1.0,True,False,False,False
2025-08-14 00:00:00+00:00,123339.3984375,124457.1171875,117254.8828125,118359.578125,118359.578125,104055627395,117529.61767072436,124048.69789048468,111010.53745096404,13038.160439520638,3259.5401098801594,0.5636562541261501,False,False,False,False
2025-08-15 00:00:00+00:00,118365.78125,119332.3125,116864.5703125,117398.3515625,117398.3515625,68665353159,117561.56628541728,123922.28692070156,111200.84565013301,12721.441270568554,3180.3603176421384,0.48717010758090074,False,False,True,False
2025-08-16 00:00:00+00:00,117398.421875,117996.0625,117271.953125,117491.3515625,117491.3515625,48036922378,117563.9367086315,123433.40715538737,111694.46626187564,11738.940893511724,2934.735223377931,0.4938167210492028,False,False,False,False
2025-08-17 00:00:00+00:00,117492.7890625,118595.7734375,117279.5234375,117453.0625,117453.0625,45852169525,117584.14462130153,123129.9180233818,112038.37121922126,11091.546804160549,2772.8867010401373,0.4881817997420919,False,False,False,False
2025-08-18 00:00:00+00:00,117453.90625,117614.171875,114723.6796875,116252.3125,116252.3125,72787808090,117452.0090720506,123021.30357142285,111882.71457267835,11138.588998744497,2784.6472496861243,0.3922936673410049,False,False,False,False
2025-08-19 00:00:00+00:00,116241.859375,116764.5,112730.3984375,112831.1796875,112831.1796875,71657600353,117133.59798979182,122952.78335172683,111314.4126278568,11638.37072387003,2909.5926809675075,0.1303246902534515,False,False,False,False
2025-08-20 00:00:00+00:00,112828.0234375,114625.796875,112387.9609375,114274.7421875,114274.7421875,67993811526,116812.5727844148,122497.40679765632,111127.73877117329,11369.668026483036,2842.417006620759,0.27678938461496755,False,False,False,False
2025-08-21 00:00:00+00:00,114275.6875,114802.6484375,111986.234375,112419.03125,112419.03125,57817883700,116456.0710608991,122135.70448531647,110776.43763648174,11359.266848834726,2839.8167122086816,0.14460384066835788,False,False,False,False
2025-08-22 00:00:00+00:00,112433.734375,117377.3984375,111678.9453125,116874.0859375,116874.0859375,82528088240,116346.9350769246,122598.29578390022,110095.57436994897,12502.72141395125,3125.6803534878127,0.5421628894319904,False,False,False,True
2025-08-23 00:00:00+00:00,116866.3671875,116996.25,114536.109375,115374.328125,115374.328125,55377142586,116279.18530769368,122397.43806897175,110160.93254641561,12236.505522556137,3059.1263806390343,0.4260526478719177,False,False,True,False
2025-08-24 00:00:00+00:00,115387.390625,115615.0859375,111060.546875,113458.4296875,113458.4296875,73961489632,116002.88392918317,122420.21922683343,109585.5486315329,12834.67059530053,3208.6676488251323,0.3017514962468276,False,False,False,False
2025-08-25 00:00:00+00:00,113456.8984375,113637.84375,109324.28125,110124.3515625,110124.3515625,85706860190,115529.1640807689,122167.47834865413,108890.84981288367,13276.628535770462,3319.1571339426155,0.09290775487865623,False,False,False,False
2025-08-26 00:00:00+00:00,110124.1015625,112397.015625,108762.0390625,111802.65625,111802.65625,69396320317,115096.59959490203,121798.07774849873,108395.12144130532,13402.95630719341,3350.7390767983525,0.2542375525663574,False,False,False,False
2025-08-27 00:00:00+00:00,111795.7109375,112619.4140625,110398.265625,111222.0625,111222.0625,62137056409,114745.80414737167,121221.36417310871,108270.24412163463,12951.120051474078,3237.7800128685194,0.22791993021710846,False,False,False,False
2025-08-28 00:00:00+00:00,111219.0546875,113450.078125,110900.921875,112544.8046875,112544.8046875,58860155962,114512.73723452675,120850.57250769009,108174.90196136342,12675.67054632667,3168.9176365816675,0.3447472628896114,False,False,False,False
2025-08-29 00:00:00+00:00,112550.5234375,112619.0546875,107559.625,108410.8359375,108410.8359375,77843379644,114038.17545425435,120754.11313760135,107322.23777090735,13431.875366694003,3357.9688416735007,0.08104588055454758,False,False,False,False
2025-08-30 00:00:00+00:00,108409.40625,108929.3515625,107444.4453125,108808.0703125,108808.0703125,51486264208,113500.63071853171,119841.95588354401,107159.30555351941,12682.650330024597,3170.662582506149,0.13000159399469843,False,False,False,False
2025-08-31 00:00:00+00:00,108818.4609375,109491.0,108104.65625,108236.7109375,108236.7109375,47986191770,113034.93151319536,119019.39291170644,107050.47011468429,11968.922797022155,2992.2306992555386,0.09911007389159943,False,False,False,False
2025-09-01 00:00:00+00:00,108228.75,109890.5859375,107271.1796875,109250.59375,109250.59375,66870372995,112631.99706352597,118541.89357218593,106722.100554866,11819.793017319927,2954.948254329982,0.21392025997654218,False,False,False,False
2025-09-02 00:00:00+00:00,109243.0703125,111748.015625,108454.03125,111200.5859375,111200.5859375,74776999491,112425.85870231714,118403.5624351111,106448.15496952318,11955.407465587923,2988.8518663969808,0.39751309034477245,False,False,False,False
2025-09-03 00:00:00+00:00,111190.6953125,112600.2265625,110582.9609375,111723.2109375,111723.2109375,61119643565,112350.58322074726,118133.96970526183,106567.19673623268,11566.772969029145,2891.6932422572863,0.4457608198131761,False,False,False,False
2025-09-04 00:00:00+00:00,111718.1484375,112208.328125,109347.2265625,110723.6015625,110723.6015625,60131132901,112199.07231877133,117976.34046733445,106421.80417020821,11554.536297126237,2888.634074281559,0.3723037672538794,False,False,False,False
2025-09-05 00:00:00+00:00,110723.015625,113357.4921875,110233.3984375,110650.984375,110650.984375,60241647677,112124.29955825343,117948.65964196024,106299.93947454663,11648.720167413616,2912.180041853404,0.37352128284659813,False,False,False,False
2025-09-06 00:00:00+00:00,110650.5703125,111275.015625,110024.0859375,110224.6953125,110224.6953125,21500719036,111970.35981857851,117462.46983141464,106478.24980574238,10984.220025672257,2746.0550064180643,0.34107524230227076,False,False,False,False
2025-09-07 00:00:00+00:00,110221.328125,111591.078125,110211.625,111167.6171875,111167.6171875,24618007520,111877.00238545991,117095.79202201242,106658.2127489074,10437.579273105017,2609.3948182762542,0.43203546728619174,False,False,False,False
2025-09-08 00:00:00+00:00,111163.015625,112869.234375,110630.609375,112071.4296875,112071.4296875,40212813407,111875.10607692404,117019.7417498213,106730.47040402678,10289.271345794521,2572.3178364486303,0.5190804192034647,False,False,False,True
2025-09-09 00:00:00+00:00,112077.578125,113225.4375,110776.703125,111530.546875,111530.546875,45984480722,111872.16541880429,116992.08439941182,106752.24643819676,10239.83796121506,2559.959490303765,0.46663828616251346,False,False,True,False
2025-09-10 00:00:00+00:00,111531.25,114275.25,110940.078125,113955.359375,113955.359375,56377473784,111984.99688685469,117259.95834440147,106710.0354293079,10549.922915093572,2637.480728773393,0.6867655815121032,False,False,False,True
2025-09-11 00:00:00+00:00,113961.4296875,115522.546875,113453.8359375,115507.5390625,115507.5390625,45685065332,112255.7566079479,117416.96410724,107094.5491086558,10322.414998584194,2580.6037496460485,0.8150214804382607,False,False,False,False
2025-09-12 00:00:00+00:00,115507.7890625,116769.3828125,114794.484375,116101.578125,116101.578125,54785725894,112601.73043298461,117641.7968698475,107561.66399612172,10080.132873725786,2520.0332184314466,0.8472025355080254,False,False,False,False
2025-09-13 00:00:00+00:00,116093.5625,116334.6328125,115248.2734375,115950.5078125,115950.5078125,34549454947,112910.56290166861,117663.89456984522,108157.23123349201,9506.663336353202,2376.6658340883005,0.8197699132993093,False,False,False,False
2025-09-14 00:00:00+00:00,115950.2890625,116181.5,115222.3984375,115407.65625,115407.65625,32798036057,113167.06658365256,117636.8853975115,108697.24776979361,8939.637627717893,2234.9094069294733,0.7506354015290683,False,False,False,False
2025-09-15 00:00:00+00:00,115399.6328125,116747.8828125,114461.0625,115444.875,115444.875,52937859416,113394.1339030666,117874.33489803965,108913.93290809354,8960.401989946113,2240.100497486528,0.7288670864582197,False,False,False,False
2025-09-16 00:00:00+00:00,115423.7578125,117005.2734375,114813.09375,116843.1875,116843.1875,45781744593,113663.31336269517,118133.93019567092,109192.69652971943,8941.233665951499,2235.3084164878746,0.8556415430024927,False,False,False,False
2025-09-17 00:00:00+00:00,116840.5078125,117328.609375,114794.9765625,116468.5078125,116468.5078125,60528025996,113904.65157418454,118434.9332863627,109374.36986200637,9060.56342435634,2265.140856089085,0.7829687424761446,False,False,False,False
2025-09-18 00:00:00+00:00,116461.265625,117911.7890625,116188.796875,117137.203125,117137.203125,49457272032,114206.99552148442,118628.84749994478,109785.14354302407,8843.703956920712,2210.925989230178,0.8313326201090799,False,False,False,False
2025-09-19 00:00:00+00:00,117137.671875,117479.7578125,115141.8203125,115688.859375,115688.859375,38828473971,114387.61301150177,118834.86729211609,109940.35873088746,8894.508561228635,2223.6271403071587,0.6462977245499981,False,False,False,False
2025-09-20 00:00:00+00:00,115691.125,116191.1484375,115473.5234375,115721.9609375,115721.9609375,22864449614,114521.70170286667,118667.75555541956,110375.64785031379,8292.107705105765,2073.0269262764414,0.6447471833843017,False,False,False,False
2025-09-21 00:00:00+00:00,115730.2265625,115901.0859375,115252.578125,115306.09375,115306.09375,22495852193,114613.59543949841,118474.74546929602,110752.44540970081,7722.3000595952035,1930.5750148988009,0.5896751363139708,False,False,False,False
2025-09-22 00:00:00+00:00,115309.21875,115431.3125,112037.6484375,112748.5078125,112748.5078125,70684158591,114498.569484943,118652.33732426084,110344.80164562516,8307.535678635672,2076.883919658918,0.2893404566478601,False,False,True,False
2025-09-23 00:00:00+00:00,112757.4765625,113351.9140625,111535.5703125,112014.5,112014.5,47211853279,114289.24491098017,118390.90471636622,110187.58510559412,8203.319610772101,2050.8299026930254,0.2227043417894982,False,False,False,False
2025-09-24 00:00:00+00:00,112007.6640625,113986.2734375,111229.640625,113328.6328125,113328.6328125,48044595085,114152.00085199793,118394.82123934539,109909.18046465048,8485.640774694912,2121.410193673728,0.4029692557863983,False,False,False,False
2025-09-25 00:00:00+00:00,113330.1640625,113541.0859375,108713.3984375,109049.2890625,109049.2890625,75528654284,113797.9618323632,118582.0376809759,109013.8859837505,9568.151697225403,2392.0379243063508,0.0037000958878782905,False,False,False,False
2025-09-26 00:00:00+00:00,109041.296875,110359.1953125,108728.9765625,109712.828125,109712.828125,57738288949,113398.18768959845,118029.89970334987,108766.47567584702,9263.424027502857,2315.8560068757142,0.10216011340334713,False,False,False,False
2025-09-27 00:00:00+00:00,109707.140625,109778.5,109144.296875,109681.9453125,109681.9453125,26308042910,113030.25686797002,117325.6383053463,108734.87543059373,8590.762874752574,2147.6907186881435,0.11024281495297869,False,False,False,False
2025-09-28 00:00:00+00:00,109681.9453125,112375.484375,109236.9453125,112122.640625,112122.640625,33371048505,112860.23463649668,117353.78574263534,108366.68353035802,8987.102212277328,2246.775553069332,0.41792749274743435,False,False,False,False
2025-09-29 00:00:00+00:00,112117.875,114473.5703125,111589.953125,114400.3828125,114400.3828125,60000147466,112920.01883778271,117540.93827080751,108299.09940475792,9241.838866049598,2310.4597165123996,0.6601806735838561,False,False,False,True
2025-09-30 00:00:00+00:00,114396.5234375,114836.6171875,112740.5625,114056.0859375,114056.0859375,58986330258,113011.2318254542,117589.27025267652,108433.19339823189,9156.076854444633,2289.019213611158,0.6141159176201751,False,False,False,False
2025-10-01 00:00:00+00:00,114057.59375,118648.9296875,113981.3984375,118648.9296875,118648.9296875,71328680132,113399.97983612523,118453.72067062532,108346.23900162514,10107.481669000175,2526.870417250044,1.0,True,False,False,False
2025-10-02 00:00:00+00:00,118652.3828125,121086.40625,118383.15625,120681.2578125,120681.2578125,71415163912,114033.34113149426,119122.35788254434,108944.32438044419,10178.033502100152,2544.508375525038,1.0,False,False,False,False
2025-10-03 00:00:00+00:00,120656.984375,123944.703125,119344.3125,122266.53125,122266.53125,83941392228,114777.96092452656,120278.15412547163,109277.76772358149,11000.386401890137,2750.096600472534,1.0,False,False,False,False
2025-10-04 00:00:00+00:00,122267.46875,122857.640625,121577.5703125,122425.4296875,122425.4296875,36769171735,115493.09609441292,120699.28403776349,110286.90815106235,10412.375886701135,2603.0939716752837,1.0,False,False,False,False
2025-10-05 00:00:00+00:00,122419.671875,125559.2109375,122191.9609375,123513.4765625,123513.4765625,73689317763,116279.93292470693,121638.95207372244,110920.91377569141,10718.038298031024,2679.509574507756,1.0,False,False,False,False
2025-10-06 00:00:00+00:00,123510.453125,126198.0703125,123196.046875,124752.53125,124752.53125,72568881188,117083.32497751262,122506.84689912657,111659.80305589866,10847.043843227904,2711.760960806976,1.0,False,False,False,False
2025-10-07 00:00:00+00:00,124752.140625,125184.0234375,120681.96875,121451.3828125,121451.3828125,76149412513,117593.40117013047,123374.98183708303,111811.8205031779,11563.161333905126,2890.7903334762814,0.8336441939158352,False,False,False,False
2025-10-08 00:00:00+00:00,121448.3515625,124167.09375,121119.1796875,123354.8671875,123354.8671875,65354305286,118096.92298329265,123909.92839604996,112283.91757053534,11626.010825514619,2906.5027063786547,0.9522569506531153,False,False,False,False
2025-10-09 00:00:00+00:00,123337.0703125,123739.34375,119812.03125,121705.5859375,121705.5859375,74653009425,118445.05606226478,124462.22343374635,112427.8886907832,12034.33474296314,3008.583685740785,0.7709356142134705,False,False,False,False
2025-10-10 00:00:00+00:00,121704.7421875,122509.6640625,104582.4140625,113214.3671875,113214.3671875,153125018868,117967.95374879512,126968.85438312854,108967.0531144617,18001.801268666837,4500.450317166709,0.2359382824890415,False,False,True,False
2025-10-11 00:00:00+00:00,113236.4296875,113429.7265625,109760.5625,110807.8828125,110807.8828125,110236934340,117336.02710208447,126170.67048548454,108501.38371868439,17669.286766800156,4417.321691700039,0.13053719282825982,False,False,False,False
2025-10-12 00:00:00+00:00,110811.515625,115805.0625,109715.5390625,115169.765625,115169.765625,93710414091,116976.73459037801,126145.81832293808,107807.65085781793,18338.167465120147,4584.541866280037,0.4014640383879726,False,False,False,False
2025-10-13 00:00:00+00:00,115161.6796875,116020.484375,113821.1875,115271.078125,115271.078125,71582026739,116792.05351827851,125484.08825258257,108100.01878397445,17384.069468608126,4346.0173671520315,0.4125075175277536,False,False,False,False
2025-10-14 00:00:00+00:00,115264.8828125,115502.8828125,110029.484375,113118.6640625,113118.6640625,92212917403,116419.82719114088,125337.33813951454,107502.31624276722,17835.02189674732,4458.75547418683,0.31490557467479563,False,False,False,False
2025-10-15 00:00:00+00:00,113113.96875,113622.3828125,110235.8359375,110783.1640625,110783.1640625,72574132855,115955.76056381,124658.8297923463,107252.69133527372,17406.13845707258,4351.534614268145,0.20282917638126435,False,False,False,False
2025-10-16 00:00:00+00:00,110782.171875,111990.8125,107537.03125,108186.0390625,108186.0390625,87306423067,115315.97012320904,124039.4886788917,106592.45156752638,17447.037111365324,4361.759277841331,0.09133857426918206,False,False,False,False
2025-10-17 00:00:00+00:00,108179.1328125,109235.8046875,103598.4296875,106467.7890625,106467.7890625,99703051669,114470.06895076057,123448.71065087497,105491.42725064617,17957.2834002288,4489.3208500572,0.05437135395665631,False,False,False,False
2025-10-18 00:00:00+00:00,106483.734375,107490.984375,106387.453125,107198.265625,107198.265625,37779905278,113761.06883243416,122062.55261253711,105459.58505233121,16602.9675602059,4150.741890051475,0.10472107268558843,False,False,False,False
2025-10-19 00:00:00+00:00,107204.3125,109488.9921875,106157.7890625,108666.7109375,108666.7109375,47657008953,113222.34774323409,121359.92377032674,105084.77171614143,16275.15205418531,4068.7880135463274,0.22008637519533572,False,False,False,False
2025-10-20 00:00:00+00:00,108667.4453125,111711.03125,107485.015625,110588.9296875,110588.9296875,63507793085,112908.63134110068,121077.65289048408,104739.60979171729,16338.043098766793,4084.5107746916983,0.35801839060053786,False,False,False,False
2025-10-21 00:00:00+00:00,110587.6328125,113996.34375,107534.75,108476.890625,108476.890625,101194375480,112631.87230464665,121276.3104490917,103987.43416020159,17288.87628889011,4322.219072222528,0.2596731210161616,False,False,False,False
2025-10-22 00:00:00+00:00,108491.53125,109115.1328125,106778.0,107688.5859375,107688.5859375,80807013218,112177.46283912475,120424.8837316253,103930.0419466242,16494.841785001103,4123.710446250276,0.22786177884370334,False,False,False,False
2025-10-23 00:00:00+00:00,107679.4375,111288.59375,107548.4296875,110069.7265625,110069.7265625,54944076060,111935.37907666843,120106.09069241892,103764.66746091793,16341.423231500987,4085.3558078752467,0.3858329236236872,False,False,False,False
2025-10-24 00:00:00+00:00,110069.3515625,111842.53125,109770.1484375,111033.921875,111033.921875,48160816980,111835.07635706507,119603.19337374052,104066.95934038963,15536.234033350891,3884.0585083377227,0.448433160806842,False,False,False,False
2025-10-25 00:00:00+00:00,111032.6171875,111947.703125,110704.40625,111641.7265625,111641.7265625,24707667305,111796.61943218586,119036.58412219376,104556.65474217797,14479.92938001579,3619.9823450039476,0.4893029264424703,False,False,False,False
2025-10-26 00:00:00+00:00,111639.0546875,115260.90625,111268.484375,114472.4453125,114472.4453125,41708524143,111974.77745253324,119289.23004854034,104660.32485652613,14628.905192014208,3657.226298003552,0.6707351183962981,False,False,False,True
2025-10-27 00:00:00+00:00,114479.8515625,116273.3125,113882.2890625,114119.328125,114119.328125,61761358733,112239.87578046658,119301.08780437298,105178.66375656018,14122.42404781279,3530.6060119531976,0.6330828431557045,False,False,False,False
2025-10-28 00:00:00+00:00,114129.0859375,116078.984375,112291.6796875,112956.1640625,112956.1640625,64528066504,112386.13612280309,119498.68788181884,105273.58436378733,14225.103518031508,3556.275879507877,0.5400719712847329,False,False,False,False
2025-10-29 00:00:00+00:00,112921.328125,113642.7265625,109368.71875,110055.3046875,110055.3046875,62192043469,112256.24220634565,119512.34035195984,105000.14406073146,14512.196291228378,3628.0490728070945,0.34833877142524855,False,False,True,False
2025-10-30 00:00:00+00:00,110059.1953125,111612.3515625,106376.6875,108305.546875,108305.546875,69673964814,111923.72980375717,119501.35094730994,104346.10866020441,15155.242287105531,3788.810571776383,0.26125865491206185,False,False,False,False
2025-10-31 00:00:00+00:00,108304.4140625,111031.8203125,108288.2734375,109556.1640625,109556.1640625,60090359560,111704.84308633585,119073.41149053334,104336.27468213836,14737.136808394978,3684.2842020987446,0.3541996961979846,False,False,False,False
2025-11-01 00:00:00+00:00,109558.625,110574.8984375,109372.953125,110064.015625,110064.015625,25871668762,111542.8538142245,118414.95444050223,104670.75318794676,13744.201252555475,3436.0503131388687,0.3924027550200829,False,False,False,False
2025-11-02 00:00:00+00:00,110048.0625,111133.6640625,109824.125,110203.515625,110203.515625,32038055936,111432.78217120311,117879.58054735308,104985.98379505315,12893.596752299927,3223.399188074982,0.40466069555154643,False,False,False,False
