Date,Open,High,Low,Close,Adj Close,Volume,KC_Middle,KC_Upper,KC_Lower,KC_Width,KC_ATR,KC_PercentB,long_entry,short_entry,long_exit,short_exit
2020-11-02 00:00:00-05:00,109.11000061035156,110.68000030517578,107.31999969482422,108.7699966430664,105.802490234375,122866900,,,,,,,False,False,False,False
2020-11-03 00:00:00-05:00,109.66000366210938,111.48999786376953,108.7300033569336,110.44000244140625,107.42694091796875,107624400,,,,,,,False,False,False,False
2020-11-04 00:00:00-05:00,114.13999938964844,115.58999633789062,112.3499984741211,114.94999694824219,111.81388854980469,138235500,,,,,,,False,False,False,False
2020-11-05 00:00:00-05:00,117.94999694824219,119.62000274658203,116.87000274658203,119.02999877929688,115.7825927734375,126387100,,,,,,,False,False,False,False
2020-11-06 00:00:00-05:00,118.31999969482422,119.19999694824219,116.12999725341797,118.69000244140625,115.65106201171875,114457900,,,,,,,False,False,False,False
2020-11-09 00:00:00-05:00,120.5,121.98999786376953,116.05000305175781,116.31999969482422,113.34173583984375,154515300,,,,,,,False,False,False,False
2020-11-10 00:00:00-05:00,115.55000305175781,117.58999633789062,114.12999725341797,115.97000122070312,113.00070190429688,138023400,,,,,,,False,False,False,False
2020-11-11 00:00:00-05:00,117.19000244140625,119.62999725341797,116.44000244140625,119.48999786376953,116.43057250976562,112295000,,,,,,,False,False,False,False
2020-11-12 00:00:00-05:00,119.62000274658203,120.52999877929688,118.56999969482422,119.20999908447266,116.15775299072266,103162300,,,,,,,False,False,False,False
2020-11-13 00:00:00-05:00,119.44000244140625,119.66999816894531,117.87000274658203,119.26000213623047,116.20645141601562,81581900,,,,,,,False,False,False,False
2020-11-16 00:00:00-05:00,118.91999816894531,120.98999786376953,118.1500015258789,120.30000305175781,117.2198257446289,91183000,,,,,,,False,False,False,False
2020-11-17 00:00:00-05:00,119.55000305175781,120.66999816894531,118.95999908447266,119.38999938964844,116.3331527709961,74271000,,,,,,,False,False,False,False
2020-11-18 00:00:00-05:00,118.61000061035156,119.81999969482422,118.0,118.02999877929688,115.00796508789062,76322100,,,,,,,False,False,False,False
2020-11-19 00:00:00-05:00,117.58999633789062,119.05999755859375,116.80999755859375,118.63999938964844,115.60234069824219,74113000,,,,,,,False,False,False,False
2020-11-20 00:00:00-05:00,118.63999938964844,118.7699966430664,117.29000091552734,117.33999633789062,114.33561706542969,73604300,,,,,,,False,False,False,False
2020-11-23 00:00:00-05:00,117.18000030517578,117.62000274658203,113.75,113.8499984741211,110.93498992919922,127959300,,,,,,,False,False,False,False
2020-11-24 00:00:00-05:00,113.91000366210938,115.8499984741211,112.58999633789062,115.16999816894531,112.22119140625,113874200,,,,,,,False,False,False,False
2020-11-25 00:00:00-05:00,115.55000305175781,116.75,115.16999816894531,116.02999877929688,113.05915069580078,76499200,,,,,,,False,False,False,False
2020-11-27 00:00:00-05:00,116.56999969482422,117.48999786376953,116.22000122070312,116.58999633789062,113.60482788085938,46691300,,,,,,,False,False,False,False
2020-11-30 00:00:00-05:00,116.97000122070312,120.97000122070312,116.80999755859375,119.05000305175781,116.00186157226562,169410200,,,,,,,False,False,False,False
2020-12-01 00:00:00-05:00,121.01000213623047,123.47000122070312,120.01000213623047,122.72000122070312,119.577880859375,127728200,,,,,,,False,False,False,False
2020-12-02 00:00:00-05:00,122.0199966430664,123.37000274658203,120.88999938964844,123.08000183105469,119.92867279052734,89004200,,,,,,,False,False,False,False
2020-12-03 00:00:00-05:00,123.5199966430664,123.77999877929688,122.20999908447266,122.94000244140625,119.79222869873047,78967600,117.28327986078013,122.9135885050762,111.65297121648405,11.260617288592158,2.8151543221480395,1.0,False,False,False,False
2020-12-04 00:00:00-05:00,122.5999984741211,122.86000061035156,121.5199966430664,122.25,119.11990356445312,78260400,117.69383979608784,123.04511873562228,112.3425608565534,10.702557879068877,2.6756394697672192,0.9257075976970603,False,False,False,False
2020-12-07 00:00:00-05:00,122.30999755859375,124.56999969482422,122.25,123.75,120.58150482177734,86712000,118.17963091571453,123.45978190026037,112.89947993116868,10.560301969091682,2.6400754922729206,1.0,False,False,False,False
2020-12-08 00:00:00-05:00,124.37000274658203,124.9800033569336,123.08999633789062,124.37999725341797,121.19537353515625,82225500,118.67716158796726,123.80729887786711,113.54702429806741,10.260274579799699,2.5650686449499247,1.0,False,False,False,False
2020-12-09 00:00:00-05:00,124.52999877929688,125.94999694824219,121.0,121.77999877929688,118.66194152832031,115089200,119.02989800362384,124.63702095418215,113.42277505306554,11.214245901116612,2.803561475279153,0.7452327869321291,False,False,False,False
2020-12-10 00:00:00-05:00,120.5,123.87000274658203,120.1500015258789,123.23999786376953,120.08455657958984,81312200,119.31240656266158,125.10281746230467,113.52199566301849,11.580821799286184,2.895205449821546,0.8391461650286373,False,False,False,False
2020-12-11 00:00:00-05:00,122.43000030517578,122.76000213623047,120.55000305175781,122.41000366210938,119.27581787109375,86939800,119.52859515049803,125.27796392257916,113.77922637841691,11.498737544162253,2.8746843860405633,0.7505847707667865,False,False,False,False
2020-12-14 00:00:00-05:00,122.5999984741211,123.3499984741211,121.54000091552734,121.77999877929688,118.66194152832031,79184500,119.75315661487167,125.28958802146344,114.2167252082799,11.072862813183548,2.768215703295887,0.6830459022766913,False,False,False,False
2020-12-15 00:00:00-05:00,124.33999633789062,127.9000015258789,124.12999725341797,127.87999725341797,124.60576629638672,157243700,120.3267823423189,126.53357115756789,114.1199935270699,12.413577630497997,3.1033944076244993,1.0,False,False,False,False
2020-12-16 00:00:00-05:00,127.41000366210938,128.3699951171875,126.55999755859375,127.80999755859375,124.53754425048828,98208600,120.93121687585828,126.87932632130114,114.98310743041543,11.896218890885706,2.9740547227214265,1.0,False,False,False,False
2020-12-17 00:00:00-05:00,128.89999389648438,129.5800018310547,128.0399932861328,128.6999969482422,125.40476989746094,94359800,121.58472636024312,127.29202571563387,115.87742700485238,11.41459871078149,2.8536496776953726,1.0,False,False,False,False
2020-12-18 00:00:00-05:00,128.9600067138672,129.10000610351562,126.12000274658203,126.66000366210938,123.4169921875,192541500,122.06044395556194,127.79301404680034,116.32787386432354,11.465140182476802,2.8662850456192004,0.9011777992542435,False,False,False,False
2020-12-21 00:00:00-05:00,125.0199966430664,128.30999755859375,123.44999694824219,128.22999572753906,124.94679260253906,121251600,122.44401779910886,128.57533100329374,116.312704594924,12.26262640836974,3.065656602092435,0.9718383921800821,False,False,False,False
2020-12-22 00:00:00-05:00,131.61000061035156,134.41000366210938,129.64999389648438,131.8800048828125,128.5033416748047,168904800,123.2386830503333,129.99286652101372,116.48449957965285,13.508366941360876,3.377091735340219,1.0,False,False,False,False
2020-12-23 00:00:00-05:00,132.16000366210938,132.42999267578125,130.77999877929688,130.9600067138672,127.60686492919922,88223700,123.91795941194287,130.32672331485216,117.5091955090336,12.817527805818557,3.204381951454639,1.0,False,False,False,False
2020-12-24 00:00:00-05:00,131.32000732421875,133.4600067138672,131.10000610351562,131.97000122070312,128.59104919433594,54930100,124.60618540645001,130.87407291906837,118.33829789383167,12.535775025236703,3.1339437563091757,1.0,False,False,False,False
2020-12-28 00:00:00-05:00,133.99000549316406,137.33999633789062,133.50999450683594,136.69000244140625,133.190185546875,124486200,125.54289199163843,132.25798977643245,118.82779420684442,13.430195569588037,3.357548892397009,1.0,False,False,False,False
2020-12-29 00:00:00-05:00,138.0500030517578,138.7899932861328,134.33999633789062,134.8699951171875,131.41677856445312,121047300,126.41431723514663,133.34790463110969,119.48072983918358,13.867174791926104,3.466793697981526,1.0,False,False,False,False
2020-12-30 00:00:00-05:00,135.5800018310547,135.99000549316406,133.39999389648438,133.72000122070312,130.29620361328125,96452100,127.07729081583861,133.83552179154128,120.31905984013592,13.516461951405361,3.3791154878513403,0.991453342505348,False,False,False,False
2020-12-31 00:00:00-05:00,134.0800018310547,134.74000549316406,131.72000122070312,132.69000244140625,129.29258728027344,99116600,127.57501683549854,134.26142556812314,120.88860810287395,13.372817465249199,3.3432043663122997,0.8824912453340205,False,False,False,False
2021-01-04 00:00:00-05:00,133.52000427246094,133.61000061035156,126.76000213623047,129.41000366210938,126.0965805053711,143301900,127.77098783278176,135.15875538696812,120.3832202785954,14.775535108372722,3.6938837770931805,0.6109276799321363,False,False,False,False
2021-01-05 00:00:00-05:00,128.88999938964844,131.74000549316406,128.42999267578125,131.00999450683594,127.6556167602539,97664900,127.98951642104387,135.30050978328816,120.67852305879958,14.621986724488579,3.6554966811221448,0.7065709771664226,False,False,False,False
2021-01-06 00:00:00-05:00,127.72000122070312,131.0500030517578,126.37999725341797,126.5999984741211,123.35852813720703,155088000,127.99122335204846,135.50511853773628,120.47732816636064,15.027790371375644,3.756947592843911,0.40742319106491426,False,False,True,False
2021-01-07 00:00:00-05:00,128.36000061035156,131.6300048828125,127.86000061035156,130.9199981689453,127.56790924072266,109578200,128.17001039665857,135.9385173455159,120.40150344780125,15.537013897714644,3.884253474428661,0.6769959009106147,False,False,False,True
2021-01-08 00:00:00-05:00,132.42999267578125,132.6300048828125,130.22999572753906,132.0500030517578,128.66897583007812,105158200,128.4588985208845,135.9305566059108,120.98724043585823,14.943316170052569,3.735829042513142,0.7403151007451828,False,False,False,False
2021-01-11 00:00:00-05:00,129.19000244140625,130.1699981689453,128.5,128.97999572753906,125.67757415771484,100384500,128.52204569682425,135.95653858369946,121.08755280994903,14.868985773750424,3.717246443437606,0.5307990092722585,False,False,False,False
2021-01-12 00:00:00-05:00,128.5,129.69000244140625,126.86000061035156,128.8000030517578,125.50218200683594,91951100,128.51604205829764,135.77308602269628,121.25899809389901,14.514087928797267,3.6285219821993167,0.5195645082800391,False,False,False,False
2021-01-13 00:00:00-05:00,128.75999450683594,131.4499969482422,128.49000549316406,130.88999938964844,127.53870391845703,88636800,128.66276082652436,135.78609868549876,121.53942296754997,14.24667571794879,3.5616689294871975,0.6563339130628256,False,False,False,False
2021-01-14 00:00:00-05:00,130.8000030517578,131.0,128.75999450683594,128.91000366210938,125.60941314697266,90221800,128.7372529290069,135.59625810071665,121.87824775729713,13.718010343419522,3.4295025858548804,0.5125929875235405,False,False,False,False
2021-01-15 00:00:00-05:00,128.77999877929688,130.22000122070312,127.0,127.13999938964844,123.88469696044922,111598500,128.6858152018772,135.50292010055662,121.86871030319779,13.634209797358835,3.408552449339709,0.3866222659615949,False,False,True,False
2021-01-19 00:00:00-05:00,127.77999877929688,128.7100067138672,126.94000244140625,127.83000183105469,124.55704498291016,90757300,128.61421979578543,135.1036150590891,122.12482453248177,12.978790526607327,3.2446976316518317,0.4395769611102785,False,False,False,False
2021-01-20 00:00:00-05:00,128.66000366210938,132.49000549316406,128.5500030517578,132.02999877929688,128.64950561523438,104319500,128.81497946069828,135.58743593009345,122.04252299130312,13.544912938790333,3.386228234697583,0.7373599101837948,False,False,False,True
2021-01-21 00:00:00-05:00,133.8000030517578,139.6699981689453,133.58999633789062,136.8699951171875,133.36557006835938,120150900,129.47289755075187,137.0961082511372,121.84968685036652,15.246421400770672,3.811605350192668,0.985169429074139,False,False,False,False
2021-01-22 00:00:00-05:00,136.27999877929688,139.85000610351562,135.02000427246094,139.07000732421875,135.50924682617188,114459400,130.18182324652796,138.0087132430857,122.35493324997022,15.653779993115492,3.913444998278873,1.0,False,False,False,False
2021-01-25 00:00:00-05:00,143.07000732421875,145.08999633789062,136.5399932861328,142.9199981689453,139.2606658935547,157611700,131.1263931924553,139.88059479970883,122.37219158520178,17.508403214507055,4.377100803626764,1.0,False,False,False,False
2021-01-26 00:00:00-05:00,143.60000610351562,144.3000030517578,141.3699951171875,143.16000366210938,139.4945068359375,98390600,132.11113825505777,140.5759212885,123.64635522161552,16.92956606688449,4.232391516721123,1.0,False,False,False,False
2021-01-27 00:00:00-05:00,143.42999267578125,144.3000030517578,140.41000366210938,142.05999755859375,138.4226837158203,140843800,132.95659907470466,141.35290368273235,124.56029446667695,16.792609216055396,4.198152304013849,1.0,False,False,False,False
2021-01-28 00:00:00-05:00,139.52000427246094,141.99000549316406,136.6999969482422,137.08999633789062,133.57992553710938,142621100,133.42632689568194,142.05500116497717,124.7976526263867,17.257348538590477,4.314337134647619,0.7122961956766465,False,False,False,False
2021-01-29 00:00:00-05:00,135.8300018310547,136.74000549316406,130.2100067138672,131.9600067138672,128.581298828125,177523800,133.38830017995562,142.53010494712603,124.24649541278521,18.283609534340826,4.5709023835852065,0.4218812093199776,False,False,True,False
2021-02-01 00:00:00-05:00,133.75,135.3800048828125,130.92999267578125,134.13999938964844,130.7054901123047,106239800,133.3962195246327,142.51384625649231,124.27859279277308,18.235253463719232,4.558813365929808,0.5407880190146828,False,False,False,True
2021-02-02 00:00:00-05:00,135.72999572753906,136.30999755859375,134.61000061035156,134.99000549316406,131.53370666503906,83305400,133.555145777083,142.1950094695457,124.91528208462029,17.279727384925422,4.319931846231356,0.5830371732214256,False,False,False,False
2021-02-03 00:00:00-05:00,135.75999450683594,135.77000427246094,133.61000061035156,133.94000244140625,130.51065063476562,89880900,133.62888383244325,141.83676188808158,125.42100577680493,16.41575611127665,4.1039390278191625,0.5189524385507454,False,False,False,False
2021-02-04 00:00:00-05:00,136.3000030517578,137.39999389648438,134.58999633789062,137.38999938964844,133.8722686767578,84183100,133.86480989151806,141.9438984326082,125.78572135042795,16.158177082180245,4.039544270545061,0.7181675247276538,False,False,False,False
2021-02-05 00:00:00-05:00,137.35000610351562,137.4199981689453,135.86000061035156,136.75999450683594,133.45751953125,75693800,134.09940888072856,141.68258807942843,126.51622968202871,15.16635839739972,3.79158959934993,0.6754267937228444,False,False,False,False
2021-02-08 00:00:00-05:00,136.02999877929688,136.9600067138672,134.9199981689453,136.91000366210938,133.6038818359375,71297200,134.27973615580456,141.5125991436188,127.04687316799031,14.465725975628473,3.6164314939071183,0.6818275495288824,False,False,False,False
2021-02-09 00:00:00-05:00,136.6199951171875,137.8800048828125,135.85000610351562,136.00999450683594,132.72569274902344,76774200,134.4714249620754,141.38700140696758,127.5558485171832,13.831152889784391,3.457788222446098,0.6112394286304887,False,False,False,False
2021-02-10 00:00:00-05:00,136.47999572753906,136.99000549316406,134.39999389648438,135.38999938964844,132.12062072753906,73046600,134.56491729243845,141.30693841217737,127.82289617269954,13.48404223947783,3.3710105598694575,0.5611895218478588,False,False,False,False
2021-02-11 00:00:00-05:00,135.89999389648438,136.38999938964844,133.77000427246094,135.1300048828125,131.8668670654297,64280000,134.60922997764973,141.20104800885224,128.01741194644723,13.183636062405014,3.2959090156012536,0.5395016141751539,False,False,False,False
2021-02-12 00:00:00-05:00,134.35000610351562,135.52999877929688,133.69000244140625,135.3699951171875,132.1011199951172,60145100,134.63040515556477,140.93104065122517,128.32976965990437,12.601270991320803,3.1503177478302007,0.5586916956338868,False,False,False,False
2021-02-16 00:00:00-05:00,135.49000549316406,136.00999450683594,132.7899932861328,133.19000244140625,129.9737091064453,80576300,134.5775933435559,140.89216553379086,128.26302115332092,12.629144380469938,3.1572860951174846,0.390127877206357,False,False,True,False
2021-02-17 00:00:00-05:00,131.25,132.22000122070312,129.47000122070312,130.83999633789062,127.68046569824219,97918500,134.26640497546225,140.69352019081435,127.83928976011015,12.854230430704206,3.2135576076760515,0.23344116895655231,False,False,False,False
2021-02-18 00:00:00-05:00,129.1999969482422,130.0,127.41000366210938,129.7100067138672,126.57779693603516,96856700,133.83087151572863,140.30127374470177,127.36046928675549,12.940804457946285,3.2352011144865713,0.1815603840353965,False,False,False,False
2021-02-19 00:00:00-05:00,130.24000549316406,130.7100067138672,128.8000030517578,129.8699951171875,126.73390197753906,87668800,133.49441013616268,139.6997728746604,127.28904739766497,12.410725476995424,3.102681369248856,0.2079610675706737,False,False,False,False
2021-02-22 00:00:00-05:00,128.00999450683594,129.72000122070312,125.5999984741211,126.0,122.95735168457031,103916400,132.96209817189424,139.40092396515547,126.52327237863302,12.877651586522447,3.2194128966306117,0.0,False,False,False,False
2021-02-23 00:00:00-05:00,123.76000213623047,126.70999908447266,118.38999938964844,125.86000061035156,122.82076263427734,158273000,132.18636774324952,139.64531089614945,124.72742459034959,14.917886305799868,3.729471576449967,0.07592067648093331,False,False,False,False
2021-02-24 00:00:00-05:00,124.94000244140625,125.55999755859375,122.2300033569336,125.3499984741211,122.32305908203125,111039900,131.5358370810245,138.97488536931806,124.09678879273098,14.878096576587083,3.719524144146771,0.08423185552930414,False,False,False,False
2021-02-25 00:00:00-05:00,124.68000030517578,126.45999908447266,120.54000091552734,120.98999786376953,118.06834411621094,148199500,130.79646170937718,138.67560480263043,122.91731861612394,15.758286186506496,3.939571546626624,0.0,False,False,False,False
2021-02-26 00:00:00-05:00,122.58999633789062,124.8499984741211,121.19999694824219,121.26000213623047,118.3318099975586,164560400,130.0998120546678,137.96304096066604,122.23658314866957,15.726457811996468,3.931614452999117,0.0,False,False,False,False
2021-03-01 00:00:00-05:00,123.75,127.93000030517578,122.79000091552734,127.79000091552734,124.7041244506836,116307900,129.77232777611854,138.183233425306,121.36142212693107,16.82181129837494,4.205452824593735,0.38215734765835224,False,False,False,False
2021-03-02 00:00:00-05:00,128.41000366210938,128.72000122070312,125.01000213623047,125.12000274658203,122.09860229492188,102260900,129.48157840876186,137.7933933099251,121.1697635075986,16.623629802326505,4.155907450581626,0.2376279600758786,False,False,False,False
2021-03-03 00:00:00-05:00,124.80999755859375,125.70999908447266,121.83999633789062,122.05999755859375,119.11248779296875,112966300,128.9583911241694,137.21302508453275,120.70375716380606,16.509267920726685,4.127316980181671,0.08215024441422918,False,False,False,False
2021-03-04 00:00:00-05:00,121.75,123.5999984741211,118.62000274658203,120.12999725341797,117.2291030883789,178155000,128.27713626588087,136.7023059757157,119.85196655604605,16.850339419669638,4.212584854917409,0.016500005753437148,False,False,False,False
2021-03-05 00:00:00-05:00,120.9800033569336,121.94000244140625,117.56999969482422,121.41999816894531,118.4879379272461,153766600,127.61320825220123,136.06986154036898,119.15655496403349,16.913306576335486,4.228326644083872,0.1338261796826148,False,False,False,False
2021-03-08 00:00:00-05:00,120.93000030517578,121.0,116.20999908447266,116.36000061035156,113.55013275146484,154376600,126.80016311159625,135.45315088784176,118.14717533535075,17.305975552491006,4.3264938881227515,0.0,False,False,False,False
2021-03-09 00:00:00-05:00,119.02999877929688,122.05999755859375,118.79000091552734,121.08999633789062,118.16590881347656,129525800,126.28737159707467,135.21505998534406,117.35968320880528,17.855376776538776,4.463844194134694,0.208918197345845,False,False,False,False
2021-03-10 00:00:00-05:00,121.69000244140625,122.16999816894531,119.44999694824219,119.9800033569336,117.08271026611328,111943300,125.80786836604402,134.3867881596271,117.22894857246095,17.157839587166137,4.289459896791534,0.16033806415409083,False,False,False,False
2021-03-11 00:00:00-05:00,122.54000091552734,123.20999908447266,121.26000213623047,121.95999908447266,119.01493072509766,103026500,125.50249045512855,133.86951741486112,117.13546349539597,16.734053919465154,4.1835134798662885,0.2883064445887054,False,False,False,False
2021-03-12 00:00:00-05:00,120.4000015258789,121.16999816894531,119.16000366210938,121.02999877929688,118.10736083984375,88105100,125.08172737859982,133.1720507268318,116.99140403036785,16.180646696463953,4.045161674115988,0.24959414939896102,False,False,False,False
2021-03-15 00:00:00-04:00,121.41000366210938,124.0,120.41999816894531,123.98999786376953,120.9958724975586,92403800,124.89186109795858,132.8891524775783,116.89456971833886,15.99458275923945,3.9986456898098623,0.4436144569843137,False,False,False,False
2021-03-16 00:00:00-04:00,125.69999694824219,127.22000122070312,124.72000122070312,125.56999969482422,122.5377426147461,115227900,124.97059495469065,132.8141578677351,117.12703204164619,15.687125826088916,3.921781456522229,0.5382099784739863,False,False,False,True
2021-03-17 00:00:00-04:00,124.05000305175781,125.86000061035156,122.33999633789062,124.76000213623047,121.7472915649414,111932600,124.9163786830351,132.6795861592673,117.1531712068029,15.526414952464407,3.8816037381161017,0.48992835453107547,False,False,True,False
2021-03-18 00:00:00-04:00,122.87999725341797,123.18000030517578,120.31999969482422,120.52999877929688,117.61943817138672,121229700,124.61862486998487,132.4935120868751,116.74373765309464,15.749774433780473,3.9374436084451183,0.24040097476452585,False,False,False,False
2021-03-19 00:00:00-04:00,119.9000015258789,121.43000030517578,119.68000030517578,119.98999786376953,117.09249114990234,185549500,124.26429497732282,131.70169347252403,116.82689648212161,14.874796990402416,3.718699247600604,0.21264837319721608,False,False,False,False
2021-03-22 00:00:00-04:00,120.33000183105469,123.87000274658203,120.26000213623047,123.38999938964844,120.41039276123047,111912300,124.11782607011428,131.58748569235786,116.64816644787068,14.93931924448718,3.734829811121795,0.4512811347990699,False,False,False,False
2021-03-23 00:00:00-04:00,123.33000183105469,124.23999786376953,122.13999938964844,122.54000091552734,119.58090209960938,95467100,124.02245162451989,131.16514497936333,116.87975826967644,14.28538670968689,3.5713466774217224,0.39622607080091865,False,False,False,False
2021-03-24 00:00:00-04:00,122.81999969482422,122.9000015258789,120.06999969482422,120.08999633789062,117.19007110595703,88530500,123.77224725465973,130.7666716402298,116.77782286908969,13.988848771140098,3.4972121927850246,0.23677241229701218,False,False,False,False
2021-03-25 00:00:00-04:00,119.54000091552734,121.66000366210938,119.0,120.58999633789062,117.67799377441406,98844700,123.49261553899365,130.31959821842855,116.66563285955873,13.653965358869826,3.4134913397174564,0.287415660959076,False,False,False,False
2021-03-26 00:00:00-04:00,120.3499984741211,121.4800033569336,118.91999816894531,121.20999908447266,118.28302001953125,94071200,123.24628648325394,129.90257193234302,116.59000103416486,13.312570898178166,3.3281427245445414,0.34704025883836226,False,False,False,False
2021-03-29 00:00:00-04:00,121.6500015258789,122.58000183105469,120.7300033569336,121.38999938964844,118.45867919921875,80819200,123.10631829236156,129.46697489136596,116.74566169335718,12.721313198008787,3.1803282995021966,0.36508319730845223,False,False,False,False
2021-03-30 00:00:00-04:00,120.11000061035156,120.4000015258789,118.86000061035156,119.9000015258789,117.0046615600586,85671900,122.82412520305668,129.05471589802,116.59353450809336,12.461181389926637,3.115295347481659,0.2653413760960442,False,False,False,False
2021-03-31 00:00:00-04:00,121.6500015258789,123.5199966430664,121.1500015258789,122.1500015258789,119.2003173828125,118323800,122.77822587210264,129.10975652100714,116.44669522319815,12.663061297808994,3.1657653244522486,0.45038922015386307,False,False,False,False
2021-04-01 00:00:00-04:00,123.66000366210938,124.18000030517578,122.48999786376953,123.0,120.02980041503906,75089100,122.81531810967589,128.9196954495493,116.71094076980246,12.208754679746832,3.052188669936708,0.5151270047739178,False,False,False,True
2021-04-05 00:00:00-04:00,123.87000274658203,126.16000366210938,123.06999969482422,125.9000015258789,122.85977935791016,88651200,123.00098618061435,129.1269265189223,116.87504584230639,12.251880676615897,3.0629701691539744,0.7366179872121726,False,False,False,False
2021-04-06 00:00:00-04:00,126.5,127.12999725341797,125.6500015258789,126.20999908447266,123.16228485107422,80171300,123.27840393955674,129.0877493895417,117.46905848957176,11.618690899969934,2.9046727249924835,0.7523171646578111,False,False,False,False
2021-04-07 00:00:00-04:00,125.83000183105469,127.91999816894531,125.13999938964844,127.9000015258789,124.81148529052734,83466700,123.58742580805125,129.3718364688971,117.8030151472054,11.5688213216917,2.892205330422925,0.8727757217359314,False,False,False,False
2021-04-08 00:00:00-04:00,128.9499969482422,130.38999938964844,128.52000427246094,130.36000061035156,127.21207427978516,88844600,124.10152933161534,129.80549849913052,118.39756016410017,11.407938335030352,2.851984583757588,1.0,False,False,False,False
2021-04-09 00:00:00-04:00,129.8000030517578,133.0399932861328,129.47000122070312,133.0,129.78831481933594,106686700,124.74612395694838,130.59369462079798,118.89855329309879,11.69514132769919,2.9237853319247975,1.0,False,False,False,False
2021-04-12 00:00:00-04:00,132.52000427246094,132.85000610351562,130.6300048828125,131.24000549316406,128.07083129882812,91420000,125.31505852941079,131.05187115031293,119.57824590850866,11.473625241804271,2.8684063104510678,1.0,False,False,False,False
2021-04-13 00:00:00-04:00,132.44000244140625,134.66000366210938,131.92999267578125,134.42999267578125,131.18380737304688,91266500,126.01158112456189,131.85871211716287,120.1644501319609,11.694261985201962,2.9235654963004905,1.0,False,False,False,False
2021-04-14 00:00:00-04:00,134.94000244140625,135.0,131.66000366210938,132.02999877929688,128.8417205810547,87222800,126.58533832088746,132.51575548180648,120.65492115996845,11.860834321838027,2.9652085804595067,0.9590453176118281,False,False,False,False
2021-04-15 00:00:00-04:00,133.82000732421875,135.0,133.63999938964844,134.5,131.25210571289062,89347100,127.23489344385929,133.166269132827,121.30351775489156,11.862751377935453,2.9656878444838632,1.0,False,False,False,False
2021-04-16 00:00:00-04:00,134.3000030517578,134.6699981689453,133.27999877929688,134.16000366210938,130.92030334472656,84922400,127.80170789604745,133.4179458940481,122.1854698980468,11.232475996001298,2.8081189990003246,1.0,False,False,False,False
2021-04-19 00:00:00-04:00,133.50999450683594,135.47000122070312,133.33999633789062,134.83999633789062,131.58387756347656,94264200,128.36406540183472,133.8446805765978,122.88345022707163,10.961230349526161,2.7403075873815403,1.0,False,False,False,False
2021-04-20 00:00:00-04:00,135.02000427246094,135.52999877929688,131.80999755859375,133.11000061035156,129.89566040039062,94812300,128.7906709780219,134.4672248794493,123.1141170765945,11.353107802854808,2.838276950713702,0.8804535028940306,False,False,False,False
2021-04-21 00:00:00-04:00,132.36000061035156,133.75,131.3000030517578,133.5,130.27626037597656,68847100,129.1289484812911,134.72784638222421,123.53005058035801,11.197795801866206,2.7994489504665516,0.8903492790947676,False,False,False,False
2021-04-22 00:00:00-04:00,133.0399932861328,134.14999389648438,131.41000366210938,131.94000244140625,128.75390625,84566500,129.4098694411835,134.9968755988983,123.82286328346872,11.174012315429579,2.7935030788573947,0.726430124542553,False,False,False,False
2021-04-23 00:00:00-04:00,132.16000366210938,135.1199951171875,132.16000366210938,134.32000732421875,131.07643127441406,78657500,129.78126937951586,135.44557345661542,124.1169653024163,11.328608154199117,2.832152038549779,0.9006439169687882,False,False,False,False
2021-04-26 00:00:00-04:00,134.8300018310547,135.05999755859375,133.55999755859375,134.72000122070312,131.46681213378906,66905100,130.17005238505317,135.56792605444278,124.77217871566357,10.795747338779208,2.698936834694802,0.9214575140440867,False,False,False,False
2021-04-27 00:00:00-04:00,135.00999450683594,135.41000366210938,134.11000061035156,134.38999938964844,131.144775390625,66015800,130.54227034357956,135.66035725638176,125.42418343077736,10.236173825604396,2.559043456401099,0.8758952428537612,False,False,False,False
2021-04-28 00:00:00-04:00,134.30999755859375,135.02000427246094,133.0800018310547,133.5800018310547,130.35433959960938,107760100,130.82152581313042,135.81580452293366,125.82724710332718,9.98855741960648,2.49713935490162,0.776163604216728,False,False,False,False
2021-04-29 00:00:00-04:00,136.47000122070312,137.07000732421875,132.4499969482422,133.47999572753906,130.25668334960938,151101000,131.114176439814,136.53302935383223,125.69532352579577,10.837705828036462,2.7094264570091156,0.7182952116678453,False,False,False,False
2021-04-30 00:00:00-04:00,131.77999877929688,133.55999755859375,131.07000732421875,131.4600067138672,128.2854461669922,109839500,131.1904953919595,136.5654610614509,125.8155297224681,10.74993133898279,2.6874828347456976,0.5250709807727195,False,False,False,False
2021-05-03 00:00:00-04:00,132.0399932861328,134.07000732421875,131.8300018310547,132.5399932861328,129.33944702148438,75135100,131.3257319548908,136.6852011795034,125.96626273027823,10.718938449225163,2.679734612306291,0.6132818643370207,False,False,False,False
2021-05-04 00:00:00-04:00,131.19000244140625,131.49000549316406,126.69999694824219,127.8499984741211,124.7626724243164,137564700,131.10525431741456,137.096775887144,125.11373274768512,11.983043139458871,2.995760784864718,0.22834481146327057,False,False,True,False
2021-05-05 00:00:00-04:00,129.1999969482422,130.4499969482422,127.97000122070312,128.10000610351562,125.00665283203125,84000900,130.91648324297614,136.82885235055687,125.00411413539543,11.824738215161446,2.9561845537903615,0.2618148420529689,False,False,False,False
2021-05-06 00:00:00-04:00,127.88999938964844,129.75,127.12999725341797,129.74000549316406,126.60706329345703,78128300,130.74622082679986,136.5913535729389,124.9010880806608,11.690265492278115,2.922566373069529,0.41392707596756984,False,False,False,False
2021-05-07 00:00:00-04:00,130.85000610351562,131.25999450683594,129.47999572753906,130.2100067138672,127.28152465820312,78973300,130.7104245620177,136.3270437894022,125.09380533463317,11.233238454769037,2.808309613692259,0.45545204081926577,False,False,False,False
2021-05-10 00:00:00-04:00,129.41000366210938,129.5399932861328,126.80999755859375,126.8499984741211,123.99708557128906,88071200,130.4623333295953,136.19729246529607,124.72737419389455,11.469918271401525,2.8674795678503813,0.1850601050505288,False,False,False,False
2021-05-11 00:00:00-04:00,123.5,126.2699966430664,122.7699966430664,125.91000366210938,123.0782470703125,126142800,130.0057499118024,135.98321350014402,124.02828632346079,11.954927176683228,2.988731794170807,0.15740098712760608,False,False,False,False
2021-05-12 00:00:00-04:00,123.4000015258789,124.63999938964844,122.25,122.7699966430664,120.00886535644531,112172300,129.44027064228317,135.5519886042125,123.32855268035384,12.223435923858673,3.0558589809646683,0.0,False,False,False,False
2021-05-13 00:00:00-04:00,124.58000183105469,126.1500015258789,124.26000213623047,124.97000122070312,122.15936279296875,105861300,129.0808037799488,135.2573509222477,122.90425663764991,12.353094284597788,3.088273571149447,0.1672248697744378,False,False,False,False
2021-05-14 00:00:00-04:00,126.25,127.88999938964844,125.8499984741211,127.44999694824219,124.58360290527344,81918000,128.91268109862006,135.05557316047813,122.76978903676198,12.285784123716155,3.071446030929039,0.38094499010817384,False,False,False,False
2021-05-17 00:00:00-04:00,126.81999969482422,126.93000030517578,125.16999816894531,126.2699966430664,123.43013763427734,74244600,128.68023531587914,134.6648379274108,122.6956327043475,11.969205223063284,2.992301305765821,0.2986300152855191,False,False,False,False
2021-05-18 00:00:00-04:00,126.55999755859375,126.98999786376953,124.77999877929688,124.8499984741211,122.04207611083984,63342900,128.4185489039222,134.2466910711952,122.59040673664919,11.656284334546001,2.9140710836365002,0.19385180325218246,False,False,False,False
2021-05-19 00:00:00-04:00,123.16000366210938,124.91999816894531,122.86000061035156,124.69000244140625,121.88568115234375,92612000,128.06339208472596,133.7207195469904,122.4060646224615,11.31465492452891,2.8286637311322274,0.20185660403954767,False,False,False,False
2021-05-20 00:00:00-04:00,125.2300033569336,127.72000122070312,125.0999984741211,127.30999755859375,124.44674682617188,76857100,127.95060933470485,133.64820380660223,122.25301486280746,11.395188943794764,2.848797235948691,0.4437822594016804,False,False,False,False
2021-05-21 00:00:00-04:00,127.81999969482422,128.0,125.20999908447266,125.43000030517578,122.6090087890625,79295400,127.80583631763633,133.49167152544945,122.12000110982322,11.371670415626227,2.8429176039065567,0.2910741407703981,False,False,False,False
2021-05-24 00:00:00-04:00,126.01000213623047,127.94000244140625,125.94000244140625,127.0999984741211,124.2414779663086,63092900,127.73812782885923,133.35737994313712,122.11887571458134,11.238504228555783,2.8096260571389458,0.4432193696099951,False,False,False,False
2021-05-25 00:00:00-04:00,127.81999969482422,128.32000732421875,126.31999969482422,126.9000015258789,124.04598999023438,72009500,127.69161741381323,133.14894584254225,122.23428898508422,10.914656857458027,2.728664214364507,0.4274722148142098,False,False,False,False
2021-05-26 00:00:00-04:00,126.95999908447266,127.38999938964844,126.41999816894531,126.8499984741211,123.99708557128906,56575900,127.62453807468198,132.73013390467872,122.51894224468523,10.211191659993489,2.552797914998372,0.4241479715246693,False,False,False,False
2021-05-27 00:00:00-04:00,126.44000244140625,127.63999938964844,125.08000183105469,125.27999877929688,122.46239471435547,94625600,127.48915990179181,132.59619566050762,122.382124143076,10.21407151743162,2.553517879357905,0.2837139559161381,False,False,False,False
2021-05-28 00:00:00-04:00,125.56999969482422,125.80000305175781,124.55000305175781,124.61000061035156,121.8074722290039,71311100,127.28061898536102,132.12695116820524,122.43428680251678,9.692664365688458,2.4231660914221145,0.22447014832543868,False,False,False,False
2021-06-01 00:00:00-04:00,125.08000183105469,125.3499984741211,123.94000244140625,124.27999877929688,121.4848861694336,67637100,127.05084517254826,131.69454334365105,122.40714700144548,9.287396342205568,2.321849085551392,0.2016552011827494,False,False,False,False
2021-06-02 00:00:00-04:00,124.27999877929688,125.23999786376953,124.05000305175781,125.05999755859375,122.24735260009766,59278900,126.86188581022816,131.279213126623,122.44455849383331,8.834654632789693,2.2086636581974233,0.2960431588410115,False,False,False,False
2021-06-03 00:00:00-04:00,124.68000030517578,124.8499984741211,123.12999725341797,123.54000091552734,120.76153564453125,76229200,126.61006189946099,130.9716565452515,122.24846725367047,8.723189291581036,2.180797322895259,0.14805750725865427,False,False,False,False
2021-06-04 00:00:00-04:00,124.06999969482422,126.16000366210938,123.8499984741211,125.88999938964844,123.05867767333984,75169300,126.50089011689143,130.9503258474193,122.05145438636356,8.898871461055734,2.2247178652639334,0.4313518877178484,False,False,False,False
2021-06-07 00:00:00-04:00,126.16999816894531,126.31999969482422,124.83000183105469,125.9000015258789,123.06847381591797,71057600,126.43276046969929,130.73525219992828,122.1302687394703,8.604983460457987,2.151245865114497,0.43808716236718626,False,False,False,False
2021-06-08 00:00:00-04:00,126.5999984741211,128.4600067138672,126.20999908447266,126.73999786376953,123.88956451416016,74403800,126.49141942117183,130.87566301597556,122.10717582636808,8.768487189607484,2.192121797401871,0.528349068342408,False,False,False,True
2021-06-09 00:00:00-04:00,127.20999908447266,127.75,126.5199966430664,127.12999725341797,124.27080535888672,56877900,126.54491207764318,130.73673198435327,122.35309217093308,8.383639813420189,2.095909953355047,0.5697889208978435,False,False,False,False
2021-06-10 00:00:00-04:00,127.0199966430664,128.19000244140625,125.94000244140625,126.11000061035156,123.27371978759766,71186400,126.5617251126497,130.78436302868877,122.33908719661062,8.445275832078153,2.111318958019538,0.4465115750770005,False,False,True,False
2021-06-11 00:00:00-04:00,126.52999877929688,127.44000244140625,126.0999984741211,127.3499984741211,124.48583221435547,53522400,126.59519244741911,130.6635673653113,122.52681752952691,8.1367498357844,2.0341874589461,0.5927650526236463,False,False,False,True
2021-06-14 00:00:00-04:00,127.81999969482422,130.5399932861328,127.06999969482422,130.47999572753906,127.5454330444336,96906500,126.82587054092573,131.18140668529043,122.47033439656103,8.711072288729397,2.1777680721823494,0.919480526104821,False,False,False,False
2021-06-15 00:00:00-04:00,129.94000244140625,130.60000610351562,129.38999938964844,129.63999938964844,126.72435760498047,62746300,127.08010368703782,131.2420875597395,122.91811981433615,8.323967745403351,2.080991936350838,0.8075331117211779,False,False,False,False
2021-06-16 00:00:00-04:00,130.3699951171875,130.88999938964844,128.4600067138672,130.14999389648438,127.22285461425781,91815000,127.30953949089577,131.54132351148354,123.07775547030802,8.46356804117552,2.11589201029388,0.8356095670017298,False,False,False,False
2021-06-17 00:00:00-04:00,129.8000030517578,132.5500030517578,129.64999389648438,131.7899932861328,128.8259735107422,96721700,127.64457759538709,132.03318504497076,123.25597014580342,8.777214899167348,2.194303724791837,0.9722928330191594,False,False,False,False
2021-06-18 00:00:00-04:00,130.7100067138672,131.50999450683594,130.24000549316406,130.4600067138672,127.52588653564453,108953300,127.9022518711567,132.16199613437576,123.64250760793765,8.51948852643811,2.1298721316095275,0.8002239905333673,False,False,False,False
2021-06-21 00:00:00-04:00,130.3000030517578,132.41000366210938,129.2100067138672,132.3000030517578,129.3245391845703,79663300,128.18595347710846,132.65972270365404,123.71218425056287,8.94753845309117,2.2368846132727924,0.9597968029104191,False,False,False,False
2021-06-22 00:00:00-04:00,132.1300048828125,134.0800018310547,131.6199951171875,133.97999572753906,130.9667510986328,74783600,128.6060127061211,133.12440635278557,124.08761905945664,9.036787293328928,2.259196823332232,1.0,False,False,False,False
2021-06-23 00:00:00-04:00,133.77000427246094,134.32000732421875,133.22999572753906,133.6999969482422,130.6930389404297,60214200,129.03467831394434,133.3192349152783,124.7501217126104,8.569113202667893,2.1422783006669732,1.0,False,False,False,False
2021-06-24 00:00:00-04:00,134.4499969482422,134.63999938964844,132.92999267578125,133.41000366210938,130.40953063964844,68711000,129.42012166910283,133.61822395307684,125.22201938512883,8.396204567948004,2.099051141987001,0.9752006648620344,False,False,False,False
2021-06-25 00:00:00-04:00,133.4600067138672,133.88999938964844,132.80999755859375,133.11000061035156,130.1162872314453,70783700,129.7409447955274,133.73523721731493,125.74665237373988,7.988584843575055,1.9971462108937637,0.9217337464386792,False,False,False,False
2021-06-28 00:00:00-04:00,133.41000366210938,135.25,133.35000610351562,134.77999877929688,131.7487335205078,62111300,130.1341995315338,134.15706258907227,126.11133647399532,8.045726115076945,2.0114315287692364,1.0,False,False,False,False
2021-06-29 00:00:00-04:00,134.8000030517578,136.49000549316406,134.35000610351562,136.3300018310547,133.26390075683594,64556100,130.59996105467636,134.64853768439067,126.55138442496205,8.097153259428623,2.0242883148571558,1.0,False,False,False,False
2021-06-30 00:00:00-04:00,136.1699981689453,137.41000366210938,135.8699951171875,136.9600067138672,133.87974548339844,63261400,131.1121866749301,135.06390735065733,127.16046599920283,7.903441351454504,1.975860337863626,1.0,False,False,False,False
2021-07-01 00:00:00-04:00,136.60000610351562,137.3300018310547,135.75999450683594,137.27000427246094,134.1827392578125,52485800,131.585060024529,135.45561009752728,127.71450995153074,7.7411001459965405,1.9352750364991351,1.0,False,False,False,False
2021-07-02 00:00:00-04:00,137.89999389648438,140.0,137.75,139.9600067138672,136.81222534179688,78852600,132.22269409787012,136.2521883090764,128.19319988666385,8.05898842241254,2.014747105603135,1.0,False,False,False,False
2021-07-06 00:00:00-04:00,140.07000732421875,143.14999389648438,140.07000732421875,142.02000427246094,138.82591247558594,108181800,133.01635863119105,137.28090085780013,128.75181640458197,8.529084453218161,2.1322711133045402,1.0,False,False,False,False
2021-07-07 00:00:00-04:00,143.5399932861328,144.88999938964844,142.66000366210938,144.57000732421875,141.3185272216797,104911600,133.93499570014671,138.34708272753238,129.52290867276105,8.824174054771333,2.2060435136928334,1.0,False,False,False,False
2021-07-08 00:00:00-04:00,141.5800018310547,144.05999755859375,140.6699981689453,143.24000549316406,140.0184783935547,105575500,134.6618016479318,139.4126818036336,129.91092149223002,9.501760311403586,2.3754400778508966,1.0,False,False,False,False
2021-07-09 00:00:00-04:00,142.75,145.64999389648438,142.64999389648438,145.11000061035156,141.84645080566406,99890800,135.47915118847416,140.35494332860577,130.60335904834255,9.751584280263216,2.437896070065804,1.0,False,False,False,False
2021-07-12 00:00:00-04:00,146.2100067138672,146.32000732421875,144.0,144.5,141.25015258789062,76299700,136.26755545955183,141.11976985051402,131.41534106858964,9.704428781924378,2.4261071954810944,1.0,False,False,False,False
2021-07-13 00:00:00-04:00,144.02999877929688,147.4600067138672,143.6300048828125,145.63999938964844,142.36448669433594,100827100,137.0433150319872,142.17630835006412,131.91032171391026,10.265986636153855,2.5664966590384637,1.0,False,False,False,False
2021-07-14 00:00:00-04:00,148.10000610351562,149.57000732421875,147.67999267578125,149.14999389648438,145.79556274414062,127050800,138.0230386097795,143.42873418296278,132.6173430365962,10.811391146366589,2.702847786591647,1.0,False,False,False,False
2021-07-15 00:00:00-04:00,149.24000549316406,150.0,147.08999633789062,148.47999572753906,145.14059448242188,106820300,138.8980629496709,144.34518969795772,133.45093620138408,10.89425349657364,2.72356337414341,1.0,False,False,False,False
2021-07-16 00:00:00-04:00,148.4600067138672,149.75999450683594,145.8800048828125,146.38999938964844,143.09762573242188,93251400,139.60183544773435,145.2802474459972,133.9234234494715,11.35682399652569,2.8392059991314227,1.0,False,False,False,False
2021-07-19 00:00:00-04:00,143.75,144.07000732421875,141.6699981689453,142.4499969482422,139.24624633789062,121434600,139.86251589490666,145.91708693748384,133.80794485232948,12.10914208515436,3.02728552128859,0.7136799647026802,False,False,False,False
2021-07-20 00:00:00-04:00,143.4600067138672,147.10000610351562,142.9600067138672,146.14999389648438,142.86300659179688,96350000,140.32425086793853,146.70336663731268,133.94513509856438,12.758231538748305,3.1895578846870762,0.9566262189906455,False,False,False,False
2021-07-21 00:00:00-04:00,145.52999877929688,146.1300048828125,144.6300048828125,145.39999389648438,142.1298828125,74993500,140.74611895289112,146.79132094806224,134.70091695772,12.090403990342224,3.022600997585556,0.8849230304719968,False,False,False,False
2021-07-22 00:00:00-04:00,145.94000244140625,148.1999969482422,145.80999755859375,146.8000030517578,143.49842834472656,77338200,141.26199786122226,147.2626802672278,135.2613154552167,12.001364812011104,3.000341203002776,0.9614479500692336,False,False,False,False
2021-07-23 00:00:00-04:00,147.5500030517578,148.72000122070312,146.9199981689453,148.55999755859375,145.2188262939453,71447400,141.82905351023823,147.6136673094323,136.04443971104416,11.569227598388125,2.892306899597031,1.0,False,False,False,False
2021-07-26 00:00:00-04:00,148.27000427246094,149.8300018310547,147.6999969482422,148.99000549316406,145.63917541503906,72434100,142.41329916973118,148.04545256556833,136.78114577389402,11.2643067916743,2.816076697918575,1.0,False,False,False,False
2021-07-27 00:00:00-04:00,149.1199951171875,149.2100067138672,145.5500030517578,146.77000427246094,143.46908569335938,104818600,142.81024685108932,148.61118563976464,137.009308062414,11.601877577350649,2.9004693943376623,0.841303155025693,False,False,False,False
2021-07-28 00:00:00-04:00,144.80999755859375,146.97000122070312,142.5399932861328,144.97999572753906,141.71934509277344,118931200,142.97855934223116,149.08540583895302,136.8717128455093,12.213692993443715,3.0534232483609287,0.6638682408655813,False,False,False,False
2021-07-29 00:00:00-04:00,144.69000244140625,146.5500030517578,144.5800018310547,145.63999938964844,142.36448669433594,56699500,143.1961795157247,149.086341606915,137.30601742453442,11.780324182380582,2.9450810455951455,0.7074492888386608,False,False,False,False
2021-07-30 00:00:00-04:00,144.3800048828125,146.3300018310547,144.11000061035156,145.86000061035156,142.57955932617188,70440600,143.38260908529645,149.12775521150834,137.63746295908456,11.490292252423785,2.8725730631059463,0.7156073553771033,False,False,False,False
2021-08-02 00:00:00-04:00,146.36000061035156,146.9499969482422,145.25,145.52000427246094,142.2471923828125,62880000,143.5929472509857,149.10357815422483,138.08231634774657,11.021261806478265,2.755315451619566,0.6748490377338208,False,False,False,False
2021-08-03 00:00:00-04:00,145.80999755859375,148.0399932861328,145.17999267578125,147.36000061035156,144.04579162597656,64786600,143.86520127374425,149.39676920872978,138.33363333875872,11.063135869971063,2.765783967492766,0.815895906701583,False,False,False,False
2021-08-04 00:00:00-04:00,147.27000427246094,147.7899932861328,146.27999877929688,146.9499969482422,143.64498901367188,56368300,144.12698975131198,149.40739979416614,138.84657970845782,10.560820085708315,2.6402050214270787,0.7673094678272674,False,False,False,False
2021-08-05 00:00:00-04:00,146.97999572753906,147.83999633789062,146.1699981689453,147.05999755859375,143.75253295898438,46397700,144.3683514960757,149.4547201684335,139.28198282371787,10.172737344715642,2.5431843361789106,0.764594078398797,False,False,False,False
2021-08-06 00:00:00-04:00,146.35000610351562,147.11000061035156,145.6300048828125,146.13999938964844,143.06727600097656,54126800,144.52876678481417,149.402497735444,139.65503583418433,9.747461901259669,2.4368654753149173,0.6652976560622463,False,False,False,False
2021-08-09 00:00:00-04:00,146.1999969482422,146.6999969482422,145.52000427246094,146.08999633789062,143.0183563232422,48908700,144.65998059604058,149.28233698676368,140.03762420531748,9.244712781446196,2.311178195361549,0.6546847128360799,False,False,False,False
2021-08-10 00:00:00-04:00,146.44000244140625,147.7100067138672,145.3000030517578,145.60000610351562,142.53863525390625,69023100,144.78859376495777,149.43071524903044,140.1464722808851,9.28424296814535,2.3210607420363374,0.5873967152025049,False,False,False,False
2021-08-11 00:00:00-04:00,146.0500030517578,146.72000122070312,145.52999877929688,145.86000061035156,142.7931671142578,48493500,144.89259985705436,149.30850968100103,140.4766900331077,8.831819647893326,2.2079549119733315,0.6095358365394106,False,False,False,False
2021-08-12 00:00:00-04:00,146.19000244140625,149.0500030517578,145.83999633789062,148.88999938964844,145.75946044921875,72282600,145.14543872394697,149.76175890827238,140.52911853962155,9.232640368650834,2.3081600921627086,0.905578525338864,False,False,False,False
2021-08-13 00:00:00-04:00,148.97000122070312,149.44000244140625,148.27000427246094,149.10000610351562,145.96502685546875,59375000,145.4613747418787,149.85006254156065,141.07268694219675,8.777375599363893,2.1943438998409732,0.9145466170891241,False,False,False,False
2021-08-16 00:00:00-04:00,148.5399932861328,151.19000244140625,146.47000122070312,151.1199951171875,147.94256591796875,103296000,145.8057045905915,150.69952385444586,140.91188532673712,9.787638527708737,2.446909631927184,1.0,False,False,False,False
2021-08-17 00:00:00-04:00,150.22999572753906,151.67999267578125,149.08999633789062,150.19000244140625,147.0321044921875,92229700,146.18189563734992,151.104332242397,141.25945903230286,9.844873210094136,2.461218302523534,0.9071263000062547,False,False,False,False
2021-08-18 00:00:00-04:00,149.8000030517578,150.72000122070312,146.14999389648438,146.36000061035156,143.28268432617188,86326000,146.31201532666907,151.6562097360552,140.96782091728295,10.68838881877224,2.67209720469306,0.5044894777403883,False,False,False,False
2021-08-19 00:00:00-04:00,145.02999877929688,148.0,144.5,146.6999969482422,143.61550903320312,86960300,146.31934729800892,151.8291222664564,140.80957232956143,11.019549936894975,2.754887484223744,0.5345431213083212,False,False,False,False
2021-08-20 00:00:00-04:00,147.44000244140625,148.5,146.77999877929688,148.19000244140625,145.07420349121094,60549600,146.4446795015277,151.76347758348203,141.12588141957337,10.637596163908654,2.6593990409771635,0.664071178580749,False,False,False,False
2021-08-23 00:00:00-04:00,148.30999755859375,150.19000244140625,147.88999938964844,149.7100067138672,146.56224060058594,60131800,146.6795675582038,151.92648644231423,141.43264867409334,10.493837768220885,2.6234594420552213,0.7887827335048633,False,False,False,False
2021-08-24 00:00:00-04:00,149.4499969482422,150.86000061035156,149.14999389648438,149.6199951171875,146.47412109375,48606400,146.94599219568744,152.01022053416028,141.8817638572146,10.128456676945689,2.532114169236422,0.7640089212788564,False,False,False,False
2021-08-25 00:00:00-04:00,149.80999755859375,150.32000732421875,147.8000030517578,148.36000061035156,145.2406005859375,58991300,147.10271537344482,152.16452173256258,142.04090901432707,10.123612718235506,2.5309031795588766,0.6241933361044136,False,False,False,False
2021-08-26 00:00:00-04:00,148.35000610351562,149.1199951171875,147.50999450683594,147.5399932861328,144.43783569335938,48597200,147.18221083982877,152.05983668510504,142.3045849945525,9.75525169055254,2.438812922638135,0.5366758806080356,False,False,False,False
2021-08-27 00:00:00-04:00,147.47999572753906,148.75,146.8300018310547,148.60000610351562,145.47555541992188,55802400,147.25536015691443,152.02922305145216,142.4814972623767,9.547725789075457,2.3869314472688643,0.6408341605432091,False,False,False,False
2021-08-30 00:00:00-04:00,149.0,153.49000549316406,148.61000061035156,153.1199951171875,149.90054321289062,90956700,147.62908017774663,152.90355666076027,142.354603694733,10.548952966027286,2.6372382415068216,1.0,True,False,False,False
2021-08-31 00:00:00-04:00,152.66000366210938,152.8000030517578,151.2899932861328,151.8300018310547,148.6376495361328,86453100,147.99110122318288,153.10413042410607,142.8780720222597,10.226058401846387,2.556514600461597,0.8754037437512254,False,False,False,False
2021-09-01 00:00:00-04:00,152.8300018310547,154.97999572753906,152.33999633789062,152.50999450683594,149.3033447265625,80313700,148.43156463714723,153.663289697275,143.19983957701947,10.463450120255516,2.615862530063879,0.8897786889425254,False,False,False,False
2021-09-02 00:00:00-04:00,153.8699951171875,154.72000122070312,152.39999389648438,153.64999389648438,150.41937255859375,71115500,148.8614339455425,154.03398796450122,143.68887992658378,10.345108037917441,2.5862770094793603,0.962881579717736,False,False,False,False
2021-09-03 00:00:00-04:00,153.75999450683594,154.6300048828125,153.08999633789062,154.3000030517578,151.0557403564453,57808700,149.29020345764897,154.2535037836962,144.32690313160174,9.926600652094464,2.481650163023616,1.0,True,False,False,False
2021-09-07 00:00:00-04:00,154.97000122070312,157.25999450683594,154.38999938964844,156.69000244140625,153.3954620361328,82278300,149.85879751223072,154.91776609668887,144.79982892777258,10.117937168916285,2.5294842922290712,1.0,False,False,False,False
2021-09-08 00:00:00-04:00,156.97999572753906,157.0399932861328,153.97999572753906,155.11000061035156,151.84869384765625,74420200,150.31861965354548,155.48369089127655,145.1535484158144,10.33014247546214,2.582535618865535,0.9638252539292037,False,False,False,False
2021-09-09 00:00:00-04:00,155.49000549316406,156.11000061035156,153.9499969482422,154.07000732421875,150.83053588867188,57305700,150.6845681513837,155.76513299776354,145.60400330500386,10.161129692759687,2.5402824231899217,0.8331754711533054,False,False,False,False
2021-09-10 00:00:00-04:00,155.0,155.47999572753906,148.6999969482422,148.97000122070312,145.83775329589844,140893200,150.71502063589293,156.64352875349417,144.7865125182917,11.85701623520248,2.96425405880062,0.35282811623307164,False,False,True,False
2021-09-13 00:00:00-04:00,150.6300048828125,151.4199981689453,148.75,149.5500030517578,146.40554809570312,102404300,150.6476578390325,156.51731477866267,144.77800089940231,11.73931387926035,2.9348284698150877,0.40649753481641837,False,False,False,False
2021-09-14 00:00:00-04:00,150.35000610351562,151.07000732421875,146.91000366210938,148.1199951171875,145.0056610107422,109296300,150.4853531886552,156.60004516674425,144.37066121056617,12.229383956178083,3.0573459890445207,0.30658403727092315,False,False,False,False
2021-09-15 00:00:00-04:00,148.55999755859375,149.44000244140625,146.3699951171875,149.02999877929688,145.89651489257812,83281300,150.301573654542,156.4187978996659,144.18434940941813,12.234448490247757,3.0586121225619394,0.3960660240419725,False,False,False,False
2021-09-16 00:00:00-04:00,148.44000244140625,148.97000122070312,147.22000122070312,148.7899932861328,145.6615447998047,68034100,150.1369979535396,156.00449928586985,144.26949662120936,11.735002664660499,2.9337506661651247,0.38521479663031993,False,False,False,False
2021-09-17 00:00:00-04:00,148.82000732421875,148.82000732421875,145.75999450683594,146.05999755859375,142.98892211914062,129868800,149.86558144045708,155.75833520303087,143.9728276778833,11.78550752514758,2.946376881286895,0.17709630885703637,False,False,False,False
2021-09-20 00:00:00-04:00,143.8000030517578,144.83999633789062,141.27000427246094,142.94000244140625,139.9345703125,123478900,149.29483862741225,155.5563156709552,143.0333615838693,12.522954087085907,3.1307385217714767,0.0,False,False,False,False
2021-09-21 00:00:00-04:00,143.92999267578125,144.60000610351562,142.77999877929688,143.42999267578125,140.41427612304688,75834000,148.8205464517555,154.8198772557879,142.82121564772308,11.998661608064822,2.9996654020162055,0.050737077846164554,False,False,False,False
2021-09-22 00:00:00-04:00,144.4499969482422,146.42999267578125,143.6999969482422,145.85000610351562,142.7834014892578,76404300,148.52938968431863,154.52878740794782,142.52999196068944,11.998795447258374,2.9996988618145934,0.2766956197744647,False,False,False,False
2021-09-23 00:00:00-04:00,146.64999389648438,147.0800018310547,145.63999938964844,146.8300018310547,143.7427520751953,64838200,148.36166285095203,154.04912129049953,142.67420441140453,11.374916879094997,2.843729219773749,0.3653474978166871,False,False,False,False
2021-09-24 00:00:00-04:00,145.66000366210938,147.47000122070312,145.55999755859375,146.9199981689453,143.8308868408203,53477900,148.2190241952683,153.71973752328293,142.71831086725368,11.001426656029253,2.750356664007313,0.38192203911925643,False,False,False,False
2021-09-27 00:00:00-04:00,145.47000122070312,145.9600067138672,143.82000732421875,145.3699951171875,142.31349182128906,74150700,147.95493909997575,153.52557926413422,142.38429893581727,11.141280328316952,2.785320082079238,0.2679850154906982,False,False,False,False
2021-09-28 00:00:00-04:00,143.25,144.75,141.69000244140625,141.91000366210938,138.92623901367188,108972300,147.52397212229764,153.27354680519653,141.77439743939874,11.499149365797791,2.874787341449448,0.01179271773910268,False,False,False,False
2021-09-29 00:00:00-04:00,142.47000122070312,144.4499969482422,142.02999877929688,142.8300018310547,139.82688903808594,74602000,147.15558548873378,152.83820136056934,141.4729696168982,11.365231743671131,2.841307935917783,0.11940207157783263,False,False,False,False
2021-09-30 00:00:00-04:00,143.66000366210938,144.3800048828125,141.27999877929688,141.5,138.5248565673828,89056700,146.7581756886201,152.49253119397522,141.02382018326497,11.468711010710251,2.867177752677563,0.04151990718837869,False,False,False,False
2021-10-01 00:00:00-04:00,141.89999389648438,142.9199981689453,139.11000061035156,142.64999389648438,139.65065002441406,94639600,146.32499417778456,152.24791364432292,140.4020747112462,11.84583893307672,2.96145973326918,0.18976445635786832,False,False,False,False
2021-10-04 00:00:00-04:00,141.75999450683594,142.2100067138672,138.27000427246094,139.13999938964844,136.21449279785156,98322000,145.78735606230185,151.99398150699108,139.58073061761263,12.413250889378446,3.1033127223446115,0.0,False,False,False,False
2021-10-05 00:00:00-04:00,139.49000549316406,142.24000549316406,139.36000061035156,141.11000061035156,138.14303588867188,80861100,145.38035435471747,151.5863184756409,139.17439023379404,12.411928241846852,3.102982060461713,0.15594759644449152,False,False,False,False
2021-10-06 00:00:00-04:00,139.47000122070312,142.14999389648438,138.3699951171875,142.0,139.01434326171875,83221100,145.00199118664855,151.343358651339,138.6606237219581,12.6827349293809,3.170683732345225,0.26330095966177436,False,False,False,False
2021-10-07 00:00:00-04:00,143.05999755859375,144.22000122070312,142.72000122070312,143.2899932861328,140.27719116210938,61732700,144.86932513574837,151.0205560981104,138.71809417338633,12.30246192472407,3.0756154811810177,0.37162473175864114,False,False,False,False
2021-10-08 00:00:00-04:00,144.02999877929688,144.17999267578125,142.55999755859375,142.89999389648438,139.89540100097656,58773200,144.73132537807098,150.5914322676343,138.87121848850765,11.720213779126652,2.930053444781663,0.34374589780536696,False,False,False,False
2021-10-11 00:00:00-04:00,142.27000427246094,144.80999755859375,141.80999755859375,142.80999755859375,139.8072967529297,64452200,144.59899250422563,150.47308870483263,138.72489630361864,11.748192401213998,2.9370481003034996,0.3477216847889707,False,False,False,False
2021-10-12 00:00:00-04:00,143.22999572753906,143.25,141.0399932861328,141.50999450683594,138.5346221923828,73035900,144.3768539009004,150.10554182422013,138.64816597758065,11.45737584663948,2.86434396165987,0.24978045300789217,False,False,False,False
2021-10-13 00:00:00-04:00,141.24000549316406,141.39999389648438,139.1999969482422,140.91000366210938,137.94723510742188,78762700,144.0540603676819,149.6718790103884,138.4362417249754,11.23563728541302,2.808909321353255,0.2201710391937996,False,False,False,False
2021-10-14 00:00:00-04:00,142.11000061035156,143.8800048828125,141.50999450683594,143.75999450683594,140.73728942871094,69907100,143.97038850083297,149.62042552340947,138.32035147825647,11.300074045152996,2.825018511288249,0.48138118448106315,False,False,False,False
2021-10-15 00:00:00-04:00,143.77000427246094,144.89999389648438,143.50999450683594,144.83999633789062,141.79461669921875,67940300,144.00757792413052,149.37061112237905,138.64454472588199,10.72606639649706,2.681516599124265,0.5776070539738559,False,False,False,True
2021-10-18 00:00:00-04:00,143.4499969482422,146.83999633789062,143.16000366210938,146.5500030517578,143.46865844726562,85589200,144.1333354041129,149.69606381769282,138.57060699053298,11.125456827159837,2.7813642067899593,0.7172196328824236,False,False,False,False
2021-10-19 00:00:00-04:00,147.00999450683594,149.1699981689453,146.5500030517578,148.75999450683594,145.63221740722656,76378900,144.468890668424,149.99934526408342,138.93843607276457,11.060909191318842,2.7652272978297106,0.8879521804391828,False,False,False,False
2021-10-20 00:00:00-04:00,148.6999969482422,149.75,148.1199951171875,149.25999450683594,146.12167358398438,58418800,144.85009393561154,150.15350404826754,139.54668382295554,10.606820225311992,2.651705056327998,0.915760847977857,False,False,False,False
2021-10-21 00:00:00-04:00,148.80999755859375,149.63999938964844,147.8699951171875,149.47999572753906,146.33705139160156,61421000,145.1956413919321,150.32271134781467,140.06857143604952,10.25413991176515,2.5635349779412877,0.9178170351168393,False,False,False,False
2021-10-22 00:00:00-04:00,149.69000244140625,150.17999267578125,148.63999938964844,148.69000244140625,145.5636444091797,58883400,145.52683779001654,150.44919940753744,140.60447617249565,9.844723235041783,2.461180808760446,0.8213055944661385,False,False,False,False
2021-10-25 00:00:00-04:00,148.67999267578125,149.3699951171875,147.6199951171875,148.63999938964844,145.5146942138672,50720600,145.77821213040468,150.55833758617348,140.99808667463589,9.560250911537594,2.3900627278843984,0.7993422751896674,False,False,False,False
2021-10-26 00:00:00-04:00,149.3300018310547,150.83999633789062,149.00999450683594,149.32000732421875,146.18040466308594,60893400,146.1069721797861,150.84908447962647,141.36485987994575,9.484224599680715,2.3710561499201788,0.838776787776705,False,False,False,False
2021-10-27 00:00:00-04:00,149.36000061035156,149.72999572753906,148.49000549316406,148.85000610351562,145.72030639648438,56094900,146.35000247936557,150.86590159609688,141.83410336263427,9.03179823346261,2.2579495583656524,0.776800207392543,False,False,False,False
2021-10-28 00:00:00-04:00,149.82000732421875,153.1699981689453,149.72000122070312,152.57000732421875,149.36212158203125,100077900,146.8058357925814,151.73414341072552,141.8775281744373,9.856615236288235,2.4641538090720587,1.0,True,False,False,False
2021-10-29 00:00:00-04:00,147.22000122070312,149.94000244140625,146.41000366210938,149.8000030517578,146.6503448486328,124953200,146.96507195306833,152.6325495418199,141.29759436431675,11.334955177503161,2.8337387943757903,0.750105188268945,False,False,False,False
2021-11-01 00:00:00-04:00,148.99000549316406,149.6999969482422,147.8000030517578,148.9600067138672,145.8280029296875,74588300,147.11964947680892,152.62037930668535,141.61891964693248,11.001459659752868,2.750364914938217,0.6672830055261605,False,False,False,False
2021-11-02 00:00:00-04:00,148.66000366210938,151.57000732421875,148.64999389648438,150.02000427246094,146.86569213867188,69122000,147.3663455063294,152.90100503876505,141.83168597389374,11.069319064871308,2.767329766217827,0.7397309853099255,False,False,False,False
2021-11-03 00:00:00-04:00,150.38999938964844,151.97000122070312,149.82000732421875,151.49000549316406,148.30477905273438,54511500,147.67692821519321,153.08812057368218,142.26573585670425,10.822384716977922,2.7055961792444805,0.8523324459154529,False,False,False,False
2021-11-04 00:00:00-04:00,151.5800018310547,152.42999267578125,150.63999938964844,150.9600067138672,147.7859344482422,60394600,147.9824619411298,153.21053372099644,142.75439016126316,10.456143559733277,2.6140358899333194,0.78476510060592,False,False,False,False
2021-11-05 00:00:00-04:00,151.88999938964844,152.1999969482422,150.05999755859375,151.27999877929688,148.31533813476562,65463900,148.24892325953934,153.382187739349,143.11565877972967,10.266528959619336,2.566632239904834,0.7952385885901132,False,False,False,False
2021-11-08 00:00:00-05:00,151.41000366210938,151.57000732421875,150.16000366210938,150.44000244140625,147.49180603027344,55020900,148.45512447201477,153.35706323626533,143.55318570776421,9.803877528501118,2.4509693821252796,0.702458462340149,False,False,False,False
2021-11-09 00:00:00-05:00,150.1999969482422,151.42999267578125,150.05999755859375,150.80999755859375,147.8545684814453,56787900,148.64775264915156,153.33349656041457,143.96200873788854,9.371487822526035,2.3428719556315087,0.7307258943713136,False,False,False,False
2021-11-10 00:00:00-05:00,150.02000427246094,150.1300048828125,147.85000610351562,147.9199981689453,145.0211944580078,65187100,148.6465512938132,153.45571910496554,143.83738348266084,9.618335622304699,2.4045839055761746,0.4244616580873912,False,False,True,False
2021-11-11 00:00:00-05:00,148.9600067138672,149.42999267578125,147.67999267578125,147.8699951171875,144.97216796875,41000000,148.61989369901627,153.29814472905338,143.94164266897917,9.356502060074206,2.3391255150185515,0.4198526781681886,False,False,False,False
2021-11-12 00:00:00-05:00,148.42999267578125,150.39999389648438,147.47999572753906,149.99000549316406,147.0506591796875,63804000,148.67573575513123,153.47016131595367,143.88131019430878,9.588851121644893,2.3972127804112233,0.6370622738177816,False,False,False,True
2021-11-15 00:00:00-05:00,150.3699951171875,151.8800048828125,149.42999267578125,150.0,147.06044006347656,59222800,148.82247992994235,153.6274653760888,144.0174944837959,9.609970892292893,2.402492723073223,0.6225310756146009,False,False,False,False
2021-11-16 00:00:00-05:00,149.94000244140625,151.49000549316406,149.33999633789062,151.0,148.0408172607422,59256200,148.9714399866431,153.72592871922961,144.2169512540566,9.508977465173018,2.3772443662932545,0.713331035938046,False,False,False,False
2021-11-17 00:00:00-05:00,151.0,155.0,150.99000549316406,153.49000549316406,150.48207092285156,88807000,149.32048695959864,154.40152572029368,144.2394481989036,10.162077521390074,2.5405193803475186,0.9103017837434361,False,False,False,False
2021-11-18 00:00:00-05:00,153.7100067138672,158.6699981689453,153.0500030517578,157.8699951171875,154.77621459960938,137827700,149.92127961124015,155.6182135193032,144.2243457031771,11.39386781612609,2.8484669540315224,1.0,True,False,False,False
2021-11-19 00:00:00-05:00,157.64999389648438,161.02000427246094,156.52999877929688,160.5500030517578,157.40367126464844,117305600,150.70839536873444,156.73363698462398,144.6831537528449,12.050483231779083,3.0126208079447707,1.0,False,False,False,False
2021-11-22 00:00:00-05:00,161.67999267578125,165.6999969482422,161.0,161.02000427246094,157.86448669433594,117467900,151.6971402330261,158.14985646662356,145.24442399942862,12.905432467194942,3.2263581167987354,1.0,False,False,False,False
2021-11-23 00:00:00-05:00,161.1199951171875,161.8000030517578,159.05999755859375,161.41000366210938,158.2468719482422,96041900,152.45210088784228,158.8075465967128,146.09665517897176,12.710891417741038,3.1777228544352596,1.0,False,False,False,False
2021-11-24 00:00:00-05:00,160.75,162.13999938964844,159.63999938964844,161.94000244140625,158.76646423339844,69463600,153.18442584776383,159.4043269857473,146.96452470978036,12.43980227596694,3.109950568991735,1.0,False,False,False,False
2021-11-26 00:00:00-05:00,159.57000732421875,160.4499969482422,156.36000061035156,156.80999755859375,153.7369384765625,76959800,153.57516800259427,160.28907939299035,146.8612566121982,13.427822780792155,3.356955695198039,0.7409049932224864,False,False,False,False
2021-11-29 00:00:00-05:00,159.3699951171875,161.19000244140625,158.7899932861328,160.24000549316406,157.09976196289062,88748200,154.1166818140643,161.03520304198327,147.19816058614532,13.837042455837945,3.4592606139594864,0.9425312489025641,False,False,False,False
2021-11-30 00:00:00-05:00,159.99000549316406,165.52000427246094,159.9199981689453,165.3000030517578,162.0606231689453,174048100,154.90529181548015,162.25196214131034,147.55862148964997,14.693340651660378,3.6733351629150945,1.0,True,False,False,False
2021-12-01 00:00:00-05:00,167.47999572753906,170.3000030517578,164.52999877929688,164.77000427246094,161.54103088378906,152052500,155.87429544484334,163.6402995925827,148.108291297104,15.532008295478704,3.883002073869676,1.0,False,False,False,False
2021-12-02 00:00:00-05:00,158.74000549316406,164.1999969482422,157.8000030517578,163.75999450683594,160.55079650878906,136739200,156.37810400518518,164.76150798229122,147.99470002807914,16.766807954212084,4.191701988553021,0.9402680892993894,False,False,False,False
2021-12-03 00:00:00-05:00,164.02000427246094,164.9600067138672,159.72000122070312,161.83999633789062,158.66839599609375,118023100,156.86103990121032,165.4541045792386,148.26797522318205,17.18612935605654,4.296532339014135,0.7897078413369255,False,False,False,False
2021-12-06 00:00:00-05:00,164.2899932861328,167.8800048828125,164.27999877929688,165.32000732421875,162.0802001953125,107497000,157.6081757701741,166.54993568938391,148.6664158509643,17.883519838419602,4.4708799596049005,0.9312255989716923,False,False,False,False
2021-12-07 00:00:00-05:00,169.0800018310547,171.5800018310547,168.33999633789062,171.17999267578125,167.82534790039062,120405400,158.67138309056867,167.97096591922468,149.37180026191265,18.599165657312028,4.649791414328007,1.0,True,False,False,False
2021-12-08 00:00:00-05:00,172.1300048828125,175.9600067138672,170.6999969482422,175.0800018310547,171.64889526367188,116998900,159.94154576338693,169.36317226230233,150.51991926447153,18.843252997830803,4.710813249457701,1.0,False,False,False,False
2021-12-09 00:00:00-05:00,174.91000366210938,176.75,173.9199981689453,174.55999755859375,171.13912963867188,108923700,161.20280571998077,170.24826993521557,152.15734150474597,18.090928430469603,4.522732107617401,1.0,False,False,False,False
2021-12-10 00:00:00-05:00,175.2100067138672,179.6300048828125,174.69000244140625,179.4499969482422,175.9332733154297,115402700,162.59618313977293,171.75110239832802,153.44126388121785,18.309838517110165,4.577459629277541,1.0,False,False,False,False
2021-12-13 00:00:00-05:00,181.1199951171875,182.1300048828125,175.52999877929688,175.74000549316406,172.2960205078125,153237000,163.86316813243835,173.42259668584103,154.30373957903566,19.118857106805365,4.779714276701341,1.0,False,False,False,False
2021-12-14 00:00:00-05:00,175.25,177.74000549316406,172.2100067138672,174.3300018310547,170.91366577148438,139380400,164.77123784468196,174.48072329860378,155.06175239076015,19.41897090784363,4.854742726960907,0.9922384420747955,False,False,False,False
2021-12-15 00:00:00-05:00,175.11000061035156,179.5,172.30999755859375,179.3000030517578,175.78627014160156,131063300,165.7933569301349,175.9698943269458,155.61681953332402,20.353074793621772,5.088268698405443,1.0,True,False,False,False
2021-12-16 00:00:00-05:00,179.27999877929688,181.13999938964844,170.75,172.25999450683594,168.88418579101562,150185800,166.53696590530376,177.77384944036322,155.3000823702443,22.473767070118924,5.618441767529731,0.7546537295539343,False,False,False,False
2021-12-17 00:00:00-05:00,169.92999267578125,173.47000122070312,169.69000244140625,171.13999938964844,167.78614807128906,195432700,166.94499660907726,177.81419154649018,156.07580167166435,21.738389874825828,5.434597468706457,0.6929767018038996,False,False,False,False
2021-12-20 00:00:00-05:00,168.27999877929688,170.5800018310547,167.4600067138672,169.75,166.42340087890625,107499100,167.13819157345753,177.6564655522854,156.61991759462967,21.036547957655728,5.259136989413932,0.6241557517801757,False,False,False,False
2021-12-21 00:00:00-05:00,171.55999755859375,173.1999969482422,169.1199951171875,172.99000549316406,169.5998992919922,91185900,167.52417554118588,177.8066224883419,157.24172859402987,20.564893894312036,5.141223473578009,0.7657844956588836,False,False,False,False
2021-12-22 00:00:00-05:00,173.0399932861328,175.86000061035156,172.14999389648438,175.63999938964844,172.1979217529297,92135300,168.1096607432116,178.10586433842545,158.11345714799776,19.992407190427684,4.998101797606921,0.8766599276770602,False,False,False,False
2021-12-23 00:00:00-05:00,175.85000610351562,176.85000610351562,175.27000427246094,176.27999877929688,172.82542419433594,68356600,168.77830038003492,178.09088398193833,159.4657167781315,18.625167203806825,4.656291800951706,0.902772137139723,False,False,False,False
2021-12-27 00:00:00-05:00,177.08999633789062,180.4199981689453,177.07000732421875,180.3300018310547,176.7960662841797,74919600,169.65288666292696,178.86221178256972,160.4435615432842,18.418650239285512,4.604662559821378,1.0,True,False,False,False
2021-12-28 00:00:00-05:00,180.16000366210938,181.3300018310547,178.52999877929688,179.2899932861328,175.7764434814453,79144300,170.49153482702985,179.33992804505988,161.64314160899983,17.69678643606005,4.424196609015013,0.9971783148817733,False,False,False,False
2021-12-29 00:00:00-05:00,179.3300018310547,180.6300048828125,178.13999938964844,179.3800048828125,175.8647003173828,62348900,171.23251829020163,179.69407328506148,162.77096329534177,16.923109989719705,4.230777497429926,0.9814414488566365,False,False,False,False
2021-12-30 00:00:00-05:00,179.47000122070312,180.57000732421875,178.08999633789062,178.1999969482422,174.7078094482422,59773000,171.87591956075013,179.9873212533896,163.76451786811066,16.22280338527895,4.055700846319738,0.8898264213218973,False,False,False,False
2021-12-31 00:00:00-05:00,178.08999633789062,179.22999572753906,177.25999450683594,177.57000732421875,174.09011840820312,64062300,172.38792619620412,180.0821879637203,164.69366442868795,15.388523535032334,3.8471308837580835,0.836749728862389,False,False,False,False
2022-01-03 00:00:00-05:00,177.8300018310547,182.8800048828125,177.7100067138672,182.00999450683594,178.44314575195312,104487900,173.0944880716181,181.08132317410139,165.1076529691348,15.973670204966595,3.9934175512416488,1.0,True,False,False,False
2022-01-04 00:00:00-05:00,182.6300048828125,182.94000244140625,179.1199951171875,179.6999969482422,176.1784210205078,99310400,173.71883613528425,181.67098919236298,165.76668307820552,15.904306114157464,3.976076528539366,0.8760717864725778,False,False,False,False
2022-01-05 00:00:00-05:00,179.61000061035156,180.1699981689453,174.63999938964844,174.9199981689453,171.4920654296875,94537600,173.95698856088666,182.21992606811688,165.69405105365644,16.52587501446044,4.13146875361511,0.5582728362169026,False,False,False,False
2022-01-06 00:00:00-05:00,172.6999969482422,175.3000030517578,171.63999938964844,172.0,168.6292724609375,96904000,173.87557291529626,182.04421740422532,165.7069284263672,16.337288977858123,4.084322244464531,0.3851968084889593,False,False,True,False
2022-01-07 00:00:00-05:00,172.88999938964844,174.13999938964844,171.02999877929688,172.1699981689453,168.79595947265625,86709100,173.75649729285186,181.73027745495835,165.78271713074537,15.947560324212986,3.9868900810532466,0.40051775370946324,False,False,False,False
2022-01-10 00:00:00-05:00,169.0800018310547,172.5,168.1699981689453,172.19000244140625,168.81558227539062,106765600,173.52290031317952,181.5653028252863,165.48049780107274,16.08480502421355,4.021201256053388,0.4171331035864738,False,False,False,False
2022-01-11 00:00:00-05:00,172.32000732421875,175.17999267578125,170.82000732421875,175.0800018310547,171.64889526367188,76138300,173.53710311572164,181.64726244693023,165.42694378451304,16.220318662417185,4.055079665604296,0.595121356580249,False,False,False,True
2022-01-12 00:00:00-05:00,176.1199951171875,177.17999267578125,174.82000732421875,175.52999877929688,172.09010314941406,74805200,173.72928893328086,181.5004294016811,165.95814846488062,15.542280936800466,3.8855702342001166,0.6158587888958024,False,False,False,False
2022-01-13 00:00:00-05:00,175.77999877929688,176.6199951171875,171.7899932861328,172.19000244140625,168.81558227539062,84505800,173.71295904563874,181.67298583340988,165.7529322578676,15.920053575542283,3.980013393885571,0.40433721865282013,False,False,True,False
2022-01-14 00:00:00-05:00,171.33999633789062,173.77999877929688,171.08999633789062,173.07000732421875,169.67832946777344,80440800,173.6241014152079,181.32612601248317,165.9220768179326,15.404049194550566,3.8510122986376416,0.4640293221612692,False,False,False,False
2022-01-18 00:00:00-05:00,171.50999450683594,172.5399932861328,169.41000366210938,169.8000030517578,166.47242736816406,90956700,173.37070407505166,181.0345269450213,165.70688120508203,15.327645739939271,3.831911434984818,0.2670417829406333,False,False,False,False
2022-01-19 00:00:00-05:00,170.0,171.0800018310547,165.94000244140625,166.22999572753906,162.97238159179688,94815000,172.90231206879733,180.8277525296997,164.97687160789496,15.85088092180473,3.9627202304511826,0.07905706476668314,False,False,False,False
2022-01-20 00:00:00-05:00,166.97999572753906,169.67999267578125,164.17999267578125,164.50999450683594,161.2860870361328,91420500,172.3373966146864,180.57029302949854,164.10450019987428,16.465792829624263,4.116448207406066,0.02462646719519731,False,False,False,False
2022-01-21 00:00:00-05:00,164.4199981689453,166.3300018310547,162.3000030517578,162.41000366210938,159.22726440429688,122848900,171.61594713415482,179.83155366334512,163.40034060496453,16.431213058380592,4.107803264595148,0.0,False,False,False,False
2022-01-24 00:00:00-05:00,160.02000427246094,162.3000030517578,154.6999969482422,161.6199951171875,158.4527130126953,162294600,170.6096180706749,179.5456652897196,161.67357085163022,17.87209443808939,4.468023609522348,0.0,False,False,False,False
2022-01-25 00:00:00-05:00,158.97999572753906,162.75999450683594,157.02000427246094,159.77999877929688,156.6487579345703,115798400,169.71326094141295,178.90370148542817,160.52282039739774,18.380881088030435,4.595220272007609,0.0,False,False,False,False
2022-01-26 00:00:00-05:00,163.5,164.38999938964844,157.82000732421875,159.69000244140625,156.560546875,108275300,168.95660056171945,178.5419954644191,159.3712056590198,19.170789805399295,4.792697451349824,0.01662929830343537,False,False,False,False
2022-01-27 00:00:00-05:00,162.4499969482422,163.83999633789062,158.27999877929688,159.22000122070312,156.09974670410156,121954600,168.24743930207313,177.98629422622156,158.5085843779247,19.477709848296854,4.8694274620742135,0.03652466580102723,False,False,False,False
2022-01-28 00:00:00-05:00,165.7100067138672,170.35000610351562,162.8000030517578,170.3300018310547,166.99203491210938,179935700,168.21237522096501,179.2033456292611,157.22140481266894,21.981940816592157,5.495485204148039,0.5963348335689845,False,False,False,True
2022-01-31 00:00:00-05:00,170.16000366210938,175.0,169.50999450683594,174.77999877929688,171.35484313964844,115541600,168.6193993216105,179.60927378770978,157.62952485551122,21.97974893219856,5.49493723304964,0.7802852515144789,False,False,False,False
2022-02-01 00:00:00-05:00,174.00999450683594,174.83999633789062,172.30999755859375,174.61000061035156,171.18814086914062,86213900,169.06111589222175,179.45800266757047,158.66422911687303,20.793773550697438,5.198443387674359,0.7668531858635971,False,False,False,False
2022-02-02 00:00:00-05:00,174.75,175.8800048828125,173.3300018310547,175.83999633789062,172.39402770996094,84914300,169.55741187486322,179.42461058302865,159.6902131666978,19.734397416330864,4.933599354082716,0.8183570458466778,False,False,False,False
2022-02-03 00:00:00-05:00,174.47999572753906,176.24000549316406,172.1199951171875,172.89999389648438,169.51165771484375,89418100,169.90707184381452,179.61155275635872,160.20259093127032,19.408961825088397,4.852240456272099,0.6542030985295229,False,False,False,False
2022-02-04 00:00:00-05:00,171.67999267578125,174.10000610351562,170.67999267578125,172.38999938964844,169.22698974609375,82465400,170.113982472634,179.53201797947065,160.69594696579736,18.83607101367329,4.709017753418323,0.6208328910717233,False,False,False,False
2022-02-07 00:00:00-05:00,172.86000061035156,173.9499969482422,170.9499969482422,171.66000366210938,168.5103759765625,77251200,170.28670608765322,179.3629380438062,161.21047413150023,18.15246391230596,4.53811597807649,0.5756535080356321,False,False,False,False
2022-02-08 00:00:00-05:00,171.72999572753906,175.35000610351562,171.42999267578125,174.8300018310547,171.6221923828125,74829200,170.58531393063632,179.5379253767209,161.63270248455174,17.90522289216915,4.476305723042287,0.7370642312570588,False,False,False,False
2022-02-09 00:00:00-05:00,176.0500030517578,176.64999389648438,174.89999389648438,176.27999877929688,173.04562377929688,71285000,171.0318151745351,179.45316388909714,162.61046645997305,16.842697429124087,4.210674357281022,0.8115999457240569,False,False,False,False
2022-02-10 00:00:00-05:00,174.13999938964844,175.47999572753906,171.5500030517578,172.1199951171875,168.9619140625,90865900,171.19999707378173,179.72521006239538,162.67478408516808,17.05042597722729,4.262606494306823,0.5539574814514621,False,False,False,False
2022-02-11 00:00:00-05:00,172.3300018310547,173.0800018310547,168.0399932861328,168.63999938964844,165.54580688476562,98670700,171.0933304983787,179.77402389711534,162.41263709964204,17.3613867974733,4.340346699368325,0.35869037206824395,False,False,True,False
2022-02-14 00:00:00-05:00,167.3699951171875,169.5800018310547,166.55999755859375,168.8800048828125,165.78140258789062,86185500,170.86388640885994,179.28051132221512,162.44726149550476,16.833249826710357,4.208312456677589,0.3821450672644629,False,False,False,False
2022-02-15 00:00:00-05:00,170.97000122070312,172.9499969482422,170.25,172.7899932861328,169.61964416503906,62527400,170.9582844924098,179.3472453275154,162.5693236573042,16.777921670211185,4.194480417552796,0.6091737600000342,False,False,False,True
2022-02-16 00:00:00-05:00,171.85000610351562,173.33999633789062,170.0500030517578,172.5500030517578,169.38409423828125,61177400,171.0434275191925,179.2514909280141,162.8353641103709,16.416126817643203,4.104031704410801,0.5917741163491815,False,False,False,False
2022-02-17 00:00:00-05:00,171.02999877929688,171.91000366210938,168.47000122070312,168.8800048828125,165.78140258789062,69589300,170.93591994163828,179.13917737578865,162.7326625074879,16.406514868300746,4.101628717075187,0.3746891051921065,False,False,True,False
2022-02-18 00:00:00-05:00,169.82000732421875,170.5399932861328,166.19000244140625,167.3000030517578,164.2303924560547,82772700,170.69209324592669,178.94502310560733,162.43916338624604,16.505859719361297,4.126464929840324,0.29449175917871356,False,False,False,False
2022-02-22 00:00:00-05:00,164.97999572753906,166.69000244140625,162.14999389648438,164.32000732421875,161.30503845214844,91162800,170.16664113271358,178.62427983748086,161.7090024279463,16.915277409534553,4.228819352383638,0.15435779343475117,False,False,False,False
2022-02-23 00:00:00-05:00,165.5399932861328,166.14999389648438,159.75,160.07000732421875,157.13307189941406,90009200,169.48525440556253,178.37712801914995,160.5933807919751,17.783747227174842,4.445936806793711,0.0,False,False,False,False
2022-02-24 00:00:00-05:00,152.5800018310547,162.85000610351562,152.0,162.74000549316406,159.75404357910156,141147500,168.62787241611787,178.80055988904968,158.45518494318605,20.345374945863625,5.086343736465906,0.21060415752372977,False,False,False,False
2022-02-25 00:00:00-05:00,163.83999633789062,165.1199951171875,160.8699951171875,164.85000610351562,161.82533264160156,91974200,168.20999405749387,178.2154127831325,158.20457533185524,20.01083745127727,5.002709362819317,0.33209158726319155,False,False,False,False
2022-02-28 00:00:00-05:00,163.05999755859375,165.4199981689453,162.42999267578125,165.1199951171875,162.0903778076172,95056600,167.88610527386697,177.48898322557454,158.2832273221594,19.205755903415138,4.8014389758537845,0.35597493946137215,False,False,False,False
2022-03-01 00:00:00-05:00,164.6999969482422,166.60000610351562,161.97000122070312,163.1999969482422,160.2056121826172,83474400,167.55587439750195,177.12446553060127,157.98728326440263,19.137182266198636,4.784295566549659,0.27238668740938915,False,False,False,False
2022-03-02 00:00:00-05:00,164.38999938964844,167.36000061035156,162.9499969482422,166.55999755859375,163.50396728515625,79724800,167.39482917318753,176.8885619253988,157.90109642097627,18.987465504422516,4.746866376105629,0.4560324881485981,False,False,False,False
2022-03-03 00:00:00-05:00,168.47000122070312,168.91000366210938,165.5500030517578,166.22999572753906,163.17999267578125,76678400,167.3533156987943,176.56967529785473,158.13695609973385,18.43271919812088,4.60817979953022,0.43905836902404805,False,False,False,False
2022-03-04 00:00:00-05:00,164.49000549316406,165.5500030517578,162.10000610351562,163.1699981689453,160.1761474609375,83737200,167.0410951495675,176.1618167135266,157.9203735856084,18.241443127918217,4.560360781979554,0.287785596047632,False,False,False,False
2022-03-07 00:00:00-05:00,163.36000061035156,165.02000427246094,159.0399932861328,159.3000030517578,156.37718200683594,96418800,166.54767057072442,175.95232217555323,157.1430189658956,18.809303209657628,4.702325802414407,0.1146764482351852,False,False,False,False
2022-03-08 00:00:00-05:00,158.82000732421875,162.8800048828125,155.8000030517578,157.44000244140625,154.55128479003906,131148300,165.89425386694117,175.77444067749803,156.0140670563843,19.76037362111373,4.940093405278432,0.07216135749064728,False,False,False,False
2022-03-09 00:00:00-05:00,161.47999572753906,163.41000366210938,159.41000366210938,162.9499969482422,159.960205078125,91454900,165.56334394115333,175.64951231479515,155.47717556751152,20.172336747283623,5.043084186820906,0.37044897050595504,False,False,False,False
2022-03-10 00:00:00-05:00,160.1999969482422,160.38999938964844,155.97999572753906,158.52000427246094,155.6114959716797,105342000,164.95778748465858,175.42933926507683,154.48623570424033,20.943103560836505,5.235775890209126,0.19260605556875224,False,False,False,False
2022-03-11 00:00:00-05:00,158.92999267578125,159.27999877929688,154.5,154.72999572753906,151.89102172851562,96970100,164.22547170834912,174.60586806658492,153.84507535011332,20.7607927164716,5.1901981791179,0.04262459480767553,False,False,False,False
2022-03-14 00:00:00-04:00,151.4499969482422,154.1199951171875,150.10000610351562,150.6199951171875,147.8563995361328,108732100,163.17446007537254,173.44281472258945,152.90610542815563,20.53670929443382,5.134177323608455,0.0,False,True,False,False
2022-03-15 00:00:00-04:00,150.89999389648438,155.57000732421875,150.3800048828125,155.08999633789062,152.24440002441406,92964300,162.38325530645042,172.6627749772269,152.10373563567396,20.559039341552932,5.139759835388233,0.14525292999371733,False,False,False,False
2022-03-16 00:00:00-04:00,157.0500030517578,160.0,154.4600067138672,159.58999633789062,156.66183471679688,102300200,162.01937300457283,172.3789393654982,151.65980664364744,20.71913272185077,5.179783180462692,0.3827471835189251,False,False,False,False
2022-03-17 00:00:00-04:00,158.61000061035156,161.0,157.6300048828125,160.6199951171875,157.67294311523438,75615400,161.8302585875251,171.82786733579545,151.83264983925474,19.995217496540704,4.998804374135176,0.4394723527990142,False,False,False,False
2022-03-18 00:00:00-04:00,160.50999450683594,164.47999572753906,159.75999450683594,163.97999572753906,160.97129821777344,123511700,161.9060699819512,171.84791809953512,151.96422186436726,19.88369623516786,4.970924058791965,0.604302827857517,False,False,False,True
2022-03-21 00:00:00-04:00,163.50999450683594,166.35000610351562,163.00999450683594,165.3800048828125,162.34561157226562,95811400,162.15667541382092,171.7723410389824,152.54100978865944,19.231331250322967,4.807832812580742,0.6676082340341076,False,False,False,False
2022-03-22 00:00:00-04:00,165.50999450683594,169.4199981689453,164.91000366210938,168.82000732421875,165.72250366210938,81532000,162.62000827253786,172.17610623655037,153.06391030852535,19.112195928025017,4.778048982006254,0.8244001408854108,False,False,False,False
2022-03-23 00:00:00-04:00,167.99000549316406,172.63999938964844,167.64999389648438,170.2100067138672,167.08702087402344,98062700,163.24889647204859,172.84738573829267,153.6504072058045,19.196978532488174,4.7992446331220435,0.8626148891106955,False,False,False,False
2022-03-24 00:00:00-04:00,171.05999755859375,174.13999938964844,170.2100067138672,174.07000732421875,170.87615966796875,90131400,164.04537769459273,173.47001656936865,154.6207388198168,18.849277749551845,4.712319437387961,1.0,True,False,False,False
2022-03-25 00:00:00-04:00,173.8800048828125,175.27999877929688,172.75,174.72000122070312,171.5142364501953,80546200,164.89576288671,173.88393762986772,155.9075881435523,17.976349486315428,4.494087371578857,1.0,False,False,False,False
2022-03-28 00:00:00-04:00,172.1699981689453,175.72999572753906,172.0,175.60000610351562,172.37811279296875,90371900,165.69139380812456,174.5267502224743,156.8560373937748,17.670712828699493,4.417678207174873,1.0,False,False,False,False
2022-03-29 00:00:00-04:00,176.69000244140625,179.00999450683594,176.33999633789062,178.9600067138672,175.6764373779297,100589400,166.7257220340751,175.35954048765393,158.09190358049625,17.26763690715768,4.31690922678942,1.0,False,False,False,False
2022-03-30 00:00:00-04:00,178.5500030517578,179.61000061035156,176.6999969482422,177.77000427246094,174.50828552246094,92633200,167.66746747098702,176.01990481162986,159.31503013034418,16.704874681285673,4.176218670321418,1.0,False,False,False,False
2022-03-31 00:00:00-04:00,177.83999633789062,178.02999877929688,174.39999389648438,174.61000061035156,171.40626525878906,103049300,168.33517832857513,176.57837291171617,160.09198374543408,16.486389166282095,4.121597291570524,0.8806062211978886,False,False,False,False
2022-04-01 00:00:00-04:00,174.02999877929688,174.8800048828125,171.94000244140625,174.30999755859375,171.11172485351562,78751300,168.78308027016087,176.78995588326904,160.7762046570527,16.013751226216357,4.003437806554089,0.8451357030815293,False,False,False,False
2022-04-04 00:00:00-04:00,174.57000732421875,178.49000549316406,174.44000244140625,178.44000244140625,175.1659698486328,76468400,169.47810164698015,177.5202912856916,161.4359120082687,16.084379277422897,4.021094819355724,1.0,True,False,False,False
2022-04-05 00:00:00-04:00,177.5,178.3000030517578,174.4199981689453,175.05999755859375,171.84799194335938,73401800,170.01548203137892,178.0574535607114,161.97351050204645,16.083943058664943,4.020985764666236,0.8136367437272903,False,False,False,False
2022-04-06 00:00:00-04:00,172.36000061035156,173.6300048828125,170.1300048828125,171.8300018310547,168.67727661132812,89058800,170.1694699620051,178.39324287356058,161.94569705044964,16.447545823110943,4.111886455777736,0.6009592486872002,False,False,False,False
2022-04-07 00:00:00-04:00,171.16000366210938,173.36000061035156,169.85000610351562,172.13999938964844,168.98159790039062,77594700,170.30395874582456,178.40735326759167,162.20056422405744,16.20678904353423,4.051697260883557,0.613288365689956,False,False,False,False
2022-04-08 00:00:00-04:00,171.77999877929688,171.77999877929688,169.1999969482422,170.08999633789062,166.96917724609375,76575500,170.30835085215668,178.18940641002834,162.42729529428502,15.762111115743323,3.940527778935831,0.48614687381261007,False,False,True,False
2022-04-11 00:00:00-04:00,168.7100067138672,169.02999877929688,165.5,165.75,162.7088165283203,72246700,170.01265491390186,178.0236041835645,162.00170564423922,16.021898539325264,4.005474634831316,0.23394820199121236,False,False,False,False
2022-04-12 00:00:00-04:00,168.02000427246094,169.8699951171875,166.63999938964844,167.66000366210938,164.5837860107422,79265200,169.84965584243628,177.88350920857013,161.81580247630242,16.06770673226771,4.016926683066927,0.36372341636472805,False,False,False,False
2022-04-13 00:00:00-04:00,167.38999938964844,171.0399932861328,166.77000427246094,170.39999389648438,167.27352905273438,70618900,169.8124620626521,177.89692789490692,161.72799623039725,16.16893166450967,4.042232916127418,0.5363370843555423,False,False,False,True
2022-04-14 00:00:00-04:00,170.6199951171875,171.27000427246094,165.0399932861328,165.2899932861328,162.2572784423828,75329400,169.59475663645125,178.11677808274624,161.07273519015627,17.04404289258997,4.261010723147493,0.24743296661204908,False,False,True,False
2022-04-18 00:00:00-04:00,163.9199981689453,166.60000610351562,163.57000732421875,165.07000732421875,162.0413055419922,69023900,169.21852749319012,177.494346550715,160.94270843566525,16.55163811504974,4.137909528762435,0.24935893715563476,False,False,False,False
2022-04-19 00:00:00-04:00,165.02000427246094,167.82000732421875,163.91000366210938,167.39999389648438,164.3285369873047,67723800,168.98170589328018,177.21194377747443,160.75146800908593,16.460475768388505,4.115118942097126,0.4039084884877143,False,False,False,False
2022-04-20 00:00:00-04:00,168.75999450683594,168.8800048828125,166.10000610351562,167.22999572753906,164.16165161132812,67929800,168.85017503311423,176.81338888474843,160.88696118148002,15.926427703268416,3.981606925817104,0.39827101621522626,False,False,False,False
2022-04-21 00:00:00-04:00,168.91000366210938,171.52999877929688,165.91000366210938,166.4199981689453,163.36651611328125,87227800,168.77543824175333,177.06632973166163,160.48454675184504,16.58178297981658,4.145445744954145,0.35795013264405434,False,False,False,False
2022-04-22 00:00:00-04:00,166.4600067138672,167.8699951171875,161.5,161.7899932861328,158.8214569091797,84882400,168.35415139947722,177.08995276383217,159.61835003512226,17.47160272870991,4.367900682177478,0.12429559467043255,False,False,False,False
2022-04-25 00:00:00-04:00,161.1199951171875,163.1699981689453,158.4600067138672,162.8800048828125,159.8914794921875,96046400,167.7832501652326,176.58746968416767,158.97903064629753,17.60843903787014,4.402109759467535,0.2215400370314039,False,False,False,False
2022-04-26 00:00:00-04:00,162.25,162.33999633789062,156.72000122070312,156.8000030517578,153.9230499267578,95623200,167.01964600175074,176.17544430121418,157.8638477022873,18.311596598926883,4.577899149731721,0.0,False,True,False,False
2022-04-27 00:00:00-04:00,155.91000366210938,159.7899932861328,155.3800048828125,156.57000732421875,153.69728088378906,88063200,166.2052312097483,175.32744735992947,157.08301505956712,18.244432300362348,4.561108075090587,0.0,False,False,False,False
2022-04-28 00:00:00-04:00,159.25,164.52000427246094,158.92999267578125,163.63999938964844,160.63754272460938,130216800,165.8850729516551,175.68506687646658,156.08507902684363,19.59998784962295,4.899996962405737,0.38545535950167154,False,False,False,False
2022-04-29 00:00:00-04:00,161.83999633789062,166.1999969482422,157.25,157.64999389648438,154.75741577148438,131747600,165.42520550692626,176.03519942890503,154.8152115849475,21.21998784395754,5.304996960989385,0.13359019488524812,False,False,False,False
2022-05-02 00:00:00-04:00,156.7100067138672,158.22999572753906,153.27000427246094,157.9600067138672,155.06173706054688,123055300,164.6803274567343,175.22132027753082,154.13933463593776,21.081985641593064,5.270496410398266,0.18122923252502132,False,False,False,False
2022-05-03 00:00:00-04:00,158.14999389648438,160.7100067138672,156.32000732421875,159.47999572753906,156.55386352539062,88966500,164.193355995496,174.55824941214257,153.82846257884944,20.729786833293133,5.182446708323283,0.2726286186220189,False,False,False,False
2022-05-04 00:00:00-04:00,159.6699981689453,166.47999572753906,159.25999450683594,166.02000427246094,162.97386169433594,108256500,164.17057617661678,174.9429804957393,153.39817185749425,21.54480863824506,5.386202159561265,0.5858410082399695,False,False,False,True
2022-05-05 00:00:00-04:00,163.85000610351562,164.0800018310547,154.9499969482422,156.77000427246094,153.89361572265625,130525300,163.7063615800031,175.61552693205712,151.79719622794906,23.818330704108064,5.954582676027016,0.2087807120611603,False,False,True,False
2022-05-06 00:00:00-04:00,156.00999450683594,159.44000244140625,154.17999267578125,157.27999877929688,154.62106323242188,116124600,163.14472016768295,174.91497093765656,151.37446939770933,23.54050153994723,5.885125384986807,0.25086676133752334,False,False,False,False
2022-05-09 00:00:00-04:00,154.92999267578125,155.8300018310547,151.49000549316406,152.05999755859375,149.48934936523438,131577900,162.30988251156526,174.06110686176808,150.55865816136244,23.502448700405637,5.875612175101409,0.0638801265506174,False,False,False,False
2022-05-10 00:00:00-04:00,155.52000427246094,156.74000549316406,152.92999267578125,154.50999450683594,151.89788818359375,115366700,161.67794765437318,173.1900511564698,150.16584415227658,23.024207004193215,5.756051751048304,0.18867752334611113,False,False,False,False
2022-05-11 00:00:00-04:00,153.5,155.4499969482422,145.80999755859375,146.5,144.0233154296875,142689800,160.64256297503195,172.93145600484857,148.35366994521533,24.57778605963324,6.14444651490831,0.0,False,True,False,False
2022-05-12 00:00:00-04:00,142.77000427246094,146.1999969482422,138.8000030517578,142.55999755859375,140.14993286132812,182602000,159.13234932596245,171.73235244244586,146.53234620947904,25.200006232966814,6.3000015582417035,0.0,False,False,False,False
2022-05-13 00:00:00-04:00,144.58999633789062,148.10000610351562,143.11000061035156,147.11000061035156,144.62303161621094,113990900,158.04687597447165,170.49488048829107,145.59887146065222,24.896009027638854,6.2240022569097135,0.06069764627823398,False,False,False,False
2022-05-16 00:00:00-04:00,145.5500030517578,147.52000427246094,144.17999267578125,145.5399932861328,143.07952880859375,86643800,157.0218582608872,168.89306464266065,145.15065187911375,23.742412763546895,5.935603190886724,0.016398561127571612,False,False,False,False
2022-05-17 00:00:00-04:00,148.86000061035156,149.77000427246094,146.67999267578125,149.24000549316406,146.7169952392578,78336300,156.31698125140787,167.84706919226957,144.78689331054616,23.06017588172341,5.7650439704308525,0.1931083355763675,False,False,False,False
2022-05-18 00:00:00-04:00,146.85000610351562,147.36000061035156,139.89999389648438,140.82000732421875,138.43936157226562,109742900,155.18167730909764,167.42675877520912,142.93659584298615,24.490162932222972,6.122540733055743,0.0,False,True,False,False
2022-05-19 00:00:00-04:00,139.8800048828125,141.66000366210938,136.60000610351562,137.35000610351562,135.02801513671875,136095600,153.7945935297045,165.8271663609236,141.76202069848543,24.06514566243817,6.016286415609542,0.0,False,False,False,False
2022-05-20 00:00:00-04:00,139.08999633789062,140.6999969482422,132.61000061035156,137.58999633789062,135.2639617919922,137426100,152.39226612157594,164.83958093725124,139.94495130590064,24.894629631350597,6.223657407837649,0.0,False,False,False,False
2022-05-23 00:00:00-04:00,137.7899932861328,143.25999450683594,137.64999389648438,143.11000061035156,140.69064331054688,117726300,151.47124363960216,163.807826607499,139.13466067170532,24.67316593579369,6.168291483948423,0.16111997742775136,False,False,False,False
2022-05-24 00:00:00-04:00,140.80999755859375,141.97000122070312,137.3300018310547,140.36000061035156,137.98712158203125,104132700,150.50586232691612,162.76478675388265,138.2469378999496,24.51784885393306,6.129462213483265,0.08618466991091704,False,False,False,False
2022-05-25 00:00:00-04:00,138.42999267578125,141.7899932861328,138.33999633789062,140.52000427246094,138.14442443847656,92482700,149.64842918568655,161.37146055960486,137.92539781176825,23.446062747836606,5.861515686959152,0.11066277901743206,False,False,False,False
2022-05-26 00:00:00-04:00,137.38999938964844,144.33999633789062,137.13999938964844,143.77999877929688,141.34930419921875,90601500,148.9905043787359,160.98123200491082,136.99977675256096,23.98145525234986,5.995363813087465,0.2827277142020621,False,False,False,False
2022-05-27 00:00:00-04:00,145.38999938964844,149.67999267578125,145.25999450683594,149.63999938964844,147.11024475097656,90978500,148.92407308529303,160.89572672814734,136.95241944243872,23.943307285708613,5.985826821427153,0.5299008944676048,False,False,False,True
2022-05-31 00:00:00-04:00,149.07000732421875,150.66000366210938,146.83999633789062,148.83999633789062,146.32373046875,103718400,148.91206689312668,160.4505566365393,137.37357714971407,23.076979486825223,5.769244871706306,0.49687695024051143,False,False,True,False
2022-06-01 00:00:00-04:00,149.89999389648438,151.74000549316406,147.67999267578125,148.7100067138672,146.1959228515625,74286600,148.95078367655535,160.14742700910327,137.75414034400742,22.393286665095843,5.598321666273961,0.489247805992523,False,False,False,False
2022-06-02 00:00:00-04:00,147.8300018310547,151.27000427246094,146.86000061035156,151.2100067138672,148.65370178222656,72348100,149.0198853589724,159.9788650906874,138.0609056272574,21.91795946343001,5.479489865857502,0.5999235972923935,False,False,False,True
2022-06-03 00:00:00-04:00,146.89999389648438,147.97000122070312,144.4600067138672,145.3800048828125,142.92227172851562,88570300,148.76295082398534,159.97603258252883,137.54986906544184,22.42616351708699,5.606540879271748,0.34915182043530124,False,False,True,False
2022-06-06 00:00:00-04:00,147.02999877929688,148.57000732421875,144.89999389648438,146.13999938964844,143.6693878173828,71598400,148.577427161163,159.40320342939904,137.75165089292696,21.65155253647208,5.41288813411802,0.38742480395303236,False,False,False,False
2022-06-07 00:00:00-04:00,144.35000610351562,149.0,144.10000610351562,148.7100067138672,146.1959228515625,67808200,148.46847525377117,159.1916726744805,137.74527783306186,21.446394841418623,5.361598710354656,0.5112621007811323,False,False,False,True
2022-06-08 00:00:00-04:00,148.5800018310547,149.8699951171875,147.4600067138672,147.9600067138672,145.45863342285156,53950200,148.4652692199825,158.59814457928493,138.33239386068007,20.265750718604863,5.066437679651216,0.4750681574479518,False,False,True,False
2022-06-09 00:00:00-04:00,147.0800018310547,147.9499969482422,142.52999877929688,142.63999938964844,140.2285919189453,69473000,148.12427442712803,158.32986383741428,137.91868501684178,20.411178820572502,5.1027947051431255,0.23131022535788232,False,False,False,False
2022-06-10 00:00:00-04:00,140.27999877929688,140.75999450683594,137.05999755859375,137.1300048828125,134.81175231933594,91437900,147.30697369565186,157.60800453112043,137.0059428601833,20.602061670937132,5.150515417734283,0.006021825611958791,False,False,False,False
2022-06-13 00:00:00-04:00,132.8699951171875,135.1999969482422,131.44000244140625,131.8800048828125,129.65048217773438,122207100,146.10139267302702,156.51032091322998,135.69246443282407,20.817856480405908,5.204464120101477,0.0,False,True,False,False
2022-06-14 00:00:00-04:00,133.1300048828125,133.88999938964844,131.47999572753906,132.75999450683594,130.51559448242188,84784300,144.98544299538653,154.83547914399108,135.135406846782,19.70007229720909,4.9250180743022725,0.0,False,False,False,False
2022-06-15 00:00:00-04:00,134.2899932861328,137.33999633789062,132.16000366210938,135.42999267578125,133.1404571533203,91533000,144.15137809787603,154.05240916677636,134.2503470289757,19.802062137800647,4.950515534450162,0.05957185865777508,False,False,False,False
2022-06-16 00:00:00-04:00,132.0800018310547,132.38999938964844,129.0399932861328,130.05999755859375,127.8612289428711,108123900,143.01348520734123,153.20241304728123,132.82455736740124,20.377855679879985,5.094463919969996,0.0,False,True,False,False
2022-06-17 00:00:00-04:00,130.07000732421875,133.0800018310547,129.80999755859375,131.55999755859375,129.3358917236328,134520300,142.05263913306953,151.8766750435077,132.22860322263136,19.64807182087634,4.912017955219085,0.0,False,False,False,False
2022-06-21 00:00:00-04:00,133.4199981689453,137.05999755859375,133.32000732421875,135.8699951171875,133.57301330566406,81000500,141.49964142753595,151.4412737469303,131.5580091081416,19.883264638788717,4.970816159697179,0.21686509169294016,False,False,False,False
2022-06-22 00:00:00-04:00,134.7899932861328,137.75999450683594,133.91000366210938,135.35000610351562,133.0618133544922,73409200,141.01411587169852,150.73158312809875,131.2966486152983,19.434934512800453,4.858733628200113,0.20856038828161022,False,False,False,False
2022-06-23 00:00:00-04:00,136.82000732421875,138.58999633789062,135.6300048828125,138.27000427246094,135.93246459960938,72433800,140.7209952572004,150.1147138348356,131.3272766795652,18.787437155270425,4.696859288817606,0.3695409616286121,False,False,False,False
2022-06-24 00:00:00-04:00,139.89999389648438,141.91000366210938,139.77000427246094,141.66000366210938,139.26515197753906,89116800,140.75369041900814,149.9360370168095,131.57134382120677,18.36469319560274,4.591173298900685,0.5493508513019018,False,False,False,True
2022-06-27 00:00:00-04:00,142.6999969482422,143.49000549316406,140.97000122070312,141.66000366210938,139.26515197753906,70207900,140.86088317231236,149.62899596482578,132.09277037979894,17.53622558502684,4.38405639625671,0.5455696971918143,False,False,False,False
2022-06-28 00:00:00-04:00,142.1300048828125,143.4199981689453,137.32000732421875,137.44000244140625,135.11648559570312,67083400,140.73858757280215,149.84988725500955,131.62728789059474,18.222599364414805,4.555649841103701,0.31898383071312036,False,False,True,False
2022-06-29 00:00:00-04:00,137.4600067138672,140.6699981689453,136.6699981689453,139.22999572753906,136.87620544433594,66242400,140.58176061021945,149.5819303242061,131.5815908962328,18.0003394279733,4.500084856993325,0.4249033670676407,False,False,False,False
2022-06-30 00:00:00-04:00,137.25,138.3699951171875,133.77000427246094,136.72000122070312,134.40863037109375,98964500,140.2238361318776,149.4159871654812,131.03168509827398,18.384302067207216,4.596075516801804,0.3094115893893851,False,False,False,False
2022-07-01 00:00:00-04:00,136.0399932861328,139.0399932861328,135.66000366210938,138.92999267578125,136.58131408691406,71051600,140.02823838822175,148.9771722432697,131.0793045331738,17.89786771009591,4.474466927523977,0.43863818136162674,False,False,False,False
2022-07-05 00:00:00-04:00,137.77000427246094,141.61000061035156,136.92999267578125,141.55999755859375,139.1668243408203,73353800,140.02866271266788,149.0187047691251,131.03862065621067,17.980084112914426,4.4950210282286065,0.5851683916665311,False,False,False,True
2022-07-06 00:00:00-04:00,141.35000610351562,144.1199951171875,141.0800018310547,142.9199981689453,140.5038299560547,74064300,140.25182957320075,148.95086608123881,131.5527930651627,17.398073016076125,4.349518254019031,0.6533600067823101,False,False,False,False
2022-07-07 00:00:00-04:00,143.2899932861328,146.5500030517578,143.27999877929688,146.35000610351562,143.87586975097656,66253700,140.6802884402832,149.23542227407995,132.12515460648643,17.11026766759352,4.27756691689838,0.8313634697819928,False,False,False,False
2022-07-08 00:00:00-04:00,145.25999450683594,147.5500030517578,145.0,147.0399932861328,144.55418395996094,64547800,141.16776430186766,149.3773853626363,132.95814324109904,16.419242121537252,4.104810530384313,0.8576431202364998,False,False,False,False
2022-07-11 00:00:00-04:00,145.6699981689453,146.63999938964844,143.77999877929688,144.8699951171875,142.42088317871094,63141600,141.49517264577128,149.53583050183025,133.4545147897123,16.08131571211794,4.020328928029485,0.70985984802681,False,False,False,False
2022-07-12 00:00:00-04:00,145.75999450683594,148.4499969482422,145.0500030517578,145.86000061035156,143.3941192626953,77588800,141.90835272002232,149.8609451566863,133.95576028335833,15.905184873327983,3.9762962183319956,0.7484502960387409,False,False,False,False
2022-07-13 00:00:00-04:00,142.99000549316406,146.4499969482422,142.1199951171875,145.49000549316406,143.03041076660156,71185600,142.13987881442586,150.1632123736344,134.11654525521732,16.046667118417076,4.011666779604269,0.7087739873966227,False,False,False,False
2022-07-14 00:00:00-04:00,144.0800018310547,148.9499969482422,143.25,148.47000122070312,145.96002197265625,78140700,142.5357221956944,150.89672178863054,134.17472260275827,16.721999185872278,4.1804997964680695,0.8548785620096397,False,False,False,False
2022-07-15 00:00:00-04:00,149.77999877929688,150.86000061035156,148.1999969482422,150.1699981689453,147.6312713623047,76259900,143.13635633848483,151.1932567045492,135.07945597242045,16.113800732128766,4.0284501830321915,0.9364980023884955,False,False,False,False
2022-07-18 00:00:00-04:00,150.74000549316406,151.57000732421875,146.6999969482422,147.07000732421875,144.58370971679688,81420900,143.57888252129663,151.8040949259499,135.35367011664337,16.450424809306526,4.112606202326631,0.7122209513365926,False,False,False,False
2022-07-19 00:00:00-04:00,147.9199981689453,151.22999572753906,146.91000366210938,151.0,148.4472198486328,82982400,144.0900867386788,152.35677631595266,135.82339716140493,16.53337915454773,4.133344788636933,0.917937143806476,False,False,False,False
2022-07-20 00:00:00-04:00,151.1199951171875,153.72000122070312,150.3699951171875,153.0399932861328,150.4527587890625,64823400,144.78063477778954,152.89065661803915,136.67061293753994,16.220043680499202,4.055010920124801,1.0,True,False,False,False
2022-07-21 00:00:00-04:00,154.5,155.57000732421875,151.94000244140625,155.35000610351562,152.72372436523438,65086600,145.5728045426721,153.59782517545923,137.54778390988494,16.050041265574293,4.012510316393573,1.0,False,False,False,False
2022-07-22 00:00:00-04:00,155.38999938964844,156.27999877929688,153.41000366210938,154.08999633789062,151.4850311279297,66675400,146.32451524131875,154.1210328342647,138.5279976483728,15.593035185891893,3.898258796472973,0.9980095923594047,False,False,False,False
2022-07-25 00:00:00-04:00,154.00999450683594,155.0399932861328,152.27999877929688,152.9499969482422,150.36428833007812,53623900,146.9160831104775,154.48494784549604,139.34721837545897,15.137729470037073,3.784432367509268,0.8986009823803457,False,False,False,False
2022-07-26 00:00:00-04:00,152.25999450683594,153.08999633789062,150.8000030517578,151.60000610351562,149.037109375,55138700,147.32557633719227,154.5955532559355,140.05559941844905,14.53995383748645,3.6349884593716126,0.7939782212583888,False,False,False,False
2022-07-27 00:00:00-04:00,152.5800018310547,157.3300018310547,152.16000366210938,156.7899932861328,154.1393280029297,78620700,148.00066716407338,155.68964553645012,140.31168879169664,15.377956744753476,3.844489186188369,1.0,True,False,False,False
2022-07-28 00:00:00-04:00,156.97999572753906,157.63999938964844,154.41000366210938,157.35000610351562,154.68988037109375,81378700,148.70616737693595,156.27224705758283,141.14008769628907,15.132159361293759,3.7830398403234398,1.0,False,False,False,False
2022-07-29 00:00:00-04:00,161.24000549316406,163.6300048828125,159.5,162.50999450683594,159.76266479492188,101786900,149.80398674523707,157.86945821367863,141.7385152767955,16.130942936883116,4.032735734220779,1.0,False,False,False,False
2022-08-01 00:00:00-04:00,161.00999450683594,163.58999633789062,160.88999938964844,161.50999450683594,158.77955627441406,67829400,150.82004313408885,158.61896684533468,143.02111942284301,15.597847422491668,3.899461855622917,1.0,False,False,False,False
2022-08-02 00:00:00-04:00,160.10000610351562,162.41000366210938,159.6300048828125,160.00999450683594,157.30491638183594,59907000,151.64198406879694,159.21701516477756,144.06695297281632,15.15006219196124,3.78751554799031,1.0,False,False,False,False
2022-08-03 00:00:00-04:00,160.83999633789062,166.58999633789062,160.75,166.1300048828125,163.3214569091797,82507500,152.71265209697228,160.8461804495658,144.57912374437876,16.26705670518703,4.066764176296758,1.0,False,False,False,False
2022-08-04 00:00:00-04:00,166.00999450683594,167.19000244140625,164.42999267578125,165.80999755859375,163.00686645507812,55474100,153.80409755210738,161.67627502256653,145.93192008164823,15.7443549409183,3.936088735229575,1.0,False,False,False,False
2022-08-05 00:00:00-04:00,163.2100067138672,165.85000610351562,163.0,165.35000610351562,162.7804412841797,56697000,154.71486753962705,162.36982848374342,147.05990659551068,15.309921888232736,3.827480472058184,1.0,False,False,False,False
2022-08-08 00:00:00-04:00,166.3699951171875,167.80999755859375,164.1999969482422,164.8699951171875,162.3079376220703,60276900,155.62418384532543,163.23564881710047,148.0127188735504,15.22292994355007,3.8057324858875177,1.0,False,False,False,False
2022-08-09 00:00:00-04:00,164.02000427246094,165.82000732421875,163.25,164.9199981689453,162.35711669921875,63135500,156.3774464552473,163.7417663946886,149.01312651580602,14.728639878882575,3.6821599697206437,1.0,False,False,False,False
2022-08-10 00:00:00-04:00,167.67999267578125,169.33999633789062,166.89999389648438,169.24000549316406,166.61000061035156,70170500,157.38710357640832,164.89899115569455,149.8752159971221,15.023775158572448,3.755943789643112,1.0,False,False,False,False
2022-08-11 00:00:00-04:00,170.05999755859375,170.99000549316406,168.19000244140625,168.49000549316406,165.8716583251953,57149200,158.37345642914468,165.69415586085384,151.05275699743552,14.641398863418317,3.6603497158545792,1.0,False,False,False,False
2022-08-12 00:00:00-04:00,169.82000732421875,172.1699981689453,169.39999389648438,172.10000610351562,169.42556762695312,68039400,159.44427945363108,166.76890747732557,152.1196514299366,14.649256047388974,3.6623140118472435,1.0,False,False,False,False
2022-08-15 00:00:00-04:00,171.52000427246094,173.38999938964844,171.35000610351562,173.19000244140625,170.4985809326172,54091700,160.54420083067768,167.54436470922928,153.54403695212608,14.000327757103207,3.500081939275802,1.0,False,False,False,False
2022-08-16 00:00:00-04:00,172.77999877929688,173.7100067138672,171.66000366210938,173.02999877929688,170.341064453125,56377100,161.56551768243435,168.27566578348237,154.85536958138633,13.42029620209604,3.35507405052401,1.0,False,False,False,False
2022-08-17 00:00:00-04:00,172.77000427246094,176.14999389648438,172.57000732421875,174.5500030517578,171.83749389648438,79542000,162.6370024386887,169.39213304408506,155.88187183329237,13.510261210792692,3.377565302698173,1.0,False,False,False,False
2022-08-18 00:00:00-04:00,173.75,174.89999389648438,173.1199951171875,174.14999389648438,171.4436798095703,62290100,163.58864064963564,170.0242579503517,157.15302334891956,12.87123460143215,3.2178086503580374,1.0,False,False,False,False
2022-08-19 00:00:00-04:00,173.02999877929688,173.74000549316406,171.30999755859375,171.52000427246094,168.8545379638672,70346300,164.30542079894985,170.66547563717245,157.94536596072726,12.72010967644519,3.1800274191112976,1.0,False,False,False,False
2022-08-22 00:00:00-04:00,169.69000244140625,169.86000061035156,167.13999938964844,167.57000732421875,164.96595764160156,69026800,164.6291359358212,171.22918626678404,158.02908560485838,13.20010066192566,3.300025165481415,0.722791588012672,False,False,False,False
2022-08-23 00:00:00-04:00,167.0800018310547,168.7100067138672,166.64999389648438,167.22999572753906,164.63119506835938,54147100,164.87087450611082,171.22292236745395,158.5188266447677,12.704095722686247,3.176023930671562,0.6856976893849639,False,False,False,False
2022-08-24 00:00:00-04:00,167.32000732421875,168.11000061035156,166.25,167.52999877929688,164.9265594482422,53841500,165.0730238358696,171.16186703314872,158.9841806385905,12.177686394558236,3.044421598639559,0.7017604053693813,False,False,False,False
2022-08-25 00:00:00-04:00,168.77999877929688,170.13999938964844,168.35000610351562,170.02999877929688,167.38772583007812,51218200,165.44249419044883,171.44445319007033,159.44053519082732,12.003917999243015,3.0009794998107537,0.8821672714806402,False,False,False,False
2022-08-26 00:00:00-04:00,170.57000732421875,171.0500030517578,163.55999755859375,163.6199951171875,161.0773162841797,78961000,165.49534177812083,172.39510597641302,158.59557757982864,13.799528396584378,3.4498820991460946,0.3641006701796047,False,False,True,False
2022-08-29 00:00:00-04:00,161.14999389648438,162.89999389648438,159.82000732421875,161.3800048828125,158.87213134765625,73314000,165.15128568837508,172.1210710254318,158.18150035131836,13.93957067411344,3.48489266852836,0.22945502456786124,False,False,False,False
2022-08-30 00:00:00-04:00,162.1300048828125,162.55999755859375,157.72000122070312,158.91000366210938,156.44053649902344,77906200,164.69951194882734,171.9403180197565,157.45870587789818,14.481612141858307,3.6204030354645766,0.10021658983783273,False,False,False,False
2022-08-31 00:00:00-04:00,160.30999755859375,160.5800018310547,157.13999938964844,157.22000122070312,154.77679443359375,87991100,164.167330465353,171.37205641747047,156.9626045132355,14.40945190423497,3.6023629760587426,0.017863046365557526,False,False,False,False
2022-09-01 00:00:00-04:00,156.63999938964844,158.4199981689453,154.6699981689453,157.9600067138672,155.50531005859375,74229900,163.5714419002335,170.80569525713926,156.33718854332776,14.468506713811507,3.617126678452877,0.11216210509065903,False,False,False,False
2022-09-02 00:00:00-04:00,159.75,160.36000061035156,154.97000122070312,155.80999755859375,153.38868713378906,76957800,163.02771061381537,170.61653851296023,155.4388827146705,15.17765579828972,3.79441394957243,0.024451394131961814,False,False,False,False
2022-09-06 00:00:00-04:00,156.47000122070312,157.08999633789062,153.69000244140625,154.52999877929688,152.1285400390625,73714800,162.36734577262501,169.87728966115228,154.85740188409775,15.019887777054521,3.7549719442636302,0.0,False,True,False,False
2022-09-07 00:00:00-04:00,154.82000732421875,156.6699981689453,153.61000061035156,155.9600067138672,153.536376953125,87449600,161.78784488860526,169.15879389999853,154.416895877212,14.741898022786529,3.6854745056966323,0.10467518051406978,False,False,False,False
2022-09-08 00:00:00-04:00,154.63999938964844,156.36000061035156,152.67999267578125,154.4600067138672,152.05967712402344,84923800,161.18052448122148,168.5503801783895,153.81066878405346,14.739711394336041,3.6849278485840102,0.04405363934488186,False,False,False,False
2022-09-09 00:00:00-04:00,155.47000122070312,157.82000732421875,154.75,157.3699951171875,154.92442321777344,68028800,160.80270306449208,168.1075733140136,153.49783281497056,14.609740499043028,3.652435124760757,0.26503977277834406,False,False,False,False
2022-09-12 00:00:00-04:00,159.58999633789062,164.25999450683594,159.3000030517578,163.42999267578125,160.89024353027344,104956000,160.92997753785036,168.88236064034942,152.9775944353513,15.904766204998111,3.976191551249528,0.6571865380294148,False,False,False,True
2022-09-13 00:00:00-04:00,159.89999389648438,160.5399932861328,153.3699951171875,153.83999633789062,151.44931030273438,122656600,160.51220120806315,169.68134551203104,151.34305690409525,18.338288607935795,4.584572151983949,0.13615989404348447,False,False,True,False
2022-09-14 00:00:00-04:00,154.7899932861328,157.10000610351562,153.61000061035156,155.30999755859375,152.896484375,87965400,160.08118455940402,169.03141553160793,151.1309535872001,17.900461944407823,4.475115486101956,0.2334601187596273,False,False,False,False
2022-09-15 00:00:00-04:00,154.64999389648438,155.24000549316406,151.3800048828125,152.3699951171875,150.0021209716797,90481100,159.49080822093046,168.33201463107025,150.64960181079067,17.68241282027958,4.420603205069895,0.0972940358243275,False,False,False,False
2022-09-16 00:00:00-04:00,151.2100067138672,151.35000610351562,148.3699951171875,150.6999969482422,148.3581085205078,162278800,158.71157415165698,167.46865992078278,149.95448838253117,17.514171538251617,4.378542884562904,0.042566019413638904,False,False,False,False
2022-09-19 00:00:00-04:00,149.30999755859375,154.55999755859375,149.10000610351562,154.47999572753906,152.0793914794922,81474200,158.21172073317578,167.18509621640462,149.23834524994695,17.94675096645767,4.486687741614418,0.2920668196370874,False,False,False,False
2022-09-20 00:00:00-04:00,153.39999389648438,158.0800018310547,153.0800018310547,156.89999389648438,154.46173095703125,107689800,158.02907727092762,167.10511520583358,148.95303933602165,18.152075869811938,4.5380189674529845,0.43779866377040777,False,False,False,False
2022-09-21 00:00:00-04:00,157.33999633789062,158.74000549316406,153.60000610351562,153.72000122070312,151.33114624023438,101696800,157.80609896549984,167.0025329848449,148.6096649461548,18.392868038690096,4.598217009672524,0.27784336101354856,False,False,False,False
2022-09-22 00:00:00-04:00,152.3800048828125,154.47000122070312,150.91000366210938,152.74000549316406,150.3664093017578,86652500,157.38114656215197,166.36993669128128,148.39235643302266,17.977580258258627,4.494395064564657,0.24183727719108156,False,False,False,False
2022-09-23 00:00:00-04:00,151.19000244140625,151.47000122070312,148.55999755859375,150.42999267578125,148.09228515625,96029900,156.7788285557248,165.70474125885522,147.85291585259438,17.851825406260843,4.462956351565211,0.14435928901047063,False,False,False,False
2022-09-26 00:00:00-04:00,149.66000366210938,153.77000427246094,149.63999938964844,150.77000427246094,148.42703247070312,93339400,156.3300375075969,165.1893599169768,147.470715098217,17.7186448187598,4.42966120468995,0.18620437443109542,False,False,False,False
2022-09-27 00:00:00-04:00,152.74000549316406,154.72000122070312,149.9499969482422,151.75999450683594,149.40164184570312,84442700,155.9811452896244,164.90853631255848,147.05375426669033,17.85478204586815,4.463695511467037,0.26358430072433703,False,False,False,False
2022-09-28 00:00:00-04:00,147.63999938964844,150.63999938964844,144.83999633789062,149.83999633789062,147.51145935058594,146691400,155.35271629508432,164.77136784951406,145.93406474065458,18.837303108859487,4.709325777214872,0.20735089172074878,False,False,False,False
2022-09-29 00:00:00-04:00,146.10000610351562,146.72000122070312,140.67999267578125,142.47999572753906,140.26585388183594,128138200,154.3477674267168,164.65655455812546,144.03898029530816,20.6175742628173,5.154393565704325,0.0,False,True,False,False
2022-09-30 00:00:00-04:00,141.27999877929688,143.10000610351562,138.0,138.1999969482422,136.0523681640625,124925300,153.1326757814837,163.4305854204546,142.8347661425128,20.595819277941814,5.1489548194854535,0.0,False,False,False,False
2022-10-03 00:00:00-04:00,138.2100067138672,143.07000732421875,137.69000244140625,142.4499969482422,140.23629760742188,114311700,152.1274529861897,162.471572637826,141.7833333345534,20.68823930327261,5.1720598258181525,0.0322242798875272,False,False,False,False
2022-10-04 00:00:00-04:00,145.02999877929688,146.22000122070312,144.25999450683594,146.10000610351562,143.82960510253906,87830100,151.57738751042538,161.64109605139026,141.5136789694605,20.127417081929764,5.031854270482441,0.22786466417356122,False,False,False,False
2022-10-05 00:00:00-04:00,144.07000732421875,147.3800048828125,143.00999450683594,146.39999389648438,144.1248779296875,79471000,151.0789939202825,161.0103336823462,141.1476541582188,19.862679524127373,4.965669881031843,0.26443258734983355,False,False,False,False
2022-10-06 00:00:00-04:00,145.80999755859375,147.5399932861328,145.22000122070312,145.42999267578125,143.1699676513672,68402200,150.661021848665,160.06322604760825,141.25881764972175,18.804408397886505,4.701102099471626,0.2218189978541582,False,False,False,False
2022-10-07 00:00:00-04:00,142.5399932861328,143.10000610351562,139.4499969482422,140.08999633789062,137.91299438476562,85925600,149.84593667765535,159.5039196022121,140.18795375309858,19.315965849113525,4.828991462278381,0.0,False,True,False,False
2022-10-10 00:00:00-04:00,140.4199981689453,141.88999938964844,138.57000732421875,140.4199981689453,138.2378387451172,74899000,149.04988653459552,158.40606957978252,139.6937034894085,18.71236609037402,4.678091522593505,0.03881362068426108,False,False,False,False
2022-10-11 00:00:00-04:00,139.89999389648438,141.35000610351562,138.22000122070312,138.97999572753906,136.8202362060547,77033700,148.2554516303725,157.3020173476033,139.2088859131417,18.09313143446161,4.523282858615403,0.0,False,True,False,False
2022-10-12 00:00:00-04:00,139.1300048828125,140.36000061035156,138.16000366210938,138.33999633789062,136.19015502929688,70433700,147.48027512257343,156.0621836577296,138.89836658741726,17.163817070312348,4.290954267578087,0.0,False,False,False,False
2022-10-13 00:00:00-04:00,134.99000549316406,143.58999633789062,134.3699951171875,142.99000549316406,140.76791381835938,113224000,146.8833076664768,156.451025592258,137.31558974069563,19.135435851562363,4.783858962890591,0.2965396658056854,False,False,False,False
2022-10-14 00:00:00-04:00,144.30999755859375,144.52000427246094,138.19000244140625,138.3800048828125,136.22955322265625,88598000,146.33997679417817,156.21692329359217,136.46303029476417,19.753892998828007,4.938473249707002,0.09704287596182012,False,False,False,False
2022-10-17 00:00:00-04:00,141.07000732421875,142.89999389648438,140.27000427246094,142.41000366210938,140.19692993164062,85250900,145.96664544552596,155.75989509773294,136.17339579331897,19.586499304413962,4.896624826103491,0.31841360581392586,False,False,False,False
2022-10-18 00:00:00-04:00,145.49000549316406,146.6999969482422,140.61000061035156,143.75,141.51611328125,99136600,145.7766471461375,155.8085711007019,135.7447231915731,20.06384790912881,5.015961977282203,0.39899010621908715,False,False,False,False
2022-10-19 00:00:00-04:00,141.69000244140625,144.9499969482422,141.5,143.86000061035156,141.62440490722656,61758300,145.5816487050314,155.3003796537878,135.862917756275,19.437461897512776,4.859365474378194,0.4114262909551921,False,False,False,False
2022-10-20 00:00:00-04:00,143.02000427246094,145.88999938964844,142.64999389648438,143.38999938964844,141.16168212890625,64522000,145.4478999983838,154.84275895089738,136.05304104587023,18.789717905027146,4.6974294762567865,0.3904773015147407,False,False,False,False
2022-10-21 00:00:00-04:00,142.8699951171875,147.85000610351562,142.64999389648438,147.27000427246094,144.98141479492188,86548600,145.4875195616424,154.98289506031085,135.99214406297392,18.99075099733693,4.747687749334233,0.5938606751817508,False,False,False,True
2022-10-24 00:00:00-04:00,147.19000244140625,150.22999572753906,146.0,149.4499969482422,147.1275177001953,75981900,145.74355939472164,155.13539648903108,136.3517223004122,18.783674188618875,4.695918547154719,0.6973222872320844,False,False,False,False
2022-10-25 00:00:00-04:00,150.08999633789062,152.49000549316406,149.36000061035156,152.33999633789062,149.97262573242188,74732300,146.21465173520056,155.29330609664154,137.13599737375958,18.157308722881965,4.539327180720491,0.8373487060321259,False,False,False,False
2022-10-26 00:00:00-04:00,150.9600067138672,151.99000549316406,148.0399932861328,149.35000610351562,147.0290985107422,88194300,146.51287533734532,155.5436648729938,137.48208580169685,18.061579071296933,4.515394767824233,0.6570809924741857,False,False,False,False
2022-10-27 00:00:00-04:00,148.07000732421875,149.0500030517578,144.1300048828125,144.8000030517578,142.5498046875,109180200,146.4695804755201,155.64129130174433,137.29786964929588,18.343421652448455,4.585855413112114,0.4089822250507207,False,False,True,False
2022-10-28 00:00:00-04:00,148.1999969482422,157.5,147.82000732421875,155.74000549316406,153.3197784423828,164762400,147.07100468082072,157.86554381407097,136.27646554757047,21.589078266500508,5.397269566625127,0.9015456660692605,False,False,False,True
2022-10-31 00:00:00-04:00,153.16000366210938,154.24000549316406,151.9199981689453,153.33999633789062,150.95709228515625,97943200,147.57897651297455,158.05806319774354,137.09988982820556,20.958173369537974,5.2395433423844935,0.7748817715807969,False,False,False,False
2022-11-01 00:00:00-04:00,155.0800018310547,155.4499969482422,149.1300048828125,150.64999389648438,148.30889892578125,80379300,147.92600612932497,158.621182558703,137.23082969994695,21.390352858756046,5.3475882146890115,0.6273465559519439,False,False,False,False
2022-11-02 00:00:00-04:00,148.9499969482422,152.1699981689453,145.0,145.02999877929688,142.77622985839844,93604600,147.8821722004435,158.9418306206728,136.82251378021422,22.119316840458566,5.529829210114642,0.37105508539351884,False,False,True,False
2022-11-03 00:00:00-04:00,142.05999755859375,142.8000030517578,138.75,138.8800048828125,136.72178649902344,97918500,147.2372691819224,158.4469615159881,136.02757684785666,22.419384668131443,5.604846167032861,0.12723043371526987,False,False,False,False
2022-11-04 00:00:00-04:00,142.08999633789062,142.6699981689453,134.3800048828125,138.3800048828125,136.45553588867188,140814800,146.50721919272246,158.25394095060818,134.76049743483674,23.493443515771446,5.8733608789428615,0.15406457744459395,False,False,False,False
2022-11-07 00:00:00-05:00,137.11000061035156,139.14999389648438,135.6699981689453,138.9199981689453,136.98800659179688,83374600,145.79106176650598,157.05911049411094,134.523013038901,22.536097455209926,5.634024363802482,0.19510854258521138,False,False,False,False
2022-11-08 00:00:00-05:00,140.41000366210938,141.42999267578125,137.49000549316406,139.5,137.55995178222656,89908500,145.2645843462123,156.1938256375802,134.3353430548444,21.858482582735803,5.464620645683951,0.23627701170962032,False,False,False,False
2022-11-09 00:00:00-05:00,138.5,138.5500030517578,134.58999633789062,134.8699951171875,132.994384765625,74917800,144.4928132758845,155.31113117053746,133.6744953812315,21.636635789305956,5.409158947326489,0.05525349447102467,False,False,False,False
2022-11-10 00:00:00-05:00,141.24000549316406,146.8699951171875,139.5,146.8699951171875,144.82745361328125,118854000,144.4861896760712,156.6226757812589,132.34970357088352,24.27297221037537,6.068243052593843,0.5982082219044171,False,False,False,True
2022-11-11 00:00:00-05:00,145.82000732421875,150.00999450683594,144.3699951171875,149.6999969482422,147.61813354492188,93979700,144.78122905229486,156.83206642489347,132.73039167969625,24.101674745197215,6.025418686299304,0.7040840708352641,False,False,False,False
2022-11-14 00:00:00-05:00,148.97000122070312,150.27999877929688,147.42999267578125,148.27999877929688,146.21786499023438,73374100,145.10473747111402,156.5204923271559,133.68898261507215,22.831509712083744,5.707877428020936,0.6390736463871386,False,False,False,False
2022-11-15 00:00:00-05:00,152.22000122070312,153.58999633789062,148.55999755859375,150.0399932861328,147.95338439941406,89868300,145.57350899248277,156.9096878746392,134.23733011032635,22.672357764312835,5.668089441078209,0.6970013149969104,False,False,False,False
2022-11-16 00:00:00-05:00,149.1300048828125,149.8699951171875,147.2899932861328,148.7899932861328,146.7207489013672,64218300,145.82988273448288,156.58244372842367,135.0773217405421,21.50512198788158,5.376280496970395,0.6376467686776199,False,False,False,False
2022-11-17 00:00:00-05:00,146.42999267578125,151.47999572753906,146.14999389648438,150.72000122070312,148.62396240234375,80389400,146.1315589189628,156.87486417972045,135.38825365820517,21.486610521515274,5.371652630378819,0.7135489121071819,False,False,False,False
2022-11-18 00:00:00-05:00,152.30999755859375,152.6999969482422,149.97000122070312,151.2899932861328,149.18600463867188,74829600,146.56392877169029,156.77890265187997,136.3489548915006,20.429947760379378,5.107486940094844,0.7313302300071454,False,False,False,False
2022-11-21 00:00:00-05:00,150.16000366210938,150.3699951171875,147.72000122070312,148.00999450683594,145.9516143798828,58724100,146.7419344530696,156.64940935832627,136.83445954781294,19.814949810513326,4.9537374526283315,0.5639951181250801,False,False,False,False
2022-11-22 00:00:00-05:00,148.1300048828125,150.4199981689453,146.92999267578125,150.17999267578125,148.09141540527344,51804100,146.944828346439,156.55955685980283,137.3300998330752,19.22945702672763,4.8073642566819075,0.6682400249183106,False,False,False,False
2022-11-23 00:00:00-05:00,149.4499969482422,151.8300018310547,149.33999633789062,151.07000732421875,148.96905517578125,58301400,147.26164835904586,156.4129051197061,138.11039159838563,18.302513521320463,4.575628380330116,0.7080784675141235,False,False,False,False
2022-11-25 00:00:00-05:00,148.30999755859375,148.8800048828125,147.1199951171875,148.11000061035156,146.05023193359375,35195900,147.32623323496847,156.35236676096895,138.300099708968,18.052267052000957,4.513066763000239,0.5434165622038157,False,False,False,False
2022-11-28 00:00:00-05:00,145.13999938964844,146.63999938964844,143.3800048828125,144.22000122070312,142.21434020996094,69246000,147.11126950686455,156.18078882577277,138.04175018795632,18.13903863781644,4.53475965945411,0.34060520825322704,False,False,True,False
2022-11-29 00:00:00-05:00,144.2899932861328,144.80999755859375,140.35000610351562,141.1699981689453,139.2067413330078,83763800,146.6944970988218,155.74906277685486,137.63993142078877,18.109131356066086,4.527282839016522,0.19493296938144206,False,False,False,False
2022-11-30 00:00:00-05:00,141.39999389648438,148.72000122070312,140.5500030517578,148.02999877929688,145.97129821777344,111380900,146.61717798091328,156.40028672493207,136.8340692368945,19.56621748803758,4.891554372009395,0.5722071498616104,False,False,False,True
2022-12-01 00:00:00-05:00,148.2100067138672,149.1300048828125,146.61000061035156,148.30999755859375,146.2474365234375,71250400,146.73380212283047,156.04260084693956,137.42500339872137,18.61759744821819,4.654399362054548,0.5846615918164099,False,False,False,False
2022-12-02 00:00:00-05:00,145.9600067138672,148.0,145.64999389648438,147.80999755859375,145.75440979003906,65447400,146.7687628196801,155.67868240380017,137.85884323556002,17.81983916824015,4.454959792060038,0.5584312085582357,False,False,False,False
2022-12-05 00:00:00-05:00,147.77000427246094,150.9199981689453,145.77000427246094,146.6300048828125,144.5908203125,68826400,146.8524772326017,155.90140363760662,137.80355082759678,18.09785281000984,4.52446320250246,0.4877072516764999,False,False,True,False
2022-12-06 00:00:00-05:00,147.07000732421875,147.3000030517578,141.9199981689453,142.91000366210938,140.92254638671875,64727200,146.61838204329632,155.83841678436326,137.39834730222938,18.44006948213388,4.61001737053347,0.2988956394779368,False,False,False,False
2022-12-07 00:00:00-05:00,142.19000244140625,143.3699951171875,140.0,140.94000244140625,138.97994995117188,69721100,146.18657236076035,155.1586026511581,137.2145420703626,17.944060580795508,4.486015145198877,0.20761523593109119,False,False,False,False
2022-12-08 00:00:00-05:00,142.36000061035156,143.52000427246094,141.10000610351562,142.64999389648438,140.66616821289062,62128300,145.87296922715424,154.46379685472314,137.28214159958534,17.181655255137798,4.2954138137844495,0.3124176464484638,False,False,False,False
2022-12-09 00:00:00-05:00,142.33999633789062,145.57000732421875,140.89999389648438,142.16000366210938,140.18299865722656,76097000,145.6232774827473,154.2890250331062,136.9575299323884,17.331495100717802,4.332873775179451,0.30017454925198567,False,False,False,False
2022-12-12 00:00:00-05:00,142.6999969482422,144.5,141.05999755859375,144.49000549316406,142.48057556152344,70462700,145.4338377772894,153.92101106089365,136.94666449368515,16.9743465672085,4.243586641802125,0.44439654684860413,False,False,False,False
2022-12-13 00:00:00-05:00,149.5,149.97000122070312,144.24000549316406,145.47000122070312,143.44692993164062,93886200,145.52768484958668,154.31213995033832,136.74322974883503,17.568910201503286,4.3922275503758215,0.49671672128652483,False,False,False,False
2022-12-14 00:00:00-05:00,145.35000610351562,146.66000366210938,141.16000366210938,143.2100067138672,141.2183837890625,82291200,145.37343372429015,154.37944331496664,136.36742413361367,18.01201918135297,4.503004795338242,0.3798898119838412,False,False,False,False
2022-12-15 00:00:00-05:00,141.11000061035156,141.8000030517578,136.02999877929688,136.5,134.60169982910156,98931900,144.76814763146194,154.30955784998483,135.22673741293906,19.08282043704577,4.770705109261442,0.06672297689230136,False,False,False,False
2022-12-16 00:00:00-05:00,136.69000244140625,137.64999389648438,133.72999572753906,134.50999450683594,132.6393585205078,160156900,143.97885711025285,153.3501259407125,134.6075882797932,18.74253766091931,4.685634415229828,0.0,False,True,False,False
2022-12-19 00:00:00-05:00,135.11000061035156,135.1999969482422,131.32000732421875,132.3699951171875,130.5291290283203,79592600,143.06089677855536,152.27103665077374,133.85075690633698,18.420279744436755,4.605069936109189,0.0,False,False,False,False
2022-12-20 00:00:00-05:00,131.38999938964844,133.25,129.88999938964844,132.3000030517578,130.4600830078125,77432800,142.1235998926037,151.08472589967056,133.16247388553683,17.922252014133733,4.480563003533433,0.0,False,False,False,False
2022-12-21 00:00:00-05:00,132.97999572753906,136.80999755859375,132.75,135.4499969482422,133.5662841796875,85928000,141.5302441934099,150.4972565011373,132.56323188568254,17.934024615454746,4.4835061538636864,0.1609658247079666,False,False,False,False
2022-12-22 00:00:00-05:00,134.35000610351562,134.55999755859375,130.3000030517578,132.22999572753906,130.39105224609375,77852100,140.76633485334494,149.86664470959644,131.66602499709344,18.200619712503,4.55015492812575,0.0309863476823372,False,False,False,False
2022-12-23 00:00:00-05:00,130.9199981689453,132.4199981689453,129.63999938964844,131.86000061035156,130.0262451171875,63814900,139.97802912025912,148.72430774674484,131.2317504937734,17.492557252971437,4.373139313242859,0.03591528142470068,False,False,False,False
2022-12-27 00:00:00-05:00,131.3800048828125,131.41000366210938,128.72000122070312,130.02999877929688,128.22166442871094,69007800,139.15097123974058,147.65062188150742,130.65132059797375,16.99930128353367,4.249825320883417,0.0,False,True,False,False
2022-12-28 00:00:00-05:00,129.6699981689453,131.02999877929688,125.87000274658203,126.04000091552734,124.28715515136719,85438400,138.19227925980124,146.87396404393436,129.5105944756681,17.36336956826625,4.340842392066563,0.0,False,False,False,False
2022-12-29 00:00:00-05:00,127.98999786376953,130.47999572753906,127.7300033569336,129.61000061035156,127.80750274658203,75703700,137.4490337574518,146.15054902557395,128.74751848932962,17.40303053624433,4.3507576340610825,0.049559306307352446,False,False,False,False
2022-12-30 00:00:00-05:00,128.41000366210938,129.9499969482422,127.43000030517578,129.92999267578125,128.123046875,77034200,136.75355844236412,145.08892151228736,128.4181953724409,16.670726139846465,4.167681534961616,0.09068575001822218,False,False,False,False
2023-01-03 00:00:00-05:00,130.27999877929688,130.89999389648438,124.16999816894531,125.06999969482422,123.33065032958984,112117500,135.91687278772972,144.76469869616844,127.069046879291,17.695651816877444,4.423912954219361,0.0,False,True,False,False
2023-01-04 00:00:00-05:00,126.88999938964844,128.66000366210938,125.08000183105469,126.36000061035156,124.60269927978516,89113600,135.148800224961,143.82984433601288,126.46775611390913,17.36208822210375,4.340522055525938,0.0,False,False,False,False
2023-01-05 00:00:00-05:00,127.12999725341797,127.7699966430664,124.76000213623047,125.0199966430664,123.2813491821289,80962700,134.37390007905768,142.78883868037155,125.9589614777438,16.829877202627756,4.207469300656939,0.0,False,False,False,False
2023-01-06 00:00:00-05:00,126.01000213623047,130.2899932861328,124.88999938964844,129.6199951171875,127.81734466552734,87754700,133.86496362227422,142.51840714275357,125.21152010179486,17.306887040958713,4.326721760239678,0.2547237411880879,False,False,False,False
2023-01-09 00:00:00-05:00,130.47000122070312,133.41000366210938,129.88999938964844,130.14999389648438,128.33999633789062,70790800,133.63871656898033,142.18481744639612,125.09261569156453,17.092201754831592,4.273050438707898,0.29588804751209025,False,False,False,False
2023-01-10 00:00:00-05:00,130.25999450683594,131.25999450683594,128.1199951171875,130.72999572753906,128.91192626953125,63896200,133.33854533688648,141.65803600449038,125.01905466928257,16.638981335207816,4.159745333801954,0.3432266040332791,False,False,False,False
2023-01-11 00:00:00-05:00,131.25,133.50999450683594,130.4600067138672,133.49000549316406,131.633544921875,69458900,133.2675556341978,141.36509479363508,125.17001647476053,16.19507831887455,4.048769579718638,0.5137356457675789,False,False,False,True
2023-01-12 00:00:00-05:00,133.8800048828125,134.25999450683594,131.44000244140625,133.41000366210938,131.55467224121094,71379600,133.24831490385776,141.10009856043723,125.39653124727828,15.703567313158956,3.925891828289739,0.5102963075221852,False,False,False,False
2023-01-13 00:00:00-05:00,132.02999877929688,134.9199981689453,131.66000366210938,134.75999450683594,132.8859100341797,57809700,133.29262189347767,141.0112260857664,125.57401770118895,15.437208384577445,3.8593020961443614,0.5950542725603318,False,False,False,False
2023-01-17 00:00:00-05:00,134.8300018310547,137.2899932861328,134.1300048828125,135.94000244140625,134.0494842529297,63646600,133.50045897486427,141.0792004285882,125.92171752114037,15.157482907447829,3.789370726861957,0.6609464764986321,False,False,False,False
2023-01-18 00:00:00-05:00,136.82000732421875,138.61000061035156,135.02999877929688,135.2100067138672,133.3296356201172,69672800,133.73236534094545,141.2692330155079,126.19549766638299,15.073735349124902,3.7684338372812256,0.5980275518110068,False,False,False,False
2023-01-19 00:00:00-05:00,134.0800018310547,136.25,133.77000427246094,135.27000427246094,133.38877868652344,58280400,133.8460573554478,141.12523740806185,126.56687730283379,14.558360105228061,3.6395900263070153,0.5978095682975835,False,False,False,False
2023-01-20 00:00:00-05:00,135.27999877929688,138.02000427246094,134.22000122070312,137.8699951171875,135.95260620117188,80223600,134.08416370389247,141.39542636159666,126.77290104618828,14.622525315408382,3.6556313288520954,0.7589040765281313,False,False,False,False
2023-01-23 00:00:00-05:00,138.1199951171875,143.32000732421875,137.89999389648438,141.11000061035156,139.1475830078125,81760300,134.6418723349863,142.3120111683263,126.97173350164627,15.340277666680038,3.8350694166700094,0.9216434940688472,False,False,False,False
2023-01-24 00:00:00-05:00,140.30999755859375,143.16000366210938,140.3000030517578,142.52999877929688,140.54782104492188,66435100,135.2547720152142,142.72989708729054,127.77964694313788,14.950250144152662,3.7375625360381655,0.9866290994420687,False,False,False,False
2023-01-25 00:00:00-05:00,140.88999938964844,142.42999267578125,138.80999755859375,141.86000061035156,139.88714599609375,65799300,135.73631853741097,143.20793134642028,128.26470572840165,14.94322561801863,3.7358064045046575,0.909796534528437,False,False,False,False
2023-01-26 00:00:00-05:00,143.1699981689453,144.25,141.89999389648438,143.9600067138672,141.95794677734375,54105100,136.3724586762476,143.57491008228567,129.1700072702095,14.404902812076159,3.6012257030190398,1.0,False,False,False,False
2023-01-27 00:00:00-05:00,143.16000366210938,147.22999572753906,143.0800018310547,145.92999267578125,143.90054321289062,70555800,137.12586462640402,144.43806967113517,129.81365958167288,14.624410089462287,3.656102522365572,1.0,False,False,False,False
2023-01-30 00:00:00-05:00,144.9600067138672,145.5500030517578,142.85000610351562,143.0,141.01129150390625,64015300,137.68204282851684,144.87902468322798,130.4850609738057,14.39396370942228,3.59849092735557,0.8694574530573553,False,False,False,False
2023-01-31 00:00:00-05:00,142.6999969482422,144.33999633789062,142.27999877929688,144.2899932861328,142.28334045410156,65874500,138.178261159566,145.0675443405248,131.28897797860722,13.77856636191757,3.4446415904793923,0.943568072761108,False,False,False,False
2023-02-01 00:00:00-05:00,143.97000122070312,146.61000061035156,141.32000732421875,145.42999267578125,143.407470703125,77663600,138.70118385766747,145.95953737775693,131.44283033757802,14.516707040178915,3.6291767600447287,0.9635217063683917,False,False,False,False
2023-02-02 00:00:00-05:00,148.89999389648438,151.17999267578125,148.1699981689453,150.82000732421875,148.72254943847656,118339000,139.6474740408881,147.32999220896863,131.9649558728076,15.36503633616104,3.84125908404026,1.0,True,False,False,False
2023-02-03 00:00:00-05:00,148.02999877929688,157.3800048828125,147.8300018310547,154.5,152.3513641357422,154357300,140.7799069461993,149.60417390782334,131.95563998457527,17.648533923248067,4.412133480812017,1.0,False,False,False,False
2023-02-06 00:00:00-05:00,152.57000732421875,153.10000610351562,150.77999877929688,151.72999572753906,149.61988830566406,69858300,141.70408138430355,150.3899218939058,133.0182408747013,17.371681019204516,4.342920254801129,1.0,False,False,False,False
2023-02-07 00:00:00-05:00,150.63999938964844,155.22999572753906,150.63999938964844,154.64999389648438,152.49928283691406,83322600,142.68762985265803,151.42288557887818,133.9523741264379,17.47051145244029,4.367627863110073,1.0,False,False,False,False
2023-02-08 00:00:00-05:00,153.8800048828125,154.5800018310547,151.1699981689453,151.9199981689453,149.80722045898438,64120100,143.51004953629612,152.06777883540207,134.95232023719018,17.115458598211887,4.278864649552972,0.9913656613050267,False,False,False,False
2023-02-09 00:00:00-05:00,153.77999877929688,154.3300018310547,150.4199981689453,150.8699951171875,148.77182006835938,56007100,144.2069897170822,152.69094681869942,135.72303261546497,16.967914203234443,4.241978550808611,0.892682643270037,False,False,False,False
2023-02-10 00:00:00-05:00,149.4600067138672,151.33999633789062,149.22000122070312,151.00999450683594,149.1372833251953,57450700,144.7333514646984,152.7929118795914,136.67379104980537,16.119120829786027,4.029780207446507,0.889391152806494,False,False,False,False
2023-02-13 00:00:00-05:00,150.9499969482422,154.25999450683594,150.9199981689453,153.85000610351562,151.94204711914062,62199000,145.4230721420651,153.34467578304694,137.50146850108328,15.843207281963657,3.9608018204909143,1.0,True,False,False,False
2023-02-14 00:00:00-05:00,152.1199951171875,153.77000427246094,150.86000061035156,153.1999969482422,151.30010986328125,61707600,146.02198284775565,153.7494272232721,138.2945384722392,15.454888751032911,3.8637221877582277,0.9644494189585674,False,False,False,False
2023-02-15 00:00:00-05:00,153.11000061035156,155.5,152.8800048828125,155.3300018310547,153.4036865234375,65573800,146.734317796939,154.21301675834133,139.25561883553667,14.95739792280466,3.739349480701165,1.0,True,False,False,False
2023-02-16 00:00:00-05:00,153.50999450683594,156.3300018310547,153.35000610351562,153.7100067138672,151.80377197265625,68167900,147.3784028318729,154.7052310426428,140.05157462110301,14.653656421539779,3.6634141053849447,0.9320835496516282,False,False,False,False
2023-02-17 00:00:00-05:00,152.35000610351562,153.0,150.85000610351562,152.5500030517578,150.6581573486328,59144100,147.77464729464108,154.94079280640432,140.60850178287785,14.332291023526466,3.5830727558816164,0.8331885843845884,False,False,False,False
2023-02-21 00:00:00-05:00,150.1999969482422,151.3000030517578,148.41000366210938,148.47999572753906,146.63864135742188,58867200,147.90981564346006,155.18734648197665,140.63228480494348,14.555061677033166,3.6387654192582914,0.53917400672913,False,False,False,False
2023-02-22 00:00:00-05:00,148.8699951171875,149.9499969482422,147.16000366210938,148.91000366210938,147.0632781982422,51011300,147.97344223629563,155.0812186481871,140.86566582440415,14.215552823782957,3.5538882059457393,0.5658828705027117,False,False,False,False
2023-02-23 00:00:00-05:00,150.08999633789062,150.33999633789062,147.24000549316406,149.39999389648438,147.54721069335938,48394200,148.0584330423693,155.07542998201694,141.04143610272166,14.03399387929528,3.50849846982382,0.5955936610528464,False,False,False,False
2023-02-24 00:00:00-05:00,147.11000061035156,147.19000244140625,145.72000122070312,146.7100067138672,144.8905792236328,55469600,147.93189724372675,154.98319302456588,140.88060146288763,14.102591561678253,3.525647890419563,0.4133570220398445,False,False,True,False
2023-02-27 00:00:00-05:00,147.7100067138672,149.1699981689453,147.4499969482422,147.9199981689453,146.0855712890625,44998500,147.9525722869199,154.79073678069074,141.11440779314904,13.676328987541694,3.4190822468854236,0.4976182118751129,False,False,False,False
2023-02-28 00:00:00-05:00,147.0500030517578,149.0800018310547,146.8300018310547,147.41000366210938,145.58189392089844,50547000,147.93763591090485,154.5419839552986,141.33328786651109,13.20869608878752,3.30217402219688,0.4600541760330634,False,False,False,False
2023-03-01 00:00:00-05:00,146.8300018310547,147.22999572753906,145.00999450683594,145.30999755859375,143.50794982910156,55479000,147.76366591257857,154.18758098358765,141.3397508415695,12.847830142018154,3.2119575355045384,0.3090207975306094,False,False,False,False
2023-03-02 00:00:00-05:00,144.3800048828125,146.7100067138672,143.89999389648438,145.91000366210938,144.1005096435547,52238100,147.57558276076537,153.9191088881501,141.23205663338064,12.687052254769469,3.1717630636923673,0.3687181966930221,False,False,False,False
2023-03-03 00:00:00-05:00,148.0399932861328,151.11000061035156,147.3300018310547,151.02999877929688,149.15699768066406,70732300,147.76289534238776,154.51206824668247,141.01372243809305,13.49834580858942,3.374586452147355,0.7420373194788172,False,False,False,True
2023-03-06 00:00:00-05:00,153.7899932861328,156.3000030517578,153.4600067138672,153.8300018310547,151.92230224609375,87558000,148.32682105265212,155.45507752100954,141.1985645842947,14.256512936714842,3.5641282341787104,0.8860116988517022,False,False,False,False
2023-03-07 00:00:00-05:00,153.6999969482422,154.02999877929688,151.1300048828125,151.60000610351562,149.71994018554688,56182000,148.6540306806429,155.64946028146144,141.65860107982436,13.990859201637079,3.4977148004092697,0.7105642963319944,False,False,False,False
2023-03-08 00:00:00-05:00,152.80999755859375,153.47000122070312,151.8300018310547,152.8699951171875,150.97418212890625,47204800,148.99313918417113,155.66302484834532,142.32325351999694,13.339771328348377,3.334942832087094,0.7906238673505338,False,False,False,False
2023-03-09 00:00:00-05:00,153.55999755859375,154.5399932861328,150.22999572753906,150.58999633789062,148.7224578857422,53833600,149.22593273414472,156.09082934362024,142.3610361246692,13.729793218951045,3.432448304737761,0.599350629830543,False,False,False,False
2023-03-10 00:00:00-05:00,150.2100067138672,150.94000244140625,147.61000061035156,148.5,146.6584014892578,68572400,149.20849397995926,156.05290129469816,142.36408666522036,13.688814629477804,3.422203657369451,0.4482428538090091,False,False,True,False
2023-03-13 00:00:00-04:00,147.80999755859375,153.13999938964844,147.6999969482422,150.47000122070312,148.6039581298828,84457100,149.3108416360347,156.55880870758097,142.06287456448842,14.49593414309254,3.623983535773135,0.5799644626711263,False,False,False,True
2023-03-14 00:00:00-04:00,151.27999877929688,153.39999389648438,150.10000610351562,152.58999633789062,150.69769287109375,73695900,149.53743806463987,156.72060598762528,142.35427014165447,14.36633584597081,3.5915839614927023,0.7124799465903392,False,False,False,False
2023-03-15 00:00:00-04:00,151.19000244140625,153.25,149.9199981689453,152.99000549316406,151.09274291992188,77167900,149.7470961054229,156.8779476023207,142.61624460852514,14.261702993795552,3.565425748448888,0.7273858450952143,False,False,False,False
2023-03-16 00:00:00-04:00,152.16000366210938,156.4600067138672,151.63999938964844,155.85000610351562,153.91722106933594,76161100,150.1556717690552,157.53743958110695,142.77390395700345,14.763535624103497,3.6908839060258742,0.885702617546683,False,False,False,False
2023-03-17 00:00:00-04:00,156.0800018310547,156.74000549316406,154.27999877929688,155.0,153.07778930664062,98944600,150.5876992403134,157.72329161393344,143.45210686669338,14.271184747240056,3.567796186810014,0.8091755055963307,False,False,False,False
2023-03-20 00:00:00-04:00,155.07000732421875,157.82000732421875,154.14999389648438,157.39999389648438,155.44801330566406,73641400,151.0767797235425,158.2328155453474,143.9207439017376,14.312071643609784,3.578017910902446,0.9418098462891035,False,False,False,False
2023-03-21 00:00:00-04:00,157.32000732421875,159.39999389648438,156.5399932861328,159.27999877929688,157.30467224121094,73938300,151.6876032455227,158.70003560721742,144.67517088382797,14.024864723389442,3.5062161808473604,1.0,True,False,False,False
2023-03-22 00:00:00-04:00,159.3000030517578,162.13999938964844,157.80999755859375,157.8300018310547,155.87266540527344,75701800,152.31863627448737,159.49582576622356,145.1414467827512,14.354378983472373,3.588594745868093,0.8839501216258187,False,False,False,False
2023-03-23 00:00:00-04:00,158.8300018310547,161.5500030517578,157.67999267578125,158.92999267578125,156.95904541015625,67622100,152.90763848503897,160.14111110279686,145.6741658672811,14.466945235515766,3.6167363088789415,0.9162837484141186,False,False,False,False
2023-03-24 00:00:00-04:00,158.86000061035156,160.33999633789062,157.85000610351562,160.25,158.26268005371094,59196500,153.4553353457692,160.4634587486263,146.44721194291213,14.016246805714161,3.5040617014285402,0.984770620010824,False,False,False,False
2023-03-27 00:00:00-04:00,159.94000244140625,160.77000427246094,157.8699951171875,158.27999877929688,156.31710815429688,52390300,153.91516846053693,160.802481354163,147.02785556691086,13.774625787252148,3.443656446813037,0.8168746930896238,False,False,False,False
2023-03-28 00:00:00-04:00,157.97000122070312,158.49000549316406,155.97999572753906,157.64999389648438,155.69488525390625,45992200,154.20334873096962,160.90393228835808,147.50276517358117,13.40116711477691,3.3502917786942277,0.757189925026327,False,False,False,False
2023-03-29 00:00:00-04:00,159.3699951171875,161.0500030517578,159.35000610351562,160.77000427246094,158.7762451171875,51305700,154.71890337638143,161.42943040908574,148.00837634367713,13.421054065408612,3.355263516352153,0.9508662931084969,False,False,False,False
2023-03-30 00:00:00-04:00,161.52999877929688,162.47000122070312,161.27000427246094,162.36000061035156,160.3465118408203,49501700,155.32843937566952,161.70791309475183,148.9489656565872,12.758947438164626,3.1897368595411564,1.0,True,False,False,False
2023-03-31 00:00:00-04:00,162.44000244140625,165.0,161.91000366210938,164.89999389648438,162.85501098632812,68749800,156.04579158210242,162.40531719685464,149.6862659673502,12.71905122950443,3.1797628073761075,1.0,False,False,False,False
2023-04-03 00:00:00-04:00,164.27000427246094,166.2899932861328,164.22000122070312,166.1699981689453,164.10923767089844,56976200,156.83864208014336,162.97621354650627,150.70107061378044,12.275142932725828,3.068785733181457,1.0,False,False,False,False
2023-04-04 00:00:00-04:00,166.60000610351562,166.83999633789062,165.11000061035156,165.6300048828125,163.57594299316406,46278300,157.5904219576607,163.46023542289515,151.72060849242627,11.739626930468887,2.934906732617222,1.0,False,False,False,False
2023-04-05 00:00:00-04:00,164.74000549316406,165.0500030517578,161.8000030517578,163.75999450683594,161.72914123535156,51511700,158.0859423670321,164.13477485195403,152.03710988211014,12.09766496984389,3.0244162424609726,0.9690204393945179,False,False,False,False
2023-04-06 00:00:00-04:00,162.42999267578125,164.9600067138672,162.0,164.66000366210938,162.61798095703125,45390100,158.56822523577875,164.60417581498194,152.53227465657557,12.071901158406376,3.017975289601594,1.0,True,False,False,False
2023-04-10 00:00:00-04:00,161.4199981689453,162.02999877929688,160.0800018310547,162.02999877929688,160.0205841064453,47716900,158.80253978250963,165.15089567000342,152.45418389501583,12.696711774987591,3.1741779437468978,0.7541964450311706,False,False,False,False
2023-04-11 00:00:00-04:00,162.35000610351562,162.36000061035156,160.50999450683594,160.8000030517578,158.80584716796875,47644200,159.00427252754898,165.08779404699652,152.92075100810143,12.167043038895088,3.041760759723772,0.6475897240166176,False,False,False,False
2023-04-12 00:00:00-04:00,161.22000122070312,162.05999755859375,159.77999877929688,160.10000610351562,158.11453247070312,50133100,159.1411387736256,165.07230789698778,153.20996965026345,11.862338246724335,2.9655845616810836,0.5808329108432558,False,False,False,False
2023-04-13 00:00:00-04:00,161.6300048828125,165.8000030517578,161.4199981689453,165.55999755859375,163.50680541992188,68445600,159.56771050858174,166.04576210925612,153.08965890790736,12.956103201348753,3.2390258003371883,0.9625068940009834,False,False,False,False
2023-04-14 00:00:00-04:00,164.58999633789062,166.32000732421875,163.82000732421875,165.2100067138672,163.16116333007812,49386500,160.03012411515283,166.36037055575977,153.6998776745459,12.660492881213884,3.165123220303471,0.9091375152068891,False,False,False,False
2023-04-17 00:00:00-04:00,165.08999633789062,165.38999938964844,164.02999877929688,165.22999572753906,163.180908203125,41516200,160.43455804712576,166.40377996574233,154.4653361285092,11.938443837233137,2.9846109593082844,0.9016802981857219,False,False,False,False
2023-04-18 00:00:00-04:00,166.10000610351562,167.41000366210938,165.64999389648438,166.47000122070312,164.40553283691406,49923000,160.94084484262353,166.7491461562925,155.13254352895456,11.616602627337954,2.9041506568344886,0.9759701743664314,False,False,False,False
2023-04-19 00:00:00-04:00,165.8000030517578,168.16000366210938,165.5399932861328,167.6300048828125,165.55116271972656,47720200,161.45494115660085,167.20641441409825,155.70346789910346,11.50294651499479,2.8757366287486974,1.0,True,False,False,False
2023-04-20 00:00:00-04:00,166.08999633789062,167.8699951171875,165.55999755859375,166.64999389648438,164.5833282470703,52456400,161.8914734650026,167.529798908469,156.25314802153622,11.27665088693277,2.8191627217331927,0.9219799370570103,False,False,False,False
2023-04-21 00:00:00-04:00,165.0500030517578,166.4499969482422,164.49000549316406,165.02000427246094,162.97352600097656,58337300,162.177184196082,167.68367477586582,156.6706936162982,11.01298115956763,2.7532452898919075,0.7581335639450542,False,False,False,False
2023-04-24 00:00:00-04:00,165.0,165.60000610351562,163.88999938964844,165.3300018310547,163.27969360351562,41949600,162.40741904985904,167.70526191443793,157.10957618528016,10.595685729157765,2.648921432289441,0.7758276204014929,False,False,False,False
2023-04-25 00:00:00-04:00,165.19000244140625,166.30999755859375,163.72999572753906,163.77000427246094,161.739013671875,48714100,162.5904118389984,167.8744707833303,157.30635289466647,10.568117888663835,2.6420294721659587,0.6116180237474325,False,False,False,False
2023-04-26 00:00:00-04:00,163.05999755859375,165.27999877929688,162.8000030517578,163.75999450683594,161.72914123535156,45498800,162.70343297291214,167.95508516831867,157.4517807775056,10.50330439081307,2.6258260977032677,0.6005932509056808,False,False,False,False
2023-04-27 00:00:00-04:00,165.19000244140625,168.55999755859375,165.19000244140625,168.41000366210938,166.32147216796875,64902300,163.09370254911693,168.78019013533438,157.40721496289947,11.372975172434906,2.8432437931087264,0.9674503401605731,False,False,False,False
2023-04-28 00:00:00-04:00,168.49000549316406,169.85000610351562,167.8800048828125,169.67999267578125,167.57569885253906,55275900,163.59728299397133,169.10912206570768,158.085443922235,11.023678143472694,2.7559195358681734,1.0,True,False,False,False
2023-05-01 00:00:00-04:00,169.27999877929688,170.4499969482422,168.63999938964844,169.58999633789062,167.48683166503906,52472900,164.09417587435652,169.41683055063797,158.77152119807508,10.64530935256289,2.6613273381407225,1.0,False,False,False,False
2023-05-02 00:00:00-04:00,170.08999633789062,170.35000610351562,167.5399932861328,168.5399932861328,166.44985961914062,48425700,164.4871610147096,169.83955278683948,159.13476924257975,10.704783544259726,2.6761958860649315,0.8786001141140745,False,False,False,False
2023-05-03 00:00:00-04:00,169.5,170.9199981689453,167.16000366210938,167.4499969482422,165.37338256835938,65136000,164.82239756290872,170.39154905919278,159.25324606662465,11.138302992568129,2.784575748142032,0.7359066176496273,False,False,False,False
2023-05-04 00:00:00-04:00,164.88999938964844,167.0399932861328,164.30999755859375,165.7899932861328,163.73394775390625,81235400,164.89664176963464,170.53687799422,159.2564055450493,11.280472449170702,2.8201181122926755,0.5791945125103202,False,False,False,False
2023-05-05 00:00:00-04:00,170.97999572753906,174.3000030517578,170.75999450683594,173.57000732421875,171.41748046875,113453200,165.561643980021,172.3398585352728,158.78342942476917,13.556429110503643,3.389107277625911,1.0,True,False,False,False
2023-05-08 00:00:00-04:00,172.47999572753906,173.85000610351562,172.11000061035156,173.5,171.3483123779297,55962800,166.19428494596,172.64267914431943,159.74589074760055,12.896788396718875,3.224197099179719,1.0,False,False,False,False
2023-05-09 00:00:00-04:00,173.0500030517578,173.5399932861328,171.60000610351562,171.77000427246094,169.6398162841797,45326900,166.7033724132997,172.89492462834662,160.51182019825276,12.383104430093852,3.095776107523463,0.9091568384780914,False,False,False,False
2023-05-10 00:00:00-04:00,173.02000427246094,174.02999877929688,171.89999389648438,173.55999755859375,171.40760803222656,53724500,167.2417022187018,173.26609811361124,161.21730632379234,12.048791789818893,3.012197947454723,1.0,True,False,False,False
2023-05-11 00:00:00-04:00,173.85000610351562,174.58999633789062,172.1699981689453,173.75,171.59524536132812,49514700,167.76350465899986,173.66946059820742,161.8575487197923,11.811911878415117,2.9529779696037792,1.0,False,False,False,False
2023-05-12 00:00:00-04:00,173.6199951171875,174.05999755859375,171.0,172.57000732421875,170.66563415527344,45533100,168.16182385082797,174.0891837078335,162.23446399382243,11.854719714011082,2.9636799285027706,0.8718505017188006,False,False,False,False
2023-05-15 00:00:00-04:00,173.16000366210938,173.2100067138672,171.47000122070312,172.07000732421875,170.171142578125,37266700,168.50250562044755,174.18513059038537,162.81988065050973,11.365249939875639,2.8413124849689098,0.8138955784205337,False,False,False,False
2023-05-16 00:00:00-04:00,171.99000549316406,173.13999938964844,171.8000030517578,172.07000732421875,170.171142578125,42110300,168.82201931223315,174.2043810527553,163.439657571711,10.764723481044314,2.6911808702610784,0.8017251690398741,False,False,False,False
2023-05-17 00:00:00-04:00,171.7100067138672,172.92999267578125,170.4199981689453,172.69000244140625,170.7843017578125,57951600,169.0879619608285,174.4340864286656,163.74183749299138,10.692248935674229,2.6730622339185572,0.8368833350446698,False,False,False,False
2023-05-18 00:00:00-04:00,173.0,175.24000549316406,172.5800018310547,175.0500030517578,173.11827087402344,65496700,169.52146541898102,174.86497817245632,164.17795266550573,10.68702550695059,2.6717563767376475,1.0,True,False,False,False
2023-05-19 00:00:00-04:00,176.38999938964844,176.38999938964844,174.94000244140625,175.16000366210938,173.22705078125,55809500,170.01939900887606,175.11855987665226,164.92023814109987,10.198321735552383,2.549580433888096,1.0,False,False,False,False
2023-05-22 00:00:00-04:00,173.97999572753906,174.7100067138672,173.4499969482422,174.1999969482422,172.27761840820312,43570900,170.3611157750906,175.29236189886262,165.4298696513186,9.862492247544026,2.4656230618860064,0.8892404756117849,False,False,False,False
2023-05-23 00:00:00-04:00,173.1300048828125,173.3800048828125,171.27999877929688,171.55999755859375,169.66677856445312,50747300,170.50380060551927,175.52592175070316,165.48167946033539,10.044242290367777,2.511060572591944,0.605154467857406,False,False,False,False
2023-05-24 00:00:00-04:00,171.08999633789062,172.4199981689453,170.52000427246094,171.83999633789062,169.94366455078125,45143500,170.59459496559535,175.49450277555772,165.69468715563298,9.799815619924743,2.449953904981186,0.6270841636819326,False,False,False,False
2023-05-25 00:00:00-04:00,172.41000366210938,173.89999389648438,171.69000244140625,172.99000549316406,171.08099365234375,56058300,170.78337876932503,175.63529408930677,165.93146344934328,9.703830639963485,2.425957659990871,0.727397489271035,False,False,False,False
2023-05-26 00:00:00-04:00,173.32000732421875,175.77000427246094,173.11000061035156,175.42999267578125,173.49403381347656,54835000,171.11559713739777,176.03832068124072,166.19287359355482,9.845447087685898,2.4613617719214744,0.9382122518112631,False,False,False,False
2023-05-30 00:00:00-04:00,176.9600067138672,178.99000549316406,176.57000732421875,177.3000030517578,175.3434295654297,55964400,171.65763115009077,176.80008490302598,166.51517739715555,10.284907505870422,2.5712268764676054,1.0,True,False,False,False
2023-05-31 00:00:00-04:00,177.3300018310547,179.35000610351562,176.75999450683594,177.25,175.29397583007812,99625300,172.16838412675963,177.31459482373728,167.022173429782,10.292421393955294,2.5731053484888236,0.9937240401199258,False,False,False,False
2023-06-01 00:00:00-04:00,177.6999969482422,180.1199951171875,176.92999267578125,180.08999633789062,178.10263061523438,68901800,172.74157389760907,178.0111640131702,167.47198378204794,10.539180231122259,2.6347950577805648,1.0,True,False,False,False
2023-06-02 00:00:00-04:00,181.02999877929688,181.77999877929688,179.25999450683594,180.9499969482422,178.95315551757812,61996900,173.4017202459854,178.6483522044826,168.15508828748818,10.493263916994408,2.623315979248602,1.0,False,False,False,False
2023-06-05 00:00:00-04:00,182.6300048828125,184.9499969482422,178.0399932861328,179.5800018310547,177.5982666015625,121946500,174.02296556063743,180.12693505570678,167.91899606556808,12.2079389901387,3.051984747534675,0.9551985617642835,False,False,False,False
2023-06-06 00:00:00-04:00,179.97000122070312,180.1199951171875,177.42999267578125,179.2100067138672,177.2323760986328,64848400,174.43105161132974,180.4626246451734,168.39947857748606,12.063146067687342,3.0157865169218354,0.8961615880071689,False,False,False,False
2023-06-07 00:00:00-04:00,178.44000244140625,181.2100067138672,177.32000732421875,177.82000732421875,175.8577117919922,61944600,174.79374234822737,181.00015795661636,168.58732673983837,12.412831216777988,3.103207804194497,0.7438013474235342,False,False,False,False
2023-06-08 00:00:00-04:00,177.89999389648438,180.83999633789062,177.4600067138672,180.57000732421875,178.5773468017578,50214900,175.19620855187443,181.4579805242292,168.93443657951966,12.523543944709559,3.1308859861773897,0.9290956933651693,False,False,False,False
2023-06-09 00:00:00-04:00,181.5,182.22999572753906,180.6300048828125,180.9600067138672,178.96304321289062,48900000,175.70263582044655,181.67022827622992,169.73504336466317,11.93518491156675,2.9837962278916876,0.9404934596635838,False,False,False,False
2023-06-12 00:00:00-04:00,181.27000427246094,183.88999938964844,180.97000122070312,183.7899932861328,181.7617950439453,54274900,176.30102711031168,182.25785885567296,170.3441953649504,11.91366349072257,2.9784158726806425,1.0,True,False,False,False
2023-06-13 00:00:00-04:00,182.8000030517578,184.14999389648438,182.44000244140625,183.30999755859375,181.28709411621094,54929100,176.88427468157693,182.5874215434177,171.18112781973616,11.406293723681529,2.851573430920382,1.0,False,False,False,False
2023-06-14 00:00:00-04:00,183.3699951171875,184.38999938964844,182.02000427246094,183.9499969482422,181.92002868652344,57462900,177.43169625284418,183.03852745193836,171.82486505375,11.213662398188376,2.803415599547094,1.0,False,False,False,False
2023-06-15 00:00:00-04:00,183.9600067138672,186.52000427246094,183.77999877929688,186.00999450683594,183.95729064941406,65433200,178.09877705284586,183.69292623066346,172.50462787502826,11.188298355635197,2.7970745889087993,1.0,False,False,False,False
2023-06-16 00:00:00-04:00,186.72999572753906,186.99000549316406,184.27000427246094,184.9199981689453,182.8793182373047,101256200,178.7066569632912,184.28539146746766,173.12792245911476,11.157469008352905,2.7893672520882262,1.0,False,False,False,False
2023-06-20 00:00:00-04:00,184.41000366210938,186.10000610351562,184.41000366210938,185.00999450683594,182.9683380126953,49799100,179.24554677947418,184.60440832151426,173.8866852374341,10.717723084080149,2.679430771020037,1.0,False,False,False,False
2023-06-21 00:00:00-04:00,184.89999389648438,185.41000366210938,182.58999633789062,183.9600067138672,181.92994689941406,49515700,179.6406402899032,185.02761714258298,174.2536634372234,10.773953705359588,2.693488426339897,0.9009082034402371,False,False,False,False
2023-06-22 00:00:00-04:00,183.74000549316406,187.0500030517578,183.6699981689453,187.0,184.93637084960938,51245300,180.1628091885419,185.68708933251622,174.63852904456758,11.048560287948646,2.7621400719871616,1.0,True,False,False,False
2023-06-23 00:00:00-04:00,185.5500030517578,187.55999755859375,185.00999450683594,186.67999267578125,184.6199188232422,53117000,180.68396355453038,186.16581629445884,175.20211081460192,10.963705479856912,2.740926369964228,1.0,False,False,False,False
2023-06-26 00:00:00-04:00,186.8300018310547,188.0500030517578,185.22999572753906,185.27000427246094,183.2254638671875,48088700,181.14224445420166,186.639913384981,175.6445755234223,10.99533786155871,2.7488344653896775,0.8754100028786312,False,False,False,False
2023-06-27 00:00:00-04:00,185.88999938964844,188.38999938964844,185.6699981689453,188.05999755859375,185.9846649169922,50730800,181.66150172516228,187.2334027863012,176.08960066402335,11.143802122277862,2.7859505305694654,1.0,True,False,False,False
2023-06-28 00:00:00-04:00,187.92999267578125,189.89999389648438,187.60000610351562,189.25,187.16151428222656,51216800,182.26609880362096,187.74080731723976,176.79139029000217,10.949417027237587,2.7373542568093967,1.0,False,False,False,False
2023-06-29 00:00:00-04:00,189.0800018310547,190.07000732421875,188.94000244140625,189.58999633789062,187.49778747558594,46347300,182.87170185063908,188.0249404894585,177.71846321181968,10.306477277638805,2.5766193194097013,1.0,False,False,False,False
2023-06-30 00:00:00-04:00,191.6300048828125,194.47999572753906,191.25999450683594,193.97000122070312,191.82945251464844,85213200,183.73544868128243,189.3513633341496,178.11953402841527,11.231829305734323,2.8079573264335806,1.0,False,False,False,False
2023-07-03 00:00:00-04:00,193.77999877929688,193.8800048828125,191.75999450683594,192.4600067138672,190.3361358642578,31458200,184.48249479405098,189.97881932440487,178.9861702636971,10.992649060707777,2.748162265176944,1.0,False,False,False,False
2023-07-05 00:00:00-04:00,191.57000732421875,192.97999572753906,190.6199951171875,191.3300018310547,189.21859741210938,46920300,185.07923113554065,190.49792333492945,179.66053893615185,10.837384398777601,2.7093460996944003,1.0,False,False,False,False
2023-07-06 00:00:00-04:00,189.83999633789062,192.02000427246094,189.1999969482422,191.80999755859375,189.69329833984375,45094300,185.5734618403372,191.01428628463086,180.13263739604352,10.881648888587335,2.720412222146834,1.0,False,False,False,False
2023-07-07 00:00:00-04:00,191.41000366210938,192.6699981689453,190.24000549316406,190.67999267578125,188.5757598876953,46815000,186.04206214080605,191.4248026758266,180.6593216057855,10.765481070041119,2.6913702675102797,0.9308149821452877,False,False,False,False
2023-07-10 00:00:00-04:00,189.25999450683594,189.99000549316406,187.0399932861328,188.61000061035156,186.5286102294922,59922200,186.25077916767356,191.82324552712174,180.67831280822537,11.14493271889637,2.7862331797240927,0.7116855706699706,False,False,False,False
2023-07-11 00:00:00-04:00,189.16000366210938,189.3000030517578,186.60000610351562,188.0800018310547,186.00445556640625,46638100,186.39599231998764,191.95121143313943,180.84077320683585,11.110438226303586,2.7776095565758965,0.65157003502168,False,False,False,False
2023-07-12 00:00:00-04:00,189.67999267578125,191.6999969482422,188.47000122070312,189.77000427246094,187.6758270263672,60750200,186.6946596944722,192.41835591974632,180.97096346919807,11.44739245054825,2.8618481126370625,0.7686502267895478,False,False,False,False
2023-07-13 00:00:00-04:00,190.5,191.19000244140625,189.77999877929688,190.5399932861328,188.43731689453125,41342300,187.01204901178937,192.44737524832516,181.5767227752536,10.870652473071573,2.717663118267893,0.824538410466414,False,False,False,False
2023-07-14 00:00:00-04:00,190.22999572753906,191.17999267578125,189.6300048828125,190.69000244140625,188.58566284179688,41616200,187.30271159414025,192.5045027656162,182.1009204226643,10.403582342951893,2.600895585737973,0.8255888919417057,False,False,False,False
2023-07-17 00:00:00-04:00,191.89999389648438,194.32000732421875,191.80999755859375,193.99000549316406,191.84925842285156,50520200,187.80859702729458,193.21621005818542,182.40098399640374,10.815226061781686,2.7038065154454216,1.0,True,False,False,False
2023-07-18 00:00:00-04:00,193.35000610351562,194.3300018310547,192.4199981689453,193.72999572753906,191.59210205078125,48288200,188.28232493411835,193.531177394342,183.0334724738947,10.49770492044729,2.6244262301118226,1.0,False,False,False,False
2023-07-19 00:00:00-04:00,193.10000610351562,198.22999572753906,192.64999389648438,195.10000610351562,192.9469757080078,80507300,188.86935329315125,194.70932087356346,183.02938571273904,11.679935160824414,2.9199837902061034,1.0,False,False,False,False
2023-07-20 00:00:00-04:00,195.08999633789062,196.47000122070312,192.5,193.1300048828125,190.9987335205078,59581200,189.2996851327085,195.34965619922014,183.24971406619687,12.099942133023262,3.0249855332558155,0.816556865148161,False,False,False,False
2023-07-21 00:00:00-04:00,194.10000610351562,194.97000122070312,191.22999572753906,191.94000244140625,189.82188415527344,71951700,189.5841557991397,195.77713085763295,183.39118074064643,12.385950116986521,3.0964875292466303,0.690203143078678,False,False,False,False
2023-07-24 00:00:00-04:00,193.41000366210938,194.91000366210938,192.25,192.75,190.6229248046875,45377800,189.89408736204774,196.06176515883232,183.72640956526317,12.335355593569147,3.083838898392287,0.7315225220942269,False,False,False,False
2023-07-25 00:00:00-04:00,193.3300018310547,194.44000244140625,192.9199981689453,193.6199951171875,191.48330688476562,37283200,190.20791329653096,196.09682380191833,184.3190027911436,11.777821010774744,2.944455252693686,0.7897039968203841,False,False,False,False
2023-07-26 00:00:00-04:00,193.6699981689453,195.63999938964844,193.32000732421875,194.5,192.35360717773438,47471900,190.5644762638719,196.32849413180648,184.80045839593734,11.528035735869139,2.8820089339672847,0.8413871908709326,False,False,False,False
2023-07-27 00:00:00-04:00,196.02000427246094,197.1999969482422,192.5500030517578,193.22000122070312,191.08773803710938,47460200,190.8777143869021,196.9953292473401,184.76009952646413,12.235229720875964,3.058807430218991,0.6914379122612272,False,False,False,False
2023-07-28 00:00:00-04:00,194.6699981689453,196.6300048828125,194.13999938964844,195.8300018310547,193.6689453125,48291400,191.26568280198015,197.4535369087962,185.0778286951641,12.375708213632095,3.0939270534080237,0.8688127540084413,False,False,False,False
2023-07-31 00:00:00-04:00,196.05999755859375,196.49000549316406,195.25999450683594,196.4499969482422,194.28207397460938,38824100,191.66576470593296,197.48083559933303,185.85069381253288,11.630141786800152,2.907535446700038,0.9113649111087523,False,False,False,False
2023-08-01 00:00:00-04:00,196.24000549316406,196.72999572753906,195.27999877929688,195.61000061035156,193.4513702392578,35175100,192.01639528924932,197.53995848295781,186.49283209554082,11.047126387416995,2.7617815968542487,0.8252977466787624,False,False,False,False
2023-08-02 00:00:00-04:00,195.0399932861328,195.17999267578125,191.85000610351562,192.5800018310547,190.454833984375,50389300,192.11530680987718,197.83851258558204,186.39210103417233,11.44641155140971,2.8616028878524276,0.54059744131079,False,False,False,False
2023-08-03 00:00:00-04:00,191.57000732421875,192.3699951171875,190.69000244140625,191.1699981689453,189.0603790283203,61235200,192.05653112370794,197.585416199772,186.52764604764388,11.057770152128114,2.7644425380320286,0.41982714936500903,False,False,True,False
2023-08-04 00:00:00-04:00,185.52000427246094,187.3800048828125,181.9199981689453,181.99000549316406,179.98167419433594,115956800,191.36543154520234,198.19142811365998,184.5394349767447,13.65199313691528,3.41299828422882,0.0,False,False,False,False
2023-08-07 00:00:00-04:00,182.1300048828125,183.1300048828125,177.35000610351562,178.85000610351562,176.87632751464844,97576100,190.39970161337558,197.69909828084684,183.10030494590433,14.598793334942513,3.6496983337356284,0.0,False,False,False,False
2023-08-08 00:00:00-04:00,179.69000244140625,180.27000427246094,177.5800018310547,179.8000030517578,177.81581115722656,67823000,189.46778228879631,196.5752397778017,182.36032479979093,14.214914978010768,3.553728744502692,0.0,False,False,False,False
2023-08-09 00:00:00-04:00,180.8699951171875,180.92999267578125,177.00999450683594,178.19000244140625,176.22360229492188,60378500,188.57130014317505,195.75201151706895,181.39058876928115,14.361422747787799,3.5903556869469497,0.0,False,False,False,False
2023-08-10 00:00:00-04:00,179.47999572753906,180.75,177.60000610351562,177.97000122070312,176.00604248046875,54686900,187.7548031124721,194.84744212827349,180.66216409667072,14.185278031602763,3.546319507900691,0.0,False,False,False,False
2023-08-11 00:00:00-04:00,177.32000732421875,178.6199951171875,176.5500030517578,177.7899932861328,176.06544494628906,52036700,186.9130137268516,193.7103872541588,180.1156401995444,13.594747054614402,3.3986867636536005,0.0,False,False,False,False
2023-08-14 00:00:00-04:00,177.97000122070312,179.69000244140625,177.30999755859375,179.4600067138672,177.71926879882812,43675600,186.23859610277694,192.83223325391592,179.64495895163796,13.187274302277956,3.296818575569489,0.0,False,False,False,False
2023-08-15 00:00:00-04:00,178.8800048828125,179.47999572753906,177.0500030517578,177.4499969482422,175.728759765625,43622600,185.55149075331047,191.9717627244918,179.13121878212914,12.840543942362672,3.210135985590668,0.0,False,False,False,False
2023-08-16 00:00:00-04:00,177.1300048828125,178.5399932861328,176.5,176.57000732421875,174.85728454589844,46964900,184.85581098526657,191.0420544165563,178.66956755397683,12.372486862579478,3.0931217156448696,0.0,False,False,False,False
2023-08-17 00:00:00-04:00,177.13999938964844,177.50999450683594,173.47999572753906,174.0,172.31219482421875,66062900,184.0342153541159,190.40783419813604,177.66059651009576,12.747237688040286,3.1868094220100716,0.0,False,False,False,False
2023-08-18 00:00:00-04:00,172.3000030517578,175.10000610351562,171.9600067138672,174.49000549316406,172.79747009277344,61172200,183.1855312498992,189.54978808744704,176.82127441235139,12.728513675095655,3.182128418773914,0.0,False,False,False,False
2023-08-21 00:00:00-04:00,175.07000732421875,176.1300048828125,173.74000549316406,175.83999633789062,174.1343536376953,46311900,182.52312605445948,188.72895708618222,176.31729502273674,12.411662063445476,3.102915515861369,0.0,False,False,False,False
2023-08-22 00:00:00-04:00,177.05999755859375,177.67999267578125,176.25,177.22999572753906,175.51084899902344,42038900,182.06730967223564,188.02055686836422,176.11406247610705,11.906494392257173,2.976623598064293,0.09372475345536684,False,False,False,False
2023-08-23 00:00:00-04:00,178.52000427246094,181.5500030517578,178.3300018310547,181.1199951171875,179.36314392089844,52722800,181.92281164399375,188.14473558535323,175.70088770263428,12.443847882718956,3.110961970679739,0.43548486494108124,False,False,False,False
2023-08-24 00:00:00-04:00,180.6699981689453,181.10000610351562,176.00999450683594,176.3800048828125,174.6691436767578,54945800,181.58174415958214,188.20347582887598,174.9600124902883,13.243463338587674,3.3108658346469184,0.10722213338158612,False,False,False,False
2023-08-25 00:00:00-04:00,177.3800048828125,179.14999389648438,175.82000732421875,178.61000061035156,176.8774871826172,51449600,181.27159886381293,187.8971546806305,174.64604304699535,13.251111633635162,3.3127779084087905,0.2991415115162523,False,False,False,False
2023-08-28 00:00:00-04:00,180.08999633789062,180.58999633789062,178.5500030517578,180.19000244140625,178.44216918945312,43820700,181.14702123158003,187.51802012394242,174.77602233921763,12.741997784724788,3.185499446181197,0.42489256344707116,False,False,False,False
2023-08-29 00:00:00-04:00,179.6999969482422,184.89999389648438,179.5,184.1199951171875,182.33404541015625,53003900,181.28810249043923,188.10200027286226,174.4742047080162,13.627795564846053,3.4069488912115133,0.7078026936398544,False,False,False,True
2023-08-30 00:00:00-04:00,184.94000244140625,187.85000610351562,184.74000549316406,187.64999389648438,185.82980346679688,60813900,181.74298299104606,188.6214931924924,174.86447278959972,13.757020402892692,3.439255100723173,0.9293815617367438,False,False,False,False
2023-08-31 00:00:00-04:00,187.83999633789062,189.1199951171875,187.47999572753906,187.8699951171875,186.04766845703125,60794500,182.27745624073427,188.79611529996566,175.75879718150287,13.037318118462792,3.259329529615698,0.9289639038977933,False,False,False,False
2023-09-01 00:00:00-04:00,189.49000549316406,189.9199981689453,188.27999877929688,189.4600067138672,187.62225341796875,45766500,182.85600165573166,189.13279541939147,176.57920789207185,12.553587527319621,3.1383968818299053,1.0,True,False,False,False
2023-09-05 00:00:00-04:00,188.27999877929688,189.97999572753906,187.61000061035156,189.6999969482422,187.8599090576172,45280000,183.37605688681325,189.4991702975446,177.2529434760819,12.246226821462699,3.0615567053656747,1.0,False,False,False,False
2023-09-06 00:00:00-04:00,188.39999389648438,188.85000610351562,181.47000122070312,182.91000366210938,181.1357879638672,81755800,183.46221911808792,190.61902033325393,176.3054179029219,14.313602430332026,3.5784006075830064,0.4614202323512676,False,False,True,False
2023-09-07 00:00:00-04:00,175.17999267578125,178.2100067138672,173.5399932861328,177.55999755859375,175.83766174316406,112488800,182.87675634598597,191.1918795148307,174.56163317714123,16.63024633768947,4.157561584422368,0.1802958489350373,False,False,False,False
2023-09-08 00:00:00-04:00,178.35000610351562,180.24000549316406,177.7899932861328,178.17999267578125,176.45166015625,65551300,182.53174863535043,190.55136107422476,174.5121361964761,16.039224877748666,4.009806219437166,0.22868040739260423,False,False,False,False
2023-09-11 00:00:00-04:00,180.07000732421875,180.3000030517578,177.33999633789062,179.36000061035156,177.62022399902344,58953100,182.2374362490712,190.04708878683152,174.4277837113109,15.619305075520629,3.904826268880157,0.3157769744039823,False,False,False,False
2023-09-12 00:00:00-04:00,179.49000549316406,180.1300048828125,174.82000732421875,176.3000030517578,174.5899200439453,90370200,181.80792809661494,189.898614892318,173.7172413009119,16.1813735914061,4.045343397851525,0.1596132575678012,False,False,False,False
2023-09-13 00:00:00-04:00,176.50999450683594,177.3000030517578,173.97999572753906,174.2100067138672,172.52017211914062,84267900,181.25421201892937,189.19983159990585,173.30859243795288,15.891239161952967,3.972809790488242,0.0567239764456182,False,False,False,False
2023-09-14 00:00:00-04:00,174.0,176.10000610351562,173.5800018310547,175.74000549316406,174.03533935546875,60895800,180.74469472367787,188.3997532010489,173.08963624630684,15.310116954742057,3.827529238685514,0.17311227959211087,False,False,False,False
2023-09-15 00:00:00-04:00,176.47999572753906,176.5,173.82000732421875,175.00999450683594,173.31240844726562,109259500,180.27513688090067,187.70068804569084,172.8495857161105,14.851102329580328,3.712775582395082,0.14547127497885048,False,False,False,False
2023-09-18 00:00:00-04:00,176.47999572753906,179.3800048828125,176.1699981689453,177.97000122070312,176.2436981201172,67257600,180.07220892617175,187.62920704967823,172.51521080266528,15.113996247012949,3.7784990617532372,0.36090986982452783,False,False,False,False
2023-09-19 00:00:00-04:00,177.52000427246094,179.6300048828125,177.1300048828125,179.07000732421875,177.3330535888672,51826900,179.950358657042,187.2516569681978,172.64906034588617,14.602596622311637,3.6506491555779093,0.439712685654952,False,False,False,False
2023-09-20 00:00:00-04:00,179.25999450683594,179.6999969482422,175.39999389648438,175.49000549316406,173.78778076171875,58436200,179.6931064450077,187.12427553539948,172.2619373546159,14.862338180783581,3.7155845451958953,0.21719786612862385,False,False,False,False
2023-09-21 00:00:00-04:00,174.5500030517578,176.3000030517578,173.86000061035156,173.92999267578125,172.2428741455078,63149100,179.276736361754,186.45278903138785,172.10068369212013,14.352105339267723,3.588026334816931,0.1274592779538822,False,False,False,False
2023-09-22 00:00:00-04:00,174.6699981689453,177.0800018310547,174.0500030517578,174.7899932861328,173.09454345703125,56725400,178.94589716963407,186.03434640335925,171.85744793590888,14.176898467450371,3.544224616862593,0.20685380211736348,False,False,False,False
2023-09-25 00:00:00-04:00,174.1999969482422,176.97000122070312,174.14999389648438,176.0800018310547,174.3720245361328,46172700,178.67818343183797,185.62178920703437,171.73457765664156,13.887211550392806,3.4718028875982014,0.3129083299872546,False,False,False,False
2023-09-26 00:00:00-04:00,174.82000732421875,175.1999969482422,171.66000366210938,171.9600067138672,170.29200744628906,64588900,178.2000016826353,185.33324651410112,171.0667568511695,14.266489662931633,3.5666224157329083,0.06261174849610104,False,False,False,False
2023-09-27 00:00:00-04:00,172.6199951171875,173.0399932861328,169.0500030517578,170.42999267578125,168.77684020996094,66921800,177.58666790390657,184.80458629910083,170.3687495087123,14.435836790388521,3.6089591975971302,0.004242439697691347,False,False,False,False
2023-09-28 00:00:00-04:00,169.33999633789062,172.02999877929688,167.6199951171875,170.69000244140625,169.03431701660156,56294400,176.96388992130022,184.34201720939691,169.58576263320353,14.756254576193385,3.689063644048346,0.07483198412585107,False,False,False,False
2023-09-29 00:00:00-04:00,172.02000427246094,173.07000732421875,170.33999633789062,171.2100067138672,169.54930114746094,51861100,176.51189938274675,183.6982161392994,169.3255826261941,14.372633513105313,3.5931583782763283,0.13111195564506903,False,False,False,False
2023-10-02 00:00:00-04:00,171.22000122070312,174.3000030517578,170.92999267578125,173.75,172.0646209716797,52164500,176.21868542661616,183.36037258270886,169.07699827052346,14.283374312185401,3.5708435780463503,0.3271637098728077,False,False,False,False
2023-10-03 00:00:00-04:00,172.25999450683594,173.6300048828125,170.82000732421875,172.39999389648438,170.72772216796875,49594600,175.8907395883847,182.90425656402437,168.87722261274502,14.02703395127935,3.5067584878198375,0.2511415667756377,False,False,False,False
2023-10-04 00:00:00-04:00,171.08999633789062,174.2100067138672,170.97000122070312,173.66000366210938,171.97552490234375,53020300,175.6454005003715,182.60556687708,168.68523412366298,13.920332753417028,3.480083188354257,0.3573743262153871,False,False,False,False
2023-10-05 00:00:00-04:00,173.7899932861328,175.4499969482422,172.67999267578125,174.91000366210938,173.21339416503906,48527900,175.53717249439978,182.35532308792963,168.71902190086993,13.6363011870597,3.409075296764925,0.4540074083369788,False,False,False,False
2023-10-06 00:00:00-04:00,173.8000030517578,177.99000549316406,173.17999267578125,177.49000549316406,175.7683563232422,57266700,175.59407488825838,182.6924129859118,168.49573679060495,14.19667619530685,3.5491690488267125,0.6335474993458289,False,False,False,True
2023-10-09 00:00:00-04:00,176.80999755859375,179.0500030517578,175.8000030517578,178.99000549316406,177.2538299560547,42390800,175.79012452525572,182.8286288131438,168.75162023736763,14.077008575776176,3.519252143944044,0.7273125679140895,False,False,False,False
2023-10-10 00:00:00-04:00,178.10000610351562,179.72000122070312,177.9499969482422,178.38999938964844,176.6596221923828,43698000,176.0315029692231,182.72015768281457,169.34284825563165,13.377309427182922,3.3443273567957306,0.6763057387035408,False,False,False,False
2023-10-11 00:00:00-04:00,178.1999969482422,179.85000610351562,177.60000610351562,179.8000030517578,178.05592346191406,47551100,176.28582259008755,182.7556118323199,169.8160333478552,12.939578484464676,3.234894621116169,0.7715838437774003,False,False,False,False
2023-10-12 00:00:00-04:00,180.07000732421875,182.33999633789062,179.0399932861328,180.7100067138672,178.95713806152344,56743100,176.65339282807722,183.13620375643788,170.17058189971655,12.965621856721327,3.241405464180332,0.8128746103054856,False,False,False,False
2023-10-13 00:00:00-04:00,181.4199981689453,181.92999267578125,178.13999938964844,178.85000610351562,177.1151885986328,51427100,176.90227670820815,183.4948052009593,170.309748215457,13.185056985502285,3.2962642463755714,0.647722485951264,False,False,False,False
2023-10-16 00:00:00-04:00,176.75,179.0800018310547,176.50999450683594,178.72000122070312,176.98643493652344,52517000,177.00236469248506,183.44964180080484,170.55508758416528,12.894554216639563,3.2236385541598906,0.6332063520273985,False,False,False,False
2023-10-17 00:00:00-04:00,176.64999389648438,178.4199981689453,174.8000030517578,177.14999389648438,175.43165588378906,57549400,176.9846674991443,183.57121653042117,170.39811846786745,13.17309806255372,3.29327451563843,0.5125503049134682,False,False,False,False
2023-10-18 00:00:00-04:00,175.5800018310547,177.5800018310547,175.11000061035156,175.83999633789062,174.1343536376953,54764400,176.91733406252942,183.33922843481923,170.4954396902396,12.843788744579626,3.2109471861449066,0.41611994357245585,False,False,True,False
2023-10-19 00:00:00-04:00,176.0399932861328,177.83999633789062,175.19000244140625,175.4600067138672,173.75804138183594,59302900,176.85450082101764,183.16420453537535,170.54479710665993,12.61940742871542,3.154851857178855,0.38949607063345276,False,False,False,False
2023-10-20 00:00:00-04:00,175.30999755859375,175.4199981689453,172.63999938964844,172.8800048828125,171.20310974121094,64244000,176.5871813759719,182.8299161837376,170.34444656820622,12.485469615531372,3.121367403882843,0.2030807324581652,False,False,False,False
2023-10-23 00:00:00-04:00,170.91000366210938,174.00999450683594,169.92999267578125,173.0,171.32192993164062,55980100,176.23102701638027,182.66548870958033,169.7965653231802,12.868923386400127,3.2172308466000317,0.24892794685569306,False,False,False,False
2023-10-24 00:00:00-04:00,173.0500030517578,173.6699981689453,171.4499969482422,173.44000244140625,171.7576446533203,43816600,175.94955247497617,182.18456824299685,169.7145367069555,12.470031536041347,3.1175078840103367,0.2987535134681313,False,False,False,False
2023-10-25 00:00:00-04:00,171.8800048828125,173.05999755859375,170.64999389648438,171.10000610351562,169.44033813476562,57157000,175.5873674786891,181.75688337889207,169.4178515784861,12.339031800405962,3.0847579501014906,0.13632791877351133,False,False,False,False
2023-10-26 00:00:00-04:00,170.3699951171875,171.3800048828125,165.6699981689453,166.88999938964844,165.2711639404297,70625300,174.95342025661517,181.6479859095713,168.25885460365905,13.389131305912258,3.3472828264780645,0.0,False,True,False,False
2023-10-27 00:00:00-04:00,166.91000366210938,168.9600067138672,166.8300018310547,168.22000122070312,166.58827209472656,58499100,174.37424661760903,180.82535668183203,167.92313655338603,12.902220128446004,3.225555032111501,0.023008805024383874,False,False,False,False
2023-10-30 00:00:00-04:00,169.02000427246094,171.1699981689453,168.8699951171875,170.2899932861328,168.63819885253906,51131000,174.01889235981565,180.4148908072648,167.6228939123665,12.791996894898318,3.1979992237245796,0.20849750009163992,False,False,False,False
2023-10-31 00:00:00-04:00,169.35000610351562,170.89999389648438,167.89999389648438,170.77000427246094,169.11354064941406,44846000,173.67203999831517,180.0284386010194,167.31564139561095,12.712797205408435,3.178199301352109,0.27172327388187917,False,False,False,False
2023-11-01 00:00:00-04:00,171.0,174.22999572753906,170.1199951171875,173.97000122070312,172.2825164794922,56934900,173.59714755582863,180.13990642033275,167.0543886913245,13.085517729008245,3.2713794322520613,0.5284936119912128,False,False,False,True
2023-11-02 00:00:00-04:00,175.52000427246094,177.77999877929688,175.4600067138672,177.57000732421875,175.8476104736328,77334800,173.87544117110352,180.52592366087597,167.22495868133106,13.300964979544915,3.3252412448862287,0.7777667754780931,False,False,False,False
2023-11-03 00:00:00-04:00,174.24000549316406,176.82000732421875,173.35000610351562,176.64999389648438,174.93650817871094,79829200,174.01971016585097,180.8491446507868,167.19027568091514,13.658868969871662,3.4147172424679155,0.6925696583249471,False,False,False,False
2023-11-06 00:00:00-05:00,176.3800048828125,179.42999267578125,176.2100067138672,179.22999572753906,177.49147033691406,63841300,174.3755675163964,181.16605574522146,167.58507928757132,13.580976457650138,3.3952441144125345,0.857443238803951,False,False,False,False
2023-11-07 00:00:00-05:00,179.17999267578125,182.44000244140625,178.97000122070312,181.82000732421875,180.05636596679688,70530000,174.93399275076135,181.73943240084452,168.12855310067818,13.610879300166346,3.4027198250415864,1.0,True,False,False,False
2023-11-08 00:00:00-05:00,182.35000610351562,183.4499969482422,181.58999633789062,182.88999938964844,181.115966796875,49340300,175.5764375958585,182.0733334030037,169.0795417887133,12.993791614290387,3.248447903572597,1.0,False,False,False,False
2023-11-09 00:00:00-05:00,182.9600067138672,184.1199951171875,181.80999755859375,182.41000366210938,180.64065551757812,53763500,176.176734361145,182.48594009929442,169.8675286229956,12.618411476298832,3.154602869074708,0.9939820921731962,False,False,False,False
2023-11-10 00:00:00-05:00,183.97000122070312,186.57000732421875,183.52999877929688,186.39999389648438,184.83511352539062,66133400,176.95367316438293,183.4639590611393,170.44338726762658,13.020571793512715,3.255142948378179,1.0,True,False,False,False
2023-11-13 00:00:00-05:00,185.82000732421875,186.02999877929688,184.2100067138672,184.8000030517578,183.24855041503906,43627500,177.6253117491544,183.92256649275856,171.32805700555025,12.594509487208313,3.1486273718020783,1.0,False,False,False,False
2023-11-14 00:00:00-05:00,187.6999969482422,188.11000061035156,186.3000030517578,187.44000244140625,185.86639404296875,60108400,178.4301470507114,184.7596758316739,172.10061826974894,12.659057561924953,3.1647643904812384,1.0,False,False,False,False
2023-11-15 00:00:00-05:00,187.85000610351562,189.5,187.77999877929688,188.00999450683594,186.43161010742188,53790500,179.26346794332247,185.37204335790744,173.1548925287375,12.217150829169952,3.054287707292488,1.0,False,False,False,False
2023-11-16 00:00:00-05:00,189.57000732421875,190.9600067138672,188.64999389648438,189.7100067138672,188.11734008789062,54412900,180.1392902626072,186.22701057713994,174.05156994807447,12.175440629065463,3.0438601572663657,1.0,False,False,False,False
2023-11-17 00:00:00-05:00,190.25,190.3800048828125,188.57000732421875,189.69000244140625,188.09750366210938,50922700,180.92323870317986,186.76418649797807,175.08229090838165,11.681895589596422,2.9204738973991056,1.0,False,False,False,False
2023-11-20 00:00:00-05:00,189.88999938964844,191.91000366210938,189.8800048828125,191.4499969482422,189.8427276611328,46505100,181.76963563050276,187.47048888996179,176.06878237104374,11.401706518918047,2.8504266297295118,1.0,False,False,False,False
2023-11-21 00:00:00-05:00,191.41000366210938,191.52000427246094,189.74000549316406,190.63999938964844,189.03953552246094,38134500,182.50827736005178,187.99504504942428,177.02150967067928,10.973535378744998,2.7433838446862495,1.0,False,False,False,False
2023-11-22 00:00:00-05:00,191.49000549316406,192.92999267578125,190.8300018310547,191.30999755859375,189.7039031982422,39617700,183.27342069297606,188.66951027063786,177.87733111531426,10.792179155323595,2.6980447888308987,1.0,False,False,False,False
2023-11-24 00:00:00-05:00,190.8699951171875,190.89999389648438,189.25,189.97000122070312,188.3751678466797,24048300,183.83730216626103,189.1057822978754,178.56882203464664,10.536960263228764,2.634240065807191,1.0,False,False,False,False
2023-11-27 00:00:00-05:00,189.9199981689453,190.6699981689453,188.89999389648438,189.7899932861328,188.1966552734375,40552600,184.33308213439378,189.4287151073389,179.23744916144867,10.191265945890223,2.5478164864725557,1.0,False,False,False,False
2023-11-28 00:00:00-05:00,189.77999877929688,191.0800018310547,189.39999389648438,190.39999389648438,188.80152893066406,38415400,184.82976944608384,189.75184070864853,179.90769818351916,9.84414252512937,2.4610356312823427,1.0,False,False,False,False
2023-11-29 00:00:00-05:00,190.89999389648438,192.08999633789062,188.97000122070312,189.3699951171875,187.7801971435547,43014200,185.27256623323746,190.32642939298316,180.21870307349175,10.107726319491405,2.5269315798728513,0.9053759227778752,False,False,False,False
2023-11-30 00:00:00-05:00,189.83999633789062,190.32000732421875,188.19000244140625,189.9499969482422,188.35531616210938,48794400,185.62374145585287,190.5982192761865,180.64926363551922,9.948955640667293,2.4872389101668233,0.9348451886452629,False,False,False,False
2023-12-01 00:00:00-05:00,190.3300018310547,191.55999755859375,189.22999572753906,191.24000549316406,189.63449096679688,45704800,186.0448185228456,190.9878489273568,181.10178811833438,9.88606080902241,2.4715152022556026,1.0,True,False,False,False
2023-12-04 00:00:00-05:00,189.97999572753906,190.0500030517578,187.4499969482422,189.42999267578125,187.8396759033203,43389500,186.28913899804684,191.4958680710913,181.08240992500237,10.413458146088942,2.6033645365222355,0.8016148558597747,False,False,False,False
2023-12-05 00:00:00-05:00,190.2100067138672,194.39999389648438,190.17999267578125,193.4199981689453,191.7961883544922,66628400,186.8205992132432,192.50065562312386,181.14054280336256,11.360112819761298,2.8400282049403245,1.0,True,False,False,False
2023-12-06 00:00:00-05:00,194.4499969482422,194.75999450683594,192.11000061035156,192.32000732421875,190.7054443359375,41089700,187.34082712440087,192.98287667259032,181.69877757621143,11.284099096378895,2.821024774094724,0.9412563340050524,False,False,False,False
2023-12-07 00:00:00-05:00,193.6300048828125,195.0,193.58999633789062,194.27000427246094,192.63905334472656,47477700,187.91964710321056,193.53349023173732,182.3058039746838,11.227686257053506,2.8069215642633765,1.0,True,False,False,False
2023-12-08 00:00:00-05:00,194.1999969482422,195.99000549316406,193.6699981689453,195.7100067138672,194.0669708251953,53406400,188.5199545772757,194.03641485779355,183.00349429675788,11.032920561035667,2.7582301402589167,1.0,False,False,False,False
2023-12-11 00:00:00-05:00,193.11000061035156,193.49000549316406,191.4199981689453,193.17999267578125,191.55819702148438,60943700,188.86801381633302,194.69082977778345,183.0451978548826,11.645631922900861,2.9114079807252153,0.8702657690020948,False,False,False,False
2023-12-12 00:00:00-05:00,193.0800018310547,194.72000122070312,191.72000122070312,194.7100067138672,193.07537841796875,52696900,189.27206847484064,195.11260284014602,183.43153410953525,11.681068730610775,2.920267182652694,0.9655343072142178,False,False,False,False
2023-12-13 00:00:00-05:00,195.08999633789062,198.0,194.85000610351562,197.9600067138672,196.29808044433594,70404200,189.91078534686454,195.82526493286596,183.99630576086312,11.82895917200284,2.95723979300071,1.0,True,False,False,False
2023-12-14 00:00:00-05:00,198.02000427246094,199.6199951171875,196.16000366210938,198.11000061035156,196.44680786132812,66831600,190.5818309954494,196.5968609138663,184.5668010770325,12.0300598368338,3.00751495920845,1.0,False,False,False,False
2023-12-15 00:00:00-05:00,197.52999877929688,198.39999389648438,197.0,197.57000732421875,195.91136169433594,128538400,191.17140066862592,196.864926374498,185.47787496275384,11.387051411744153,2.8467628529360383,1.0,False,False,False,False
2023-12-18 00:00:00-05:00,196.08999633789062,196.6300048828125,194.38999938964844,195.88999938964844,194.2454376220703,55751900,191.54350627018792,197.30368099238686,185.78333154798898,11.52034944439788,2.88008736109947,0.8772883053972059,False,False,False,False
2023-12-19 00:00:00-05:00,196.16000366210938,196.9499969482422,195.88999938964844,196.94000244140625,195.28665161132812,40714100,191.96432515820828,197.36048191990608,186.5681683965105,10.792313523395592,2.698078380848898,0.9610389859793905,False,False,False,False
2023-12-20 00:00:00-05:00,196.89999389648438,197.67999267578125,194.8300018310547,194.8300018310547,193.19436645507812,52242800,192.28229795996566,197.70883721443897,186.85575870549235,10.853078508946624,2.713269627236656,0.7347448117129949,False,False,False,False
2023-12-21 00:00:00-05:00,196.10000610351562,197.0800018310547,193.5,194.67999267578125,193.04559326171875,46482500,192.51599519960286,198.1158808948398,186.91610950436592,11.19977139047387,2.7999428476184676,0.6932180042548917,False,False,False,False
2023-12-22 00:00:00-05:00,195.17999267578125,195.41000366210938,192.97000122070312,193.60000610351562,191.9746856689453,37149600,192.63910701592283,198.16700462991733,187.11120940192833,11.055795227988995,2.7639488069972487,0.586913611167487,False,False,False,False
2023-12-26 00:00:00-05:00,193.61000061035156,193.88999938964844,192.8300018310547,193.0500030517578,191.4292755126953,28919300,192.69057043883095,197.87767780314473,187.50346307451716,10.374214728627578,2.5935536821568945,0.5346467296396916,False,False,False,False
2023-12-27 00:00:00-05:00,192.49000549316406,193.5,191.08999633789062,193.14999389648438,191.52845764160156,48087700,192.68135596432768,197.83175332463196,187.5309586040234,10.300794720608565,2.575198680152141,0.5454953180669743,False,False,False,False
2023-12-28 00:00:00-05:00,194.13999938964844,194.66000366210938,193.1699981689453,193.5800018310547,191.954833984375,34049900,192.77485418013674,197.7122137575356,187.83749460273788,9.87471915479773,2.4686797886994327,0.5815362582263168,False,False,False,False
2023-12-29 00:00:00-05:00,193.89999389648438,194.39999389648438,191.72999572753906,192.52999877929688,190.91366577148438,42672100,192.78417156521755,197.76179481866558,187.80654831176952,9.95524650689606,2.488811626724015,0.4744684588428216,False,False,True,False
2024-01-02 00:00:00-05:00,187.14999389648438,188.44000244140625,183.88999938964844,185.63999938964844,184.08151245117188,82488700,192.2179906353578,198.42585144139073,186.01012982932488,12.415721612065852,3.103930403016463,0.0,False,False,False,False
2024-01-03 00:00:00-05:00,184.22000122070312,185.8800048828125,183.42999267578125,184.25,182.70315551757812,58414500,191.5764913479278,197.65356851476366,185.49941418109194,12.154154333671727,3.0385385834179317,0.0,False,False,False,False
2024-01-04 00:00:00-05:00,182.14999389648438,183.08999633789062,180.8800048828125,181.91000366210938,180.38282775878906,71983600,190.7751172045675,196.91848567815728,184.6317487309777,12.286736947179577,3.071684236794894,0.0,False,False,False,False
2024-01-05 00:00:00-05:00,181.99000549316406,182.75999450683594,180.1699981689453,181.17999267578125,179.65895080566406,62379700,189.99135703061916,196.0383879244281,183.94432613681022,12.094061787617875,3.0235154469044687,0.0,False,False,False,False
2024-01-08 00:00:00-05:00,182.08999633789062,185.60000610351562,181.5,185.55999755859375,184.00218200683594,59144500,189.51041071312616,195.83674120310107,183.18408022315126,12.652660979949815,3.1631652449874537,0.18778005189639707,False,False,False,False
2024-01-09 00:00:00-05:00,183.9199981689453,185.14999389648438,182.72999572753906,185.13999938964844,183.585693359375,42841800,189.07954284852318,195.33924065571154,182.81984504133482,12.51939561437672,3.12984890359418,0.18532478881402706,False,False,False,False
2024-01-10 00:00:00-05:00,184.35000610351562,186.39999389648438,183.9199981689453,186.19000244140625,184.6268768310547,46792900,188.78152523633614,194.9112524083135,182.6517980643588,12.259454343954701,3.0648635859886753,0.28861026582249144,False,False,False,False
2024-01-11 00:00:00-05:00,186.5399932861328,187.0500030517578,183.6199951171875,185.58999633789062,184.0319061279297,49128400,188.5013979807202,194.7041540224139,182.29864193902654,12.40551208338735,3.1013780208468376,0.2653138682821206,False,False,False,False
2024-01-12 00:00:00-05:00,186.05999755859375,186.74000549316406,185.19000244140625,185.9199981689453,184.35914611816406,40477800,188.28878165186896,194.18126269974482,182.3963006039931,11.784962095751723,2.946240523937931,0.2989994822488608,False,False,False,False
2024-01-16 00:00:00-05:00,182.16000366210938,184.25999450683594,180.92999267578125,183.6300048828125,182.08836364746094,65603000,187.84304962714182,194.14428366886293,181.54181558542072,12.602468083442204,3.150617020860551,0.1656968526772429,False,False,False,False
2024-01-17 00:00:00-05:00,181.27000427246094,182.92999267578125,180.3000030517578,182.67999267578125,181.14634704589844,47317400,187.35362850275,193.69073950650994,181.01651749899008,12.674222007519859,3.1685555018799647,0.13124870116715606,False,False,False,False
2024-01-18 00:00:00-05:00,186.08999633789062,189.13999938964844,185.8300018310547,188.6300048828125,187.04640197753906,78005800,187.3963818526185,194.39178309877587,180.40098060646113,13.990802492314742,3.4977006230786856,0.5881738578520879,False,False,False,True
2024-01-19 00:00:00-05:00,189.3300018310547,191.9499969482422,188.82000732421875,191.55999755859375,189.95179748535156,68903000,187.6780723046518,194.63793183927936,180.71821277002425,13.919719069255109,3.4799297673137772,0.7788795689502144,False,False,False,False
2024-01-22 00:00:00-05:00,192.3000030517578,195.3300018310547,192.25999450683594,193.88999938964844,192.26223754882812,60133900,188.19045504947357,195.20832948513058,181.17258061381656,14.035748871314013,3.508937217828503,0.9060734053046136,False,False,False,False
2024-01-23 00:00:00-05:00,195.02000427246094,195.75,193.8300018310547,195.17999267578125,193.54139709472656,42355600,188.75125030942957,195.45133693530994,182.0511636835492,13.400173251760748,3.350043312940187,0.9797506902014841,False,False,False,False
2024-01-24 00:00:00-05:00,195.4199981689453,196.3800048828125,194.33999633789062,194.5,192.86712646484375,53631300,189.27809059532996,195.71617026760666,182.84001092305326,12.8761593445534,3.21903983613835,0.9055486783703794,False,False,False,False
2024-01-25 00:00:00-05:00,195.22000122070312,196.27000427246094,193.11000061035156,194.1699981689453,192.53990173339844,54822100,189.7146386860457,196.14091112351662,183.2883662485748,12.852544874941827,3.213136218735457,0.8466519297346375,False,False,False,False
2024-01-26 00:00:00-05:00,194.27000427246094,194.75999450683594,191.94000244140625,192.4199981689453,190.80458068847656,44594000,189.99175199324154,196.3393956000513,183.64410838643178,12.695287213619508,3.173821803404877,0.6912714643508618,False,False,False,False
2024-01-29 00:00:00-05:00,192.00999450683594,192.1999969482422,189.5800018310547,191.72999572753906,190.12037658691406,47145600,190.08993917455018,196.3708176882571,183.80906066084327,12.561757027413819,3.1404392568534547,0.6305594869738164,False,False,False,False
2024-01-30 00:00:00-05:00,190.94000244140625,191.8000030517578,187.47000122070312,188.0399932861328,186.46133422851562,55859400,190.0077219532986,196.52651298184577,183.48893092475146,13.037582057094312,3.259395514273578,0.34907257660594554,False,False,True,False
2024-01-31 00:00:00-05:00,187.0399932861328,187.10000610351562,184.35000610351562,184.39999389648438,182.85191345214844,55467800,189.61402307117694,196.2189324333928,183.00911370896108,13.209818724431727,3.302454681107932,0.10529139093717034,False,False,False,False
2024-02-01 00:00:00-05:00,183.99000549316406,186.9499969482422,183.82000732421875,186.86000061035156,185.29124450683594,64885400,189.30257683976808,195.87299319056706,182.7321604889691,13.140832701597958,3.2852081753994895,0.31412317736002426,False,False,False,False
2024-02-02 00:00:00-05:00,179.86000061035156,187.3300018310547,179.25,185.85000610351562,184.28973388671875,102551700,188.87264010130323,196.40201518323323,181.34326501937323,15.058750163859997,3.7646875409649994,0.299277233176912,False,False,False,False
2024-02-05 00:00:00-05:00,188.14999389648438,189.25,185.83999633789062,187.67999267578125,186.10438537597656,69668800,188.76575312101883,196.22419142717771,181.30731481485995,14.916876612317765,3.729219153079441,0.4272126147144634,False,False,False,False
2024-02-06 00:00:00-05:00,186.86000061035156,189.30999755859375,186.77000427246094,189.3000030517578,187.71078491210938,43490800,188.74027382990093,195.96086696267048,181.51968069713138,14.441186265539102,3.6102965663847755,0.5387592273629599,False,False,False,True
2024-02-07 00:00:00-05:00,190.63999938964844,191.0500030517578,188.61000061035156,189.41000366210938,187.81985473632812,53439000,188.8194178808597,195.80595218863357,181.83288357308584,13.973068615547731,3.493267153886933,0.5422660045190454,False,False,False,False
2024-02-08 00:00:00-05:00,189.38999938964844,189.5399932861328,187.35000610351562,188.32000732421875,186.739013671875,40962000,188.78474435506214,195.51062266858204,182.05886604154225,13.4517566270398,3.36293915675995,0.46545157307490886,False,False,True,False
2024-02-09 00:00:00-05:00,188.64999389648438,189.99000549316406,188.0,188.85000610351562,187.50352478027344,45155200,188.79823820315917,195.2495297839599,182.34694662235844,12.902583161601456,3.225645790400364,0.5040122121057522,False,False,False,True
2024-02-12 00:00:00-05:00,188.4199981689453,188.6699981689453,186.7899932861328,187.14999389648438,185.8156280517578,41781900,188.69310683488374,194.91127182108096,182.4749418486865,12.436329972394446,3.1090824930986116,0.3759189453942854,False,False,True,False
2024-02-13 00:00:00-05:00,185.77000427246094,186.2100067138672,183.50999450683594,185.0399932861328,183.72067260742188,56529500,188.3786811127222,194.70302947822938,182.05433274721503,12.648696731014354,3.1621741827535885,0.23604491454024695,False,False,False,False
2024-02-14 00:00:00-05:00,185.32000732421875,185.52999877929688,182.44000244140625,184.14999389648438,182.83700561523438,54630500,188.017124217695,194.3270370142296,181.7072114211604,12.619825593069208,3.154956398267302,0.19356705505229432,False,False,False,False
2024-02-15 00:00:00-05:00,183.5500030517578,184.49000549316406,181.35000610351562,183.86000061035156,182.54910278320312,65434500,187.61847531641573,193.92539671122654,181.3115539216049,12.613842789621629,3.153460697405407,0.20203571038981497,False,False,False,False
2024-02-16 00:00:00-05:00,183.4199981689453,184.85000610351562,181.6699981689453,182.30999755859375,181.0101318359375,49752500,187.2288802020215,193.54111104426528,180.9166493597777,12.624461684487585,3.1561154211218962,0.11036891977169569,False,False,False,False
2024-02-20 00:00:00-05:00,181.7899932861328,182.42999267578125,180.0,181.55999755859375,180.2655029296875,53665600,186.73730658058568,192.90431287376134,180.57030028741002,12.33401258635132,3.08350314658783,0.08024130543525772,False,False,False,False
2024-02-21 00:00:00-05:00,181.94000244140625,182.88999938964844,180.66000366210938,182.32000732421875,181.0200653076172,41371400,186.338920209314,192.33522501867992,180.3426153999481,11.99260961873182,2.998152404682955,0.16488420678532445,False,False,False,False
2024-02-22 00:00:00-05:00,183.47999572753906,184.9600067138672,182.4600067138672,184.3699951171875,183.05545043945312,52292200,186.1381770958968,192.0628513022558,180.21350288953778,11.84934841271803,2.9623371031795074,0.35077812575656186,False,False,False,False
2024-02-23 00:00:00-05:00,185.00999450683594,185.0399932861328,182.22999572753906,182.52000427246094,181.21864318847656,45119700,185.89860659585352,191.79281289329538,180.00440029841167,11.78841259488371,2.9471031487209274,0.2133963291326491,False,False,False,False
2024-02-26 00:00:00-05:00,182.24000549316406,182.75999450683594,180.64999389648438,181.16000366210938,179.86834716796875,40867400,185.53400027023875,191.26078606000675,179.80721448047075,11.453571579536003,2.863392894884001,0.11811068471040456,False,False,False,False
2024-02-27 00:00:00-05:00,181.10000610351562,183.9199981689453,179.55999755859375,182.6300048828125,181.32786560058594,54318900,185.2425558202286,191.2686631530901,179.2164484873671,12.052214665723,3.01305366643075,0.2832306335493421,False,False,False,False
2024-02-28 00:00:00-05:00,182.50999450683594,183.1199951171875,180.1300048828125,181.4199981689453,180.12648010253906,48953900,184.93539833990246,190.9568929863528,178.9139036934521,12.0429892929007,3.010747323225175,0.2080957156518053,False,False,False,False
2024-02-29 00:00:00-05:00,181.27000427246094,182.57000732421875,179.52999877929688,180.75,179.46127319335938,136682600,184.60328198111935,190.63062887190904,178.57593509032966,12.054693781579374,3.0136734453948435,0.18035007351182128,False,False,False,False
2024-03-01 00:00:00-05:00,179.5500030517578,180.52999877929688,177.3800048828125,179.66000366210938,178.37904357910156,73563100,184.15217535280993,190.25078657795817,178.0535641276617,12.197222450296465,3.0493056125741163,0.13170535677232217,False,False,False,False
2024-03-04 00:00:00-05:00,176.14999389648438,176.89999389648438,173.7899932861328,175.10000610351562,173.85154724121094,81510100,183.41143833135723,190.07419050918594,176.74868615352852,13.325504355657415,3.3313760889143538,0.0,False,True,False,False
2024-03-05 00:00:00-05:00,170.75999450683594,172.0399932861328,169.6199951171875,170.1199951171875,168.90704345703125,95132400,182.34326245709156,189.435741614403,175.2507832997801,14.184958314622918,3.5462395786557295,0.0,False,False,False,False
2024-03-06 00:00:00-05:00,171.05999755859375,171.24000549316406,168.67999267578125,169.1199951171875,167.9141845703125,68587700,181.28799039917095,188.18322420422783,174.39275659411408,13.790467610113751,3.4476169025284378,0.0,False,False,False,False
2024-03-07 00:00:00-05:00,169.14999389648438,170.72999572753906,168.49000549316406,169.0,167.7950439453125,71765100,180.29788012203736,186.95158859346355,173.64417165061116,13.307416942852399,3.3268542357130997,0.0,False,False,False,False
2024-03-08 00:00:00-05:00,169.0,173.6999969482422,168.94000244140625,170.72999572753906,169.5126953125,76267000,179.53333442067833,186.4736709463291,172.59299789502757,13.880673051301528,3.470168262825382,0.0,False,False,False,False
2024-03-11 00:00:00-04:00,172.94000244140625,174.3800048828125,172.0500030517578,172.75,171.518310546875,60139500,178.99389010602653,185.9701948101669,172.01758540188615,13.95260940828075,3.4881523520701876,0.05249301952645266,False,False,False,False
2024-03-12 00:00:00-04:00,173.14999389648438,174.02999877929688,171.00999450683594,173.22999572753906,171.994873046875,59825400,178.4741211809041,185.3567962691226,171.59144609268557,13.765350176437039,3.4413375441092597,0.11903435901385873,False,False,False,False
2024-03-13 00:00:00-04:00,172.77000427246094,173.19000244140625,170.75999450683594,171.1300048828125,169.90985107421875,52488700,177.9090555778025,184.59746340133978,171.2206477542652,13.37681564707458,3.344203911768645,0.0,False,True,False,False
2024-03-14 00:00:00-04:00,172.91000366210938,174.30999755859375,172.0500030517578,173.0,171.7665252685547,72913500,177.50996762993984,184.16553320627966,170.8544020536,13.31113115267965,3.3277827881699125,0.16118825077972881,False,False,False,False
2024-03-15 00:00:00-04:00,171.1699981689453,172.6199951171875,170.2899932861328,172.6199951171875,171.3892364501953,121752700,177.03774764745896,183.56975800893824,170.50573728597968,13.06402072295856,3.26600518073964,0.16183821780780328,False,False,False,False
2024-03-18 00:00:00-04:00,175.57000732421875,177.7100067138672,173.52000427246094,173.72000122070312,172.4813690185547,75604200,176.86654679369937,183.76335843836665,169.9697351490321,13.793623289334562,3.4484058223336405,0.27188404330070387,False,False,False,False
2024-03-19 00:00:00-04:00,174.33999633789062,176.61000061035156,173.02999877929688,176.0800018310547,174.8245391845703,55215200,176.7310012614662,183.65413210787767,169.8078704150547,13.846261692822964,3.461565423205741,0.45298374067644986,False,False,False,False
2024-03-20 00:00:00-04:00,175.72000122070312,178.6699981689453,175.08999633789062,178.6699981689453,177.39610290527344,53423100,176.79313984178236,183.73995796976365,169.84632171380107,13.893636255962576,3.473409063990644,0.63508762519657,False,False,False,True
2024-03-21 00:00:00-04:00,177.0500030517578,177.49000549316406,170.83999633789062,171.3699951171875,170.1481475830078,106181300,176.49648921464055,184.31462589603464,168.67835253324645,15.636273362788188,3.909068340697047,0.17214092651684654,False,False,True,False
2024-03-22 00:00:00-04:00,171.75999450683594,173.0500030517578,170.05999755859375,172.27999877929688,171.05166625976562,71160100,176.1048373186885,183.73916143057602,168.470513206801,15.268648223775017,3.8171620559437542,0.2494972388298312,False,False,False,False
2024-03-25 00:00:00-04:00,170.57000732421875,171.94000244140625,169.4499969482422,170.85000610351562,169.63185119628906,54288300,175.65832325027458,183.09521531718426,168.2214311833649,14.873784133819356,3.718446033454839,0.17672536433912522,False,False,False,False
2024-03-26 00:00:00-04:00,170.0,171.4199981689453,169.5800018310547,169.7100067138672,168.49998474121094,57388400,175.20651872147022,182.26772084926705,168.14531659367339,14.122404255593665,3.530601063898416,0.11079488250550913,False,False,False,False
2024-03-27 00:00:00-04:00,170.41000366210938,173.60000610351562,170.11000061035156,173.30999755859375,172.07431030273438,60273300,174.96764228002715,182.100724072974,167.8345604870803,14.266163585893707,3.566540896473427,0.3838058521162292,False,False,False,False
2024-03-28 00:00:00-04:00,171.75,172.22999572753906,170.50999450683594,171.47999572753906,170.25735473632812,65672700,174.67089392230025,181.65066814630399,167.69111969829652,13.959548448007467,3.489887112001867,0.27141823701205425,False,False,False,False
2024-04-01 00:00:00-04:00,171.19000244140625,171.25,169.47999572753906,170.02999877929688,168.8177032470703,46240500,174.30276372063176,180.9845605222351,167.6209669190284,13.36359360320671,3.3408984008016773,0.180268267039369,False,False,False,False
2024-04-02 00:00:00-04:00,169.0800018310547,169.33999633789062,168.22999572753906,168.83999633789062,167.63616943359375,49329500,173.84447753289356,180.21809526468815,167.47085980109898,12.747235463589163,3.186808865897291,0.10740654636077018,False,False,False,False
2024-04-03 00:00:00-04:00,168.7899932861328,170.67999267578125,168.5800018310547,169.64999389648438,168.44039916992188,47691700,173.49382630524468,179.6500804328051,167.33757217768425,12.31250825512086,3.078127063780215,0.18781077509843463,False,False,False,False
2024-04-04 00:00:00-04:00,170.2899932861328,171.9199981689453,168.82000732421875,168.82000732421875,167.61631774902344,53704400,173.19045224695714,179.35107913070684,167.02982536320744,12.3212537674994,3.08031344187485,0.14529219142725533,False,False,False,False
2024-04-05 00:00:00-04:00,169.58999633789062,170.38999938964844,168.9499969482422,169.5800018310547,168.3708953857422,42104800,172.89458117551476,178.75314378397542,167.0360185670541,11.717125216921318,2.9292813042303294,0.21711667468797613,False,False,False,False
2024-04-08 00:00:00-04:00,169.02999877929688,169.1999969482422,168.24000549316406,168.4499969482422,167.24896240234375,37425500,172.5391993939343,178.07990500912703,166.99849377874156,11.08141123038547,2.7703528075963675,0.13098540784413565,False,False,False,False
2024-04-09 00:00:00-04:00,168.6999969482422,170.0800018310547,168.35000610351562,169.6699981689453,168.4602508544922,42373800,172.2748218362041,177.60745603538535,166.94218763702284,10.665268398362514,2.6663170995906285,0.25576576510172827,False,False,False,False
2024-04-10 00:00:00-04:00,168.8000030517578,169.08999633789062,167.11000061035156,167.77999877929688,166.583740234375,49709300,171.91803100895206,177.22940129993395,166.60666071797016,10.622740581963797,2.655685145490949,0.11045530597997578,False,False,False,False
2024-04-11 00:00:00-04:00,168.33999633789062,175.4600067138672,168.16000366210938,175.0399932861328,173.79196166992188,91070300,171.99875074882019,178.31498559761795,165.68251590002242,12.632469697595525,3.158117424398881,0.7407480571983085,False,False,False,True
2024-04-12 00:00:00-04:00,174.25999450683594,178.36000061035156,174.2100067138672,176.5500030517578,175.2912139892578,101670900,172.36329958575118,178.87790972896605,165.8486894425363,13.029220286429734,3.2573050716074334,0.8213318505610956,False,False,False,False
2024-04-15 00:00:00-04:00,175.36000061035156,176.6300048828125,172.5,172.69000244140625,171.45872497558594,73531800,172.4946914903891,179.18384159584497,165.80554138493324,13.378300210911732,3.344575052727933,0.5145990856789002,False,False,False,False
2024-04-16 00:00:00-04:00,171.75,173.75999450683594,168.27000427246094,169.3800048828125,168.1723175048828,73711200,172.3259673012486,179.44420044303388,165.2077341594633,14.236466283570564,3.559116570892641,0.2930692659430626,False,False,True,False
2024-04-17 00:00:00-04:00,169.61000061035156,170.64999389648438,168.0,168.0,166.8021697998047,50901200,172.03908096771355,178.97548957461717,165.10267236080992,13.872817213807252,3.468204303451813,0.20884926216042454,False,False,False,False
2024-04-18 00:00:00-04:00,168.02999877929688,168.63999938964844,166.5500030517578,167.0399932861328,165.84901428222656,43122900,171.65332410172462,178.31409111551602,164.99255708793322,13.3215340275828,3.3303835068957,0.15369372580967686,False,False,False,False
2024-04-19 00:00:00-04:00,166.2100067138672,166.39999389648438,164.0800018310547,165.0,163.8235626220703,68149400,171.11221364123477,177.69890224466266,164.5255250378069,13.173377206855776,3.293344301713944,0.03601771624258843,False,False,False,False
2024-04-22 00:00:00-04:00,165.52000427246094,167.25999450683594,164.77000427246094,165.83999633789062,164.6575469970703,48116400,170.68258459105374,177.10860238101384,164.25656680109364,12.852035579920198,3.2130088949800495,0.12320457152102098,False,False,False,False
2024-04-23 00:00:00-04:00,165.35000610351562,167.0500030517578,164.9199981689453,166.89999389648438,165.70999145507812,49537800,170.31653573949893,176.52595272702553,164.10711875197234,12.41883397505319,3.1047084937632974,0.22489028761656157,False,False,False,False
2024-04-24 00:00:00-04:00,166.5399932861328,169.3000030517578,166.2100067138672,169.02000427246094,167.8148956298828,48251800,170.13821370670973,176.34468826306178,163.93173915035769,12.412949112704098,3.1032372781760245,0.4099158931454605,False,False,False,False
2024-04-25 00:00:00-04:00,169.52999877929688,170.61000061035156,168.14999389648438,169.88999938964844,168.67869567871094,50558300,170.08919572827514,176.16702417176543,164.01136728478485,12.15565688698058,3.038914221745145,0.48361286926089064,False,False,False,False
2024-04-26 00:00:00-04:00,169.8800048828125,171.33999633789062,169.17999267578125,169.3000030517578,168.0928955078125,44838400,170.07676253051415,175.97880886207727,164.17471619895102,11.804092663126255,2.9510231657815638,0.43419574880305867,False,False,False,False
2024-04-29 00:00:00-04:00,173.3699951171875,176.02999877929688,173.10000610351562,173.5,172.26295471191406,68169400,170.4211991219383,177.07903996585293,163.76335827802365,13.315681687829283,3.3289204219573207,0.7312161667904528,False,False,False,True
2024-04-30 00:00:00-04:00,173.3300018310547,174.99000549316406,170.0,170.3300018310547,169.1155548095703,65934800,170.5338771763384,177.52393503449437,163.54381931818241,13.980115716311957,3.4950289290779892,0.48541676267773487,False,False,True,False
2024-05-01 00:00:00-04:00,169.5800018310547,172.7100067138672,169.11000061035156,169.3000030517578,168.0928955078125,50383100,170.52049881097622,177.53155210401974,163.5094455179327,14.022106586087034,3.5055266465217585,0.41295917259469384,False,False,False,False
2024-05-02 00:00:00-04:00,172.50999450683594,173.4199981689453,170.88999938964844,173.02999877929688,171.79632568359375,94214900,170.68101269722516,177.8149596844018,163.5470657100485,14.267893974353285,3.5669734935883213,0.6646343942766921,False,False,False,True
2024-05-03 00:00:00-04:00,186.64999389648438,187.0,182.66000366210938,183.3800048828125,182.072509765625,163224100,171.81981743203755,181.03436996463716,162.60526489943794,18.429105065199224,4.607276266299806,1.0,True,False,False,False
2024-05-06 00:00:00-04:00,182.35000610351562,184.1999969482422,180.4199981689453,181.7100067138672,180.4144287109375,78569700,172.67733269689703,181.72642973209605,163.628235661698,18.09819407039805,4.524548517599513,0.9990925603866894,False,False,False,False
2024-05-07 00:00:00-04:00,183.4499969482422,184.89999389648438,181.32000732421875,182.39999389648438,181.0994873046875,77305800,173.52699928096635,182.3871839270986,164.6668146348341,17.72036929226448,4.43009232306612,1.0,True,False,False,False
2024-05-08 00:00:00-04:00,182.85000610351562,183.07000732421875,181.4499969482422,182.74000549316406,181.4370574951172,45057100,174.2680829454865,182.56625120220085,165.96991468877215,16.596336513428696,4.149084128357174,1.0,False,False,False,False
2024-05-09 00:00:00-04:00,182.55999755859375,184.66000366210938,182.11000061035156,184.57000732421875,183.2540283203125,48983000,175.0607430221593,183.03909506355376,167.08239098076484,15.956704082788917,3.9891760206972293,1.0,False,False,False,False
2024-05-10 00:00:00-04:00,184.89999389648438,185.08999633789062,182.1300048828125,183.0500030517578,181.9913787841797,50759500,175.75762566676994,183.53014079504058,167.9851105384993,15.545030256541281,3.8862575641353203,0.9691131033289094,False,False,False,False
2024-05-13 00:00:00-04:00,185.44000244140625,187.10000610351562,184.6199951171875,186.27999877929688,185.2027130126953,72044800,176.61115686120579,184.41642108700094,168.80589263541063,15.610528451590312,3.902632112897578,1.0,True,False,False,False
2024-05-14 00:00:00-04:00,187.50999450683594,188.3000030517578,186.2899932861328,187.42999267578125,186.3460235595703,52393600,177.50522681759617,184.93396547530398,170.07648815988836,14.857477315415622,3.7143693288539055,1.0,False,False,False,False
2024-05-15 00:00:00-04:00,187.91000366210938,190.64999389648438,187.3699951171875,189.72000122070312,188.622802734375,70400000,178.48367986708467,185.82554441488108,171.14181531928827,14.68372909559281,3.6709322738982024,1.0,False,False,False,False
2024-05-16 00:00:00-04:00,190.47000122070312,191.10000610351562,189.66000366210938,189.83999633789062,188.74209594726562,52845200,179.46004004770305,186.35571862900107,172.56436146640502,13.791357162596057,3.4478392906490143,1.0,False,False,False,False
2024-05-17 00:00:00-04:00,189.50999450683594,190.80999755859375,189.17999267578125,189.8699951171875,188.7719268798828,41282900,180.33448074793785,186.86659244766855,173.80236904820714,13.064223399461412,3.266055849865353,1.0,False,False,False,False
2024-05-20 00:00:00-04:00,189.3300018310547,191.9199981689453,189.00999450683594,191.0399932861328,189.93515014648438,44361300,181.1946625178851,187.65556378006463,174.73376125570556,12.921802524359066,3.2304506310897665,1.0,False,False,False,False
2024-05-21 00:00:00-04:00,191.08999633789062,192.72999572753906,190.9199981689453,192.35000610351562,191.2375946044922,42309400,182.09510730806133,188.27191795574166,175.918296660381,12.353621295360654,3.0884053238401634,1.0,False,False,False,False
2024-05-22 00:00:00-04:00,192.27000427246094,192.82000732421875,190.27000427246094,190.89999389648438,189.79595947265625,34648500,182.8646818516441,188.93381204490794,176.79555165838025,12.13826038652769,3.0345650966319226,1.0,False,False,False,False
2024-05-23 00:00:00-04:00,190.97999572753906,191.0,186.6300048828125,186.8800048828125,185.7992401123047,51005900,183.3067919686078,189.64300816598276,176.97057577123283,12.672432394749933,3.168108098687483,0.7819674079054508,False,False,False,False
2024-05-24 00:00:00-04:00,188.82000732421875,190.5800018310547,188.0399932861328,189.97999572753906,188.8812713623047,36327000,183.8256701613551,190.26826412864102,177.3830761940692,12.885187934571832,3.221296983642958,0.9776279242052407,False,False,False,False
2024-05-28 00:00:00-04:00,191.50999450683594,193.0,189.10000610351562,189.99000549316406,188.89125061035156,52280100,184.39825352559438,190.9765868754486,177.81992017574018,13.15666669970841,3.2891666749271025,0.9250128163308726,False,False,False,False
2024-05-29 00:00:00-04:00,189.61000061035156,192.25,189.50999450683594,190.2899932861328,189.1894989013672,53068000,184.9220098371551,191.39051095065668,178.4535087236535,12.937002227003177,3.234250556750794,0.9149325597063922,False,False,False,False
2024-05-30 00:00:00-04:00,190.75999450683594,192.17999267578125,190.6300048828125,191.2899932861328,190.18368530273438,49889100,185.45906431863455,191.65871519871567,179.25941343855342,12.399301760162246,3.0998254400405614,0.970262687390388,False,False,False,False
2024-05-31 00:00:00-04:00,191.44000244140625,192.57000732421875,189.91000366210938,192.25,191.13815307617188,75158300,185.96886481947968,192.08055134397455,179.8571782949848,12.223373048989743,3.0558432622474356,1.0,True,False,False,False
2024-06-03 00:00:00-04:00,192.89999389648438,194.99000549316406,192.52000427246094,194.02999877929688,192.90786743164062,50080500,186.62534854410418,192.6738675147824,180.57682957342598,12.097037941356405,3.024259485339101,1.0,False,False,False,False
2024-06-04 00:00:00-04:00,194.63999938964844,195.32000732421875,193.02999877929688,194.35000610351562,193.2260284423828,47471400,187.25934761562414,193.1610163982189,181.35767883302938,11.803337565189508,2.950834391297377,1.0,False,False,False,False
2024-06-05 00:00:00-04:00,195.39999389648438,196.89999389648438,194.8699951171875,195.8699951171875,194.7372283935547,54156800,187.97773487351265,193.79923433644169,182.1562354105836,11.64299892585808,2.91074973146452,1.0,False,False,False,False
2024-06-06 00:00:00-04:00,195.69000244140625,196.5,194.1699981689453,194.47999572753906,193.3552703857422,41181800,188.56709013117782,194.27244001402488,182.86174024833076,11.410699765694119,2.8526749414235297,1.0,False,False,False,False
2024-06-07 00:00:00-04:00,194.64999389648438,196.94000244140625,194.13999938964844,196.88999938964844,195.75132751464844,53103900,189.18566598748808,194.880481492402,183.49085048257416,11.389631009827838,2.8474077524569594,1.0,False,False,False,False
2024-06-10 00:00:00-04:00,196.89999389648438,197.3000030517578,192.14999389648438,193.1199951171875,192.00314331054688,97010200,189.60269360145935,195.75802938693656,183.44735781598214,12.310671570954412,3.077667892738603,0.7857115873375106,False,False,False,False
2024-06-11 00:00:00-04:00,193.64999389648438,207.16000366210938,193.6300048828125,207.14999389648438,205.9519805908203,172373300,190.68969142471013,199.037495340624,182.34188750879628,16.695607831827715,4.173901957956929,1.0,True,False,False,False
2024-06-12 00:00:00-04:00,207.3699951171875,220.1999969482422,206.89999389648438,213.07000732421875,211.8377685546875,198134300,192.58138375512164,202.7544078897957,182.40835962044758,20.346048269348103,5.086512067337026,1.0,False,False,False,False
2024-06-13 00:00:00-04:00,214.74000549316406,216.75,211.60000610351562,214.24000549316406,213.00099182128906,97862700,194.3826576532137,204.56837815371722,184.19693715271018,20.371441001007042,5.092860250251761,1.0,False,False,False,False
2024-06-14 00:00:00-04:00,213.85000610351562,215.1699981689453,211.3000030517578,212.49000549316406,211.2611083984375,70122700,195.9329919241644,205.8741393980551,185.99184445027373,19.88229494778136,4.97057373694534,1.0,False,False,False,False
2024-06-17 00:00:00-04:00,213.3699951171875,218.9499969482422,212.72000122070312,216.6699981689453,215.4169464111328,93728300,197.61468693986987,207.8537179573871,187.37565592235265,20.47806203503444,5.11951550875861,1.0,False,False,False,False
2024-06-18 00:00:00-04:00,217.58999633789062,218.6300048828125,213.0,214.2899932861328,213.0507049560547,79943300,199.08901853290695,209.43014742523496,188.74788964057893,20.68225778465603,5.170564446164008,1.0,False,False,False,False
2024-06-20 00:00:00-04:00,213.92999267578125,214.24000549316406,208.85000610351562,209.67999267578125,208.46734619140625,86172500,200.07521155162192,210.47022499124057,189.68019811200327,20.790026879237303,5.197506719809326,0.9619898367592533,False,False,False,False
2024-06-21 00:00:00-04:00,210.38999938964844,211.88999938964844,207.11000061035156,207.49000549316406,206.2900390625,241805100,200.8047774082413,211.11628925975745,190.49326555672516,20.62302370303229,5.155755925758072,0.8241633322634352,False,False,False,False
2024-06-24 00:00:00-04:00,207.72000122070312,212.6999969482422,206.58999633789062,208.13999938964844,206.93629455566406,80727000,201.49965686521512,212.00201765364997,190.99729607678026,21.004721576869713,5.251180394217428,0.816135707875587,False,False,False,False
2024-06-25 00:00:00-04:00,209.14999389648438,211.3800048828125,208.61000061035156,209.07000732421875,207.86090087890625,55549700,202.18190803804114,212.28203384626534,192.08178222981695,20.200251616448384,5.050062904112096,0.8409907666976217,False,False,False,False
2024-06-26 00:00:00-04:00,211.5,214.86000061035156,210.63999938964844,213.25,212.01670837402344,66213200,203.07647125709326,213.32458314172158,192.82835937246494,20.49622376925663,5.124055942314158,0.9963611276613087,False,False,False,False
2024-06-27 00:00:00-04:00,214.69000244140625,215.74000549316406,212.35000610351562,214.10000610351562,212.86181640625,49772700,203.99204358845202,213.8933441625472,194.09074301435683,19.802601148190377,4.950650287047594,1.0,True,False,False,False
2024-06-28 00:00:00-04:00,215.77000427246094,216.07000732421875,210.3000030517578,210.6199951171875,209.4019317626953,82542700,204.68687344200222,214.75204481318008,194.62170207082437,20.130342742355708,5.032585685588927,0.7947352536974721,False,False,False,False
2024-07-01 00:00:00-04:00,212.08999633789062,217.50999450683594,211.9199981689453,216.75,215.49649047851562,60402900,205.57907822949596,216.01573234148572,195.1424241175062,20.873308223979507,5.218327055994877,1.0,True,False,False,False
2024-07-02 00:00:00-04:00,216.14999389648438,220.3800048828125,215.10000610351562,220.27000427246094,218.99609375,58046200,206.66276657867098,217.11175503532112,196.21377812202084,20.897976913300283,5.224494228325071,1.0,False,False,False,False
2024-07-03 00:00:00-04:00,220.0,221.5500030517578,219.02999877929688,221.5500030517578,220.2687225341797,37369800,207.8333694994154,217.74145996489273,197.92527903393807,19.81618093095466,4.954045232738665,1.0,False,False,False,False
2024-07-05 00:00:00-04:00,221.64999389648438,226.4499969482422,221.64999389648438,226.33999633789062,225.03103637695312,60412400,209.2483661295368,219.14564632776327,199.35108593131034,19.794560396452937,4.948640099113234,1.0,False,False,False,False
2024-07-08 00:00:00-04:00,227.08999633789062,227.85000610351562,223.25,227.82000732421875,226.50247192382812,59085900,210.66989154729023,220.49744494639717,200.8423381481833,19.655106798213865,4.913776699553466,1.0,False,False,False,False
2024-07-09 00:00:00-04:00,227.92999267578125,229.39999389648438,226.3699951171875,228.67999267578125,227.35748291015625,48076100,212.1265667430564,221.57736455811204,202.67576892800076,18.901595630111274,4.725398907527818,1.0,False,False,False,False
2024-07-10 00:00:00-04:00,229.3000030517578,233.0800018310547,229.25,232.97999572753906,231.6326141357422,62627700,213.76351944665151,223.14923931125628,204.37779958204675,18.771439729209533,4.692859932302383,1.0,False,False,False,False
2024-07-11 00:00:00-04:00,231.38999938964844,232.38999938964844,225.77000427246094,227.57000732421875,226.25392150878906,64710600,214.99794868682855,224.88709485598847,205.10880251766864,19.77829233831983,4.944573084579957,1.0,False,False,False,False
2024-07-12 00:00:00-04:00,228.9199981689453,232.63999938964844,228.67999267578125,230.5399932861328,229.20672607421875,53046500,216.29978588935845,226.21401585468828,206.3855559240286,19.828459930659676,4.957114982664919,1.0,False,False,False,False
2024-07-15 00:00:00-04:00,236.47999572753906,237.22999572753906,233.08999633789062,234.39999389648438,233.04440307617188,62631300,217.85035889752064,228.11116635459877,207.5895514404425,20.52161491415626,5.130403728539065,1.0,False,False,False,False
2024-07-16 00:00:00-04:00,235.0,236.27000427246094,232.3300018310547,234.82000732421875,233.4619903564453,43234300,219.23560714016432,229.25833433981586,209.21287994051278,20.045454399303082,5.011363599825771,1.0,False,False,False,False
2024-07-17 00:00:00-04:00,229.4499969482422,231.4600067138672,226.63999938964844,228.8800048828125,227.5563507080078,57345900,220.04875129477082,230.7052073613713,209.39229522817035,21.31291213320094,5.328228033300235,0.9143616570484744,False,False,False,False
2024-07-18 00:00:00-04:00,230.27999877929688,230.44000244140625,222.27000427246094,224.17999267578125,222.8834991455078,66034600,220.5138553365857,231.73866543031517,209.28904524285622,22.449620187458947,5.612405046864737,0.6633050941878997,False,False,False,False
2024-07-19 00:00:00-04:00,224.82000732421875,226.8000030517578,223.27999877929688,224.30999755859375,223.01275634765625,49151500,220.87075626380488,231.67708620265358,210.06442632495617,21.61265987769741,5.403164969424353,0.6591308665500215,False,False,False,False
2024-07-22 00:00:00-04:00,227.00999450683594,227.77999877929688,223.08999633789062,223.9600067138672,222.664794921875,48201800,221.2101377371282,231.8738351703733,210.54644030388312,21.32739486649018,5.331848716622545,0.62893599963583,False,False,False,False
2024-07-23 00:00:00-04:00,224.3699951171875,226.94000244140625,222.67999267578125,225.00999450683594,223.70867919921875,39960300,221.51568152636816,231.96501116941374,211.06635188332257,20.898659286091174,5.2246648215227935,0.6672027345215096,False,False,False,False
2024-07-24 00:00:00-04:00,224.0,224.8000030517578,217.1300048828125,218.5399932861328,217.27610778808594,61777600,221.4024303219681,232.38282492551383,210.42203571842236,21.960789207091466,5.4901973017728665,0.3696569140187839,False,False,True,False
2024-07-25 00:00:00-04:00,218.92999267578125,220.85000610351562,214.6199951171875,217.49000549316406,216.23220825195312,51391200,221.0900057594115,232.21836309986827,209.96164841895472,22.256714680913547,5.564178670228387,0.338251048375318,False,False,False,False
2024-07-26 00:00:00-04:00,218.6999969482422,219.49000549316406,216.00999450683594,217.9600067138672,216.69949340820312,41601300,220.81750546595683,231.52902926963355,210.1059816622801,21.423047607353453,5.355761901838363,0.3666156746480457,False,False,False,False
2024-07-29 00:00:00-04:00,216.9600067138672,219.3000030517578,215.75,218.24000549316406,216.9778594970703,36311800,220.56299135893045,230.91336339259107,210.21261932526983,20.70074406732124,5.17518601683031,0.38778249428079675,False,False,False,False
2024-07-30 00:00:00-04:00,219.19000244140625,220.3300018310547,216.1199951171875,218.8000030517578,217.53463745117188,41643800,220.38413096790845,230.54146714097644,210.22679479484046,20.31467234613598,5.078668086533995,0.42202050374433187,False,False,False,False
2024-07-31 00:00:00-04:00,221.44000244140625,223.82000732421875,220.6300048828125,222.0800018310547,220.79566955566406,50036300,220.5335093327518,230.6791127430052,210.38790592249842,20.291206820506773,5.072801705126693,0.5762149098367062,False,False,False,True
2024-08-01 00:00:00-04:00,224.3699951171875,224.47999572753906,217.02000427246094,218.36000061035156,217.09716796875,62501000,220.48516134975446,231.10820270999812,209.8621199895108,21.246082720487323,5.311520680121831,0.3999739967427673,False,False,True,False
2024-08-02 00:00:00-04:00,219.14999389648438,225.60000610351562,217.7100067138672,219.86000061035156,218.58848571777344,105568600,220.5327871658231,231.67152426797207,209.39405006367411,22.27747420429796,5.56936855107449,0.4697996932102055,False,False,False,False
2024-08-05 00:00:00-04:00,199.08999633789062,213.5,196.0,209.27000427246094,208.0597381591797,119548600,219.34311057623952,234.13997409024392,204.54624706223512,29.5937270280088,7.3984317570022,0.15962021970923237,False,False,False,False
2024-08-06 00:00:00-04:00,205.3000030517578,209.99000549316406,201.07000732421875,207.22999572753906,206.0315399169922,69660500,218.2392404878007,233.34041728419373,203.1380636914077,30.20235359278604,7.55058839819651,0.13548387954469693,False,False,False,False
2024-08-07 00:00:00-04:00,206.89999389648438,213.63999938964844,206.38999938964844,209.82000732421875,208.6065673828125,63516400,217.54847061669275,232.58952973344648,202.50741149993902,30.082118233507458,7.5205295583768645,0.24308779612914597,False,False,False,False
2024-08-08 00:00:00-04:00,213.11000061035156,214.1999969482422,208.8300018310547,213.30999755859375,212.07638549804688,47161100,217.0955424080209,231.70649463653675,202.48459017950503,29.221904457031712,7.305476114257928,0.37045523145168524,False,False,False,False
2024-08-09 00:00:00-04:00,212.10000610351562,216.77999877929688,211.97000122070312,216.24000549316406,214.9894256591797,42201600,216.92063624882925,231.03249276621227,202.80877973144624,28.223713034766035,7.055928258691509,0.475884436082992,False,False,False,False
2024-08-12 00:00:00-04:00,216.07000732421875,219.50999450683594,215.60000610351562,217.52999877929688,216.52230834960938,38028100,216.9728054333615,230.45547397967027,203.4901368870527,26.965337092617574,6.7413342731543935,0.5206633183935956,False,False,False,True
2024-08-13 00:00:00-04:00,219.00999450683594,221.88999938964844,219.00999450683594,221.27000427246094,220.24496459960938,44155300,217.28534937416316,230.29175118791136,204.27894756041496,26.012803627496396,6.503200906874099,0.6531805243048029,False,False,False,False
2024-08-14 00:00:00-04:00,220.57000732421875,223.02999877929688,219.6999969482422,221.72000122070312,220.69290161132812,41960600,217.63518128598963,230.00694328457396,205.2634192874053,24.743523997168666,6.185880999292166,0.6650864256514516,False,False,False,False
2024-08-15 00:00:00-04:00,224.60000610351562,225.35000610351562,222.75999450683594,224.72000122070312,223.6790008544922,46414000,218.18863845190867,230.04922522719707,206.32805167662028,23.721173550576793,5.930293387644198,0.7753389394866443,False,False,False,False
2024-08-16 00:00:00-04:00,223.9199981689453,226.8300018310547,223.64999389648438,226.0500030517578,225.00283813476562,44340200,218.7987518803412,230.1092815650148,207.4882221956676,22.621059369347222,5.6552648423368055,0.8205531205688119,False,False,False,False
2024-08-19 00:00:00-04:00,225.72000122070312,225.99000549316406,223.0399932861328,225.88999938964844,224.84356689453125,40687800,219.3133002838946,230.09477895322584,208.53182161456334,21.5629573386625,5.390739334665625,0.8049998663199036,False,False,False,False
2024-08-20 00:00:00-04:00,225.77000427246094,227.1699981689453,225.4499969482422,226.50999450683594,225.460693359375,30299000,219.90191386090402,229.9492449074428,209.85458281436524,20.094662093077545,5.023665523269386,0.8288475623687324,False,False,False,False
2024-08-21 00:00:00-04:00,226.52000427246094,227.97999572753906,225.0500030517578,226.39999389648438,225.3511962890625,34765500,220.44980972460039,230.0784062016415,210.82121324755926,19.257192954082257,4.814298238520564,0.8089850211332402,False,False,False,False
2024-08-22 00:00:00-04:00,227.7899932861328,228.33999633789062,223.89999389648438,224.52999877929688,223.4898681640625,43695300,220.8781586090412,230.43189592665948,211.32442129142294,19.107474635236542,4.776868658809136,0.6911210267170117,False,False,False,False
2024-08-23 00:00:00-04:00,225.66000366210938,228.22000122070312,224.3300018310547,226.83999633789062,225.78916931152344,38677300,221.34358981911134,230.71995328289748,211.9672263553252,18.75272692757227,4.688181731893067,0.7930990538073626,False,False,False,False
2024-08-26 00:00:00-04:00,226.75999450683594,227.27999877929688,223.88999938964844,227.17999267578125,226.12757873535156,30602200,221.74134596876112,230.85807296409834,212.6246189734239,18.233453990674434,4.5583634976686085,0.79827846714077,False,False,False,False
2024-08-27 00:00:00-04:00,226.0,228.85000610351562,224.88999938964844,228.02999877929688,226.97366333007812,35934600,222.20095614559938,231.1980117841763,213.20390050702247,17.99411127715382,4.498527819288455,0.8239416798037882,False,False,False,False
2024-08-28 00:00:00-04:00,227.9199981689453,229.86000061035156,225.67999267578125,226.49000549316406,225.44078063964844,38052200,222.6294875440021,231.56283920563538,213.69613588236882,17.866703323266563,4.466675830816641,0.7160733224989904,False,False,False,False
2024-08-29 00:00:00-04:00,230.10000610351562,232.9199981689453,228.8800048828125,229.7899932861328,228.72547912597656,51906300,223.28786348027666,232.61387851090288,213.96184844965043,18.652030061252447,4.663007515313112,0.8486017224132413,False,False,False,False
2024-08-30 00:00:00-04:00,230.19000244140625,230.39999389648438,227.47999572753906,229.0,227.9391632080078,52990800,223.76054123536534,232.737954396718,214.78312807401267,17.954826322705344,4.488706580676336,0.7918133915898111,False,False,False,False
2024-09-03 00:00:00-04:00,228.5500030517578,229.0,221.1699981689453,222.77000427246094,221.73805236816406,50190600,223.80660731134617,233.4522795227745,214.16093509991785,19.29134442285664,4.82283610571416,0.4462658995576767,False,False,True,False
2024-09-04 00:00:00-04:00,221.66000366210938,221.77999877929688,217.47999572753906,220.85000610351562,219.82691955566406,43840200,223.4924456079104,233.2315523071803,213.75333890864053,19.478213398539765,4.869553349634941,0.36433871267716555,False,False,False,False
2024-09-05 00:00:00-04:00,221.6300048828125,225.47999572753906,221.52000427246094,222.3800048828125,221.349853515625,36615400,223.46196416510708,233.15315811925464,213.7707702109595,19.38238790829513,4.845596977073782,0.4441782257473277,False,False,False,False
2024-09-06 00:00:00-04:00,223.9499969482422,225.24000549316406,219.77000427246094,220.82000732421875,219.7970733642578,48423000,223.33541207051047,233.1514868733839,213.51933726763704,19.63214960574686,4.908037401436715,0.3718731877656742,False,False,False,False
2024-09-09 00:00:00-04:00,220.82000732421875,221.27000427246094,216.7100067138672,220.91000366210938,219.8866424560547,67180000,223.02662813820228,232.77309497250712,213.28016130389744,19.49293366860968,4.87323341715242,0.3914158067699475,False,False,False,False
2024-09-10 00:00:00-04:00,218.9199981689453,221.47999572753906,216.72999572753906,220.11000061035156,219.09034729003906,51591000,222.72774223961403,232.44956239048838,213.00592208873968,19.4436403017487,4.860910075437175,0.365367719797458,False,False,False,False
2024-09-11 00:00:00-04:00,221.4600067138672,223.08999633789062,217.88999938964844,222.66000366210938,221.62852478027344,44587100,222.60154148046976,232.39117900590512,212.8119039550344,19.579275050870706,4.8948187627176765,0.5029859216690974,False,False,False,True
2024-09-12 00:00:00-04:00,222.5,223.5500030517578,219.82000732421875,222.77000427246094,221.73805236816406,37455600,222.55530231955385,232.1119752379535,212.9986294011542,19.113345836799283,4.778336459199821,0.5112330909899471,False,False,False,False
2024-09-13 00:00:00-04:00,223.5800018310547,224.0399932861328,221.91000366210938,222.5,221.4692840576172,36766600,222.5770825970422,231.60408614840657,213.55007904567782,18.054007102728747,4.513501775682187,0.49573044385085335,False,False,True,False
2024-09-16 00:00:00-04:00,216.5399932861328,217.22000122070312,213.9199981689453,216.32000732421875,215.3179168701172,59357400,222.01399256711832,231.85429612955718,212.17368900467946,19.680607124877724,4.920151781219431,0.21068040702352323,False,False,False,False
2024-09-17 00:00:00-04:00,215.75,216.89999389648438,214.5,216.7899932861328,215.7857208251953,45519300,221.51810394159781,230.85437592708968,212.18183195610595,18.672543970983725,4.668135992745931,0.24678808293008875,False,False,False,False
2024-09-18 00:00:00-04:00,217.5500030517578,222.7100067138672,217.5399932861328,220.69000244140625,219.66766357421875,59894900,221.41770645872595,231.0043539312155,211.8310589862364,19.17329494497909,4.793323736244773,0.46204595926741016,False,False,False,False
2024-09-19 00:00:00-04:00,224.99000549316406,229.82000732421875,224.6300048828125,228.8699951171875,227.8097686767578,66781300,221.94734223506043,232.40132593686351,211.49335853325735,20.907967403606165,5.226991850901541,0.8311011897279437,False,False,False,True
2024-09-20 00:00:00-04:00,229.97000122070312,233.08999633789062,227.6199951171875,228.1999969482422,227.1428680419922,318679900,222.5881189488976,233.09070452466102,212.08553337313418,21.005171151526838,5.2512927878817095,0.7671664971859401,False,False,False,False
2024-09-23 00:00:00-04:00,227.33999633789062,229.4499969482422,225.80999755859375,226.47000122070312,225.42088317871094,54146000,222.97605336225445,233.1563802583712,212.7957264661377,20.360653792233506,5.090163448058377,0.6716029305395601,False,False,False,False
2024-09-24 00:00:00-04:00,228.64999389648438,229.35000610351562,225.72999572753906,227.3699951171875,226.31671142578125,43556100,223.35165994173997,233.23795622344036,213.46536366003957,19.772592563400792,4.943148140850198,0.70322753137014,False,False,False,False
2024-09-25 00:00:00-04:00,224.92999267578125,227.2899932861328,224.02000427246094,226.3699951171875,225.32135009765625,42308700,223.56346585425555,233.13113067673123,213.99580103177988,19.135329644951355,4.783832411237839,0.646667411275688,False,False,False,False
2024-09-26 00:00:00-04:00,227.3000030517578,228.5,225.41000366210938,227.52000427246094,226.4660186767578,36636700,223.86178836458342,233.09068597238965,214.6328907567772,18.457795215612464,4.614448803903116,0.6981935472327285,False,False,False,False
2024-09-27 00:00:00-04:00,228.4600067138672,229.52000427246094,227.3000030517578,227.7899932861328,226.73475646972656,34026000,224.22358379560012,232.97359188676634,215.4735757044339,17.500016182332445,4.375004045583111,0.7037946395805762,False,False,False,False
2024-09-30 00:00:00-04:00,230.0399932861328,233.0,229.64999389648438,233.0,231.920654296875,54541900,224.86189608753577,233.7789047123588,215.94488746271273,17.83401724964608,4.45850431241152,0.9563247752059751,False,False,False,False
2024-10-01 00:00:00-04:00,229.52000427246094,229.64999389648438,223.74000549316406,226.2100067138672,225.16209411621094,63285000,225.00118269422765,234.87848935793556,215.12387603051974,19.754613327415825,4.938653331853956,0.5611919858720751,False,False,False,False
2024-10-02 00:00:00-04:00,225.88999938964844,227.3699951171875,223.02000427246094,226.77999877929688,225.72946166992188,32880600,225.06136186329047,234.82093602957292,215.30178769700802,19.519148332564896,4.879787083141224,0.5880487655877437,False,False,False,False
2024-10-03 00:00:00-04:00,225.13999938964844,226.80999755859375,223.32000732421875,225.6699981689453,224.6245880126953,34044200,225.0784706816762,234.5600854782054,215.59685588514702,18.963229593058372,4.740807398264593,0.5311933937395156,False,False,False,False
2024-10-04 00:00:00-04:00,227.89999389648438,228.0,224.1300048828125,226.8000030517578,225.74935913085938,37245100,225.18109834527456,234.48855068558834,215.8736460049608,18.614904680627546,4.653726170156887,0.5869681974879,False,False,False,False
2024-10-07 00:00:00-04:00,224.5,225.69000244140625,221.3300018310547,221.69000244140625,220.66302490234375,39505400,224.99128478077574,234.46199213119877,215.52057743035272,18.941414700846053,4.735353675211513,0.32571088846800683,False,False,True,False
2024-10-08 00:00:00-04:00,224.3000030517578,225.97999572753906,223.25,225.77000427246094,224.72413635253906,31855700,224.99201104904444,234.37364632165173,215.61037577643714,18.763270545214596,4.690817636303649,0.5414636255199615,False,False,False,True
2024-10-09 00:00:00-04:00,225.22999572753906,229.75,224.8300018310547,229.5399932861328,228.47665405273438,33591100,225.24600999265704,234.67348137179266,215.8185386135214,18.85494275827125,4.713735689567812,0.7277378058648362,False,False,False,False
2024-10-10 00:00:00-04:00,227.77999877929688,229.5,227.1699981689453,229.0399932861328,227.9789581298828,28183500,225.52300892257665,234.48173218723622,216.56428565791708,17.917446529319136,4.479361632329784,0.6962882578051041,False,False,False,False
2024-10-11 00:00:00-04:00,229.3000030517578,229.41000366210938,227.33999633789062,227.5500030517578,226.4958953857422,31759200,225.73775826379963,234.214610666837,217.26090586076228,16.95370480607471,4.238426201518678,0.6068937325904619,False,False,False,False
2024-10-14 00:00:00-04:00,228.6999969482422,231.72999572753906,228.60000610351562,231.3000030517578,230.228515625,39882100,226.13822298856113,234.60338868645098,217.67305729067127,16.930331395779717,4.232582848944929,0.8048835809843263,False,False,False,False
2024-10-15 00:00:00-04:00,233.61000061035156,237.49000549316406,232.3699951171875,233.85000610351562,232.76670837402344,64751400,226.840871259344,235.69752087572613,217.98422164296187,17.713299232764257,4.428324808191064,0.895699002882921,False,False,False,False
2024-10-16 00:00:00-04:00,231.60000610351562,232.1199951171875,229.83999633789062,231.77999877929688,230.70626831054688,34082200,227.2080206053535,235.98100721322243,218.4350339974846,17.54597321573783,4.386493303934458,0.7605713640234294,False,False,False,False
2024-10-17 00:00:00-04:00,233.42999267578125,233.85000610351562,230.52000427246094,232.14999389648438,231.07456970214844,32993800,227.62179678469795,236.1834850979909,219.060108471405,17.123376626585923,4.280844156646481,0.7644453375367509,False,False,False,False
2024-10-18 00:00:00-04:00,236.17999267578125,236.17999267578125,234.00999450683594,235.0,233.91136169433594,46431500,228.24192447437915,236.7534437122022,219.7304052365561,17.023038475646104,4.255759618911526,0.8969958439140726,False,False,False,False
2024-10-21 00:00:00-04:00,234.4499969482422,236.85000610351562,234.4499969482422,236.47999572753906,235.38450622558594,36254500,228.88231962316132,237.02268876825676,220.7419504780659,16.280738290190868,4.070184572547717,0.9666665582945544,False,False,False,False
2024-10-22 00:00:00-04:00,233.88999938964844,236.22000122070312,232.60000610351562,235.86000061035156,234.7673797607422,38846600,229.38323765274706,237.48556780813763,221.28090749735648,16.20466031078115,4.051165077695288,0.8996852037247236,False,False,False,False
2024-10-23 00:00:00-04:00,234.0800018310547,235.13999938964844,227.75999450683594,230.75999450683594,229.69100952148438,52287000,229.53630085955479,238.44839922010942,220.62420249900015,17.824196721109274,4.4560491802773186,0.568653508846877,False,False,False,False
2024-10-24 00:00:00-04:00,229.97999572753906,230.82000732421875,228.41000366210938,230.57000732421875,229.5018768310547,31109500,229.56938740766265,238.07227666458368,221.0664981507416,17.005778513842074,4.2514446284605185,0.5588399946372132,False,False,False,False
2024-10-25 00:00:00-04:00,229.74000549316406,233.22000122070312,229.57000732421875,231.41000366210938,230.3380126953125,38802300,229.7219387961083,238.10453790663414,221.33933968558247,16.765198221051662,4.1912995552629155,0.6006886315177239,False,False,False,False
2024-10-28 00:00:00-04:00,233.32000732421875,234.72999572753906,232.5500030517578,233.39999389648438,232.3187713623047,36087100,230.04177702631543,238.2501146388746,221.83343941375625,16.416675225118354,4.1041688062795885,0.7045613270725306,False,False,False,False
2024-10-29 00:00:00-04:00,233.10000610351562,234.3300018310547,232.32000732421875,233.6699981689453,232.5875244140625,35417200,230.32496247757297,238.1144652302434,222.53545972490252,15.579005505340888,3.894751376335222,0.7147143275753758,False,False,False,False
2024-10-30 00:00:00-04:00,232.61000061035156,233.47000122070312,229.5500030517578,230.10000610351562,229.03407287597656,47070900,230.38454922599678,238.21910072683767,222.5499977251559,15.669103001681776,3.917275750420444,0.48184049703096515,False,False,True,False
2024-10-31 00:00:00-04:00,229.33999633789062,229.8300018310547,225.3699951171875,225.91000366210938,224.8634796142578,64370100,230.10555902967346,238.1026575776959,222.108460481651,15.9941970960449,3.998549274011225,0.23768265187868828,False,False,False,False
2024-11-01 00:00:00-04:00,220.97000122070312,225.35000610351562,220.27000427246094,222.91000366210938,221.87738037109375,65276700,229.50037394492526,237.82576251607514,221.17498537377537,16.650777142299773,4.162694285574943,0.10420043902493589,False,False,False,False
2024-11-04 00:00:00-05:00,220.99000549316406,222.7899932861328,219.7100067138672,222.00999450683594,220.98153686523438,44944500,228.83395374137137,236.9668028450547,220.70110463768805,16.265698207366654,4.0664245518416635,0.0804693319930835,False,False,False,False
2024-11-05 00:00:00-05:00,221.8000030517578,223.9499969482422,221.13999938964844,223.4499969482422,222.41488647460938,28111300,228.3350129653163,236.21657667035007,220.45344926028255,15.763127410067511,3.940781852516878,0.19009855151242477,False,False,False,False
2024-11-06 00:00:00-05:00,222.61000061035156,226.07000732421875,221.19000244140625,222.72000122070312,221.68824768066406,54561100,227.91765107893792,235.9870593900308,219.84824276784505,16.138816622185743,4.034704155546436,0.17794107957768845,False,False,False,False
2024-11-07 00:00:00-05:00,224.6300048828125,227.8800048828125,224.57000732421875,227.47999572753906,226.42620849609375,42137700,227.8114581538756,236.10592636628107,219.51698994147014,16.588936424810925,4.147234106202731,0.4800190670547873,False,False,False,False
2024-11-08 00:00:00-05:00,227.1699981689453,228.66000366210938,226.41000366210938,226.9600067138672,226.15716552734375,38328800,227.77244814211056,235.68746953327548,219.85742675094565,15.830042782329826,3.9575106955824566,0.44867724368058837,False,False,False,False
2024-11-11 00:00:00-05:00,225.0,225.6999969482422,221.5,224.22999572753906,223.4368133544922,42005600,227.4422439268175,235.65776452163936,219.22672333199563,16.431041189643736,4.107760297410934,0.30450123871011464,False,False,False,False
2024-11-12 00:00:00-05:00,224.5500030517578,225.58999633789062,223.36000061035156,224.22999572753906,223.4368133544922,40398300,227.18816784057663,235.0281355214241,219.34820015972915,15.679935361694959,3.9199838404237397,0.3113402864998933,False,False,False,False
2024-11-13 00:00:00-05:00,224.00999450683594,226.64999389648438,222.75999450683594,225.1199951171875,224.3236541748047,48566200,226.99276450720936,234.8267352979018,219.15879371651693,15.667941581384866,3.9169853953462166,0.38047125525111086,False,False,False,False
2024-11-14 00:00:00-05:00,225.02000427246094,228.8699951171875,225.0,228.22000122070312,227.41270446777344,44923900,227.0236451409944,234.8482178760551,219.19907240593372,15.649145470121368,3.912286367530342,0.5764486522278742,False,False,False,True
2024-11-15 00:00:00-05:00,226.39999389648438,226.9199981689453,224.27000427246094,225.0,224.2041015625,47923700,226.88806366928392,234.72017852048697,219.05594881808088,15.66422970240609,3.9160574256015224,0.37946654861720336,False,False,True,False
2024-11-18 00:00:00-05:00,225.25,229.74000549316406,225.1699981689453,228.02000427246094,227.2134246826172,44633700,226.95100302835942,234.94790749307498,218.95409856364387,15.993808929431111,3.998452232357778,0.5668384403501523,False,False,False,True
2024-11-19 00:00:00-05:00,226.97999572753906,230.16000366210938,226.66000366210938,228.27999877929688,227.4724884033203,36211800,227.06897516776044,234.96618918600444,219.17176114951644,15.794428036488,3.948607009122,0.5766741035977212,False,False,False,False
2024-11-20 00:00:00-05:00,228.05999755859375,229.92999267578125,225.88999938964844,229.0,228.18994140625,35169600,227.1693381278201,235.08482940146627,219.25384685417396,15.830982547292308,3.957745636823077,0.6156379186643093,False,False,False,False
2024-11-21 00:00:00-05:00,228.8800048828125,230.16000366210938,225.7100067138672,228.52000427246094,227.71165466308594,42108300,227.24939369073613,235.26333522666613,219.23545215480613,16.027883071860003,4.006970767965001,0.5792750094337541,False,False,False,False
2024-11-22 00:00:00-05:00,228.05999755859375,230.72000122070312,228.05999755859375,229.8699951171875,229.05686950683594,38168300,227.44111071363267,235.18565882839152,219.6965625988738,15.489096229517713,3.8722740573794283,0.6568125323494398,False,False,False,False
2024-11-25 00:00:00-05:00,231.4600067138672,233.25,229.74000549316406,232.8699951171875,232.04624938964844,90152800,227.8171292822286,235.48922148687876,220.14503707757842,15.34418440930034,3.836046102325085,0.8293016885209155,False,False,False,False
2024-11-26 00:00:00-05:00,233.3300018310547,235.57000732421875,233.3300018310547,235.05999755859375,234.22850036621094,45986200,228.3868131396503,235.83169856524168,220.9419277140589,14.889770851182789,3.722442712795697,0.948172405447957,False,False,False,False
2024-11-27 00:00:00-05:00,234.47000122070312,235.69000244140625,233.80999755859375,234.92999267578125,234.0989532470703,33498400,228.92207850789555,235.9984763674903,221.8456806483008,14.152795719189498,3.5381989297973746,0.924503701395173,False,False,False,False
2024-11-29 00:00:00-05:00,234.80999755859375,237.80999755859375,233.97000122070312,237.3300018310547,236.490478515625,28481400,229.5427386491918,236.6794959904052,222.40598130797838,14.273514682426821,3.5683786706067053,1.0,True,False,False,False
2024-12-02 00:00:00-05:00,237.27000427246094,240.7899932861328,237.16000366210938,239.58999633789062,238.7424774169922,48137100,230.34584357526282,237.49492310715956,223.19676404336607,14.298159063793491,3.574539765948373,1.0,False,False,False,False
2024-12-03 00:00:00-05:00,239.80999755859375,242.75999450683594,238.89999389648438,242.64999389648438,241.79165649414062,38861000,231.27007834120772,238.4762500419851,224.06390664043033,14.412343401554779,3.6030858503886947,1.0,False,False,False,False
2024-12-04 00:00:00-05:00,242.8699951171875,244.11000061035156,241.25,243.00999450683594,242.15037536621094,44383900,232.23007167714007,239.28762632991004,225.1725170243701,14.115109305539931,3.528777326384983,1.0,False,False,False,False
2024-12-05 00:00:00-05:00,243.99000549316406,244.5399932861328,242.1300048828125,243.0399932861328,242.18028259277344,40033900,233.14728768890834,239.98108455706537,226.3134908207513,13.667593736314075,3.4168984340785187,1.0,False,False,False,False
2024-12-06 00:00:00-05:00,242.91000366210938,244.6300048828125,242.0800018310547,242.83999633789062,241.98098754882812,36870600,233.98362491071478,240.64404270240766,227.3232071190219,13.320835583385758,3.3302088958464395,1.0,False,False,False,False
2024-12-09 00:00:00-05:00,241.8300018310547,247.24000549316406,241.75,246.75,245.8771514892578,44649200,234.92221187629866,242.01458898745508,227.82983476514224,14.184754222312847,3.5461885555782118,1.0,False,False,False,False
2024-12-10 00:00:00-05:00,246.88999938964844,248.2100067138672,245.33999633789062,247.77000427246094,246.8935546875,36914800,235.93758331227983,242.8947247875159,228.98044183704374,13.91428295047217,3.4785707376180426,1.0,False,False,False,False
2024-12-11 00:00:00-05:00,247.9600067138672,250.8000030517578,246.25999450683594,246.49000549316406,245.6180877685547,45205800,236.9302847876942,244.09971382439105,229.76085575099737,14.33885807339368,3.58471451834842,1.0,False,False,False,False
2024-12-12 00:00:00-05:00,246.88999938964844,248.74000549316406,245.67999267578125,247.9600067138672,247.0828857421875,32777500,237.80776119102003,244.87224988752376,230.7432724945163,14.12897739300746,3.532244348251865,1.0,False,False,False,False
2024-12-13 00:00:00-05:00,247.82000732421875,249.2899932861328,246.24000549316406,248.1300048828125,247.25228881835938,33155300,238.6476700823825,245.6157074678296,231.67963269693539,13.936074770894209,3.484018692723552,1.0,False,False,False,False
2024-12-16 00:00:00-05:00,247.99000549316406,251.3800048828125,247.64999389648438,251.0399932861328,250.15196228027344,51694800,239.595641799557,246.61287764372503,232.57840595538897,14.034471688336055,3.5086179220840137,1.0,False,False,False,False
2024-12-17 00:00:00-05:00,250.0800018310547,253.8300018310547,249.77999877929688,253.47999572753906,252.58334350585938,51356400,240.6596159923131,247.7851288624159,233.5341031222103,14.251025740205591,3.562756435051398,1.0,False,False,False,False
2024-12-18 00:00:00-05:00,252.16000366210938,254.27999877929688,247.74000549316406,248.0500030517578,247.1725616455078,56774100,241.43992597418196,249.16088621450103,233.7189657338629,15.441920480638146,3.8604801201595365,0.9280605567075609,False,False,False,False
2024-12-19 00:00:00-05:00,247.5,252.0,247.08999633789062,249.7899932861328,248.90638732910156,60882300,242.12215407700077,250.0530190257098,234.19128912829174,15.861729897418058,3.9654324743545146,0.9834175880387546,False,False,False,False
2024-12-20 00:00:00-05:00,248.0399932861328,255.0,245.69000244140625,254.49000549316406,253.5897674560547,147495300,242.9225303465443,251.9223083121012,233.92275238098742,17.999555931113775,4.499888982778444,1.0,True,False,False,False
2024-12-23 00:00:00-05:00,254.77000427246094,255.64999389648438,253.4499969482422,255.27000427246094,254.3670196533203,40858800,243.91148601536526,252.4512855740149,235.37168645671562,17.079599117299267,4.269899779324817,1.0,False,False,False,False
2024-12-24 00:00:00-05:00,255.49000549316406,258.2099914550781,255.2899932861328,258.20001220703125,257.2866516113281,23234700,245.0216398737582,253.29545691306632,236.7478228344501,16.547634078616227,4.136908519654057,1.0,False,False,False,False
2024-12-26 00:00:00-05:00,258.19000244140625,260.1000061035156,257.6300048828125,259.0199890136719,258.1037292480469,27237100,246.17955877316723,254.11999435268515,238.2391231936493,15.880871159035848,3.970217789758962,1.0,False,False,False,False
2024-12-27 00:00:00-05:00,257.8299865722656,258.70001220703125,253.05999755859375,255.58999633789062,254.6858673095703,42355300,246.97987348938983,255.3182638019716,238.64148317680807,16.67678062516353,4.169195156290883,1.0,False,False,False,False
2024-12-30 00:00:00-05:00,252.22999572753906,253.5,250.75,252.1999969482422,251.307861328125,35557500,247.41071728050295,255.88326782940464,238.93816673160126,16.945101097803388,4.236275274450847,0.7826350601331069,False,False,False,False
2024-12-31 00:00:00-05:00,252.44000244140625,253.27999877929688,249.42999267578125,250.4199981689453,249.5341796875,39480700,247.7134349966839,256.10873171139855,239.31813828196925,16.790593429429293,4.197648357357323,0.6611952063300842,False,False,False,False
2025-01-02 00:00:00-05:00,248.92999267578125,249.10000610351562,241.82000732421875,243.85000610351562,242.98741149902344,55740700,247.48092706727275,256.7566922794613,238.20516185508424,18.551530424377034,4.637882606094259,0.30427916831130863,False,False,True,False
2025-01-03 00:00:00-05:00,243.36000061035156,244.17999267578125,241.88999938964844,243.36000061035156,242.4991455078125,40244100,247.11946071932726,255.9256480675235,238.31327337113103,17.612374696392465,4.403093674098116,0.2865443942805878,False,False,False,False
2025-01-06 00:00:00-05:00,244.30999755859375,247.3300018310547,243.1999969482422,245.0,244.1333465576172,45045600,246.95756118103046,255.70913077096955,238.20599159109136,17.50313917987819,4.375784794969547,0.3881594232375818,False,False,False,False
2025-01-07 00:00:00-05:00,242.97999572753906,245.5500030517578,241.35000610351562,242.2100067138672,241.35321044921875,40856000,246.6308204123096,255.3472324329032,237.91440839171597,17.432824041187246,4.358206010296811,0.24640863190050724,False,False,False,False
2025-01-08 00:00:00-05:00,241.9199981689453,243.7100067138672,240.0500030517578,242.6999969482422,241.8414764404297,37628900,246.25769667555787,254.834468226514,237.68092512460174,17.15354310191225,4.288385775478062,0.2925968001958107,False,False,False,False
2025-01-10 00:00:00-05:00,240.00999450683594,240.16000366210938,233.0,236.85000610351562,236.01219177246094,61710900,245.45872222386205,255.117816009371,235.7996284383531,19.318187571017916,4.829546892754479,0.05437247471074131,False,False,False,False
2025-01-13 00:00:00-05:00,233.52999877929688,234.6699981689453,229.72000122070312,234.39999389648438,233.5708465576172,49630700,244.41466185204388,254.53384723556445,234.2954764685233,20.238370767041147,5.059592691760287,0.005164320249102295,False,False,False,False
2025-01-14 00:00:00-05:00,234.75,236.1199951171875,232.47000122070312,233.27999877929688,232.45480346679688,39435300,243.54316211762875,253.38042774209413,233.70589649316338,19.674531248930748,4.918632812232687,0.0,False,False,False,False
2025-01-15 00:00:00-05:00,234.63999938964844,238.9600067138672,234.42999267578125,237.8699951171875,237.028564453125,39832000,243.0051206774607,252.9946613263936,233.01558002852778,19.979081297865832,4.994770324466458,0.24297489040090497,False,False,False,False
2025-01-16 00:00:00-05:00,237.35000610351562,238.00999450683594,228.02999877929688,228.25999450683594,227.4525604248047,71759100,242.04080472636588,253.02739045591332,231.05421899681843,21.973171459094885,5.493292864773721,0.0,False,False,False,False
2025-01-17 00:00:00-05:00,232.1199951171875,232.2899932861328,228.47999572753906,229.97999572753906,229.16647338867188,68488300,241.05823724198012,251.7521641544322,230.36431032952805,21.38785382490414,5.346963456226035,0.0,False,False,False,False
2025-01-21 00:00:00-05:00,224.0,224.4199981689453,219.3800048828125,222.63999938964844,221.85243225097656,98070400,239.4822730951875,251.2268054853397,227.73774070503532,23.489064780304375,5.872266195076094,0.0,False,False,False,False
2025-01-22 00:00:00-05:00,219.7899932861328,224.1199951171875,219.7899932861328,223.8300018310547,223.03823852539062,64126500,238.07375006598787,249.50982958333577,226.63767054863996,22.872159034695812,5.718039758673953,0.0,False,False,False,False
2025-01-23 00:00:00-05:00,224.74000549316406,227.02999877929688,222.3000030517578,223.66000366210938,222.8688507080078,60234800,236.92843771307676,248.1669084241977,225.68996700195584,22.47694142224185,5.619235355560463,0.0,False,False,False,False
2025-01-24 00:00:00-05:00,224.77999877929688,225.6300048828125,221.41000366210938,222.77999877929688,221.991943359375,54697900,235.79051255154866,246.74913643569812,224.8318886673992,21.91724776829892,5.47931194207473,0.0,False,False,False,False
2025-01-27 00:00:00-05:00,224.02000427246094,232.14999389648438,223.97999572753906,229.86000061035156,229.04690551757812,94863400,235.19658067876333,246.93334119793533,223.45982015959132,23.473521038344018,5.868380259586004,0.27265532257838715,False,False,False,False
2025-01-28 00:00:00-05:00,230.85000610351562,240.19000244140625,230.80999755859375,238.25999450683594,237.41717529296875,75707600,235.29853213627848,247.92761696974424,222.66944730281273,25.258169666931508,6.314542416732877,0.6172477028070115,False,False,False,True
2025-01-29 00:00:00-05:00,234.1199951171875,239.86000061035156,234.00999450683594,239.36000061035156,238.51329040527344,45486100,235.5022654506869,248.0384430215092,222.9660878798646,25.072355141644607,6.268088785411152,0.6538640920595866,False,False,False,False
2025-01-30 00:00:00-05:00,238.6699981689453,240.7899932861328,237.2100067138672,237.58999633789062,236.7495574951172,55658300,235.7545765614044,247.7531336895976,223.7560194332112,23.997114256386396,5.999278564096599,0.5764850205269059,False,False,False,False
2025-01-31 00:00:00-05:00,247.19000244140625,247.19000244140625,233.44000244140625,236.0,235.16519165039062,100959800,236.0147508724766,249.56345228785048,222.46604945710274,27.09740283074774,6.774350707686935,0.4994556351924667,False,False,True,False
2025-02-03 00:00:00-05:00,229.99000549316406,231.8300018310547,225.6999969482422,228.00999450683594,227.20343017578125,73063300,235.38963255771836,249.64346444190642,221.1358006735303,28.50766376837612,7.12691594209403,0.24113494143744119,False,False,False,False
2025-02-04 00:00:00-05:00,227.25,233.1300048828125,226.64999389648438,232.8000030517578,231.9765167236328,45067300,235.0121632287711,249.13661412180596,220.88771233573624,28.248901786069723,7.062225446517431,0.4216904007891676,False,False,False,False
2025-02-05 00:00:00-05:00,228.52999877929688,232.6699981689453,228.27000427246094,232.47000122070312,231.64767456054688,39620300,234.6892052836543,248.30721084324506,221.07119972406355,27.236011119181512,6.809002779795378,0.41851949049219406,False,False,False,False
2025-02-06 00:00:00-05:00,231.2899932861328,233.8000030517578,230.42999267578125,233.22000122070312,232.39501953125,29925300,234.5053825363565,247.4355896151835,221.57517545752953,25.860414157653963,6.465103539413491,0.45029540873486185,False,False,False,False
2025-02-07 00:00:00-05:00,232.60000610351562,234.0,227.25999450683594,227.6300048828125,226.82481384277344,39707200,234.0991006413726,247.0842881109497,221.11391317179547,25.970374939154226,6.4925937347885565,0.2509047992677627,False,False,False,False
2025-02-10 00:00:00-05:00,229.57000732421875,230.58999633789062,227.1999969482422,227.64999389648438,227.0941162109375,33115600,233.63084189855311,245.9955104991022,221.26617329800402,24.72933720109819,6.1823343002745474,0.2581476626958227,False,False,False,False
2025-02-11 00:00:00-05:00,228.1999969482422,235.22999572753906,228.1300048828125,232.6199951171875,232.05198669433594,53718400,233.49438273277198,246.1385848394771,220.85018062606687,25.288404213410217,6.322101053352554,0.46542337712552057,False,False,False,False
2025-02-12 00:00:00-05:00,231.1999969482422,236.9600067138672,230.67999267578125,236.8699951171875,236.29161071777344,45243300,233.6062395746753,246.24202427832708,220.97045487102352,25.27156940730356,6.31789235182589,0.6291473232196242,False,False,False,True
2025-02-13 00:00:00-05:00,236.91000366210938,242.33999633789062,235.57000732421875,241.52999877929688,240.9402313232422,53614100,234.12349745571365,246.84970149173463,221.39729341969266,25.452408072041976,6.363102018010494,0.7909941292242147,False,False,False,False
2025-02-14 00:00:00-05:00,241.25,245.5500030517578,240.99000549316406,244.60000610351562,244.00274658203125,40896200,234.92265085241633,247.28823399655397,222.55706770827868,24.73116628827529,6.1827915720688225,0.8913020169892757,False,False,False,False
2025-02-18 00:00:00-05:00,244.14999389648438,245.17999267578125,241.83999633789062,244.47000122070312,243.87306213378906,48822500,235.66492967678093,247.46195377408293,223.86790557947893,23.594048194604,5.898512048651,0.8731903686598357,False,False,False,False
2025-02-19 00:00:00-05:00,244.66000366210938,246.00999450683594,243.16000366210938,244.8699951171875,244.27207946777344,32204200,236.41618535055287,247.60350520707,225.22886549403574,22.37463971303424,5.59365992825856,0.8778299840828233,False,False,False,False
2025-02-20 00:00:00-05:00,244.94000244140625,246.77999877929688,244.2899932861328,245.8300018310547,245.22975158691406,32316900,237.18428084624247,247.75086981574069,226.61769187674426,21.133177938996425,5.283294484749106,0.9091065248099067,False,False,False,False
2025-02-21 00:00:00-05:00,245.9499969482422,248.69000244140625,245.22000122070312,245.5500030517578,244.95042419433594,53197400,237.95947985110746,248.16341016779648,227.75554953441844,20.40786063337805,5.1019651583445125,0.8719411523340023,False,False,False,False
2025-02-24 00:00:00-05:00,244.92999267578125,248.86000061035156,244.4199981689453,247.10000610351562,246.49664306640625,51326400,238.6956344435933,248.76717221689466,228.62409667029192,20.143075546602745,5.035768886650686,0.9172337854007494,False,False,False,False
2025-02-25 00:00:00-05:00,248.0,250.0,244.91000366210938,247.0399932861328,246.43678283691406,48013300,239.414053710745,249.49643697429437,229.33167044719565,20.16476652709872,5.04119163177468,0.8781813969995423,False,False,False,False
2025-02-26 00:00:00-05:00,244.3300018310547,244.97999572753906,239.1300048828125,240.36000061035156,239.77310180664062,44433600,239.587049268758,250.24319188661647,228.93090665089952,21.312285235716956,5.328071308929239,0.5362678770973931,False,False,False,False
2025-02-27 00:00:00-05:00,239.41000366210938,242.4600067138672,237.05999755859375,237.3000030517578,236.72056579589844,41153600,239.533128699812,250.20365888693934,228.86259851268468,21.341060374254653,5.335265093563663,0.39536013633379774,False,False,True,False
2025-02-28 00:00:00-05:00,236.9499969482422,242.08999633789062,230.1999969482422,241.83999633789062,241.24948120117188,56833400,239.4089787977172,251.39045584406148,227.42750175137292,23.962954092688562,5.990738523172141,0.6014489920887995,False,False,False,True
2025-03-03 00:00:00-05:00,241.7899932861328,244.02999877929688,236.11000061035156,238.02999877929688,237.4487762451172,47184000,239.40739718037813,251.77472615587703,227.04006820487922,24.734657950997814,6.1836644877494535,0.4443130200623742,False,False,True,False
2025-03-04 00:00:00-05:00,237.7100067138672,240.07000732421875,234.67999267578125,235.92999267578125,235.35391235351562,53798100,239.19789165634052,251.40649066397702,226.989292648704,24.417198015273016,6.104299503818254,0.36616404640224537,False,False,False,False
2025-03-05 00:00:00-05:00,235.4199981689453,236.5500030517578,229.22999572753906,235.74000549316406,235.1643829345703,47227600,238.75140080365827,251.20314137537488,226.29966023194166,24.903481143433225,6.225870285858306,0.3790773348854371,False,False,False,False
2025-03-06 00:00:00-05:00,234.44000244140625,237.86000061035156,233.16000366210938,235.3300018310547,234.75538635253906,45170400,238.47628423956218,250.62285014375558,226.32971833536877,24.293131808386818,6.073282952096704,0.3704867518389998,False,False,False,False
2025-03-07 00:00:00-05:00,235.11000061035156,241.3699951171875,234.75999450683594,239.07000732421875,238.4862518310547,46273600,238.46992713482763,250.723836570672,226.21601769898325,24.507818871688755,6.126954717922189,0.5244852547888025,False,False,False,True
2025-03-10 00:00:00-04:00,235.5399932861328,236.16000366210938,224.22000122070312,227.47999572753906,226.92454528808594,72071200,237.70465544610175,251.7031751590648,223.7061357331387,27.99703942592612,6.99925985648153,0.13479496660299223,False,False,True,False
2025-03-11 00:00:00-04:00,223.80999755859375,225.83999633789062,217.4499969482422,220.83999633789062,220.30075073242188,76137400,236.34398942626058,250.9486569237867,221.73932192873446,29.209334995052245,7.302333748763061,0.0,False,True,False,False
2025-03-12 00:00:00-04:00,220.13999938964844,221.75,214.91000366210938,216.97999572753906,216.45018005371094,62547500,234.80532362378466,249.3175236391363,220.293123608433,29.024400030703305,7.256100007675826,0.0,False,False,False,False
2025-03-13 00:00:00-04:00,215.9499969482422,216.83999633789062,208.4199981689453,209.67999267578125,209.16799926757812,61368300,232.8754351879864,247.64841471352162,218.10245566245118,29.54595905107044,7.38648976276761,0.0,False,False,False,False
2025-03-14 00:00:00-04:00,211.25,213.9499969482422,209.5800018310547,213.49000549316406,212.9687042236328,60107600,231.16414904100034,245.33382963741954,216.99446844458114,28.339361192838396,7.084840298209599,0.0,False,False,False,False
2025-03-17 00:00:00-04:00,213.30999755859375,215.22000122070312,209.97000122070312,214.0,213.4774627685547,48073400,229.6557477998449,243.45846033662218,215.85303526306762,27.605425073554557,6.901356268388639,0.0,False,False,False,False
2025-03-18 00:00:00-04:00,214.16000366210938,215.14999389648438,211.49000549316406,212.69000244140625,212.17066955566406,42432400,228.2769355340538,241.43137449781742,215.12249657029017,26.30887792752725,6.577219481881812,0.0,False,False,False,False
2025-03-19 00:00:00-04:00,214.22000122070312,218.75999450683594,213.75,215.24000549316406,214.7144317626953,54385400,227.24691312843817,240.29990660891136,214.19391964796498,26.10598696094638,6.526496740236595,0.04007072579803223,False,False,False,False
2025-03-20 00:00:00-04:00,213.99000549316406,217.49000549316406,212.22000122070312,214.10000610351562,213.5772247314453,48862900,226.1932818348845,238.99497682180254,213.39158684796644,25.6033899738361,6.400847493459025,0.02766896322217941,False,False,False,False
2025-03-21 00:00:00-04:00,211.55999755859375,218.83999633789062,211.27999877929688,218.27000427246094,217.73704528808594,94127800,225.35467499835656,238.38819999830156,212.32114999841156,26.067049999890003,6.516762499972501,0.22821355980344857,False,False,False,False
2025-03-24 00:00:00-04:00,221.0,221.47999572753906,218.5800018310547,220.72999572753906,220.19102478027344,44299500,224.93039633977497,237.3025671307411,212.55822554880885,24.744341581932247,6.186085395483062,0.33024803475462255,False,False,False,False
2025-03-25 00:00:00-04:00,220.77000427246094,224.10000610351562,220.0800018310547,223.75,223.2036590576172,34493600,224.73980797630955,236.67876254267125,212.80085340994785,23.877909132723403,5.969477283180851,0.45854712526093544,False,False,False,False
2025-03-26 00:00:00-04:00,223.50999450683594,225.02000427246094,220.47000122070312,221.52999877929688,220.98907470703125,34466100,224.53982409696323,236.19488381704033,212.88476437688612,23.31011944015421,5.827529860038553,0.37087902636476394,False,False,False,False
2025-03-27 00:00:00-04:00,221.38999938964844,224.99000549316406,220.55999755859375,223.85000610351562,223.3034210205078,37094800,224.42261678764055,235.798172122624,213.0470614526571,22.75111066996692,5.68777766749173,0.47483152834024883,False,False,False,False
2025-03-28 00:00:00-04:00,221.6699981689453,223.80999755859375,217.67999267578125,217.89999389648438,217.36793518066406,39818600,224.0371205034166,235.50912299044856,212.56511801638462,22.944004974063944,5.736001243515986,0.23251720378069732,False,False,False,False
2025-03-31 00:00:00-04:00,217.00999450683594,225.6199951171875,216.22999572753906,222.1300048828125,221.58761596679688,65299300,223.81124923167462,236.0140513479331,211.60844711541614,24.405604232516964,6.101401058129241,0.43111236530574787,False,False,False,False
2025-04-01 00:00:00-04:00,219.80999755859375,223.67999267578125,218.89999389648438,223.19000244140625,222.64503479003906,36412700,223.65392260163705,235.59244426212905,211.71540094114505,23.877043320984,5.969260830246,0.4805704519611484,False,False,False,False
2025-04-02 00:00:00-04:00,221.32000732421875,225.19000244140625,221.02000427246094,223.88999938964844,223.34332275390625,35905900,223.6299847765983,235.20865390483016,212.05131564836643,23.15733825646373,5.789334564115933,0.5112281735564997,False,False,False,True
2025-04-03 00:00:00-04:00,205.5399932861328,207.49000549316406,201.25,203.19000244140625,202.69384765625,103419000,221.99220848784205,236.94101058118042,207.04340639450368,29.897604186676745,7.474401046669186,0.0,False,True,True,False
2025-04-04 00:00:00-04:00,193.88999938964844,199.8800048828125,187.33999633789062,188.3800048828125,187.92002868652344,125910900,219.48174683895286,236.1056699436605,202.85782373424522,33.247846209415286,8.311961552353822,0.0,False,False,False,False
2025-04-07 00:00:00-04:00,177.1999969482422,194.14999389648438,174.6199951171875,181.4600067138672,181.0169219970703,160466300,216.4757678170273,235.34329836712357,197.60823726693104,37.735061100192524,9.433765275048131,0.0,False,False,False,False
2025-04-08 00:00:00-04:00,186.6999969482422,190.33999633789062,169.2100067138672,172.4199981689453,171.9989776611328,120859500,213.21306497729455,234.41984039718588,192.00628955740322,42.41355083978266,10.603387709945665,0.0,False,False,False,False
2025-04-09 00:00:00-04:00,171.9499969482422,200.61000061035156,171.88999938964844,198.85000610351562,198.3644561767578,184395900,211.31614306539544,236.14624118743825,186.48604494335262,49.660196244085625,12.415049061021406,0.2489712505241159,False,False,False,False
2025-04-10 00:00:00-04:00,189.07000732421875,194.77999877929688,183.0,190.4199981689453,189.9550323486328,121880000,209.48979772517475,235.0068872557164,183.9727081946331,51.03417906108331,12.758544765270827,0.12633278506538506,False,False,False,False
2025-04-11 00:00:00-04:00,186.10000610351562,199.5399932861328,186.05999755859375,198.14999389648438,197.66615295410156,87435900,208.2475919353327,233.90897165832803,182.5862122123374,51.32275944599064,12.83068986149766,0.30325301780636893,False,False,False,False
2025-04-14 00:00:00-04:00,211.44000244140625,212.94000244140625,201.16000366210938,202.52000427246094,202.02549743652344,101352900,208.02195956227655,234.0752030219567,181.9687161025964,52.10648691936029,13.026621729840073,0.3944093986161376,False,False,False,False
2025-04-15 00:00:00-04:00,201.86000061035156,203.50999450683594,199.8000030517578,202.13999938964844,201.6464080810547,51343900,207.50485173620467,231.69476914093244,183.3149343314769,48.37983480945553,12.094958702363883,0.3891097423609287,False,False,False,False
2025-04-16 00:00:00-04:00,198.36000061035156,200.6999969482422,192.3699951171875,194.27000427246094,193.79563903808594,59732400,206.52778065646237,230.25270717520954,182.8028541377152,47.449853037494336,11.862463259373584,0.24166882299265552,False,False,False,False
2025-04-17 00:00:00-04:00,197.1999969482422,198.8300018310547,194.4199981689453,196.97999572753906,196.4990234375,52164700,205.71240992752212,227.97684330611332,183.4479765489309,44.52886675718241,11.132216689295603,0.3038931857933588,False,False,False,False
2025-04-21 00:00:00-04:00,193.27000427246094,193.8000030517578,189.80999755859375,193.16000366210938,192.6883544921875,46742500,204.59109810779697,226.06308778231812,183.1191084332758,42.94397934904231,10.735994837260577,0.2338138053584334,False,False,False,False
2025-04-22 00:00:00-04:00,196.1199951171875,201.58999633789062,195.97000122070312,199.74000549316406,199.25228881835938,52976400,204.13350668358493,225.1442959258102,183.12271744135964,42.02157848445057,10.505394621112643,0.39544654558736747,False,False,False,False
2025-04-23 00:00:00-04:00,206.0,208.0,202.8000030517578,204.60000610351562,204.1004180908203,52929200,204.2168258253771,224.77853504474706,183.65511660600714,41.12341843873992,10.28085460968498,0.5093178119107324,False,False,False,True
2025-04-24 00:00:00-04:00,204.88999938964844,208.8300018310547,202.94000244140625,208.3699951171875,207.8612060546875,47311000,204.42486810075255,224.10840627611518,184.74132992538992,39.367076350725256,9.841769087681314,0.6002138685963727,False,False,False,False
2025-04-25 00:00:00-04:00,206.3699951171875,209.75,206.1999969482422,209.27999877929688,208.76898193359375,38222300,204.75696230701035,223.1821472751883,186.3317773388324,36.85036993635589,9.212592484088972,0.622740598808051,False,False,False,False
2025-04-28 00:00:00-04:00,210.0,211.5,207.4600067138672,210.13999938964844,209.62689208984375,38743100,205.16888228430156,222.55954741288826,187.77821715571486,34.78133025717341,8.695332564293352,0.6429248699975073,False,False,False,False
2025-04-29 00:00:00-04:00,208.69000244140625,212.24000549316406,208.3699951171875,211.2100067138672,210.6942901611328,36827600,205.6220311862825,222.04763187720584,189.19643049535915,32.85120138184669,8.212800345461673,0.6700995790879222,False,False,False,False
2025-04-30 00:00:00-04:00,209.3000030517578,213.5800018310547,206.6699981689453,212.5,211.9811248779297,52286500,206.06325080964783,222.2282921639007,189.89820945539495,32.330082708505756,8.082520677126439,0.6990947331742743,False,False,False,False
2025-05-01 00:00:00-04:00,209.0800018310547,214.55999755859375,208.89999389648438,213.32000732421875,212.79913330078125,57365700,206.57964654160207,222.26018449285155,190.8991085903526,31.361075902498953,7.840268975624738,0.7149276001745712,False,False,False,False
2025-05-02 00:00:00-04:00,206.08999633789062,206.99000549316406,202.16000366210938,205.35000610351562,204.8485870361328,101010600,206.43412086476823,222.77860575331465,190.0896359762218,32.68896977709284,8.17224244427321,0.4668354564660428,False,False,True,False
2025-05-05 00:00:00-04:00,203.10000610351562,204.10000610351562,198.2100067138672,198.88999938964844,198.40435791015625,69018500,205.93127779845506,222.06931407607652,189.7932415208336,32.27607255524293,8.069018138810733,0.2818421557717427,False,False,False,False
2025-05-06 00:00:00-04:00,198.2100067138672,200.64999389648438,197.02000427246094,198.50999450683594,198.02528381347656,51216500,205.33089333402216,220.58112390868615,190.08066275935818,30.500461149327975,7.625115287331994,0.2763673541264961,False,False,False,False
2025-05-07 00:00:00-04:00,199.1699981689453,199.44000244140625,193.25,196.25,195.7707977294922,68536700,204.57943006844826,219.5426380739271,189.61622206296943,29.926416010957666,7.481604002739417,0.22166964245239357,False,False,False,False
2025-05-08 00:00:00-04:00,197.72000122070312,200.0500030517578,194.67999267578125,197.49000549316406,197.00778198242188,50478900,203.98169981887486,218.52258909900112,189.4408105387486,29.08177856025253,7.270444640063133,0.276777946635516,False,False,False,False
2025-05-09 00:00:00-04:00,199.0,200.5399932861328,197.5399932861328,198.52999877929688,198.0452423095703,36453900,203.5557244270676,217.252522337775,189.85892651636019,27.393595821414806,6.8483989553537015,0.3165364751478929,False,False,False,False
2025-05-12 00:00:00-04:00,210.97000122070312,211.27000427246094,206.75,210.7899932861328,210.55104064941406,63775800,204.0596917681062,218.93481098637568,189.18457254983673,29.75023843653895,7.437559609134738,0.7262268093206445,False,False,False,True
2025-05-13 00:00:00-04:00,210.42999267578125,213.39999389648438,209.0,212.92999267578125,212.68861389160156,51909300,204.70277263666028,218.97037871239968,190.4351665609209,28.535212151478788,7.133803037869697,0.7883181661817293,False,False,False,False
2025-05-14 00:00:00-04:00,212.42999267578125,213.94000244140625,210.5800018310547,212.3300018310547,212.08929443359375,49325800,205.33448619759181,218.84733178782759,191.82164060735604,27.02569118047154,6.756422795117885,0.7588468722871278,False,False,False,False
2025-05-15 00:00:00-04:00,210.9499969482422,212.9600067138672,209.5399932861328,211.4499969482422,211.21029663085938,45029500,205.83300115191034,218.6785648686694,192.98743743515126,25.691127433518147,6.422781858379537,0.7186356286179791,False,False,False,False
2025-05-16 00:00:00-04:00,212.36000061035156,212.57000732421875,209.77000427246094,211.25999450683594,211.0205078125,54737900,206.2802512254599,218.4012591808946,194.15924327002517,24.24201591086944,6.06050397771736,0.7054178703489452,False,False,False,False
2025-05-19 00:00:00-04:00,207.91000366210938,209.47999572753906,204.25999450683594,208.77999877929688,208.54331970214844,46140500,206.38245220705133,218.69135936694258,194.07354504716008,24.617814319782497,6.154453579945624,0.5973907163772421,False,False,False,False
2025-05-20 00:00:00-04:00,207.6699981689453,208.47000122070312,205.02999877929688,206.86000061035156,206.62550354003906,42496600,206.4161367623068,218.24415320620892,194.58812031840466,23.65603288780426,5.914008221951065,0.5187632410789217,False,False,False,False
2025-05-21 00:00:00-04:00,205.1699981689453,207.0399932861328,200.7100067138672,202.08999633789062,201.86090087890625,59211800,206.1547919303893,218.06600404435434,194.24357981642427,23.82242422793007,5.955606056982518,0.3293710348868272,False,False,True,False
2025-05-22 00:00:00-04:00,200.7100067138672,202.75,199.6999969482422,201.36000061035156,201.13172912597656,46742400,205.74772586837335,217.07781738129344,194.41763435545326,22.660183025840183,5.665045756460046,0.3063684987443255,False,False,False,False
2025-05-23 00:00:00-04:00,193.6699981689453,197.6999969482422,193.4600067138672,195.27000427246094,195.04864501953125,78432900,204.89180448863584,216.6688856295608,193.11472334771088,23.554162281849926,5.888540570462482,0.0915031873755429,False,False,False,False
2025-05-27 00:00:00-04:00,198.3000030517578,200.74000549316406,197.42999267578125,200.2100067138672,199.98304748535156,56288500,204.43915425021655,216.13252752118964,192.74578097924345,23.386746541946195,5.846686635486549,0.3191647765641959,False,False,False,False
2025-05-28 00:00:00-04:00,200.58999633789062,202.72999572753906,199.89999389648438,200.4199981689453,200.1927947998047,45339700,204.15394661250318,215.2439829225899,193.06391030241645,22.180072620173462,5.5450181550433655,0.33165301090305166,False,False,False,False
2025-05-29 00:00:00-04:00,203.5800018310547,203.80999755859375,198.50999450683594,199.9499969482422,199.72332763671875,51396800,203.87083964517436,214.91187293460396,192.82980635574475,22.082066578859212,5.520516644714803,0.32244222102446335,False,False,False,False
2025-05-30 00:00:00-04:00,199.3699951171875,201.9600067138672,196.77999877929688,200.85000610351562,200.622314453125,70819900,203.53688110798427,214.509812655385,192.56394956058355,21.94586309480144,5.48646577370036,0.3775680412813148,False,False,False,False
2025-06-02 00:00:00-04:00,200.27999877929688,202.1300048828125,200.1199951171875,201.6999969482422,201.47134399414062,35423300,203.3518631531034,213.62950349888905,193.07422280731777,20.555280691571284,5.138820172892821,0.41963786680185927,False,False,False,False
2025-06-03 00:00:00-04:00,201.35000610351562,203.77000427246094,200.9600067138672,203.27000427246094,203.03956604003906,46381600,203.2947638697556,213.10663969268143,193.48288804682977,19.623751645851655,4.905937911462914,0.4987382842108127,False,False,False,False
2025-06-04 00:00:00-04:00,202.91000366210938,206.24000549316406,202.10000610351562,202.82000732421875,202.590087890625,43604000,203.33020073952315,212.98888885808609,193.67151262096021,19.31737623712587,4.829344059281468,0.4735888865526228,False,False,False,False
2025-06-05 00:00:00-04:00,203.5,204.75,200.14999389648438,200.6300048828125,200.40257263183594,55126100,203.20629508843223,212.819115615842,193.59347456102245,19.22564105481956,4.80641026370489,0.365997175424541,False,False,False,False
2025-06-06 00:00:00-04:00,203.0,205.6999969482422,202.0500030517578,203.9199981689453,203.68882751464844,46607700,203.2632704468669,212.92880733462164,193.59773355911216,19.33107377550948,4.83276844387737,0.5339726457880691,False,False,False,True
2025-06-09 00:00:00-04:00,204.38999938964844,206.0,200.02000427246094,201.4499969482422,201.2216339111328,72862600,203.19883127686973,213.0938136213568,193.30384893238266,19.789964688974123,4.947491172243531,0.41163024512105917,False,False,True,False
2025-06-10 00:00:00-04:00,200.60000610351562,204.35000610351562,200.57000732421875,202.6699981689453,202.44024658203125,54672600,203.14309565926055,212.8045795251583,193.48161179336282,19.322967731795472,4.830741932948868,0.4755163131832607,False,False,False,False
2025-06-11 00:00:00-04:00,203.5,204.5,198.41000366210938,198.77999877929688,198.55465698242188,60989900,202.92811553325012,212.8414502801362,193.01478078636404,19.826669493772158,4.9566673734430395,0.2907809601982708,False,False,False,False
2025-06-12 00:00:00-04:00,199.0800018310547,199.67999267578125,197.36000061035156,199.1999969482422,198.97418212890625,43904600,202.57966118976748,211.9656608750509,193.19366150448406,18.771999370566846,4.692999842641711,0.31996247843347136,False,False,False,False
2025-06-13 00:00:00-04:00,199.72999572753906,200.3699951171875,195.6999969482422,196.4499969482422,196.227294921875,51447300,202.15691134099995,211.5383106915441,192.7755119904558,18.762798701088286,4.6906996752720715,0.19583885199244008,False,False,False,False
2025-06-16 00:00:00-04:00,197.3000030517578,198.69000244140625,196.55999755859375,198.4199981689453,198.195068359375,43020700,201.80133534505399,210.69259585917652,192.91007483093145,17.78252102824507,4.445630257061268,0.30985051721643475,False,False,False,False
2025-06-17 00:00:00-04:00,197.1999969482422,198.38999938964844,195.2100067138672,195.63999938964844,195.418212890625,38856200,201.35233532999848,209.99646808372438,192.70820257627258,17.288265507451797,4.322066376862949,0.16958305112286456,False,False,False,False
2025-06-18 00:00:00-04:00,195.94000244140625,197.57000732421875,195.07000732421875,196.5800018310547,196.35714721679688,45394700,200.9401967324845,209.21991621083782,192.6604772541312,16.55943895670663,4.139859739176657,0.23669428578895618,False,False,False,False
2025-06-20 00:00:00-04:00,198.24000549316406,201.6999969482422,196.86000061035156,201.0,200.7721405029297,96813500,200.84962471473838,209.32537126869386,192.3738781607829,16.95149310791095,4.237873276977737,0.5088709168156662,False,False,False,True
2025-06-23 00:00:00-04:00,201.6300048828125,202.3000030517578,198.9600067138672,201.5,201.27157592773438,55814300,200.85548959311086,209.15166075924893,192.5593184269728,16.592342332276132,4.148085583069033,0.5388438469977449,False,False,False,False
2025-06-24 00:00:00-04:00,202.58999633789062,203.44000244140625,200.1999969482422,200.3000030517578,200.07293701171875,54064000,200.89364330594623,209.0081984541033,192.77908815778915,16.22911029631416,4.05727757407854,0.46342126935182404,False,False,True,False
2025-06-25 00:00:00-04:00,201.4499969482422,203.6699981689453,200.6199951171875,201.55999755859375,201.33151245117188,39525700,200.98167277613754,208.9587714329164,193.0045741193587,15.9541973135577,3.988549328389425,0.536249067946825,False,False,False,True
2025-06-26 00:00:00-04:00,201.42999267578125,202.63999938964844,199.4600067138672,201.0,200.7721405029297,50799100,200.98597799211262,208.80136531836985,193.1705906658554,15.630774652514447,3.9076936631286117,0.500897076965096,False,False,False,False
2025-06-27 00:00:00-04:00,201.88999938964844,203.22000122070312,200.0,201.0800018310547,200.85205078125,73188600,201.02325768865208,208.7011065264242,193.34540885087995,15.355697675544263,3.838924418886066,0.5036953151593352,False,False,False,False
2025-06-30 00:00:00-04:00,202.00999450683594,207.38999938964844,199.25999450683594,205.1699981689453,204.93740844726562,91912800,201.26631932752633,209.80238425808375,192.73025439696892,17.07212986111483,4.268032465278708,0.7286579866235896,False,False,False,False
2025-07-01 00:00:00-04:00,206.6699981689453,210.19000244140625,206.13999938964844,207.82000732421875,207.58441162109375,78788900,201.8316263045456,210.51808559653946,193.14516701255175,17.372918583987712,4.343229645996928,0.8446963151713909,False,False,False,False
2025-07-02 00:00:00-04:00,208.91000366210938,213.33999633789062,208.13999938964844,212.44000244140625,212.1991729736328,67941800,202.62121295052637,211.54302411605522,193.69940178499752,17.843622331057702,4.4609055827644255,1.0,False,False,False,False
2025-07-03 00:00:00-04:00,212.14999389648438,214.64999389648438,211.80999755859375,213.5500030517578,213.30792236328125,34955800,203.5141672742835,212.11179659083757,194.91653795772942,17.195258633108153,4.298814658277038,1.0,False,False,False,False
2025-07-07 00:00:00-04:00,212.67999267578125,216.22999572753906,208.8000030517578,209.9499969482422,209.7119903564453,50229000,204.19298654941372,213.41685146946864,194.9691216293588,18.447729840109844,4.611932460027461,0.8120714824385238,False,False,False,False
2025-07-08 00:00:00-04:00,210.10000610351562,211.42999267578125,208.4499969482422,210.00999450683594,209.7719268798828,42848900,204.67384834059754,213.57132591415478,195.7763707670403,17.79495514711448,4.44873878677862,0.7998684808207381,False,False,False,False
2025-07-09 00:00:00-04:00,209.52999877929688,211.3300018310547,207.22000122070312,211.13999938964844,210.90065002441406,48749400,205.10908326892013,213.93881320719197,196.2793533306483,17.65945987654368,4.41486496913592,0.8415119240843215,False,False,False,False
2025-07-10 00:00:00-04:00,210.50999450683594,213.47999572753906,210.02999877929688,212.41000366210938,212.16920471191406,44443600,205.68110405675858,214.31786039085168,197.0443477226655,17.273512668186186,4.318378167046546,0.8895501589403912,False,False,False,False
2025-07-11 00:00:00-04:00,210.57000732421875,212.1300048828125,209.86000061035156,211.16000366210938,210.92062377929688,39765800,206.12851230634183,214.41159361737718,197.8454309953065,16.566162622070692,4.141540655517673,0.8037209926373782,False,False,False,False
2025-07-14 00:00:00-04:00,209.92999267578125,210.91000366210938,207.5399932861328,208.6199951171875,208.3834991455078,38840100,206.36974717151972,214.54852242664685,198.19097191639258,16.35755051025427,4.089387627563568,0.6375663149722288,False,False,False,False
2025-07-15 00:00:00-04:00,209.22000122070312,211.88999938964844,208.9199981689453,209.11000061035156,208.87295532226562,42296300,206.6700459674749,214.68494455158148,198.6551473833683,16.02979716821318,4.007449292053295,0.6522136941142999,False,False,False,False
2025-07-16 00:00:00-04:00,210.3000030517578,212.39999389648438,208.63999938964844,210.16000366210938,209.92176818847656,47490500,206.98087538541427,214.94628301247738,199.01546775835115,15.93081525412623,3.9827038135315576,0.6995584171922203,False,False,False,False
2025-07-17 00:00:00-04:00,210.57000732421875,211.8000030517578,209.58999633789062,210.02000427246094,209.78192138671875,48068100,207.27163587168835,214.88250407881858,199.6607676645581,15.221736414260477,3.805434103565119,0.6805555112751646,False,False,False,False
2025-07-18 00:00:00-04:00,210.8699951171875,211.7899932861328,209.6999969482422,211.17999267578125,210.9405975341797,48974600,207.57316574099644,214.8409463949918,200.3053850870011,14.53556130799069,3.6338903269976726,0.7481381254126053,False,False,False,False
2025-07-21 00:00:00-04:00,212.10000610351562,215.77999877929688,211.6300048828125,212.47999572753906,212.23912048339844,51377400,208.05012413451473,215.51112794381368,200.5891203252158,14.922007618597888,3.730501904649472,0.7968683374416192,False,False,False,False
2025-07-22 00:00:00-04:00,213.13999938964844,214.9499969482422,212.22999572753906,214.39999389648438,214.15695190429688,46404100,208.53428008364588,215.79318375615554,201.27537641113622,14.517807345019321,3.6294518362548303,0.9040357936593548,False,False,False,False
2025-07-23 00:00:00-04:00,215.0,215.14999389648438,212.41000366210938,214.14999389648438,213.9072265625,46989300,208.98170095042755,216.06271230256127,201.90068959829384,14.162022704267429,3.540505676066857,0.8649403093033784,False,False,False,False
2025-07-24 00:00:00-04:00,213.89999389648438,215.69000244140625,213.52999877929688,213.75999450683594,213.51766967773438,46022600,209.42711464143468,216.23202559077689,202.62220369209248,13.609821898684402,3.4024554746711004,0.8183641856342068,False,False,False,False
2025-07-25 00:00:00-04:00,214.6999969482422,215.24000549316406,213.39999389648438,213.8800048828125,213.63754272460938,40268800,209.82263298443902,216.31505515818296,203.3302108106951,12.984844347487865,3.2462110868719662,0.812469814022718,False,False,False,False
2025-07-28 00:00:00-04:00,214.02999877929688,214.85000610351562,213.05999755859375,214.0500030517578,213.80735778808594,37858000,210.16963597778764,216.37081764314155,203.96845431243372,12.402363330707828,3.100590832676957,0.8128731976721341,False,False,False,False
2025-07-29 00:00:00-04:00,214.17999267578125,214.80999755859375,210.82000732421875,211.27000427246094,211.03050231933594,51411700,210.34716656728514,216.72622811297867,203.9681050215916,12.758123091387063,3.1895307728467657,0.5723333439068947,False,False,False,False
2025-07-30 00:00:00-04:00,211.89999389648438,212.38999938964844,207.72000122070312,209.0500030517578,208.81301879882812,45512500,210.2949027884033,216.97005781331654,203.61974776349007,13.350310049826476,3.337577512456619,0.4067512490721761,False,False,True,False
2025-07-31 00:00:00-04:00,208.49000549316406,209.83999633789062,207.16000366210938,207.57000732421875,207.33470153808594,80698400,210.11949442615355,216.66313248373172,203.5758563685754,13.087276115156328,3.271819028789082,0.30519345053152436,False,False,False,False
2025-08-01 00:00:00-04:00,210.8699951171875,213.5800018310547,201.5,202.3800048828125,202.1505889892578,104434500,209.7612034104704,218.06647802850168,201.4559287924391,16.61054923606258,4.152637309015645,0.055631880514051574,False,False,False,False
2025-08-04 00:00:00-04:00,204.50999450683594,207.8800048828125,201.67999267578125,203.35000610351562,203.11949157714844,75109300,209.30638100576755,218.02113060340196,200.59163140813314,17.429499195268818,4.3573747988172045,0.15825897603135022,False,False,False,False
2025-08-05 00:00:00-04:00,203.39999389648438,205.33999633789062,202.16000366210938,202.9199981689453,202.68995666503906,44155100,208.82029364886873,217.29956682189595,200.3410204758415,16.958546346054447,4.239636586513612,0.15207539847327955,False,False,False,False
2025-08-06 00:00:00-04:00,205.6300048828125,215.3800048828125,205.58999633789062,213.25,213.0082550048828,108483100,209.03582476759362,219.15917196609155,198.9124775690957,20.24669439699585,5.061673599248962,0.7081413958138106,False,False,False,True
2025-08-07 00:00:00-04:00,218.8800048828125,220.85000610351562,216.5800018310547,220.02999877929688,219.7805633544922,90224800,209.87895066790156,220.50996436725282,199.2479369685503,21.262027398702514,5.315506849675629,0.9774261607815803,False,False,False,False
2025-08-08 00:00:00-04:00,220.8300018310547,231.0,219.25,229.35000610351562,229.0900115966797,113854000,211.26681605956298,223.18472838897912,199.34890373014684,23.83582465883228,5.95895616470807,1.0,True,False,False,False
2025-08-11 00:00:00-04:00,227.9199981689453,229.55999755859375,224.75999450683594,227.17999267578125,227.17999267578125,61806100,212.59180318629967,224.27792489312574,200.9056814794736,23.372243413652143,5.843060853413036,1.0,False,False,False,False
2025-08-12 00:00:00-04:00,228.00999450683594,230.8000030517578,227.07000732421875,229.64999389648438,229.64999389648438,55626200,213.9735974838986,225.2371061655499,202.7100888022473,22.527017363302605,5.631754340825651,1.0,False,False,False,False
2025-08-13 00:00:00-04:00,231.07000732421875,235.0,230.42999267578125,233.3300018310547,233.3300018310547,69878500,215.5524642076525,226.75962324184178,204.3453051734632,22.414318068378577,5.603579517094644,1.0,False,False,False,False
2025-08-14 00:00:00-04:00,234.05999755859375,235.1199951171875,230.85000610351562,232.77999877929688,232.77999877929688,51916300,216.999481079237,227.93992201274173,206.05904014573227,21.880881867009464,5.470220466752366,1.0,False,False,False,False
2025-08-15 00:00:00-04:00,234.0,234.27999877929688,229.33999633789062,231.58999633789062,231.58999633789062,56038700,218.22757964083053,229.06197696926603,207.39318231239503,21.668794656871,5.41719866421775,1.0,False,False,False,False
2025-08-18 00:00:00-04:00,231.6999969482422,233.1199951171875,230.11000061035156,230.88999938964844,230.88999938964844,37476200,219.32305897957207,229.6760154765312,208.97010248261293,20.705912993918275,5.176478248479569,1.0,False,False,False,False
2025-08-19 00:00:00-04:00,231.27999877929688,232.8699951171875,229.35000610351562,230.55999755859375,230.55999755859375,39402600,220.29002625292154,230.31168490291913,210.26836760292395,20.04331729999518,5.010829324998795,1.0,False,False,False,False
2025-08-20 00:00:00-04:00,229.97999572753906,230.47000122070312,225.77000427246094,226.00999450683594,226.00999450683594,42263900,220.88391295406694,230.86140439629136,210.90642151184252,19.95498288444884,4.98874572111221,0.7568822826084112,False,False,False,False
2025-08-21 00:00:00-04:00,226.27000427246094,226.52000427246094,223.77999877929688,224.89999389648438,224.89999389648438,30621200,221.2324756786792,230.76021907531398,211.70473228204443,19.05548679326955,4.763871698317388,0.6924652074016049,False,False,False,False
2025-08-22 00:00:00-04:00,226.1699981689453,229.08999633789062,225.41000366210938,227.75999450683594,227.75999450683594,42477800,221.74810255286803,231.1610720981206,212.33513300761547,18.82593909050513,4.706484772626283,0.8193408798926798,False,False,False,False
2025-08-25 00:00:00-04:00,226.47999572753906,229.3000030517578,226.22999572753906,227.16000366210938,227.16000366210938,30983100,222.23270518572363,231.31837924129468,213.14703113015258,18.171348111142095,4.542837027785524,0.7711575633381037,False,False,False,False
2025-08-26 00:00:00-04:00,226.8699951171875,229.49000549316406,224.69000244140625,229.30999755859375,229.30999755859375,54575100,222.69914657283456,231.83625383320006,213.56203931246907,18.274214520730993,4.568553630182748,0.8617584207660238,False,False,False,False
2025-08-27 00:00:00-04:00,228.61000061035156,230.89999389648438,228.25999450683594,230.49000549316406,230.49000549316406,31259500,223.297828633334,232.04922504559264,214.54643222107538,17.502792824517257,4.375698206129314,0.9109159567812243,False,False,False,False
2025-08-28 00:00:00-04:00,230.82000732421875,233.41000366210938,229.33999633789062,232.55999755859375,232.55999755859375,38074700,224.00384284607264,232.69410108194916,215.31358461019613,17.380516471753026,4.3451291179382565,0.9922842613121795,False,False,False,False
2025-08-29 00:00:00-04:00,232.50999450683594,233.3800048828125,231.3699951171875,232.13999938964844,232.13999938964844,39418400,224.6949114808346,232.91814584624848,216.47167711542073,16.446468730827746,4.1116171827069365,0.952686107313635,False,False,False,False
2025-09-02 00:00:00-04:00,229.25,230.85000610351562,226.97000122070312,229.72000122070312,229.72000122070312,44075600,225.06866909479064,233.50357965745218,216.6337585321291,16.869821125323085,4.217455281330771,0.7757191135198482,False,False,False,False
2025-09-03 00:00:00-04:00,237.2100067138672,238.85000610351562,234.36000061035156,238.47000122070312,238.47000122070312,66427800,226.08183577951834,235.49925626247625,216.66441529656043,18.834840965915816,4.708710241478954,1.0,True,False,False,False
2025-09-04 00:00:00-04:00,238.4499969482422,239.89999389648438,236.74000549316406,239.77999877929688,239.77999877929688,47549400,227.14223830258473,236.2499144179109,218.03456218725856,18.215352230652343,4.553838057663086,1.0,False,False,False,False
2025-09-05 00:00:00-04:00,240.0,241.32000732421875,238.49000549316406,239.69000244140625,239.69000244140625,54870400,228.19982997900237,236.96273884900685,219.4369211089979,17.52581774000896,4.38145443500224,1.0,False,False,False,False
2025-09-08 00:00:00-04:00,239.3000030517578,240.14999389648438,236.33999633789062,237.8800048828125,237.8800048828125,48999500,229.02678845622958,237.67540595095238,220.37817096150678,17.2972349894456,4.3243087473614,1.0,False,False,False,False
2025-09-09 00:00:00-04:00,237.0,238.77999877929688,233.36000061035156,234.35000610351562,234.35000610351562,66313900,229.56594512635388,238.43370050539346,220.6981897473143,17.735510758079158,4.4338776895197896,0.769744753473335,False,False,False,False
2025-09-10 00:00:00-04:00,232.19000244140625,232.4199981689453,225.9499969482422,226.7899932861328,226.7899932861328,83440800,229.46767159924994,239.12865327144024,219.80668992705964,19.321963344380606,4.8304908360951515,0.36141789706397126,False,False,True,False
2025-09-11 00:00:00-04:00,226.8800048828125,230.4499969482422,226.64999389648438,230.02999877929688,230.02999877929688,50208600,229.43230978886865,238.8871939041915,219.9774256735458,18.909768230645682,4.7274420576614204,0.5316074202041035,False,False,False,True
2025-09-12 00:00:00-04:00,229.22000122070312,234.50999450683594,229.02000427246094,234.07000732421875,234.07000732421875,55824200,229.69072858711613,239.29812233778168,220.08333483645058,19.214787501331102,4.803696875332776,0.7279119004984702,False,False,False,False
2025-09-15 00:00:00-04:00,237.0,238.19000244140625,235.02999877929688,236.6999969482422,236.6999969482422,42699500,230.26983448732713,239.74048788636364,220.79918108829062,18.941306798073015,4.735326699518254,0.8394782909893643,False,False,False,False
2025-09-16 00:00:00-04:00,237.17999267578125,241.22000122070312,236.32000732421875,238.14999389648438,238.14999389648438,63421100,230.9609594589778,240.46454629740754,221.45737262054809,19.007173676859452,4.751793419214863,0.8782274292710311,False,False,False,False
2025-09-17 00:00:00-04:00,238.97000122070312,240.10000610351562,237.72999572753906,238.99000549316406,238.99000549316406,46508000,231.62587970751352,240.6531099372956,222.59864947773144,18.054460459564154,4.513615114891039,0.9078840130472843,False,False,False,False
2025-09-18 00:00:00-04:00,239.97000122070312,241.1999969482422,236.64999389648438,237.8800048828125,237.8800048828125,44249600,232.20511183543013,241.23961965258556,223.1706040182747,18.06901563431086,4.517253908577715,0.8140676372323481,False,False,False,False
2025-09-19 00:00:00-04:00,241.22999572753906,246.3000030517578,240.2100067138672,245.5,245.5,163741300,233.18829723152277,243.0033539007517,223.37324056229383,19.630113338457875,4.907528334614469,1.0,True,False,False,False
2025-09-22 00:00:00-04:00,248.3000030517578,256.6400146484375,248.1199951171875,256.0799865722656,256.0799865722656,105517400,234.89038347161505,245.9519374036086,223.8288295396215,22.123107863987116,5.530776965996779,1.0,False,False,False,False
2025-09-23 00:00:00-04:00,255.8800048828125,257.3399963378906,253.5800018310547,254.42999267578125,254.42999267578125,60275200,236.57590681688953,247.2833042570509,225.86850937672816,21.414794880322745,5.353698720080686,1.0,False,False,False,False
2025-09-24 00:00:00-04:00,255.22000122070312,255.74000549316406,251.0399932861328,252.30999755859375,252.30999755859375,42303700,237.94708114709013,248.52374128464163,227.37042100953863,21.153320275103,5.28833006877575,1.0,False,False,False,False
2025-09-25 00:00:00-04:00,253.2100067138672,257.1700134277344,251.7100067138672,256.8699951171875,256.8699951171875,55202100,239.38899147535454,249.99998694192433,228.77799600878475,21.22199093313958,5.305497733284895,1.0,False,False,False,False
2025-09-26 00:00:00-04:00,254.10000610351562,257.6000061035156,253.77999877929688,255.4600067138672,255.4600067138672,46076300,240.74102028564943,251.05491767040598,230.42712290089287,20.627794769513116,5.156948692378279,1.0,False,False,False,False
2025-09-29 00:00:00-04:00,254.55999755859375,255.0,253.00999450683594,254.42999267578125,254.42999267578125,40127700,241.8581571280291,251.63066721571624,232.08564704034194,19.545020175374304,4.886255043843576,1.0,False,False,False,False
2025-09-30 00:00:00-04:00,254.86000061035156,255.9199981689453,253.11000061035156,254.6300048828125,254.6300048828125,37704300,242.91608858019634,252.27334717083352,233.55882998955917,18.714517181274346,4.678629295318586,1.0,False,False,False,False
2025-10-01 00:00:00-04:00,255.0399932861328,258.7900085449219,254.92999267578125,255.4499969482422,255.4499969482422,48713900,244.038914480984,253.29244794497936,234.78538101698865,18.507066927990707,4.626766731997677,1.0,False,False,False,False
2025-10-02 00:00:00-04:00,256.5799865722656,258.17999267578125,254.14999389648438,257.1300048828125,257.1300048828125,42630200,245.07622692576527,254.21040679922044,235.9420470523101,18.268359746910335,4.567089936727584,1.0,False,False,False,False
2025-10-03 00:00:00-04:00,254.6699981689453,259.239990234375,253.9499969482422,258.0199890136719,258.0199890136719,49155600,246.07570735407063,255.35446789740686,236.7969468107344,18.557521086672466,4.6393802716681165,1.0,False,False,False,False
2025-10-06 00:00:00-04:00,257.989990234375,259.07000732421875,255.0500030517578,256.69000244140625,256.69000244140625,44664100,246.98078765282537,256.1356729963202,237.8259023093306,18.309770686989594,4.577442671747399,1.0,False,False,False,False
2025-10-07 00:00:00-04:00,256.80999755859375,257.3999938964844,255.42999267578125,256.4800109863281,256.4800109863281,31955800,247.76877750282864,256.4021745561146,239.1353804495427,17.266794106571865,4.316698526642966,1.0,False,False,False,False
2025-10-08 00:00:00-04:00,256.5199890136719,258.5199890136719,256.1099853515625,258.05999755859375,258.05999755859375,36496900,248.58498970881035,256.83704778918957,240.33293162843114,16.50411616075843,4.126029040189607,1.0,False,False,False,False
2025-10-09 00:00:00-04:00,257.80999755859375,258.0,253.13999938964844,254.0399932861328,254.0399932861328,38322000,249.1245736962923,257.53542560242266,240.7137217901619,16.82170381226075,4.205425953065188,0.7922069990471386,False,False,False,False
2025-10-10 00:00:00-04:00,254.94000244140625,256.3800048828125,244.0,245.27000427246094,245.27000427246094,61999100,249.07669280924773,259.12246050132757,239.0309251171679,20.09153538415967,5.022883846039917,0.31053272116833747,False,False,True,False
2025-10-13 00:00:00-04:00,249.3800048828125,249.69000244140625,245.55999755859375,247.66000366210938,247.66000366210938,38142900,248.95669073242456,258.88188128908547,239.03150017576365,19.850381113321816,4.962595278330454,0.4346769685220318,False,False,False,False
2025-10-14 00:00:00-04:00,246.60000610351562,248.85000610351562,244.6999969482422,247.77000427246094,247.77000427246094,35478000,248.80252226372858,258.56519559577805,239.03984893167907,19.525346664098976,4.881336666024744,0.44711909555152207,False,False,False,False
2025-10-15 00:00:00-04:00,249.49000549316406,251.82000732421875,247.47000122070312,249.33999633789062,249.33999633789062,33893600,248.86425665516265,258.52066387471035,239.20784943561497,19.312814439095376,4.828203609773844,0.5246333689078952,False,False,False,True
2025-10-16 00:00:00-04:00,248.25,249.0399932861328,245.1300048828125,247.4499969482422,247.4499969482422,39777000,248.72612402048762,258.25888880909616,239.19335923187907,19.06552957721709,4.766382394304273,0.43306626668422704,False,False,True,False
2025-10-17 00:00:00-04:00,248.02000427246094,253.3800048828125,247.27000427246094,252.2899932861328,252.2899932861328,49147000,248.91394708659715,258.7154355184151,239.11245865477915,19.602976863635973,4.900744215908993,0.6722210980005966,False,False,False,True
2025-10-20 00:00:00-04:00,255.88999938964844,264.3800048828125,255.6300048828125,262.239990234375,262.239990234375,90483000,249.9002848293807,261.13962673735284,238.66094292140855,22.478683815944294,5.619670953986073,1.0,True,False,False,False
2025-10-21 00:00:00-04:00,261.8800048828125,265.2900085449219,261.8299865722656,262.7699890136719,262.7699890136719,46695900,251.0166495416784,261.82406165338455,240.20923742997223,21.614824223412313,5.403706055853078,1.0,False,False,False,False
2025-10-22 00:00:00-04:00,262.6499938964844,262.8500061035156,255.42999267578125,258.45001220703125,258.45001220703125,45015300,251.6744290517143,262.8851026377967,240.46375546563186,22.421347172164843,5.605336793041211,0.8021934009267991,False,False,False,False
2025-10-23 00:00:00-04:00,259.94000244140625,260.6199951171875,258.010009765625,259.5799865722656,259.5799865722656,32754900,252.31850417115695,262.9301074689436,241.70690087337027,21.223206595573345,5.305801648893336,0.8421482219667622,False,False,False,False
2025-10-24 00:00:00-04:00,261.19000244140625,264.1300048828125,259.17999267578125,262.82000732421875,262.82000732421875,38253700,253.12890673697197,263.66935214638625,242.5884613275577,21.08089081882855,5.2702227047071375,0.9597102025020263,False,False,False,False
2025-10-27 00:00:00-04:00,264.8800048828125,269.1199951171875,264.6499938964844,268.80999755859375,268.80999755859375,44888200,254.3287196914539,265.0751181185205,243.5823212643873,21.49279685413319,5.373199213533297,1.0,True,False,False,False
2025-10-28 00:00:00-04:00,268.989990234375,269.8900146484375,268.1499938964844,269.0,269.0,41534800,255.5524377323028,265.57220046705334,245.53267499755225,20.039525469501086,5.009881367375272,1.0,False,False,False,False
2025-10-29 00:00:00-04:00,269.2799987792969,271.4100036621094,267.1099853515625,269.70001220703125,269.70001220703125,51086700,256.70695684407485,266.58474696745975,246.82916672068998,19.755580246769767,4.938895061692442,1.0,False,False,False,False
2025-10-30 00:00:00-04:00,271.989990234375,274.1400146484375,268.4800109863281,271.3999938964844,271.3999938964844,69886500,257.92637764960335,267.9483894930716,247.90436580613508,20.044023686936526,5.011005921734132,1.0,False,False,False,False
2025-10-31 00:00:00-04:00,276.989990234375,277.32000732421875,269.1600036621094,270.3699951171875,270.3699951171875,86096700,259.1227907927896,269.77460218433293,248.4709794012463,21.303622783086638,5.3259056957716595,1.0,False,False,False,False
