Date,Open,High,Low,Close,Adj Close,Volume,KC_Middle,KC_Upper,KC_Lower,KC_Width,KC_ATR,KC_PercentB,long_entry,short_entry,long_exit,short_exit
2023-06-06 00:00:00-04:00,179.97000122070312,180.1199951171875,177.42999267578125,179.2100067138672,176.73233032226562,64848400,,,,,,,False,False,False,False
2023-06-07 00:00:00-04:00,178.44000244140625,181.2100067138672,177.32000732421875,177.82000732421875,175.36160278320312,61944600,,,,,,,False,False,False,False
2023-06-08 00:00:00-04:00,177.89999389648438,180.83999633789062,177.4600067138672,180.57000732421875,178.07354736328125,50214900,,,,,,,False,False,False,False
2023-06-09 00:00:00-04:00,181.5,182.22999572753906,180.6300048828125,180.9600067138672,178.4581756591797,48900000,,,,,,,False,False,False,False
2023-06-12 00:00:00-04:00,181.27000427246094,183.88999938964844,180.97000122070312,183.7899932861328,181.24900817871094,54274900,,,,,,,False,False,False,False
2023-06-13 00:00:00-04:00,182.8000030517578,184.14999389648438,182.44000244140625,183.30999755859375,180.77566528320312,54929100,,,,,,,False,False,False,False
2023-06-14 00:00:00-04:00,183.3699951171875,184.38999938964844,182.02000427246094,183.9499969482422,181.40682983398438,57462900,,,,,,,False,False,False,False
2023-06-15 00:00:00-04:00,183.9600067138672,186.52000427246094,183.77999877929688,186.00999450683594,183.43832397460938,65433200,,,,,,,False,False,False,False
2023-06-16 00:00:00-04:00,186.72999572753906,186.99000549316406,184.27000427246094,184.9199981689453,182.3634033203125,101256200,,,,,,,False,False,False,False
2023-06-20 00:00:00-04:00,184.41000366210938,186.10000610351562,184.41000366210938,185.00999450683594,182.45216369628906,49799100,,,,,,,False,False,False,False
2023-06-21 00:00:00-04:00,184.89999389648438,185.41000366210938,182.58999633789062,183.9600067138672,181.41668701171875,49515700,,,,,,,False,False,False,False
2023-06-22 00:00:00-04:00,183.74000549316406,187.0500030517578,183.6699981689453,187.0,184.41465759277344,51245300,,,,,,,False,False,False,False
2023-06-23 00:00:00-04:00,185.5500030517578,187.55999755859375,185.00999450683594,186.67999267578125,184.0990753173828,53117000,,,,,,,False,False,False,False
2023-06-26 00:00:00-04:00,186.8300018310547,188.0500030517578,185.22999572753906,185.27000427246094,182.70858764648438,48088700,,,,,,,False,False,False,False
2023-06-27 00:00:00-04:00,185.88999938964844,188.38999938964844,185.6699981689453,188.05999755859375,185.45999145507812,50730800,,,,,,,False,False,False,False
2023-06-28 00:00:00-04:00,187.92999267578125,189.89999389648438,187.60000610351562,189.25,186.63352966308594,51216800,,,,,,,False,False,False,False
2023-06-29 00:00:00-04:00,189.0800018310547,190.07000732421875,188.94000244140625,189.58999633789062,186.96885681152344,46347300,,,,,,,False,False,False,False
2023-06-30 00:00:00-04:00,191.6300048828125,194.47999572753906,191.25999450683594,193.97000122070312,191.28829956054688,85213200,,,,,,,False,False,False,False
2023-07-03 00:00:00-04:00,193.77999877929688,193.8800048828125,191.75999450683594,192.4600067138672,189.79917907714844,31458200,,,,,,,False,False,False,False
2023-07-05 00:00:00-04:00,191.57000732421875,192.97999572753906,190.6199951171875,191.3300018310547,188.68479919433594,46920300,186.6576371950557,191.98831219884437,181.32696219126706,10.661350007577312,2.665337501894328,0.9382526258567815,False,False,False,False
2023-07-06 00:00:00-04:00,189.83999633789062,192.02000427246094,189.1999969482422,191.80999755859375,189.15814208984375,45094300,187.14833818205932,192.50994715031285,181.78672921380578,10.72321793650707,2.6808044841267673,0.9347257888570805,False,False,False,False
2023-07-07 00:00:00-04:00,191.41000366210938,192.6699981689453,190.24000549316406,190.67999267578125,188.04376220703125,46815000,187.48468622908047,192.7961328356649,182.17323962249603,10.62289321316888,2.65572330329222,0.8007943676530287,False,False,False,False
2023-07-10 00:00:00-04:00,189.25999450683594,189.99000549316406,187.0399932861328,188.61000061035156,186.00238037109375,59922200,187.59185902729678,193.10016085115245,182.0835572034411,11.01660364771135,2.7541509119278373,0.592418826674072,False,False,False,False
2023-07-11 00:00:00-04:00,189.16000366210938,189.3000030517578,186.60000610351562,188.0800018310547,185.47972106933594,46638100,187.63834881813088,193.13581984924943,182.14087778701233,10.9949420622371,2.748735515559275,0.5401687439937221,False,False,False,False
2023-07-12 00:00:00-04:00,189.67999267578125,191.6999969482422,188.47000122070312,189.77000427246094,187.14634704589844,60750200,187.84136362330517,193.51308657474937,182.16964067186098,11.34344590288839,2.8358614757220977,0.6700224663357962,False,False,False,False
2023-07-13 00:00:00-04:00,190.5,191.19000244140625,189.77999877929688,190.5399932861328,187.90567016601562,41342300,188.0983759721459,193.48692626223473,182.70982568205707,10.77710058017766,2.694275145044415,0.7265560477813282,False,False,False,False
2023-07-14 00:00:00-04:00,190.22999572753906,191.17999267578125,189.6300048828125,190.69000244140625,188.0536346435547,41616200,188.3451975406469,193.5048903603206,183.1855047209732,10.319385639347388,2.579846409836847,0.7272233040520081,False,False,False,False
2023-07-17 00:00:00-04:00,191.89999389648438,194.32000732421875,191.80999755859375,193.99000549316406,191.30799865722656,50520200,188.88279829802948,194.2525228122983,183.51307378376066,10.73944902853765,2.6848622571344123,0.9755557926261704,False,False,False,False
2023-07-18 00:00:00-04:00,193.35000610351562,194.3300018310547,192.4199981689453,193.72999572753906,191.0515899658203,48288200,189.34443614845895,194.55918894372277,184.12968335319513,10.42950559052764,2.60737639763191,0.920495443529288,False,False,False,False
2023-07-19 00:00:00-04:00,193.10000610351562,198.22999572753906,192.64999389648438,195.10000610351562,192.4026641845703,80507300,189.89258566798816,195.70186354993655,184.08330778603977,11.61855576389678,2.904638940974195,0.9481986006994846,False,False,False,False
2023-07-20 00:00:00-04:00,195.08999633789062,196.47000122070312,192.5,193.1300048828125,190.4598846435547,59581200,190.20091130749523,196.2232616453894,184.17856096960105,12.044700675788363,3.0111751689470907,0.7431852525156711,False,False,False,False
2023-07-21 00:00:00-04:00,194.10000610351562,194.97000122070312,191.22999572753906,191.94000244140625,189.28636169433594,71951700,190.36653903453438,196.53465543727194,184.19842263179683,12.336232805475106,3.0840582013687765,0.6275481284832374,False,False,False,False
2023-07-24 00:00:00-04:00,193.41000366210938,194.91000366210938,192.25,192.75,190.0851593017578,45377800,190.59353531695967,196.73884032356412,184.44823031035523,12.290610013208891,3.0726525033022227,0.6754562776560922,False,False,False,False
2023-07-25 00:00:00-04:00,193.3300018310547,194.44000244140625,192.9199981689453,193.6199951171875,190.94309997558594,37283200,190.88176958364804,196.75054457787328,185.0129945894228,11.737549988450496,2.934387497112624,0.733287656813715,False,False,False,False
2023-07-26 00:00:00-04:00,193.6699981689453,195.63999938964844,193.32000732421875,194.5,191.81094360351562,47471900,191.22636295663392,196.9722588645226,185.48046704874525,11.491791815777333,2.872947953944333,0.7848674163128879,False,False,False,False
2023-07-27 00:00:00-04:00,196.02000427246094,197.1999969482422,192.5500030517578,193.22000122070312,190.5486602783203,47460200,191.41623326749766,197.51753836389432,185.314928171101,12.202610192793315,3.050652548198329,0.647818206490833,False,False,False,False
2023-07-28 00:00:00-04:00,194.6699981689453,196.6300048828125,194.13999938964844,195.8300018310547,193.12254333496094,48291400,191.83659217831263,198.0097674974915,185.66341685913375,12.346350638357762,3.0865876595894406,0.8234485857169239,False,False,False,False
2023-07-31 00:00:00-04:00,196.05999755859375,196.49000549316406,195.25999450683594,196.4499969482422,193.7340087890625,38824100,192.27596406116308,198.07782404568968,186.47410407663648,11.603719969053202,2.9009299922633005,0.8597150653593104,False,False,False,False
2023-08-01 00:00:00-04:00,196.24000549316406,196.72999572753906,195.27999877929688,195.61000061035156,192.90560913085938,35175100,192.59349135156197,198.10516472728435,187.08181797583958,11.023346751444763,2.7558366878611906,0.7736473166277058,False,False,False,False
2023-08-02 00:00:00-04:00,195.0399932861328,195.17999267578125,191.85000610351562,192.5800018310547,189.9175262451172,50389300,192.59220663532318,198.30471157484052,186.87970169580584,11.42500987903469,2.8562524697586724,0.4989317467207719,False,False,True,False
2023-08-03 00:00:00-04:00,191.57000732421875,192.3699951171875,190.69000244140625,191.1699981689453,188.5270233154297,61235200,192.45675820995385,197.97601253344914,186.93750388645856,11.038508646990579,2.7596271617476447,0.38342990143334776,False,False,False,False
2023-08-04 00:00:00-04:00,185.52000427246094,187.3800048828125,181.9199981689453,181.99000549316406,179.4739227294922,115956800,191.45992461787864,198.2772535090244,184.64259572673288,13.634657782291526,3.4086644455728816,0.0,False,False,False,False
2023-08-07 00:00:00-04:00,182.1300048828125,183.1300048828125,177.35000610351562,178.85000610351562,176.37734985351562,97576100,190.25897999746311,197.55057575535366,182.96738423957257,14.583191515781095,3.645797878945274,0.0,False,False,False,False
2023-08-08 00:00:00-04:00,179.69000244140625,180.27000427246094,177.5800018310547,179.8000030517578,177.31419372558594,67823000,189.262886955015,196.36332362539775,182.16245028463226,14.200873340765497,3.5502183351913743,0.0,False,False,False,False
2023-08-09 00:00:00-04:00,180.8699951171875,180.92999267578125,177.00999450683594,178.19000244140625,175.7264862060547,60378500,188.20832652514753,195.38271916228106,181.033933888014,14.348785274267073,3.587196318566768,0.0,False,False,False,False
2023-08-10 00:00:00-04:00,179.47999572753906,180.75,177.60000610351562,177.97000122070312,175.509521484375,54686900,187.23324792472425,194.3202000774413,180.1462957720072,14.173904305434121,3.5434760763585302,0.0,False,False,False,False
2023-08-11 00:00:00-04:00,177.32000732421875,178.6199951171875,176.5500030517578,177.7899932861328,175.56874084472656,52036700,186.3338903400965,193.1261456906278,179.5416349895652,13.584510701062584,3.396127675265646,0.0,False,False,False,False
2023-08-14 00:00:00-04:00,177.97000122070312,179.69000244140625,177.30999755859375,179.4600067138672,177.21791076660156,43675600,185.67923475664608,192.26826554868674,179.09020396460542,13.17806158408132,3.29451539602033,0.028061998868519136,False,False,False,False
2023-08-15 00:00:00-04:00,178.8800048828125,179.47999572753906,177.0500030517578,177.4499969482422,175.23297119140625,43622600,184.89549782251237,191.31162407050522,178.47937157451952,12.8322524959857,3.208063123996425,0.0,False,False,False,False
2023-08-16 00:00:00-04:00,177.1300048828125,178.5399932861328,176.5,176.57000732421875,174.36399841308594,46964900,184.10259396553204,190.28510624595216,177.9200816851119,12.365024560840254,3.0912561402100636,0.0,False,False,False,False
2023-08-17 00:00:00-04:00,177.13999938964844,177.50999450683594,173.47999572753906,174.0,171.8260955810547,66062900,183.1404421592909,189.51070296752837,176.77018135105342,12.74052161647495,3.1851304041187376,0.0,False,False,False,False
2023-08-18 00:00:00-04:00,172.3000030517578,175.10000610351562,171.9600067138672,174.49000549316406,172.30999755859375,61172200,182.3165910482312,188.67782565357464,175.95535644288776,12.722469210686882,3.1806173026717204,0.0,False,False,False,False
2023-08-21 00:00:00-04:00,175.07000732421875,176.1300048828125,173.74000549316406,175.83999633789062,173.6431121826172,46311900,181.69977250438924,187.902883527128,175.49666148165048,12.406222045477534,3.1015555113693836,0.02767440845259611,False,False,False,False
2023-08-22 00:00:00-04:00,177.05999755859375,177.67999267578125,176.25,177.22999572753906,175.0157470703125,42038900,181.27407947802257,187.2248786660656,175.32328028997955,11.901598376086042,2.9753995940215106,0.16020666950001336,False,False,False,False
2023-08-23 00:00:00-04:00,178.52000427246094,181.5500030517578,178.3300018310547,181.1199951171875,178.8571319580078,52722800,181.25940477699066,187.47912551107314,175.0396840429082,12.439441468164944,3.109860367041236,0.4887929325315818,False,False,False,False
2023-08-24 00:00:00-04:00,180.6699981689453,181.10000610351562,176.00999450683594,176.3800048828125,174.17640686035156,54945800,180.79470002516416,187.41444880790868,174.17495124241964,13.239497565489046,3.3098743913722615,0.16655115720861652,False,False,False,False
2023-08-25 00:00:00-04:00,177.3800048828125,179.14999389648438,175.82000732421875,178.61000061035156,176.37852478027344,51449600,180.58663341422962,187.21040463315282,173.96286219530643,13.247542437846391,3.311885609461598,0.35079249127512924,False,False,False,False
2023-08-28 00:00:00-04:00,180.08999633789062,180.58999633789062,178.5500030517578,180.19000244140625,177.9387969970703,43820700,180.5488590358655,186.91825179012292,174.17946628160806,12.738785508514866,3.1846963771287164,0.4718296069731786,False,False,False,False
2023-08-29 00:00:00-04:00,179.6999969482422,184.89999389648438,179.5,184.1199951171875,181.81964111328125,53003900,180.88896723408664,187.70141949221522,174.07651497595805,13.624904516257175,3.4062261290642937,0.7371413230269332,False,False,False,True
2023-08-30 00:00:00-04:00,184.94000244140625,187.85000610351562,184.74000549316406,187.64999389648438,185.30557250976562,60813900,181.53287453526738,188.41008376484874,174.65566530568603,13.754418459162707,3.438604614790677,0.944738494715637,False,False,False,False
2023-08-31 00:00:00-04:00,187.83999633789062,189.1199951171875,187.47999572753906,187.8699951171875,185.5227813720703,60794500,182.1364098287836,188.6538980133365,175.6189216442307,13.034976369105777,3.2587440922764443,0.939861579035393,False,False,False,False
2023-09-01 00:00:00-04:00,189.49000549316406,189.9199981689453,188.27999877929688,189.4600067138672,187.09295654296875,45766500,182.83389524641063,189.1096352228598,176.55815526996147,12.551479952898319,3.1378699882245797,1.0,False,False,False,False
2023-09-05 00:00:00-04:00,188.27999877929688,189.97999572753906,187.61000061035156,189.6999969482422,187.32992553710938,45280000,183.4878096942041,189.60997469644585,177.36564469196233,12.244330004483515,3.061082501120879,1.0,False,False,False,False
2023-09-06 00:00:00-04:00,188.39999389648438,188.85000610351562,181.47000122070312,182.91000366210938,180.62478637695312,81755800,183.43278054829028,190.58872819581566,176.2768329007649,14.31189529505076,3.57797382376269,0.46347256073333,False,False,True,False
2023-09-07 00:00:00-04:00,175.17999267578125,178.2100067138672,173.5399932861328,177.55999755859375,175.3415985107422,112488800,182.87346788260493,191.1878228405731,174.55911292463676,16.628709915936327,4.157177478984082,0.18046406781569094,False,False,False,False
2023-09-08 00:00:00-04:00,178.35000610351562,180.24000549316406,177.7899932861328,178.17999267578125,175.953857421875,65551300,182.4264702438598,190.4453912929452,174.4075491947744,16.037842098170813,4.009460524542703,0.23522138813407598,False,False,False,False
2023-09-11 00:00:00-04:00,180.07000732421875,180.3000030517578,177.33999633789062,179.36000061035156,177.119140625,58953100,182.134425516859,189.94345580380931,174.3253952299087,15.618060573900607,3.9045151434751517,0.32235791099800193,False,False,False,False
2023-09-12 00:00:00-04:00,179.49000549316406,180.1300048828125,174.82000732421875,176.3000030517578,174.0973663330078,90370200,181.57876623446842,189.66889300444245,173.48863946449438,16.18025353994807,4.045063384987017,0.17375275241035884,False,False,False,False
2023-09-13 00:00:00-04:00,176.50999450683594,177.3000030517578,173.97999572753906,174.2100067138672,172.0334930419922,84267900,180.8769796134588,188.82209517127916,172.9318640556384,15.890231115640745,3.9725577789101862,0.08043575004838656,False,False,False,False
2023-09-14 00:00:00-04:00,174.0,176.10000610351562,173.5800018310547,175.74000549316406,173.54437255859375,60895800,180.38774398295453,188.04234883948504,172.73313912642402,15.309209713061023,3.8273024282652557,0.1964089866882377,False,False,False,False
2023-09-15 00:00:00-04:00,176.47999572753906,176.5,173.82000732421875,175.00999450683594,172.82347106933594,109259500,179.87557736618135,187.30072027221507,172.45043446014762,14.850285812067455,3.7125714530168636,0.17235762860593568,False,False,False,False
2023-09-18 00:00:00-04:00,176.47999572753906,179.3800048828125,176.1699981689453,177.97000122070312,175.74652099609375,67257600,179.69409392375485,187.25072461438052,172.13746323312918,15.113261381251334,3.7783153453128335,0.385921862954707,False,False,False,False
2023-09-19 00:00:00-04:00,177.52000427246094,179.6300048828125,177.1300048828125,179.07000732421875,176.832763671875,51826900,179.63465710475143,186.93562472631453,172.33368948318832,14.601935243126206,3.6504838107815516,0.46133048317698283,False,False,False,False
2023-09-20 00:00:00-04:00,179.25999450683594,179.6999969482422,175.39999389648438,175.49000549316406,173.2974853515625,58436200,179.23992837983832,186.67079984959668,171.80905691007996,14.861742939516716,3.715435734879179,0.24767946788371795,False,False,False,False
2023-09-21 00:00:00-04:00,174.5500030517578,176.3000030517578,173.86000061035156,173.92999267578125,171.75697326660156,63149100,178.73422021754718,185.91000502861095,171.5584354064834,14.351569622127556,3.587892405531889,0.16524723997027718,False,False,False,False
2023-09-22 00:00:00-04:00,174.6699981689453,177.0800018310547,174.0500030517578,174.7899932861328,172.60623168945312,56725400,178.35857955741247,185.44678771842453,171.2703713964004,14.176416322024124,3.544104080506031,0.24827303387418226,False,False,False,False
2023-09-25 00:00:00-04:00,174.1999969482422,176.97000122070312,174.14999389648438,176.0800018310547,173.880126953125,46172700,178.1415721549022,185.08496096465683,171.19818334514758,13.886777619509246,3.4716944048773115,0.35154436973547687,False,False,False,False
2023-09-26 00:00:00-04:00,174.82000732421875,175.1999969482422,171.66000366210938,171.9600067138672,169.8115997314453,64588900,177.5528516367084,184.68590119927663,170.41980207414016,14.266099125136463,3.566524781284116,0.10796256399292961,False,False,False,False
2023-09-27 00:00:00-04:00,172.6199951171875,173.0399932861328,169.0500030517578,170.42999267578125,168.30068969726562,66921800,176.8744841166201,184.0922267698065,169.6567414634337,14.435485306372811,3.608871326593203,0.053566000445180326,False,False,False,False
2023-09-28 00:00:00-04:00,169.33999633789062,172.02999877929688,167.6199951171875,170.69000244140625,168.55746459960938,56294400,176.28548586183783,183.66345498212746,168.9075167415482,14.755938240579269,3.6889845601448172,0.12079785580534408,False,False,False,False
2023-09-29 00:00:00-04:00,172.02000427246094,173.07000732421875,170.33999633789062,171.2100067138672,169.0709686279297,51861100,175.80210689536443,182.98828130089072,168.61593248983814,14.372348811052575,3.5930872027631438,0.18049062530643267,False,False,False,False
2023-10-02 00:00:00-04:00,171.22000122070312,174.3000030517578,170.92999267578125,173.75,171.5792236328125,52164500,175.60666814342494,182.7482271835939,168.46510910325597,14.283118080337943,3.5707795200844856,0.370009606237113,False,False,False,False
2023-10-03 00:00:00-04:00,172.25999450683594,173.6300048828125,170.82000732421875,172.39999389648438,170.24609375,49594600,175.30127059609725,182.31467226740557,168.28786892478894,14.026803342616631,3.506700835654158,0.29316194654286354,False,False,False,False
2023-10-04 00:00:00-04:00,171.08999633789062,174.2100067138672,170.97000122070312,173.66000366210938,171.49034118652344,53020300,175.144959459527,182.1050220623373,168.1848968567167,13.920125205620593,3.4800313014051483,0.3933231005121966,False,False,False,False
2023-10-05 00:00:00-04:00,173.7899932861328,175.4499969482422,172.67999267578125,174.91000366210938,172.7247314453125,48527900,175.12258271691582,181.94063991393728,168.30452551989436,13.63611439404292,3.40902859851073,0.48441058437443824,False,False,False,False
2023-10-06 00:00:00-04:00,173.8000030517578,177.99000549316406,173.17999267578125,177.49000549316406,175.27249145507812,57266700,175.34805155274898,182.44630559354488,168.2497975119531,14.196508081591787,3.549127020397947,0.6508789293891566,False,False,False,True
2023-10-09 00:00:00-04:00,176.80999755859375,179.0500030517578,175.8000030517578,178.99000549316406,176.75375366210938,42390800,175.69490430897898,182.73333294569528,168.65647567226267,14.076857273432609,3.519214318358152,0.7340793204179148,False,False,False,False
2023-10-10 00:00:00-04:00,178.10000610351562,179.72000122070312,177.9499969482422,178.38999938964844,176.16123962402344,43698000,175.9515800309475,182.64016665848436,169.26299340341063,13.377173255073728,3.344293313768432,0.6822821093967734,False,False,False,False
2023-10-11 00:00:00-04:00,178.1999969482422,179.85000610351562,177.60000610351562,179.8000030517578,177.55364990234375,47551100,176.3180965091199,182.78782447390307,169.84836854433672,12.93945592956635,3.2348639823915875,0.7690921907065537,False,False,False,False
2023-10-12 00:00:00-04:00,180.07000732421875,182.33999633789062,179.0399932861328,180.7100067138672,178.45230102539062,56743100,176.7363736714768,183.2191294501332,170.2536178928204,12.965511557312823,3.2413778893282057,0.8064771509265423,False,False,False,False
2023-10-13 00:00:00-04:00,181.4199981689453,181.92999267578125,178.13999938964844,178.85000610351562,176.61550903320312,51427100,176.93767199833763,183.53015085635496,170.3451931403203,13.18495771603466,3.296239429008665,0.6450390775885718,False,False,False,False
2023-10-16 00:00:00-04:00,176.75,179.0800018310547,176.50999450683594,178.72000122070312,176.48712158203125,52517000,177.10741763856294,183.55465007562228,170.6601852015036,12.894464874118682,3.2236162185296706,0.6250601399812187,False,False,False,False
2023-10-17 00:00:00-04:00,176.64999389648438,178.4199981689453,174.8000030517578,177.14999389648438,174.93675231933594,57549400,177.11147252026973,183.6979813474122,170.52496369312726,13.173017654284934,3.2932544135712334,0.5029242636141246,False,False,False,False
2023-10-18 00:00:00-04:00,175.5800018310547,177.5800018310547,175.11000061035156,175.83999633789062,173.6431121826172,54764400,176.99037955051935,183.4122377390882,170.5685213619505,12.843716377137696,3.210929094284424,0.4104322161242636,False,False,True,False
2023-10-19 00:00:00-04:00,176.0399932861328,177.83999633789062,175.19000244140625,175.4600067138672,173.26788330078125,59302900,176.84462975655248,183.1543009055613,170.53495860754364,12.61934229801767,3.1548355745044177,0.3902777173337475,False,False,False,False
2023-10-20 00:00:00-04:00,175.30999755859375,175.4199981689453,172.63999938964844,172.8800048828125,170.7200927734375,64244000,176.4670464352439,182.70975193419562,170.22434093629218,12.485410997903443,3.121352749475861,0.2127013637729876,False,False,False,False
2023-10-23 00:00:00-04:00,170.91000366210938,174.00999450683594,169.92999267578125,173.0,170.83859252929688,55980100,176.13685153664926,182.57128685191674,169.70241622138178,12.868870630534957,3.2172176576337392,0.25624500185694526,False,False,False,False
2023-10-24 00:00:00-04:00,173.0500030517578,173.6699981689453,171.4499969482422,173.44000244140625,171.2731170654297,43816600,175.88000876567375,182.1150007935551,169.6450167377924,12.469984055762723,3.1174960139406807,0.3043296355988598,False,False,False,False
2023-10-25 00:00:00-04:00,171.8800048828125,173.05999755859375,170.64999389648438,171.10000610351562,168.96234130859375,57157000,175.42477041689676,181.59426495097435,169.25527588281918,12.338989068155172,3.084747267038793,0.1495041620109205,False,False,False,False
2023-10-26 00:00:00-04:00,170.3699951171875,171.3800048828125,165.6699981689453,166.88999938964844,164.80491638183594,70625300,174.61193508096835,181.30648150441164,167.91738865752507,13.38909284688657,3.3472732117216424,0.0,False,False,False,False
2023-10-27 00:00:00-04:00,166.91000366210938,168.9600067138672,166.8300018310547,168.22000122070312,166.1182861328125,58499100,174.00317947522882,180.45427223289028,167.55208671756736,12.902185515322913,3.225546378830728,0.051767547625364126,False,False,False,False
2023-10-30 00:00:00-04:00,169.02000427246094,171.1699981689453,168.8699951171875,170.2899932861328,168.1624298095703,51131000,173.6495426953149,180.04552556685863,167.25355982377116,12.791965743087474,3.1979914357718684,0.23737035599884138,False,False,False,False
2023-10-31 00:00:00-04:00,169.35000610351562,170.89999389648438,167.89999389648438,170.77000427246094,168.636474609375,44846000,173.37530094075737,179.73168552514673,167.018916356368,12.71276916877872,3.17819229219468,0.29506458162594673,False,False,False,False
2023-11-01 00:00:00-04:00,171.0,174.22999572753906,170.1199951171875,173.97000122070312,171.7964630126953,56934900,173.43193906265697,179.9746853106777,166.88919281463623,13.085492496041468,3.271373124010367,0.5411189841122854,False,False,False,True
2023-11-02 00:00:00-04:00,175.52000427246094,177.77999877929688,175.4600067138672,177.57000732421875,175.35150146484375,77334800,173.82604080185334,180.47651193679076,167.17556966691592,13.300942269874838,3.3252355674687095,0.7814813000763925,False,False,False,False
2023-11-03 00:00:00-04:00,174.24000549316406,176.82000732421875,173.35000610351562,176.64999389648438,174.44296264648438,79829200,174.09498871562772,180.92441298121201,167.26556445004343,13.658848531168587,3.414712132792147,0.6870586071019311,False,False,False,False
2023-11-06 00:00:00-05:00,176.3800048828125,179.42999267578125,176.2100067138672,179.22999572753906,176.99073791503906,63841300,174.5840370024764,181.3745160338851,167.7935579710677,13.580958062817388,3.395239515704347,0.8420935918933871,False,False,False,False
2023-11-07 00:00:00-05:00,179.17999267578125,182.44000244140625,178.97000122070312,181.82000732421875,179.54840087890625,70530000,175.27317703311854,182.07860840552698,168.4677456607101,13.61086274481687,3.4027156862042176,0.9810003901915251,False,False,False,False
2023-11-08 00:00:00-05:00,182.35000610351562,183.4499969482422,181.58999633789062,182.88999938964844,180.60501098632812,49340300,175.9985886861214,182.4954770433593,169.5017003288835,12.993776714475814,3.2484441786189535,1.0,False,False,False,False
2023-11-09 00:00:00-05:00,182.9600067138672,184.1199951171875,181.80999755859375,182.41000366210938,180.13101196289062,53763500,176.6091996362155,182.91839866944835,170.30000060298264,12.618398066465716,3.154599516616429,0.9597100198724852,False,False,False,False
2023-11-10 00:00:00-05:00,183.97000122070312,186.57000732421875,183.52999877929688,186.39999389648438,184.3136444091797,66133400,177.5416562324316,184.05193609476305,171.03137637010013,13.020559724662917,3.255139931165729,1.0,False,False,False,False
2023-11-13 00:00:00-05:00,185.82000732421875,186.02999877929688,184.2100067138672,184.8000030517578,182.7316131591797,43627500,178.23292735808172,184.53017667070347,171.93567804545998,12.594498625243489,3.148624656310872,1.0,False,False,False,False
2023-11-14 00:00:00-05:00,187.6999969482422,188.11000061035156,186.3000030517578,187.44000244140625,185.342041015625,60108400,179.10979165173168,185.43931554481,172.78026775865337,12.659047786156634,3.1647619465391585,1.0,False,False,False,False
2023-11-15 00:00:00-05:00,187.85000610351562,189.5,187.77999877929688,188.00999450683594,185.90565490722656,53790500,179.95743001888445,186.0660010343737,173.8488590033952,12.217142030978493,3.0542855077446234,1.0,False,False,False,False
2023-11-16 00:00:00-05:00,189.57000732421875,190.9600067138672,188.64999389648438,189.7100067138672,187.58663940429688,54412900,180.88624684697805,186.97396320232463,174.79853049163148,12.175432710693144,3.043858177673286,1.0,False,False,False,False
2023-11-17 00:00:00-05:00,190.25,190.3800048828125,188.57000732421875,189.69000244140625,187.56686401367188,50922700,181.7246997607331,187.56564399226377,175.88375552920243,11.681888463061341,2.9204721157653353,1.0,False,False,False,False
2023-11-20 00:00:00-05:00,189.88999938964844,191.91000366210938,189.8800048828125,191.4499969482422,189.30715942382812,46505100,182.65091854049587,188.35176859301407,176.95006848797766,11.401700105036412,2.850425026259103,1.0,False,False,False,False
2023-11-21 00:00:00-05:00,191.41000366210938,191.52000427246094,189.74000549316406,190.63999938964844,188.5062255859375,38134500,183.4117833832723,188.89854818639807,177.92501858014654,10.973529606251532,2.743382401562883,1.0,False,False,False,False
2023-11-22 00:00:00-05:00,191.49000549316406,192.92999267578125,190.8300018310547,191.30999755859375,189.16871643066406,39617700,184.16399425711245,189.56008123715222,178.76790727707268,10.792173960079538,2.6980434900198844,1.0,False,False,False,False
2023-11-24 00:00:00-05:00,190.8699951171875,190.89999389648438,189.25,189.97000122070312,187.84371948242188,24048300,184.71694730126393,189.98542509501846,179.4484695075094,10.536955587509055,2.634238896877264,0.9985362115093647,False,False,False,False
2023-11-27 00:00:00-05:00,189.9199981689453,190.6699981689453,188.89999389648438,189.7899932861328,187.66574096679688,40552600,185.2000945379181,190.29572540678936,180.10446366904682,10.191261737742536,2.547815434435634,0.9503759069611953,False,False,False,False
2023-11-28 00:00:00-05:00,189.77999877929688,191.0800018310547,189.39999389648438,190.39999389648438,188.26890563964844,38415400,185.69532304825773,190.61739241715594,180.77325367935953,9.844138737796413,2.4610346844491033,0.977915943033506,False,False,False,False
2023-11-29 00:00:00-05:00,190.89999389648438,192.08999633789062,188.97000122070312,189.3699951171875,187.2504119873047,43014200,186.04529181672726,191.09915327217314,180.99143036128137,10.107722910891766,2.5269307277229416,0.8289270323069152,False,False,False,False
2023-11-30 00:00:00-05:00,189.83999633789062,190.32000732421875,188.19000244140625,189.9499969482422,187.82394409179688,48794400,186.41716849591916,191.39164478238294,181.44269220945537,9.948952572927567,2.4872381432318917,0.8550955164804314,False,False,False,False
2023-12-01 00:00:00-05:00,190.3300018310547,191.55999755859375,189.22999572753906,191.24000549316406,189.09950256347656,45704800,186.87648630518055,191.8195153292089,181.9334572811522,9.886058048056725,2.4715145120141813,0.9413811012207478,False,False,False,False
2023-12-04 00:00:00-05:00,189.97999572753906,190.0500030517578,187.4499969482422,189.42999267578125,187.3097381591797,43389500,187.1196773880949,192.3264052187048,181.91294955748504,10.413455661219757,2.6033639153049393,0.7218586569960699,False,False,False,False
2023-12-05 00:00:00-05:00,190.2100067138672,194.39999389648438,190.17999267578125,193.4199981689453,191.25509643554688,66628400,187.7197079386521,193.39976323034165,182.03965264696257,11.360110583379083,2.8400276458447706,1.0,False,False,False,False
2023-12-06 00:00:00-05:00,194.4499969482422,194.75999450683594,192.11000061035156,192.32000732421875,190.1674346923828,41089700,188.15783168965845,193.7998802314759,182.515783147841,11.28409708363489,2.8210242709087225,0.8688532280173858,False,False,False,False
2023-12-07 00:00:00-05:00,193.6300048828125,195.0,193.58999633789062,194.27000427246094,192.09559631347656,47477700,188.73994336421106,194.35378558700302,183.1261011414191,11.227684445583918,2.8069211113959796,0.9925379703225421,False,False,False,False
2023-12-08 00:00:00-05:00,194.1999969482422,195.99000549316406,193.6699981689453,195.7100067138672,193.51950073242188,53406400,189.40375892132116,194.92021838667767,183.88729945596464,11.032918930713038,2.7582297326782594,1.0,False,False,False,False
2023-12-11 00:00:00-05:00,193.11000061035156,193.49000549316406,191.4199981689453,193.17999267578125,191.0177764892578,60943700,189.76340023126974,195.58621545907496,183.94058500346452,11.645630455610444,2.911407613902611,0.7933797751469537,False,False,False,False
2023-12-12 00:00:00-05:00,193.0800018310547,194.72000122070312,191.72000122070312,194.7100067138672,192.53067016601562,52696900,190.23450561056472,196.07503931558944,184.39397190554,11.681067410049423,2.9202668525123556,0.8831414498517587,False,False,False,False
2023-12-13 00:00:00-05:00,195.08999633789062,198.0,194.85000610351562,197.9600067138672,195.74429321289062,70404200,190.97026762040306,196.88474661215187,185.05578862865426,11.828957983497617,2.957239495874404,1.0,False,False,False,False
2023-12-14 00:00:00-05:00,198.02000427246094,199.6199951171875,196.16000366210938,198.11000061035156,195.89260864257812,66831600,191.65024219087434,197.66527157446387,185.6352128072848,12.03005876717907,3.0075146917947677,1.0,False,False,False,False
2023-12-15 00:00:00-05:00,197.52999877929688,198.39999389648438,197.0,197.57000732421875,195.35865783691406,128538400,192.21402934643095,197.9075545709584,186.52050412190349,11.387050449054925,2.8467626122637313,0.9703569200602185,False,False,False,False
2023-12-18 00:00:00-05:00,196.08999633789062,196.6300048828125,194.38999938964844,195.88999938964844,193.69744873046875,55751900,192.56412173149928,198.32429602048808,186.8039474425105,11.520348577977586,2.8800871444943965,0.7886959223184388,False,False,False,False
2023-12-19 00:00:00-05:00,196.16000366210938,196.9499969482422,195.88999938964844,196.94000244140625,194.7357177734375,40714100,192.98087227529996,198.3770286471086,187.58471590349131,10.792312743617288,2.698078185904322,0.8668472421212748,False,False,False,False
2023-12-20 00:00:00-05:00,196.89999389648438,197.67999267578125,194.8300018310547,194.8300018310547,192.6493377685547,52242800,193.15697985203852,198.5835187556116,187.73044094846543,10.853077807146178,2.7132694517865446,0.6541518460242286,False,False,False,False
2023-12-21 00:00:00-05:00,196.10000610351562,197.0800018310547,193.5,194.67999267578125,192.50100708007812,46482500,193.30202869239497,198.9019140718217,187.70214331296825,11.199770758853447,2.7999426897133617,0.6230350167923746,False,False,False,False
2023-12-22 00:00:00-05:00,195.17999267578125,195.41000366210938,192.97000122070312,193.60000610351562,191.43310546875,37149600,193.33040749345406,198.85830482321936,187.80251016368877,11.05579465953059,2.7639486648826477,0.5243852765327147,False,False,False,False
2023-12-26 00:00:00-05:00,193.61000061035156,193.88999938964844,192.8300018310547,193.0500030517578,190.88925170898438,28919300,193.3037023085306,198.49080941703812,188.11659520002308,10.374214217015037,2.5935535542537593,0.475545207428174,False,False,True,False
2023-12-27 00:00:00-05:00,192.49000549316406,193.5,191.08999633789062,193.14999389648438,190.9881134033203,48087700,193.28906341214525,198.4394605422239,188.1386662820666,10.300794260157318,2.5751985650393294,0.48649914636206365,False,False,False,False
2023-12-28 00:00:00-05:00,194.13999938964844,194.66000366210938,193.1699981689453,193.5800018310547,191.413330078125,34049900,193.31677183299377,198.25413120318956,188.37941246279797,9.874718740391586,2.4686796850978965,0.5266569615784807,False,False,False,True
2023-12-29 00:00:00-05:00,193.89999389648438,194.39999389648438,191.72999572753906,192.52999877929688,190.3750762939453,42672100,193.241841065975,198.21946413294026,188.26421799900973,9.95524613393053,2.4888115334826324,0.4284957622241058,False,False,True,False
2024-01-02 00:00:00-05:00,187.14999389648438,188.44000244140625,183.88999938964844,185.63999938964844,183.56219482421875,82488700,192.51785614442008,198.72571678261852,186.30999550622164,12.41572127639688,3.10393031909922,0.0,False,False,False,False
2024-01-03 00:00:00-05:00,184.22000122070312,185.8800048828125,183.42999267578125,184.25,182.187744140625,58414500,191.73044127352293,197.80751828930775,185.6533642577381,12.154154031569647,3.0385385078924116,0.0,False,False,False,False
2024-01-04 00:00:00-05:00,182.14999389648438,183.08999633789062,180.8800048828125,181.91000366210938,179.87391662597656,71983600,190.79516150100736,196.93852983865122,184.6517931633635,12.286736675287727,3.071684168821932,0.0,False,False,False,False
2024-01-05 00:00:00-05:00,181.99000549316406,182.75999450683594,180.1699981689453,181.17999267578125,179.15208435058594,62379700,189.87943113670013,195.92646190815773,183.83240036524253,12.094061542915199,3.0235153857287997,0.0,False,False,False,False
2024-01-08 00:00:00-05:00,182.08999633789062,185.60000610351562,181.5,185.55999755859375,183.4830780029297,59144500,189.46805651021378,195.7943868900725,183.14172613035507,12.652660759717435,3.1631651899293587,0.19112750070228615,False,False,False,False
2024-01-09 00:00:00-05:00,183.9199981689453,185.14999389648438,182.72999572753906,185.13999938964844,183.06777954101562,42841800,189.05586059396947,195.31555830205323,182.7961628858857,12.519395416167526,3.1298488540418816,0.18721642905662234,False,False,False,False
2024-01-10 00:00:00-05:00,184.35000610351562,186.39999389648438,183.9199981689453,186.19000244140625,184.1060333251953,46792900,188.7829217222968,194.91264880508,182.6531946395136,12.25945416556641,3.0648635413916026,0.2884963518055,False,False,False,False
2024-01-11 00:00:00-05:00,186.5399932861328,187.0500030517578,183.6199951171875,185.58999633789062,183.5127410888672,49128400,188.4788335904486,194.68158955186755,182.27607762902966,12.405511922837889,3.101377980709472,0.2671327656185005,False,False,False,False
2024-01-12 00:00:00-05:00,186.05999755859375,186.74000549316406,185.19000244140625,185.9199981689453,183.83908081054688,40477800,188.23513497887686,194.12761595450547,182.34265400324824,11.78496195125723,2.9462404878143076,0.30355160928758335,False,False,False,False
2024-01-16 00:00:00-05:00,182.16000366210938,184.25999450683594,180.92999267578125,183.6300048828125,181.57467651367188,65603000,187.79655116020405,194.09778513690262,181.49531718350548,12.602467953397138,3.1506169883492845,0.16938648106076662,False,False,False,False
2024-01-17 00:00:00-05:00,181.27000427246094,182.92999267578125,180.3000030517578,182.67999267578125,180.6352996826172,47317400,187.3092598759733,193.64637082121297,180.97214893073365,12.674221890479316,3.168555472619829,0.13474939604225358,False,False,False,False
2024-01-18 00:00:00-05:00,186.08999633789062,189.13999938964844,185.8300018310547,188.6300048828125,186.51873779296875,78005800,187.43504511471988,194.430446308209,180.43964392123075,13.99080238697826,3.497700596744565,0.5854103814092041,False,False,False,True
2024-01-19 00:00:00-05:00,189.3300018310547,191.9499969482422,188.82000732421875,191.55999755859375,189.41592407226562,68903000,187.82789772842216,194.7877572156483,180.86803824119602,13.91971897445228,3.47992974361307,0.7681160328754729,False,False,False,False
2024-01-22 00:00:00-05:00,192.3000030517578,195.3300018310547,192.25999450683594,193.88999938964844,191.7198486328125,60133900,188.40524074377703,195.42311513677274,181.38736635078132,14.035748785991416,3.508937196497854,0.8907706478293166,False,False,False,False
2024-01-23 00:00:00-05:00,195.02000427246094,195.75,193.8300018310547,195.17999267578125,192.99542236328125,42355600,189.05045521349172,195.75054180097692,182.3503686260065,13.400173174970405,3.3500432937426012,0.9574222573286312,False,False,False,False
2024-01-24 00:00:00-05:00,195.4199981689453,196.3800048828125,194.33999633789062,194.5,192.32302856445312,53631300,189.56945947887345,196.00753911659453,183.13137984115238,12.876159275442149,3.219039818860537,0.8829201251440125,False,False,False,False
2024-01-25 00:00:00-05:00,195.22000122070312,196.27000427246094,193.11000061035156,194.1699981689453,191.99673461914062,54822100,190.00760602078506,196.4338784271559,183.58133361441423,12.852544812741655,3.213136203185414,0.823857431256242,False,False,False,False
2024-01-26 00:00:00-05:00,194.27000427246094,194.75999450683594,191.94000244140625,192.4199981689453,190.26629638671875,44594000,190.23735765394318,196.58500123276286,183.8897140751235,12.69528715763937,3.1738217894098426,0.6719252576093746,False,False,False,False
2024-01-29 00:00:00-05:00,192.00999450683594,192.1999969482422,189.5800018310547,191.72999572753906,189.5840301513672,47145600,190.3795136609523,196.66039214946815,184.09863517243647,12.561756977031678,3.1404392442579194,0.6075074186720866,False,False,False,False
2024-01-30 00:00:00-05:00,190.94000244140625,191.8000030517578,187.47000122070312,188.0399932861328,185.935302734375,55859400,190.1567021966838,196.67549320255898,183.6379111908086,13.037582011750374,3.2593955029375934,0.3376455919016841,False,False,True,False
2024-01-31 00:00:00-05:00,187.0399932861328,187.10000610351562,184.35000610351562,184.39999389648438,182.33602905273438,55467800,189.60844426333148,196.2133536051426,183.00353492152036,13.209818683622245,3.3024546709055613,0.1057137125353108,False,False,False,False
2024-02-01 00:00:00-05:00,183.99000549316406,186.9499969482422,183.82000732421875,186.86000061035156,184.76853942871094,64885400,189.34668772495246,195.91710405738715,182.77627139251777,13.140832664869379,3.2852081662173447,0.3107663967711276,False,False,False,False
2024-02-02 00:00:00-05:00,179.86000061035156,187.3300018310547,179.25,185.85000610351562,183.76986694335938,102551700,189.01367042767276,196.5430454930749,181.48429536227061,15.058750130804299,3.7646875327010747,0.2899118919779722,False,False,False,False
2024-02-05 00:00:00-05:00,188.14999389648438,189.25,185.83999633789062,187.67999267578125,185.579345703125,69668800,188.8866534989212,196.345091790205,181.42821520763738,14.916876582567625,3.729219145641906,0.4191076753594592,False,False,False,False
2024-02-06 00:00:00-05:00,186.86000061035156,189.30999755859375,186.77000427246094,189.3000030517578,187.18124389648438,43490800,188.92602012300085,196.14661324238284,181.70542700361887,14.441186238763976,3.610296559690994,0.5258969673663711,False,False,False,True
2024-02-07 00:00:00-05:00,190.63999938964844,191.0500030517578,188.61000061035156,189.41000366210938,187.29002380371094,53439000,188.97211379339217,195.95864808911722,181.98557949766712,13.973068591450101,3.4932671478625252,0.5313381320539101,False,False,False,False
2024-02-08 00:00:00-05:00,189.38999938964844,189.5399932861328,187.35000610351562,188.32000732421875,186.21218872070312,40962000,188.91000841537564,195.63588671805164,182.18413011269965,13.451756605351989,3.362939151337997,0.45613947616907136,False,False,True,False
2024-02-09 00:00:00-05:00,188.64999389648438,189.99000549316406,188.0,188.85000610351562,186.9745330810547,45155200,188.9042939094842,195.3555854805254,182.453002338443,12.902583142082392,3.225645785520598,0.4957924854759104,False,False,False,False
2024-02-12 00:00:00-05:00,188.4199981689453,188.6699981689453,186.7899932861328,187.14999389648438,185.29141235351562,41781900,188.73721771776997,194.9553826951836,182.51905274035633,12.436329954827272,3.109082488706818,0.37237200789534414,False,False,False,False
2024-02-13 00:00:00-05:00,185.77000427246094,186.2100067138672,183.50999450683594,185.0399932861328,183.202392578125,56529500,188.3851011052331,194.70944946283507,182.06075274763114,12.648696715203926,3.1621741788009814,0.2355373526286371,False,False,False,False
2024-02-14 00:00:00-05:00,185.32000732421875,185.52999877929688,182.44000244140625,184.14999389648438,182.32119750976562,54630500,187.98175756154274,194.29167035096262,181.67184477212285,12.619825578839766,3.1549563947099415,0.19636952261184554,False,False,False,False
2024-02-15 00:00:00-05:00,183.5500030517578,184.49000549316406,181.35000610351562,183.86000061035156,182.0341033935547,65434500,187.5892092804769,193.8961306688845,181.2822878920693,12.613842776815204,3.153460694203801,0.20435586235625355,False,False,False,False
2024-02-16 00:00:00-05:00,183.4199981689453,184.85000610351562,181.6699981689453,182.30999755859375,180.49949645996094,49752500,187.08642721172612,193.398658048207,180.77419637524522,12.624461672961786,3.1561154182404465,0.12165280573014844,False,False,False,False
2024-02-20 00:00:00-05:00,181.7899932861328,182.42999267578125,180.0,181.55999755859375,179.75692749023438,53665600,186.56010057809448,192.72710686608355,180.3930942901054,12.334012575978136,3.083503143994534,0.09460856807954085,False,False,False,False
2024-02-21 00:00:00-05:00,181.94000244140625,182.88999938964844,180.66000366210938,182.32000732421875,180.5093994140625,41371400,186.15628217296344,192.1525869776614,180.1599773682655,11.992609609395913,2.9981524023489783,0.18011342204126557,False,False,False,False
2024-02-22 00:00:00-05:00,183.47999572753906,184.9600067138672,182.4600067138672,184.3699951171875,182.5390167236328,52292200,185.98615959622288,191.91083379838074,180.06148539406502,11.84934840431572,2.96233710107893,0.36360731207407626,False,False,False,False
2024-02-23 00:00:00-05:00,185.00999450683594,185.0399932861328,182.22999572753906,182.52000427246094,180.70742797851562,45119700,185.6560495653884,191.55025585904923,179.76184327172757,11.788412587321659,2.9471031468304147,0.23397221468985113,False,False,False,False
2024-02-26 00:00:00-05:00,182.24000549316406,182.75999450683594,180.64999389648438,181.16000366210938,179.36093139648438,40867400,185.22785471745706,190.9546405038221,179.50106893109202,11.453571572730084,2.863392893182521,0.1448399497469529,False,False,False,False
2024-02-27 00:00:00-05:00,181.10000610351562,183.9199981689453,179.55999755859375,182.6300048828125,180.8163299560547,54318900,184.98044044749093,191.0065477772898,178.95433311769207,12.052214659597723,3.013053664899431,0.30497894942431375,False,False,False,False
2024-02-28 00:00:00-05:00,182.50999450683594,183.1199951171875,180.1300048828125,181.4199981689453,179.6183319091797,48953900,184.6413507066771,190.66284535037107,178.6198560629831,12.042989287387968,3.010747321846992,0.2325122142967162,False,False,False,False
2024-02-29 00:00:00-05:00,181.27000427246094,182.57000732421875,179.52999877929688,180.75,178.95497131347656,136682600,184.27074587746975,190.2980927657787,178.2433989891608,12.05469377661791,3.0136734441544775,0.2079356852433013,False,False,False,False
2024-03-01 00:00:00-05:00,179.5500030517578,180.52999877929688,177.3800048828125,179.66000366210938,177.8758087158203,73563100,183.83162757124495,189.93023879416052,177.7330163483294,12.19722244583113,3.0493056114577826,0.157985748176513,False,False,False,False
2024-03-04 00:00:00-05:00,176.14999389648438,176.89999389648438,173.7899932861328,175.10000610351562,173.36109924316406,81510100,183.00004457431834,189.66279675013766,176.33729239849902,13.325504351638642,3.3313760879096606,0.0,False,False,False,False
2024-03-05 00:00:00-05:00,170.75999450683594,172.0399932861328,169.6199951171875,170.1199951171875,168.4305419921875,95132400,181.77337319744873,188.86585235295175,174.68089404194572,14.184958311006028,3.546239577751507,0.0,False,False,False,False
2024-03-06 00:00:00-05:00,171.05999755859375,171.24000549316406,168.67999267578125,169.1199951171875,167.44049072265625,68587700,180.56828957075717,187.46352337418645,173.6730557673279,13.790467606858556,3.447616901714639,0.0,False,False,False,False
2024-03-07 00:00:00-05:00,169.14999389648438,170.72999572753906,168.49000549316406,169.0,167.32167053222656,71765100,179.46654770687556,186.1202561768369,172.81283923691421,13.307416939922689,3.3268542349806722,0.0,False,False,False,False
2024-03-08 00:00:00-05:00,169.0,173.6999969482422,168.94000244140625,170.72999572753906,169.03448486328125,76267000,178.63449513741494,185.57483166174734,171.69415861308255,13.88067304866479,3.4701682621661973,0.0,False,False,False,False
2024-03-11 00:00:00-04:00,172.94000244140625,174.3800048828125,172.0500030517578,172.75,171.034423828125,60139500,178.07406702908972,185.05037173204357,171.09776232613586,13.952609405907708,3.488152351476927,0.11841782607091098,False,False,False,False
2024-03-12 00:00:00-04:00,173.14999389648438,174.02999877929688,171.00999450683594,173.22999572753906,171.5096893310547,59825400,177.6127269051325,184.49540199228315,170.73005181798183,13.765350174301318,3.4413375435753295,0.18161135589738966,False,False,False,False
2024-03-13 00:00:00-04:00,172.77000427246094,173.19000244140625,170.75999450683594,171.1300048828125,169.43052673339844,52488700,176.9953248077687,183.6837326303449,170.3069169851925,13.37681564515242,3.344203911288105,0.06153092929245005,False,False,False,False
2024-03-14 00:00:00-04:00,172.91000366210938,174.30999755859375,172.0500030517578,173.0,171.2819366455078,72913500,176.61481768321931,183.27038325869415,169.95925210774448,13.311131150949677,3.3277827877374193,0.2284364760419766,False,False,False,False
2024-03-15 00:00:00-04:00,171.1699981689453,172.6199951171875,170.2899932861328,172.6199951171875,170.90573120117188,121752700,176.2343583912163,182.76636875191707,169.7023480305155,13.064020721401562,3.2660051803503904,0.22333454216681417,False,False,False,False
2024-03-18 00:00:00-04:00,175.57000732421875,177.7100067138672,173.52000427246094,173.72000122070312,171.9947967529297,75604200,175.9948958035484,182.89170744751505,169.09808415958173,13.793623287933315,3.4484058219833287,0.3350763584477949,False,False,False,False
2024-03-19 00:00:00-04:00,174.33999633789062,176.61000061035156,173.02999877929688,176.0800018310547,174.3313446044922,55215200,176.00300113950138,182.9261319852823,169.07987029372046,13.846261691561836,3.461565422890459,0.5055611177419992,False,False,False,True
2024-03-20 00:00:00-04:00,175.72000122070312,178.6699981689453,175.08999633789062,178.6699981689453,176.8956298828125,53423100,176.25700085659128,183.20381898400504,169.3101827291775,13.893636254827527,3.4734090637068817,0.673676442084455,False,False,False,False
2024-03-21 00:00:00-04:00,177.0500030517578,177.49000549316406,170.83999633789062,171.3699951171875,169.66812133789062,106181300,175.79157173855282,183.60970841943615,167.9734350576695,15.636273361766655,3.9090683404416637,0.21722311838210603,False,False,True,False
2024-03-22 00:00:00-04:00,171.75999450683594,173.0500030517578,170.05999755859375,172.27999877929688,170.56910705566406,71160100,175.45713621862367,183.0914603300515,167.82281210719586,15.268648222855632,3.817162055713908,0.2919175690634523,False,False,False,False
2024-03-25 00:00:00-04:00,170.57000732421875,171.94000244140625,169.4499969482422,170.85000610351562,169.1533203125,54288300,175.0183619219467,182.45525398844268,167.58146985545073,14.873784132991943,3.718446033247986,0.21975149153972603,False,False,False,False
2024-03-26 00:00:00-04:00,170.0,171.4199981689453,169.5800018310547,169.7100067138672,168.02464294433594,57388400,174.512804283082,181.5740064105065,167.4516021556575,14.122404254849016,3.530601063712254,0.15991643614324758,False,False,False,False
2024-03-27 00:00:00-04:00,170.41000366210938,173.60000610351562,170.11000061035156,173.30999755859375,171.58888244628906,60273300,174.39825126170217,181.5313330543139,167.26516946909044,14.266163585223467,3.5665408963058667,0.4237178449127271,False,False,False,False
2024-03-28 00:00:00-04:00,171.75,172.22999572753906,170.50999450683594,171.47999572753906,169.77706909179688,65672700,174.12032216321043,181.10009638691255,167.1405479395083,13.959548447404245,3.4898871118510613,0.31085875050905865,False,False,False,False
2024-04-01 00:00:00-04:00,171.19000244140625,171.25,169.47999572753906,170.02999877929688,168.3414306640625,46240500,173.73076755521865,180.41256435655055,167.04897075388675,13.363593602663798,3.3408984006659495,0.22307083813263448,False,False,False,False
2024-04-02 00:00:00-04:00,169.0800018310547,169.33999633789062,168.22999572753906,168.83999633789062,167.16326904296875,49329500,173.26497982023503,179.6385975517853,166.89136208868476,12.747235463100537,3.1868088657751343,0.15286720441044527,False,False,False,False
2024-04-03 00:00:00-04:00,168.7899932861328,170.67999267578125,168.5800018310547,169.64999389648438,167.9652099609375,47691700,172.92069544654447,179.07694957388503,166.7644413192039,12.31250825468112,3.07812706367028,0.23435944306339038,False,False,False,False
2024-04-04 00:00:00-04:00,170.2899932861328,171.9199981689453,168.82000732421875,168.82000732421875,167.14346313476562,53704400,172.5301537206087,178.69078060416052,166.36952683705687,12.321253767103656,3.080313441775914,0.19888239731774593,False,False,False,False
2024-04-05 00:00:00-04:00,169.58999633789062,170.38999938964844,168.9499969482422,169.5800018310547,167.8959197998047,42104800,172.2491868739845,178.10774948226708,166.39062426570194,11.717125216565137,2.929281304141284,0.2721979586634225,False,False,False,False
2024-04-08 00:00:00-04:00,169.02999877929688,169.1999969482422,168.24000549316406,168.4499969482422,166.77713012695312,37425500,171.88735926200906,177.4280648770415,166.34665364697662,11.081411230064873,2.7703528075162183,0.18980825254088637,False,False,False,False
2024-04-09 00:00:00-04:00,168.6999969482422,170.0800018310547,168.35000610351562,169.6699981689453,167.98501586914062,42373800,171.6761820150506,177.00881621408763,166.3435478160136,10.665268398074033,2.6663170995185084,0.31189560625894946,False,False,False,False
2024-04-10 00:00:00-04:00,168.8000030517578,169.08999633789062,167.11000061035156,167.77999877929688,166.11380004882812,49709300,171.3051169449788,176.61648723583087,165.99374665412674,10.622740581704136,2.655685145426034,0.16815360512960772,False,False,False,False
2024-04-11 00:00:00-04:00,168.33999633789062,175.4600067138672,168.16000366210938,175.0399932861328,173.30165100097656,91070300,171.66081945366014,177.97705430234106,165.34458460497922,12.632469697361842,3.1581174243404604,0.7674990649831821,False,False,False,True
2024-04-12 00:00:00-04:00,174.25999450683594,178.36000061035156,174.2100067138672,176.5500030517578,174.7967071533203,101670900,172.1264559868123,178.641066129922,165.61184584370258,13.029220286219413,3.2573050715548533,0.8395097302656067,False,False,False,False
2024-04-15 00:00:00-04:00,175.36000061035156,176.6300048828125,172.5,172.69000244140625,170.97503662109375,73531800,172.18012707772598,178.8692771830872,165.49097697236476,13.378300210722443,3.344575052680611,0.5381121185538661,False,False,False,False
2024-04-16 00:00:00-04:00,171.75,173.75999450683594,168.27000427246094,169.3800048828125,167.69790649414062,73711200,171.91344877344852,179.03168191514862,164.79521563174842,14.236466283400205,3.559116570850051,0.32204545424379427,False,False,True,False
2024-04-17 00:00:00-04:00,169.61000061035156,170.64999389648438,168.0,168.0,166.33160400390625,50901200,171.54073936645344,178.4771479732804,164.60433075962646,13.872817213653946,3.4682043034134864,0.2447714251602364,False,False,False,False
2024-04-18 00:00:00-04:00,168.02999877929688,168.63999938964844,166.5500030517578,167.0399932861328,165.38113403320312,43122900,171.11209688261337,177.77286389633576,164.45132986889098,13.321534027444784,3.330383506861196,0.19432172090006414,False,False,False,False
2024-04-19 00:00:00-04:00,166.2100067138672,166.39999389648438,164.0800018310547,165.0,163.36138916015625,68149400,170.52999241760259,177.11668102096837,163.9433038142368,13.173377206731573,3.293344301682893,0.08021452427728487,False,False,False,False
2024-04-22 00:00:00-04:00,165.52000427246094,167.25999450683594,164.77000427246094,165.83999633789062,164.19302368164062,48116400,170.0833261242967,176.50934391420088,163.6573083343925,12.852035579808387,3.2130088949520967,0.16983208534897867,False,False,False,False
2024-04-23 00:00:00-04:00,165.35000610351562,167.0500030517578,164.9199981689453,166.89999389648438,165.2425079345703,49537800,169.7801516264098,175.9895686138861,163.57073463893352,12.418833974952577,3.104708493738144,0.26808146918346837,False,False,False,False
2024-04-24 00:00:00-04:00,166.5399932861328,169.3000030517578,166.2100067138672,169.02000427246094,167.3414764404297,48251800,169.70775664031945,175.91423119662622,163.50128208401267,12.412949112613546,3.1032372781533866,0.44459395896824866,False,False,False,False
2024-04-25 00:00:00-04:00,169.52999877929688,170.61000061035156,168.14999389648438,169.88999938964844,168.20285034179688,50558300,169.7251130926365,175.80294153608602,163.64728464918696,12.155656886899067,3.0389142217247667,0.5135645731486264,False,False,False,True
2024-04-26 00:00:00-04:00,169.8800048828125,171.33999633789062,169.17999267578125,169.3000030517578,167.6186981201172,44838400,169.6846264220766,175.58667275360307,163.78258009055014,11.804092663052927,2.9510231657632318,0.46741610039010695,False,False,True,False
2024-04-29 00:00:00-04:00,173.3699951171875,176.02999877929688,173.10000610351562,173.5,171.77699279785156,68169400,170.04799533425978,176.70583617814142,163.39015449037814,13.315681687763288,3.328920421940822,0.7592435555824759,False,False,False,True
2024-04-30 00:00:00-04:00,173.3300018310547,174.99000549316406,170.0,170.3300018310547,168.63845825195312,65934800,170.07485309585928,177.06491095398556,163.084795237733,13.980115716252556,3.495028929063139,0.5182508314218589,False,False,False,False
2024-05-01 00:00:00-04:00,169.5800018310547,172.7100067138672,169.11000061035156,169.3000030517578,167.6186981201172,50383100,170.0010578535639,177.01211114658068,162.99000456054713,14.022106586033544,3.505526646508386,0.4500036034168812,False,False,True,False
2024-05-02 00:00:00-04:00,172.50999450683594,173.4199981689453,170.88999938964844,173.02999877929688,171.31163024902344,94214900,170.28952841791943,177.42347540507203,163.15558143076683,14.267893974305196,3.566973493576299,0.6920725207457186,False,False,False,True
2024-05-03 00:00:00-04:00,186.64999389648438,187.0,182.66000366210938,183.3800048828125,181.55885314941406,163224100,171.53624046219494,180.7507929947729,162.32168792961699,18.42910506515591,4.607276266288977,1.0,True,False,False,False
2024-05-06 00:00:00-04:00,182.35000610351562,184.1999969482422,180.4199981689453,181.7100067138672,179.9054412841797,78569700,172.50517058140184,181.5542676165814,163.45607354622229,18.098194070359114,4.524548517589778,1.0,False,False,False,False
2024-05-07 00:00:00-04:00,183.4499969482422,184.89999389648438,181.32000732421875,182.39999389648438,180.58859252929688,77305800,173.4475347066478,182.3077193527625,164.58735006053308,17.720369292229407,4.430092323057352,1.0,False,False,False,False
2024-05-08 00:00:00-04:00,182.85000610351562,183.07000732421875,181.4499969482422,182.74000549316406,180.92518615722656,45057100,174.33253192441123,182.63070018110977,166.03436366771268,16.59633651339709,4.149084128349273,1.0,False,False,False,False
2024-05-09 00:00:00-04:00,182.55999755859375,184.66000366210938,182.11000061035156,184.57000732421875,182.73704528808594,48983000,175.30752958153576,183.28588162291604,167.32917754015548,15.956704082760552,3.989176020690138,1.0,False,False,False,False
2024-05-10 00:00:00-04:00,184.89999389648438,185.08999633789062,182.1300048828125,183.0500030517578,181.4779510498047,50759500,176.0449080072712,183.81742313552905,168.27239287901335,15.545030256515702,3.8862575641289254,0.9506324483704638,False,False,False,False
2024-05-13 00:00:00-04:00,185.44000244140625,187.10000610351562,184.6199951171875,186.27999877929688,184.6802215576172,72044800,177.0196785569879,184.82494278277156,169.21441433120427,15.61052845156729,3.9026321128918227,1.0,True,False,False,False
2024-05-14 00:00:00-04:00,187.50999450683594,188.3000030517578,186.2899932861328,187.42999267578125,185.82032775878906,52393600,178.01113704449202,185.43987570218948,170.58239838679455,14.85747731539493,3.7143693288487327,1.0,False,False,False,False
2024-05-15 00:00:00-04:00,187.91000366210938,190.64999389648438,187.3699951171875,189.72000122070312,188.09068298339844,70400000,179.12626696603593,186.468131513823,171.78440241824885,14.683729095574165,3.6709322738935413,1.0,False,False,False,False
2024-05-16 00:00:00-04:00,190.47000122070312,191.10000610351562,189.66000366210938,189.83999633789062,188.20962524414062,52845200,180.1466221443078,187.04230072559744,173.25094356301815,13.791357162579288,3.447839290644822,1.0,False,False,False,False
2024-05-17 00:00:00-04:00,189.50999450683594,190.80999755859375,189.17999267578125,189.8699951171875,188.23936462402344,41282900,181.07265766553445,187.60476936525762,174.54054596581128,13.064223399446348,3.266055849861587,1.0,False,False,False,False
2024-05-20 00:00:00-04:00,189.3300018310547,191.9199981689453,189.00999450683594,191.0399932861328,189.39932250976562,44361300,182.02192772463906,188.4828289868118,175.56102646246632,12.92180252434548,3.23045063108637,1.0,False,False,False,False
2024-05-21 00:00:00-04:00,191.08999633789062,192.72999572753906,190.9199981689453,192.35000610351562,190.69808959960938,42309400,183.00555423691304,189.18236488458726,176.82874358923883,12.353621295348432,3.088405323837108,1.0,False,False,False,False
2024-05-22 00:00:00-04:00,192.27000427246094,192.82000732421875,190.27000427246094,190.89999389648438,189.26051330566406,34648500,183.7574056330627,189.82653582632105,177.68827543980433,12.13826038651672,3.03456509662918,1.0,False,False,False,False
2024-05-23 00:00:00-04:00,190.97999572753906,191.0,186.6300048828125,186.8800048828125,185.2750701904297,51005900,184.05479603780077,190.3910122351708,177.71857984043075,12.672432394740042,3.1681080986850105,0.7229413231026106,False,False,False,False
2024-05-24 00:00:00-04:00,188.82000732421875,190.5800018310547,188.0399932861328,189.97999572753906,188.34844970703125,36327000,184.6191007701568,191.06169473743824,178.17650680287534,12.885187934562907,3.221296983640727,0.9160509714415838,False,False,False,False
2024-05-28 00:00:00-04:00,191.50999450683594,193.0,189.10000610351562,189.99000549316406,188.35836791992188,52280100,185.1306155056813,191.70894885553147,178.55228215583114,13.156666699700338,3.2891666749250845,0.8693481106117431,False,False,False,False
2024-05-29 00:00:00-04:00,189.61000061035156,192.25,189.50999450683594,190.2899932861328,188.65577697753906,53068000,185.62198481810526,192.09048593160324,179.15348370460728,12.937002226995958,3.2342505567489894,0.8608261315969092,False,False,False,False
2024-05-30 00:00:00-04:00,190.75999450683594,192.17999267578125,190.6300048828125,191.2899932861328,189.64718627929688,49889100,186.1617951483936,192.36144602847145,179.96214426831574,12.399301760155709,3.099825440038927,0.9135876549289513,False,False,False,False
2024-05-31 00:00:00-04:00,191.44000244140625,192.57000732421875,189.91000366210938,192.25,190.5989532470703,75158300,186.7416241818799,192.85331070637184,180.62993765738796,12.223373048983888,3.055843262245972,0.9506428623298873,False,False,False,False
2024-06-03 00:00:00-04:00,192.89999389648438,194.99000549316406,192.52000427246094,194.02999877929688,192.3636474609375,50080500,187.4357550959196,193.48427406659516,181.38723612524404,12.097037941351118,3.0242594853377796,1.0,True,False,False,False
2024-06-04 00:00:00-04:00,194.63999938964844,195.32000732421875,193.02999877929688,194.35000610351562,192.68092346191406,47471400,188.09425519188113,193.99592397447353,182.19258640928874,11.80333756518479,2.9508343912961976,1.0,False,False,False,False
2024-06-05 00:00:00-04:00,195.39999389648438,196.89999389648438,194.8699951171875,195.8699951171875,194.18785095214844,54156800,188.83480185143412,194.65630131436103,183.0133023885072,11.642998925853817,2.9107497314634543,1.0,False,False,False,False
2024-06-06 00:00:00-04:00,195.69000244140625,196.5,194.1699981689453,194.47999572753906,192.809814453125,41181800,189.37243936344413,195.07778924628929,183.66708948059897,11.41069976569031,2.8526749414225776,0.9476111429600779,False,False,False,False
2024-06-07 00:00:00-04:00,194.64999389648438,196.94000244140625,194.13999938964844,196.88999938964844,195.19911193847656,53103900,190.0883974611779,195.78321296609008,184.3935819562657,11.38963100982437,2.8474077524560926,1.0,True,False,False,False
2024-06-10 00:00:00-04:00,196.89999389648438,197.3000030517578,192.14999389648438,193.1199951171875,191.4614715576172,97010200,190.37712104746453,196.5324568329402,184.22178526198886,12.310671570951342,3.0776678927378356,0.7228045849419903,False,False,False,False
2024-06-11 00:00:00-04:00,193.64999389648438,207.16000366210938,193.6300048828125,207.14999389648438,205.3709716796875,172373300,191.97453750927596,200.32234142518843,183.6267335933635,16.69560783182493,4.173901957956232,1.0,True,False,False,False
2024-06-12 00:00:00-04:00,207.3699951171875,220.1999969482422,206.89999389648438,213.07000732421875,211.24014282226562,198134300,193.98362987260384,204.15665400727664,183.81060573793104,20.3460482693456,5.0865120673364,1.0,False,False,False,False
2024-06-13 00:00:00-04:00,214.74000549316406,216.75,211.60000610351562,214.24000549316406,212.40008544921875,97862700,195.9128085031334,206.09852900363578,185.727088002631,20.37144100100477,5.092860250251192,1.0,False,False,False,False
2024-06-14 00:00:00-04:00,213.85000610351562,215.1699981689453,211.3000030517578,212.49000549316406,210.66513061523438,70122700,197.4915891688506,207.43273664274025,187.55044169496094,19.882294947779314,4.970573736944829,1.0,False,False,False,False
2024-06-17 00:00:00-04:00,213.3699951171875,218.9499969482422,212.72000122070312,216.6699981689453,214.80923461914062,93728300,199.31810431171675,209.55713532923306,189.07907329420044,20.47806203503262,5.119515508758155,1.0,False,False,False,False
2024-06-18 00:00:00-04:00,217.58999633789062,218.6300048828125,213.0,214.2899932861328,212.44967651367188,79943300,200.74399849975637,211.08512739208356,190.40286960742918,20.682257784654382,5.170564446163596,1.0,False,False,False,False
2024-06-20 00:00:00-04:00,213.92999267578125,214.24000549316406,208.85000610351562,209.67999267578125,207.8792266845703,86172500,201.5950455641397,211.99005900375758,191.2000321245218,20.790026879235768,5.197506719808942,0.888885842168702,False,False,False,False
2024-06-21 00:00:00-04:00,210.38999938964844,211.88999938964844,207.11000061035156,207.49000549316406,205.7080535888672,241805100,202.15647031928486,212.46798217080035,191.84495846776937,20.62302370303098,5.155755925757745,0.7586204259220884,False,False,False,False
2024-06-24 00:00:00-04:00,207.72000122070312,212.6999969482422,206.58999633789062,208.13999938964844,206.35247802734375,80727000,202.72633023074806,213.2286910191823,192.22396944231383,21.004721576868462,5.251180394217116,0.7577358209242917,False,False,False,False
2024-06-25 00:00:00-04:00,209.14999389648438,211.3800048828125,208.61000061035156,209.07000732421875,207.27450561523438,55549700,203.33048995393577,213.4306157621594,193.23036414571214,20.200251616447247,5.050062904111812,0.784130984071991,False,False,False,False
2024-06-26 00:00:00-04:00,211.5,214.86000061035156,210.63999938964844,213.25,211.41859436035156,66213200,204.27520519641806,214.5233170810459,194.02709331179022,20.496223769255664,5.124055942313916,0.9378755279323275,False,False,False,False
2024-06-27 00:00:00-04:00,214.69000244140625,215.74000549316406,212.35000610351562,214.10000610351562,212.26129150390625,49772700,205.21090052090355,215.11220109499828,195.30959994680882,19.802601148189467,4.950650287047367,0.9488857557697564,False,False,False,False
2024-06-28 00:00:00-04:00,215.77000427246094,216.07000732421875,210.3000030517578,210.6199951171875,208.81118774414062,82542700,205.7260523872163,215.79122375839376,195.66088101603884,20.130342742354912,5.032585685588728,0.743112737453505,False,False,False,False
2024-07-01 00:00:00-04:00,212.08999633789062,217.50999450683594,211.9199981689453,216.75,214.88853454589844,60402900,206.77595215986236,217.21260627185174,196.33929804787297,20.873308223978768,5.218327055994692,0.977837424384875,False,False,False,False
2024-07-02 00:00:00-04:00,216.14999389648438,220.3800048828125,215.10000610351562,220.27000427246094,218.3782958984375,58046200,208.06109998010984,218.51008843675967,197.61211152346002,20.897976913299658,5.2244942283249145,1.0,True,False,False,False
2024-07-03 00:00:00-04:00,220.0,221.5500030517578,219.02999877929688,221.5500030517578,219.64730834960938,37369800,209.3457574155049,219.25384788098194,199.43766695002785,19.81618093095409,4.9540452327385225,1.0,False,False,False,False
2024-07-05 00:00:00-04:00,221.64999389648438,226.4499969482422,221.64999389648438,226.33999633789062,224.39617919921875,60412400,210.964256360494,220.86153655872022,201.0669761622678,19.794560396452425,4.948640099113106,1.0,False,False,False,False
2024-07-08 00:00:00-04:00,227.08999633789062,227.85000610351562,223.25,227.82000732421875,225.86349487304688,59085900,212.56956597608684,222.39711937519354,202.74201257698013,19.65510679821341,4.9137766995533525,1.0,False,False,False,False
2024-07-09 00:00:00-04:00,227.92999267578125,229.39999389648438,226.3699951171875,228.67999267578125,226.71607971191406,48076100,214.1038923284387,223.5546901434941,204.65309451338328,18.90159563011082,4.725398907527705,1.0,False,False,False,False
2024-07-10 00:00:00-04:00,229.3000030517578,233.0800018310547,229.25,232.97999572753906,230.97914123535156,62627700,215.90161646168633,225.2873363262909,206.51589659708176,18.771439729209135,4.692859932302284,1.0,False,False,False,False
2024-07-11 00:00:00-04:00,231.38999938964844,232.38999938964844,225.77000427246094,227.57000732421875,225.6156463623047,64710600,217.01289178192752,226.90203795108727,207.12374561276778,19.77829233831949,4.944573084579872,1.0,False,False,False,False
2024-07-12 00:00:00-04:00,228.9199981689453,232.63999938964844,228.67999267578125,230.5399932861328,228.56008911132812,53046500,218.3011871632804,228.21541712861008,208.3869571979507,19.828459930659392,4.957114982664848,1.0,False,False,False,False
2024-07-15 00:00:00-04:00,236.47999572753906,237.22999572753906,233.08999633789062,234.39999389648438,232.38694763183594,62631300,219.83440685215697,230.09521430923496,209.573599395079,20.521614914155975,5.130403728538994,1.0,False,False,False,False
2024-07-16 00:00:00-04:00,235.0,236.27000427246094,232.3300018310547,234.82000732421875,232.80337524414062,43234300,221.26160689711523,231.28433409676666,211.2388796974638,20.045454399302855,5.011363599825714,1.0,False,False,False,False
2024-07-17 00:00:00-04:00,229.4499969482422,231.4600067138672,226.63999938964844,228.8800048828125,226.9143829345703,57345900,221.9871686100388,232.64362467663915,211.33071254343844,21.31291213320071,5.328228033300178,0.8234112837182969,False,False,False,False
2024-07-18 00:00:00-04:00,230.27999877929688,230.44000244140625,222.27000427246094,224.17999267578125,222.25473022460938,66034600,222.19600899725236,233.42081909098175,210.97119890352297,22.449620187458777,5.612405046864694,0.5883749329370488,False,False,False,False
2024-07-19 00:00:00-04:00,224.82000732421875,226.8000030517578,223.27999877929688,224.30999755859375,222.38363647460938,49151500,222.39734124118965,233.20367118003827,211.59101130234103,21.61265987769724,5.40316496942431,0.5884970349891004,False,False,False,False
2024-07-22 00:00:00-04:00,227.00999450683594,227.77999877929688,223.08999633789062,223.9600067138672,222.03663635253906,48201800,222.5461665243018,233.20986395754682,211.8824690910568,21.32739486649001,5.331848716622503,0.5662922123595521,False,False,False,False
2024-07-23 00:00:00-04:00,224.3699951171875,226.94000244140625,222.67999267578125,225.00999450683594,223.07760620117188,39960300,222.78081680835268,233.23014645139818,212.33148716530718,20.898659286091004,5.224664821522751,0.6066660625433935,False,False,False,False
2024-07-24 00:00:00-04:00,224.0,224.8000030517578,217.1300048828125,218.5399932861328,216.66314697265625,61777600,222.37692885385553,233.35732345740118,211.39653425030988,21.960789207091295,5.490197301772824,0.32528243718655864,False,False,True,False
2024-07-25 00:00:00-04:00,218.92999267578125,220.85000610351562,214.6199951171875,217.49000549316406,215.62217712402344,51391200,221.91150758140873,233.03986492186544,210.783150240952,22.256714680913433,5.564178670228358,0.3013407570868315,False,False,False,False
2024-07-26 00:00:00-04:00,218.6999969482422,219.49000549316406,216.00999450683594,217.9600067138672,216.088134765625,41601300,221.5351741654524,232.24669796912906,210.82365036177572,21.42304760735334,5.355761901838335,0.3331158331386032,False,False,False,False
2024-07-29 00:00:00-04:00,216.9600067138672,219.3000030517578,215.75,218.24000549316406,216.36573791503906,36311800,221.2213485776154,231.57172061127596,210.87097654395484,20.700744067321125,5.175186016830281,0.35597894091363674,False,False,False,False
2024-07-30 00:00:00-04:00,219.19000244140625,220.3300018310547,216.1199951171875,218.8000030517578,216.92092895507812,41643800,220.99074424181944,231.14808041488737,210.8334080687515,20.314672346135865,5.078668086533966,0.3921596591500852,False,False,False,False
2024-07-31 00:00:00-04:00,221.44000244140625,223.82000732421875,220.6300048828125,222.0800018310547,220.17276000976562,50036300,221.09448305984185,231.24008647009518,210.94887964958852,20.29120682050666,5.072801705126665,0.5485687608396389,False,False,False,True
2024-08-01 00:00:00-04:00,224.3699951171875,224.47999572753906,217.02000427246094,218.36000061035156,216.48472595214844,62501000,220.8340561598904,231.45709752013403,210.21101479964676,21.246082720487266,5.311520680121816,0.38355239024118365,False,False,True,False
2024-08-02 00:00:00-04:00,219.14999389648438,225.60000610351562,217.7100067138672,219.86000061035156,217.97183227539062,105568600,220.74128896469622,231.88002606684518,209.60255186254727,22.277474204297903,5.569368551074476,0.46044038268150533,False,False,False,False
2024-08-05 00:00:00-04:00,199.08999633789062,213.5,196.0,209.27000427246094,207.47279357910156,119548600,219.6487856606738,234.44564917467818,204.85192214666944,29.593727028008743,7.398431757002186,0.1492911697674998,False,False,False,False
2024-08-06 00:00:00-04:00,205.3000030517578,209.99000549316406,201.07000732421875,207.22999572753906,205.4502716064453,69660500,218.46604376228004,233.56722055867303,203.36486696588705,30.202353592785983,7.550588398196496,0.1279744225819284,False,False,False,False
2024-08-07 00:00:00-04:00,206.89999389648438,213.63999938964844,206.38999938964844,209.82000732421875,208.01805114746094,63516400,217.6426117205599,232.6836708373136,202.6015526038062,30.0821182335074,7.52052955837685,0.2399583255534237,False,False,False,False
2024-08-08 00:00:00-04:00,213.11000061035156,214.1999969482422,208.8300018310547,213.30999755859375,211.4781036376953,47161100,217.22998180037266,231.84093402888848,202.61902957185683,29.221904457031656,7.305476114257914,0.36585459385294644,False,False,False,False
2024-08-09 00:00:00-04:00,212.10000610351562,216.77999877929688,211.97000122070312,216.24000549316406,214.38290405273438,42201600,217.13569834254326,231.24755485992625,203.02384182516028,28.22371303476598,7.055928258691495,0.46826452819032394,False,False,False,False
2024-08-12 00:00:00-04:00,216.07000732421875,219.50999450683594,215.60000610351562,217.52999877929688,215.91146850585938,38028100,217.1732507650912,230.65591931139997,203.69058221878245,26.965337092617517,6.741334273154379,0.5132298740779819,False,False,False,True
2024-08-13 00:00:00-04:00,219.00999450683594,221.88999938964844,219.00999450683594,221.27000427246094,219.62364196777344,44155300,217.5634177657931,230.5698195795413,204.5570159520449,26.012803627496396,6.503200906874099,0.6424908502653611,False,False,False,False
2024-08-14 00:00:00-04:00,220.57000732421875,223.02999877929688,219.6999969482422,221.72000122070312,220.07028198242188,41960600,217.9592828567369,230.3310448553212,205.5875208581526,24.74352399716861,6.185880999292152,0.6519879853975754,False,False,False,False
2024-08-15 00:00:00-04:00,224.60000610351562,225.35000610351562,222.75999450683594,224.72000122070312,223.04795837402344,46414000,218.60316079616229,230.46374757145068,206.7425740208739,23.721173550576793,5.930293387644198,0.7578641571631731,False,False,False,False
2024-08-16 00:00:00-04:00,223.9199981689453,226.8300018310547,223.64999389648438,226.0500030517578,224.36807250976562,44340200,219.31238386812376,230.62291355279737,208.00185418345015,22.621059369347222,5.6552648423368055,0.797847199533188,False,False,False,False
2024-08-19 00:00:00-04:00,225.72000122070312,225.99000549316406,223.0399932861328,225.88999938964844,224.20925903320312,40687800,219.9388234416023,230.72030211093355,209.15734477227105,21.5629573386625,5.390739334665625,0.775990711968606,False,False,False,False
2024-08-20 00:00:00-04:00,225.77000427246094,227.1699981689453,225.4499969482422,226.50999450683594,224.8246612548828,30299000,220.56464925733883,230.61198030387757,210.51731821080008,20.09466209307749,5.023665523269372,0.795866893504283,False,False,False,False
2024-08-21 00:00:00-04:00,226.52000427246094,227.97999572753906,225.0500030517578,226.39999389648438,224.7154541015625,34765500,221.12039636582887,230.74899284287,211.49179988878774,19.257192954082257,4.814298238520564,0.7741623632917022,False,False,False,False
2024-08-22 00:00:00-04:00,227.7899932861328,228.33999633789062,223.89999389648438,224.52999877929688,222.859375,43695300,221.44512040520678,230.99885772282505,211.8913830875885,19.107474635236542,4.776868658809136,0.6614487750464522,False,False,False,False
2024-08-23 00:00:00-04:00,225.66000366210938,228.22000122070312,224.3300018310547,226.83999633789062,225.1521759033203,38677300,221.95891811308144,231.33528157686757,212.5825546492953,18.75272692757227,4.688181731893067,0.7602863169533228,False,False,False,False
2024-08-26 00:00:00-04:00,226.75999450683594,227.27999877929688,223.88999938964844,227.17999267578125,225.48968505859375,30602200,222.45616330952905,231.57289030486623,213.33943631419186,18.233453990674377,4.558363497668594,0.7590748504736534,False,False,False,False
2024-08-27 00:00:00-04:00,226.0,228.85000610351562,224.88999938964844,228.02999877929688,226.33334350585938,35934600,222.98700478284027,231.98406042141718,213.98994914426336,17.99411127715382,4.498527819288455,0.7802580199034018,False,False,False,False
2024-08-28 00:00:00-04:00,227.9199981689453,229.86000061035156,225.67999267578125,226.49000549316406,224.80479431152344,38052200,223.3206238981092,232.25397555974249,214.38727223647592,17.866703323266563,4.466675830816641,0.6773903969697417,False,False,False,False
2024-08-29 00:00:00-04:00,230.10000610351562,232.9199981689453,228.8800048828125,229.7899932861328,228.0802459716797,51906300,223.93675431601622,233.26276934664241,214.61073928539003,18.65203006125239,4.663007515313097,0.8138124349411207,False,False,False,False
2024-08-30 00:00:00-04:00,230.19000244140625,230.39999389648438,227.47999572753906,229.0,227.29611206054688,52990800,224.41896819068134,233.39638135203398,215.4415550293287,17.954826322705287,4.488706580676322,0.7551420841941303,False,False,False,False
2024-09-03 00:00:00-04:00,228.5500030517578,229.0,221.1699981689453,222.77000427246094,221.11248779296875,50190600,224.26192400799368,233.907596219422,214.61625179656536,19.29134442285664,4.82283610571416,0.4226637758970753,False,False,True,False
2024-09-04 00:00:00-04:00,221.66000366210938,221.77999877929688,217.47999572753906,220.85000610351562,219.20677185058594,43840200,223.93697944566244,233.6760861449323,214.1978727463926,19.478213398539708,4.869553349634927,0.34151660735074135,False,False,False,False
2024-09-05 00:00:00-04:00,221.6300048828125,225.47999572753906,221.52000427246094,222.3800048828125,220.72537231445312,36615400,223.78869615396246,233.47989010811003,214.0975021998149,19.38238790829513,4.845596977073782,0.42732106705247186,False,False,False,False
2024-09-06 00:00:00-04:00,223.9499969482422,225.24000549316406,219.77000427246094,220.82000732421875,219.17698669433594,48423000,223.50596388446309,233.32203868733652,213.68988908158966,19.63214960574686,4.908037401436715,0.36318581438182995,False,False,False,False
2024-09-09 00:00:00-04:00,220.82000732421875,221.27000427246094,216.7100067138672,220.91000366210938,219.2663116455078,67180000,223.25872957757224,233.00519641187708,213.5122627432674,19.49293366860968,4.87323341715242,0.3795088540600166,False,False,False,False
2024-09-10 00:00:00-04:00,218.9199981689453,221.47999572753906,216.72999572753906,220.11000061035156,218.4722900390625,51591000,222.95885062831314,232.6806707791875,213.2370304774388,19.4436403017487,4.860910075437175,0.353481653962434,False,False,False,False
2024-09-11 00:00:00-04:00,221.4600067138672,223.08999633789062,217.88999938964844,222.66000366210938,221.0032958984375,44587100,222.93038901248423,232.72002653791958,213.14075148704887,19.579275050870706,4.8948187627176765,0.48619022667221645,False,False,False,False
2024-09-12 00:00:00-04:00,222.5,223.5500030517578,219.82000732421875,222.77000427246094,221.11248779296875,37455600,222.91511427533914,232.47178719373878,213.3584413569395,19.113345836799283,4.778336459199821,0.4924079224999521,False,False,False,False
2024-09-13 00:00:00-04:00,223.5800018310547,224.0399932861328,221.91000366210938,222.5,220.84449768066406,36766600,222.8755795824497,231.90258313381406,213.84857603108532,18.054007102728747,4.513501775682187,0.4791968851949259,False,False,False,False
2024-09-16 00:00:00-04:00,216.5399932861328,217.22000122070312,213.9199981689453,216.32000732421875,214.7104949951172,59357400,222.25123936738007,232.09154292981893,212.4109358049412,19.680607124877724,4.920151781219431,0.19862555532324988,False,False,False,False
2024-09-17 00:00:00-04:00,215.75,216.89999389648438,214.5,216.7899932861328,215.1769561767578,45519300,221.73112069297557,231.06739267846743,212.3948487074837,18.672543970983725,4.668135992745931,0.23538006312792525,False,False,False,False
2024-09-18 00:00:00-04:00,217.5500030517578,222.7100067138672,217.5399932861328,220.69000244140625,219.04794311523438,59894900,221.6319665737785,231.21861404626804,212.04531910128895,19.17329494497909,4.793323736244773,0.45087103520415406,False,False,False,False
2024-09-19 00:00:00-04:00,224.99000549316406,229.82000732421875,224.6300048828125,228.8699951171875,227.16709899902344,66781300,222.32130262553176,232.77528632733484,211.86731892372867,20.907967403606165,5.226991850901541,0.8132151665075887,False,False,False,True
2024-09-20 00:00:00-04:00,229.97000122070312,233.08999633789062,227.6199951171875,228.1999969482422,226.5020751953125,318679900,222.88117827531372,233.38376385107713,212.3785926995503,21.005171151526838,5.2512927878817095,0.7532147267241788,False,False,False,False
2024-09-23 00:00:00-04:00,227.33999633789062,229.4499969482422,225.80999755859375,226.47000122070312,224.78494262695312,54146000,223.22297093677938,233.40329783289613,213.04264404066262,20.360653792233506,5.090163448058377,0.6594757377173378,False,False,False,False
2024-09-24 00:00:00-04:00,228.64999389648438,229.35000610351562,225.72999572753906,227.3699951171875,225.67823791503906,43556100,223.61792562062777,233.50422190232817,213.73162933892738,19.772592563400792,4.943148140850198,0.6897611294284612,False,False,False,False
2024-09-25 00:00:00-04:00,224.92999267578125,227.2899932861328,224.02000427246094,226.3699951171875,224.68568420410156,42308700,223.88002747744298,233.44769229991866,214.3123626549673,19.135329644951355,4.783832411237839,0.6301241047813081,False,False,False,False
2024-09-26 00:00:00-04:00,227.3000030517578,228.5,225.41000366210938,227.52000427246094,225.82711791992188,36636700,224.22669193411136,233.4555895419176,214.99779432630513,18.457795215612464,4.614448803903116,0.6784239287455059,False,False,False,False
2024-09-27 00:00:00-04:00,228.4600067138672,229.52000427246094,227.3000030517578,227.7899932861328,226.09510803222656,34026000,224.5660539676372,233.31606205880342,215.81604587647098,17.500016182332445,4.375004045583111,0.6842249335603708,False,False,False,False
2024-09-30 00:00:00-04:00,230.0399932861328,233.0,229.64999389648438,233.0,231.266357421875,54541900,225.36928692310033,234.28629554792337,216.4522782982773,17.83401724964608,4.45850431241152,0.9278740437492343,False,False,False,False
2024-10-01 00:00:00-04:00,229.52000427246094,229.64999389648438,223.74000549316406,226.2100067138672,224.52688598632812,63285000,225.44935547460193,235.32666213830984,215.57204881089402,19.754613327415825,4.938653331853956,0.5385049925634136,False,False,False,False
2024-10-02 00:00:00-04:00,225.88999938964844,227.3699951171875,223.02000427246094,226.77999877929688,225.0926513671875,32880600,225.5760834083824,235.33565757466485,215.81650924209995,19.519148332564896,4.879787083141224,0.5616786834344567,False,False,False,False
2024-10-03 00:00:00-04:00,225.13999938964844,226.80999755859375,223.32000732421875,225.6699981689453,223.99090576171875,34044200,225.58502767129315,235.06664246782233,216.10341287476396,18.963229593058372,4.740807398264593,0.5044808030844741,False,False,False,False
2024-10-04 00:00:00-04:00,227.89999389648438,228.0,224.1300048828125,226.8000030517578,225.11248779296875,37245100,225.7007396122898,235.00819195260357,216.39328727197602,18.614904680627546,4.653726170156887,0.5590528642680624,False,False,False,False
2024-10-07 00:00:00-04:00,224.5,225.69000244140625,221.3300018310547,221.69000244140625,220.04049682617188,39505400,225.31876464363424,234.78947199405727,215.8480572932112,18.941414700846053,4.735353675211513,0.3084217963895852,False,False,True,False
2024-10-08 00:00:00-04:00,224.3000030517578,225.97999572753906,223.25,225.77000427246094,224.09014892578125,31855700,225.36173984637963,234.74337511898693,215.98010457377234,18.763270545214596,4.690817636303649,0.5217587027324203,False,False,False,True
2024-10-09 00:00:00-04:00,225.22999572753906,229.75,224.8300018310547,229.5399932861328,227.83209228515625,33591100,225.75966874540376,235.18714012453938,216.33219736626813,18.85494275827125,4.713735689567812,0.7004951480995989,False,False,False,False
2024-10-10 00:00:00-04:00,227.77999877929688,229.5,227.1699981689453,229.0399932861328,227.3358154296875,28183500,226.07208060642557,235.03080387108514,217.113357341766,17.917446529319136,4.479361632329784,0.6656437302520037,False,False,False,False
2024-10-11 00:00:00-04:00,229.3000030517578,229.41000366210938,227.33999633789062,227.5500030517578,225.85690307617188,31759200,226.21283512502865,234.689687528066,217.7359827219913,16.95370480607471,4.238426201518678,0.5788717240287233,False,False,False,False
2024-10-14 00:00:00-04:00,228.6999969482422,231.72999572753906,228.60000610351562,231.3000030517578,229.5790252685547,39882100,226.69732730852667,235.16249300641653,218.2321616106368,16.930331395779717,4.232582848944929,0.7718597548762968,False,False,False,False
2024-10-15 00:00:00-04:00,233.61000061035156,237.49000549316406,232.3699951171875,233.85000610351562,232.11004638671875,64751400,227.37853481281132,236.23518442919345,218.5218851964292,17.713299232764257,4.428324808191064,0.8653453377411494,False,False,False,False
2024-10-16 00:00:00-04:00,231.60000610351562,232.1199951171875,229.83999633789062,231.77999877929688,230.05543518066406,34082200,227.7977218572385,236.57070846510743,219.0247352493696,17.54597321573783,4.386493303934458,0.7269624416436737,False,False,False,False
2024-10-17 00:00:00-04:00,233.42999267578125,233.85000610351562,230.52000427246094,232.14999389648438,230.4226837158203,32993800,228.2122239562143,236.77391226950726,219.65053564292134,17.123376626585923,4.280844156646481,0.7299645698475296,False,False,False,False
2024-10-18 00:00:00-04:00,236.17999267578125,236.17999267578125,234.00999450683594,235.0,233.25148010253906,46431500,228.85867881752722,237.37019805535027,220.34715957970417,17.023038475646104,4.255759618911526,0.8607652764962507,False,False,False,False
2024-10-21 00:00:00-04:00,234.4499969482422,236.85000610351562,234.4499969482422,236.47999572753906,234.720458984375,36254500,229.58451852324265,237.72488766833808,221.44414937814722,16.280738290190868,4.070184572547717,0.9235359036789463,False,False,False,False
2024-10-22 00:00:00-04:00,233.88999938964844,236.22000122070312,232.60000610351562,235.86000061035156,234.10508728027344,38846600,230.1821834839197,238.28451363931026,222.0798533285291,16.20466031078115,4.051165077695288,0.8503817431244984,False,False,False,False
2024-10-23 00:00:00-04:00,234.0800018310547,235.13999938964844,227.75999450683594,230.75999450683594,229.04302978515625,52287000,230.2372131051498,239.14931146570444,221.32511474459517,17.824196721109274,4.4560491802773186,0.5293298716270899,False,False,False,False
2024-10-24 00:00:00-04:00,229.97999572753906,230.82000732421875,228.41000366210938,230.57000732421875,228.8544464111328,31109500,230.26890779268018,238.77179704960122,221.76601853575914,17.005778513842074,4.2514446284605185,0.5177057187528042,False,False,False,False
2024-10-25 00:00:00-04:00,229.74000549316406,233.22000122070312,229.57000732421875,231.41000366210938,229.68820190429688,38802300,230.37758358976868,238.7601827002945,221.99498447924285,16.765198221051662,4.1912995552629155,0.5615811431948543,False,False,False,False
2024-10-28 00:00:00-04:00,233.32000732421875,234.72999572753906,232.5500030517578,233.39999389648438,231.66336059570312,36087100,230.66543219040827,238.87376980296744,222.4570945778491,16.416675225118354,4.1041688062795885,0.6665721998259482,False,False,False,False
2024-10-29 00:00:00-04:00,233.10000610351562,234.3300018310547,232.32000732421875,233.6699981689453,231.93138122558594,35417200,230.95158133122132,238.74108408389176,223.16207857855088,15.579005505340888,3.894751376335222,0.6744923215279723,False,False,False,False
2024-10-30 00:00:00-04:00,232.61000061035156,233.47000122070312,229.5500030517578,230.10000610351562,228.387939453125,47070900,230.87047892858268,238.70503042942357,223.0359274277418,15.669103001681776,3.917275750420444,0.4508285301982912,False,False,True,False
2024-10-31 00:00:00-04:00,229.33999633789062,229.8300018310547,225.3699951171875,225.91000366210938,224.22909545898438,64370100,230.3980527127281,238.39515126075054,222.40095416470564,15.9941970960449,3.998549274011225,0.21939516415434612,False,False,False,False
2024-11-01 00:00:00-04:00,220.97000122070312,225.35000610351562,220.27000427246094,222.91000366210938,221.25144958496094,65276700,229.68490518409774,238.01029375524763,221.35951661294786,16.650777142299773,4.162694285574943,0.09311799899253036,False,False,False,False
2024-11-04 00:00:00-05:00,220.99000549316406,222.7899932861328,219.7100067138672,222.00999450683594,220.35812377929688,44944500,228.9539613100728,237.08681041375613,220.82111220638947,16.265698207366654,4.0664245518416635,0.07309137826669049,False,False,False,False
2024-11-05 00:00:00-05:00,221.8000030517578,223.9499969482422,221.13999938964844,223.4499969482422,221.7874298095703,28111300,228.42977422799368,236.31133793302743,220.54821052295992,15.763127410067511,3.940781852516878,0.18408697397376678,False,False,False,False
2024-11-06 00:00:00-05:00,222.61000061035156,226.07000732421875,221.19000244140625,222.72000122070312,221.0628662109375,54561100,227.88598632253743,235.9553946336303,219.81657801144456,16.138816622185743,4.034704155546436,0.17990310425036235,False,False,False,False
2024-11-07 00:00:00-05:00,224.6300048828125,227.8800048828125,224.57000732421875,227.47999572753906,225.78741455078125,42137700,227.8473205515852,236.14178876399066,219.55285233917974,16.588936424810925,4.147234106202731,0.47785724083572023,False,False,False,False
2024-11-08 00:00:00-05:00,227.1699981689453,228.66000366210938,226.41000366210938,226.9600067138672,225.51914978027344,38328800,227.76281447180253,235.67783586296744,219.84779308063762,15.830042782329826,3.9575106955824566,0.4492858124912038,False,False,False,False
2024-11-11 00:00:00-05:00,225.0,225.6999969482422,221.5,224.22999572753906,222.80645751953125,42005600,227.42635554377742,235.6418761385993,219.21083494895555,16.431041189643736,4.107760297410934,0.30546821230945614,False,False,False,False
2024-11-12 00:00:00-05:00,224.5500030517578,225.58999633789062,223.36000061035156,224.22999572753906,222.80645751953125,40398300,227.12194032318328,234.96190800403076,219.2819726423358,15.679935361694959,3.9199838404237397,0.31556399762278053,False,False,False,False
2024-11-13 00:00:00-05:00,224.00999450683594,226.64999389648438,222.75999450683594,225.1199951171875,223.69082641601562,48566200,226.9312788749932,234.76524966568564,219.09730808430078,15.667941581384866,3.9169853953462166,0.3843955507239251,False,False,False,False
2024-11-14 00:00:00-05:00,225.02000427246094,228.8699951171875,225.0,228.22000122070312,226.77113342285156,44923900,227.0540143364894,234.87858707155007,219.2294416014287,15.649145470121368,3.912286367530342,0.5745080225907501,False,False,False,True
2024-11-15 00:00:00-05:00,226.39999389648438,226.9199981689453,224.27000427246094,225.0,223.5715789794922,47923700,226.85839392349038,234.69050877469343,219.02627907228734,15.66422970240609,3.9160574256015224,0.38136065680874653,False,False,True,False
2024-11-18 00:00:00-05:00,225.25,229.74000549316406,225.1699981689453,228.02000427246094,226.57241821289062,44633700,226.96902348053518,234.96592794525074,218.97211901581963,15.993808929431111,3.998452232357778,0.5657117261162088,False,False,False,True
2024-11-19 00:00:00-05:00,226.97999572753906,230.16000366210938,226.66000366210938,228.27999877929688,226.83074951171875,36211800,227.09387827089347,234.99109228913747,219.19666425264947,15.794428036488,3.948607009122,0.5750974017965862,False,False,False,False
2024-11-20 00:00:00-05:00,228.05999755859375,229.92999267578125,225.88999938964844,229.0,227.5461883544922,35169600,227.2754136736655,235.19090494731165,219.35992240001934,15.830982547292308,3.957745636823077,0.6089374156773025,False,False,False,False
2024-11-21 00:00:00-05:00,228.8800048828125,230.16000366210938,225.7100067138672,228.52000427246094,227.0692596435547,42108300,227.39394611164602,235.407887647576,219.38000457571604,16.027883071859947,4.006970767964987,0.5702562001336243,False,False,False,False
2024-11-22 00:00:00-05:00,228.05999755859375,230.72000122070312,228.05999755859375,229.8699951171875,228.41065979003906,38168300,227.62976030264997,235.37430841740883,219.8852121878911,15.489096229517713,3.8722740573794283,0.6446330232146337,False,False,False,False
2024-11-25 00:00:00-05:00,231.4600067138672,233.25,229.74000549316406,232.8699951171875,231.39163208007812,90152800,228.1288302849869,235.80092248963706,220.45673808033672,15.34418440930034,3.836046102325085,0.808987738007562,False,False,False,False
2024-11-26 00:00:00-05:00,233.3300018310547,235.57000732421875,233.3300018310547,235.05999755859375,233.56771850585938,45986200,228.78894145390183,236.23382687949322,221.34405602831043,14.889770851182789,3.722442712795697,0.9211653871217079,False,False,False,False
2024-11-27 00:00:00-05:00,234.47000122070312,235.69000244140625,233.80999755859375,234.92999267578125,233.4385223388672,33498400,229.37380347503318,236.45020133462793,222.29740561543844,14.152795719189498,3.5381989297973746,0.8925859816668262,False,False,False,False
2024-11-29 00:00:00-05:00,234.80999755859375,237.80999755859375,233.97000122070312,237.3300018310547,235.82330322265625,28481400,230.13153665179712,237.26829399301053,222.9947793105837,14.273514682426821,3.5683786706067053,1.0,True,False,False,False
2024-12-02 00:00:00-05:00,237.27000427246094,240.7899932861328,237.16000366210938,239.58999633789062,238.06895446777344,48137100,231.03234233618696,238.1814218680837,223.8832628042902,14.298159063793491,3.574539765948373,1.0,False,False,False,False
2024-12-03 00:00:00-05:00,239.80999755859375,242.75999450683594,238.89999389648438,242.64999389648438,241.10952758789062,38861000,232.13878534192958,239.34495704270697,224.9326136411522,14.412343401554779,3.6030858503886947,1.0,False,False,False,False
2024-12-04 00:00:00-05:00,242.8699951171875,244.11000061035156,241.25,243.00999450683594,241.4672393798828,44383900,233.17413859573017,240.23169324850014,226.1165839429602,14.115109305539931,3.528777326384983,1.0,False,False,False,False
2024-12-05 00:00:00-05:00,243.99000549316406,244.5399932861328,242.1300048828125,243.0399932861328,241.49705505371094,40033900,234.11374380433995,240.94754067249698,227.2799469361829,13.667593736314075,3.4168984340785187,1.0,False,False,False,False
2024-12-06 00:00:00-05:00,242.91000366210938,244.6300048828125,242.0800018310547,242.83999633789062,241.29832458496094,36870600,234.94481547420193,241.6052332658948,228.28439768250905,13.320835583385758,3.3302088958464395,1.0,False,False,False,False
2024-12-09 00:00:00-05:00,241.8300018310547,247.24000549316406,241.75,246.75,245.18350219726562,44649200,236.06911876237317,243.1614958735296,228.97674165121674,14.184754222312847,3.5461885555782118,1.0,False,False,False,False
2024-12-10 00:00:00-05:00,246.88999938964844,248.2100067138672,245.33999633789062,247.77000427246094,246.19703674316406,36914800,237.18348881095295,244.14063028618904,230.22634733571687,13.91428295047217,3.4785707376180426,1.0,False,False,False,False
2024-12-11 00:00:00-05:00,247.9600067138672,250.8000030517578,246.25999450683594,246.49000549316406,244.9251708984375,45205800,238.06982373306832,245.23925276976516,230.90039469637148,14.33885807339368,3.58471451834842,1.0,False,False,False,False
2024-12-12 00:00:00-05:00,246.88999938964844,248.74000549316406,245.67999267578125,247.9600067138672,246.3858184814453,32777500,239.01174592171583,246.07623461821956,231.9472572252121,14.12897739300746,3.532244348251865,1.0,False,False,False,False
2024-12-13 00:00:00-05:00,247.82000732421875,249.2899932861328,246.24000549316406,248.1300048828125,246.55474853515625,33155300,239.88015153705837,246.84818892250547,232.91211415161126,13.936074770894209,3.484018692723552,1.0,False,False,False,False
2024-12-16 00:00:00-05:00,247.99000549316406,251.3800048828125,247.64999389648438,251.0399932861328,249.44627380371094,51694800,240.94299360839878,247.9602294525668,233.92575776423075,14.034471688336055,3.5086179220840137,1.0,False,False,False,False
2024-12-17 00:00:00-05:00,250.0800018310547,253.8300018310547,249.77999877929688,253.47999572753906,251.87078857421875,51356400,242.13699381022167,249.26250668032446,235.01148094011887,14.251025740205591,3.562756435051398,1.0,False,False,False,False
2024-12-18 00:00:00-05:00,252.16000366210938,254.27999877929688,247.74000549316406,248.0500030517578,246.4752655029297,56774100,242.70013754751082,250.4210977878299,234.97917730719175,15.441920480638146,3.8604801201595365,0.8464507870607754,False,False,False,False
2024-12-19 00:00:00-05:00,247.5,252.0,247.08999633789062,249.7899932861328,248.20420837402344,60882300,243.37536190357005,251.30622685227908,235.44449695486102,15.861729897418058,3.9654324743545146,0.9044093187847639,False,False,False,False
2024-12-20 00:00:00-05:00,248.0399932861328,255.0,245.69000244140625,254.49000549316406,252.87437438964844,147495300,244.4338993882933,253.4336773538502,235.4341214227364,17.999555931113775,4.499888982778444,1.0,True,False,False,False
2024-12-23 00:00:00-05:00,254.77000427246094,255.64999389648438,253.4499969482422,255.27000427246094,253.64942932128906,40858800,245.46590937726165,254.0057089359113,236.92610981861202,17.079599117299267,4.269899779324817,1.0,False,False,False,False
2024-12-24 00:00:00-05:00,255.49000549316406,258.2099914550781,255.2899932861328,258.20001220703125,256.5608215332031,23234700,246.67868107533496,254.95249811464308,238.40486403602685,16.547634078616227,4.136908519654057,1.0,False,False,False,False
2024-12-26 00:00:00-05:00,258.19000244140625,260.1000061035156,257.6300048828125,259.0199890136719,257.3756103515625,27237100,247.85404373612897,255.7944793156469,239.91360815661105,15.880871159035848,3.970217789758962,1.0,False,False,False,False
2024-12-27 00:00:00-05:00,257.8299865722656,258.70001220703125,253.05999755859375,255.58999633789062,253.96737670898438,42355300,248.59080112677293,256.92919143935467,240.25241081419117,16.676780625163502,4.169195156290876,0.9196970247696765,False,False,False,False
2024-12-30 00:00:00-05:00,252.22999572753906,253.5,250.75,252.1999969482422,250.59889221191406,35557500,248.93453406215096,257.40708461105265,240.46198351324927,16.945101097803388,4.236275274450847,0.6927083743698959,False,False,False,False
2024-12-31 00:00:00-05:00,252.44000244140625,253.27999877929688,249.42999267578125,250.4199981689453,248.83021545410156,39480700,249.0760068342266,257.47130354894125,240.68071011951196,16.790593429429293,4.197648357357323,0.5800443022081079,False,False,False,False
2025-01-02 00:00:00-05:00,248.92999267578125,249.10000610351562,241.82000732421875,243.85000610351562,242.3019256591797,55740700,248.57829247892082,257.85405769110935,239.3025272667323,18.551530424377034,4.637882606094259,0.24512688348384704,False,False,True,False
2025-01-03 00:00:00-05:00,243.36000061035156,244.17999267578125,241.88999938964844,243.36000061035156,241.8150177001953,40244100,248.08131230096186,256.8874996491581,239.27512495276562,17.612374696392465,4.403093674098116,0.23193213453621578,False,False,False,False
2025-01-06 00:00:00-05:00,244.30999755859375,247.3300018310547,243.1999969482422,245.0,243.44461059570312,45045600,247.78785398658454,256.53942357652363,239.03628439664544,17.50313917987819,4.375784794969547,0.3407226293561394,False,False,False,False
2025-01-07 00:00:00-05:00,242.97999572753906,245.5500030517578,241.35000610351562,242.2100067138672,240.67234802246094,40856000,247.25663043680194,255.97304245739556,238.54021841620832,17.432824041187246,4.358206010296811,0.21051025863557912,False,False,False,False
2025-01-08 00:00:00-05:00,241.9199981689453,243.7100067138672,240.0500030517578,242.6999969482422,241.15921020507812,37628900,246.8226653426534,255.39943689360956,238.24589379169726,17.153543101912305,4.288385775478076,0.25966082517660044,False,False,False,False
2025-01-10 00:00:00-05:00,240.00999450683594,240.16000366210938,233.0,236.85000610351562,235.34637451171875,61710900,245.87288827225933,255.5319820577683,236.21379448675037,19.318187571017916,4.829546892754479,0.03293329741345545,False,False,False,False
2025-01-13 00:00:00-05:00,233.52999877929688,234.6699981689453,229.72000122070312,234.39999389648438,232.91189575195312,49630700,244.78023166504266,254.89941704856324,234.6610462815221,20.238370767041147,5.059592691760287,0.0,False,False,False,False
2025-01-14 00:00:00-05:00,234.75,236.1199951171875,232.47000122070312,233.27999877929688,231.7990264892578,39435300,243.6849713902097,253.52223701467508,233.84770576574434,19.674531248930748,4.918632812232687,0.0,False,False,False,False
2025-01-15 00:00:00-05:00,234.63999938964844,238.9600067138672,234.42999267578125,237.8699951171875,236.35987854003906,39832000,243.13116412611237,253.12070477504528,233.14162347717945,19.979081297865832,4.994770324466458,0.23666611940325477,False,False,False,False
2025-01-16 00:00:00-05:00,237.35000610351562,238.00999450683594,228.02999877929688,228.25999450683594,226.8108673095703,71759100,241.71486225760984,252.70144798715728,230.7282765280624,21.973171459094885,5.493292864773721,0.0,False,False,False,False
2025-01-17 00:00:00-05:00,232.1199951171875,232.2899932861328,228.47999572753906,229.97999572753906,228.5199737548828,68488300,240.59725592141262,251.2911828338647,229.90332900896055,21.38785382490414,5.346963456226035,0.003584591479171088,False,False,False,False
2025-01-21 00:00:00-05:00,224.0,224.4199981689453,219.3800048828125,222.63999938964844,221.2265625,98070400,238.88704101362555,250.63157340377774,227.14250862347336,23.489064780304375,5.872266195076094,0.0,False,False,False,False
2025-01-22 00:00:00-05:00,219.7899932861328,224.1199951171875,219.7899932861328,223.8300018310547,222.40902709960938,64126500,237.45303728195213,248.88911679930004,226.01695776460423,22.872159034695812,5.718039758673953,0.0,False,False,False,False
2025-01-23 00:00:00-05:00,224.74000549316406,227.02999877929688,222.3000030517578,223.66000366210938,222.24008178710938,60234800,236.1394150324433,247.37788574356424,224.90094432132238,22.47694142224185,5.619235355560463,0.0,False,False,False,False
2025-01-24 00:00:00-05:00,224.77999877929688,225.6300048828125,221.41000366210938,222.77999877929688,221.3656768798828,54697900,234.86708967500078,245.82571355915024,223.90846579085132,21.91724776829892,5.47931194207473,0.0,False,False,False,False
2025-01-27 00:00:00-05:00,224.02000427246094,232.14999389648438,223.97999572753906,229.86000061035156,228.40074157714844,94863400,234.39022404979607,246.12698456896808,222.65346353062407,23.473521038344018,5.868380259586004,0.3070070769509019,False,False,False,False
2025-01-28 00:00:00-05:00,230.85000610351562,240.19000244140625,230.80999755859375,238.25999450683594,236.7473907470703,75707600,234.75877361713322,247.38785845059897,222.12968878366746,25.258169666931508,6.314542416732877,0.6386173636439931,False,False,False,True
2025-01-29 00:00:00-05:00,234.1199951171875,239.86000061035156,234.00999450683594,239.36000061035156,237.84042358398438,45486100,235.19698571172546,247.73316328254776,222.66080814090316,25.072355141644607,6.268088785411152,0.6660400419149867,False,False,False,False
2025-01-30 00:00:00-05:00,238.6699981689453,240.7899932861328,237.2100067138672,237.58999633789062,236.0816650390625,55658300,235.42489148564596,247.42344861383916,223.42633435745276,23.997114256386396,5.999278564096599,0.5902235505949831,False,False,False,False
2025-01-31 00:00:00-05:00,247.19000244140625,247.19000244140625,233.44000244140625,236.0,234.5017547607422,100959800,235.47966372510825,249.02836514048212,221.93096230973438,27.09740283074774,6.774350707686935,0.5192024408443054,False,False,False,False
2025-02-03 00:00:00-05:00,229.99000549316406,231.8300018310547,225.6999969482422,228.00999450683594,226.5624542236328,73063300,234.76826665670137,249.02209854088943,220.5144347725133,28.50766376837612,7.12691594209403,0.2629313925975771,False,False,True,False
2025-02-04 00:00:00-05:00,227.25,233.1300048828125,226.64999389648438,232.8000030517578,231.32208251953125,45067300,234.58081298004006,248.70526387307493,220.4563620870052,28.248901786069723,7.062225446517431,0.4369600297466992,False,False,False,False
2025-02-05 00:00:00-05:00,228.52999877929688,232.6699981689453,228.27000427246094,232.47000122070312,230.99415588378906,39620300,234.37978328867462,247.99778884826537,220.76177772908386,27.236011119181512,6.809002779795378,0.42988025817677505,False,False,False,False
2025-02-06 00:00:00-05:00,231.2899932861328,233.8000030517578,230.42999267578125,233.22000122070312,231.73941040039062,29925300,234.2693278536297,247.1995349324567,221.33912077480272,25.860414157653963,6.465103539413491,0.45942344053233164,False,False,False,False
2025-02-07 00:00:00-05:00,232.60000610351562,234.0,227.25999450683594,227.6300048828125,226.1848907470703,39707200,233.63701138021855,246.62219884979567,220.65182391064144,25.970374939154226,6.4925937347885565,0.2686977368836677,False,False,False,False
2025-02-10 00:00:00-05:00,229.57000732421875,230.58999633789062,227.1999969482422,227.64999389648438,226.45346069335938,33115600,233.0668192389105,245.4314878394596,220.70215063836142,24.72933720109819,6.1823343002745474,0.2809554983873331,False,False,False,False
2025-02-11 00:00:00-05:00,228.1999969482422,235.22999572753906,228.1300048828125,232.6199951171875,231.3973388671875,53718400,233.02426456065118,245.66846666735628,220.38006245394607,25.288404213410217,6.322101053352554,0.48401364356358656,False,False,False,False
2025-02-12 00:00:00-05:00,231.1999969482422,236.9600067138672,230.67999267578125,236.8699951171875,235.62501525878906,45243300,233.39052461365463,246.0263093173064,220.75473991000285,25.27156940730356,6.31789235182589,0.6376831983583611,False,False,False,True
2025-02-13 00:00:00-05:00,236.91000366210938,242.33999633789062,235.57000732421875,241.52999877929688,240.26051330566406,53614100,234.1657126294301,246.89191666545108,221.4395085934091,25.452408072041976,6.363102018010494,0.7893355367013793,False,False,False,False
2025-02-14 00:00:00-05:00,241.25,245.5500030517578,240.99000549316406,244.60000610351562,243.3144073486328,40896200,235.15945486505728,247.52503800919493,222.79387172091964,24.73116628827529,6.1827915720688225,0.8817268918261237,False,False,False,False
2025-02-18 00:00:00-05:00,244.14999389648438,245.17999267578125,241.83999633789062,244.47000122070312,243.18508911132812,48822500,236.04617356559498,247.84319766289698,224.24914946829298,23.594048194604,5.898512048651,0.8570318915019715,False,False,False,False
2025-02-19 00:00:00-05:00,244.66000366210938,246.00999450683594,243.16000366210938,244.8699951171875,243.5829620361328,32204200,236.8865375228895,248.07385737940663,225.6992176663724,22.37463971303424,5.59365992825856,0.8568083194495982,False,False,False,False
2025-02-20 00:00:00-05:00,244.94000244140625,246.77999877929688,244.2899932861328,245.8300018310547,244.5379180908203,32316900,237.73829602842906,248.30488499792727,227.17170705893085,21.133177938996425,5.283294484749106,0.8828911026057392,False,False,False,False
2025-02-21 00:00:00-05:00,245.9499969482422,248.69000244140625,245.22000122070312,245.5500030517578,244.2593994140625,53197400,238.48226812588894,248.68619844257796,228.2783378091999,20.40786063337805,5.1019651583445125,0.8463241469960477,False,False,False,False
2025-02-24 00:00:00-05:00,244.92999267578125,248.86000061035156,244.4199981689453,247.10000610351562,245.80123901367188,51326400,239.3030050761391,249.37454284944047,229.23146730283773,20.143075546602745,5.035768886650686,0.8870809603696064,False,False,False,False
2025-02-25 00:00:00-05:00,248.0,250.0,244.91000366210938,247.0399932861328,245.74156188964844,48013300,240.0398610961385,250.12224435968787,229.95747783258915,20.16476652709872,5.04119163177468,0.8471467016782501,False,False,False,False
2025-02-26 00:00:00-05:00,244.3300018310547,244.97999572753906,239.1300048828125,240.36000061035156,239.09666442871094,44433600,240.0703505736826,250.72649319154107,229.4142079558241,21.312285235716956,5.328071308929239,0.5135907545092139,False,False,False,False
2025-02-27 00:00:00-05:00,239.41000366210938,242.4600067138672,237.05999755859375,237.3000030517578,236.05274963378906,41153600,239.8065079525469,250.47703813967422,229.13597776541957,21.341060374254653,5.335265093563663,0.3825501237130246,False,False,True,False
2025-02-28 00:00:00-05:00,236.9499969482422,242.08999633789062,230.1999969482422,241.83999633789062,240.56887817382812,56833400,240.0001735130558,251.9816505594001,228.01869646671153,23.962954092688562,5.990738523172141,0.5767777969994179,False,False,False,True
2025-03-03 00:00:00-05:00,241.7899932861328,244.02999877929688,236.11000061035156,238.02999877929688,236.77890014648438,47184000,239.8125378241264,252.1798667996253,227.4452088486275,24.734657950997814,6.1836644877494535,0.42793354780321063,False,False,True,False
2025-03-04 00:00:00-05:00,237.7100067138672,240.07000732421875,234.67999267578125,235.92999267578125,234.68994140625,53798100,239.4427716195221,251.6513706271586,227.23417261188558,24.417198015273016,6.104299503818254,0.3561350511412657,False,False,False,False
2025-03-05 00:00:00-05:00,235.4199981689453,236.5500030517578,229.22999572753906,235.74000549316406,234.50094604492188,47227600,239.0901272265356,251.5418677982522,226.638386654819,24.903481143433225,6.225870285858306,0.36547576565395445,False,False,False,False
2025-03-06 00:00:00-05:00,234.44000244140625,237.86000061035156,233.16000366210938,235.3300018310547,234.09310913085938,45170400,238.73202004601362,250.87858595020703,226.5854541418202,24.293131808386818,6.073282952096704,0.3599596691858216,False,False,False,False
2025-03-07 00:00:00-05:00,235.11000061035156,241.3699951171875,234.75999450683594,239.07000732421875,237.81344604492188,46273600,238.7642093106046,251.01811874644898,226.51029987476022,24.507818871688755,6.126954717922189,0.5124775695142503,False,False,False,True
2025-03-10 00:00:00-04:00,235.5399932861328,236.16000366210938,224.22000122070312,227.47999572753906,226.28436279296875,72071200,237.6895223026936,251.68804201565666,223.69100258973054,27.99703942592612,6.99925985648153,0.13533549316288757,False,False,True,False
2025-03-11 00:00:00-04:00,223.80999755859375,225.83999633789062,217.4499969482422,220.83999633789062,219.67926025390625,76137400,236.08480554414095,250.68947304166707,221.48013804661483,29.209334995052245,7.302333748763061,0.0,False,True,False,False
2025-03-12 00:00:00-04:00,220.13999938964844,221.75,214.91000366210938,216.97999572753906,215.83953857421875,62547500,234.26529984732173,248.77749986267338,219.75309983197008,29.024400030703305,7.256100007675826,0.0,False,False,False,False
2025-03-13 00:00:00-04:00,215.9499969482422,216.83999633789062,208.4199981689453,209.67999267578125,208.57791137695312,61368300,231.92384202146073,246.69682154699595,217.1508624959255,29.54595905107044,7.38648976276761,0.0,False,False,False,False
2025-03-14 00:00:00-04:00,211.25,213.9499969482422,209.5800018310547,213.49000549316406,212.36790466308594,60107600,230.16823854257532,244.33791913899452,215.99855794615613,28.339361192838396,7.084840298209599,0.0,False,False,False,False
2025-03-17 00:00:00-04:00,213.30999755859375,215.22000122070312,209.97000122070312,214.0,212.87522888183594,48073400,228.6284063004253,242.43111883720258,214.82569376364802,27.605425073554557,6.901356268388639,0.0,False,False,False,False
2025-03-18 00:00:00-04:00,214.16000366210938,215.14999389648438,211.49000549316406,212.69000244140625,211.57211303710938,42432400,227.11046307575683,240.26490203952045,213.9560241119932,26.30887792752725,6.577219481881812,0.0,False,False,False,False
2025-03-19 00:00:00-04:00,214.22000122070312,218.75999450683594,213.75,215.24000549316406,214.10870361328125,54385400,225.9799433059861,239.0329367864593,212.9269498255129,26.10598696094638,6.526496740236595,0.08860249838902487,False,False,False,False
2025-03-20 00:00:00-04:00,213.99000549316406,217.49000549316406,212.22000122070312,214.10000610351562,212.97470092773438,48862900,224.84852071527462,237.65021570219267,212.04682572835657,25.6033899738361,6.400847493459025,0.08019173934612515,False,False,False,False
2025-03-21 00:00:00-04:00,211.55999755859375,218.83999633789062,211.27999877929688,218.27000427246094,217.12277221679688,94127800,224.22199533976857,237.25552033971357,211.18847033982357,26.067049999890003,6.516762499972501,0.2716661046289186,False,False,False,False
2025-03-24 00:00:00-04:00,221.0,221.47999572753906,218.5800018310547,220.72999572753906,219.56985473632812,44299500,223.88942394812767,236.2615947390938,211.51725315716155,24.744341581932247,6.186085395483062,0.37231714329002186,False,False,False,False
2025-03-25 00:00:00-04:00,220.77000427246094,224.10000610351562,220.0800018310547,223.75,222.573974609375,34493600,223.8761454768774,235.8151000432391,211.9371909105157,23.877909132723403,5.969477283180851,0.49471706353448947,False,False,False,False
2025-03-26 00:00:00-04:00,223.50999450683594,225.02000427246094,220.47000122070312,221.52999877929688,220.36563110351562,34466100,223.6527029342507,235.3077626543278,211.9976432141736,23.31011944015421,5.827529860038553,0.4089363672973192,False,False,False,False
2025-03-27 00:00:00-04:00,221.38999938964844,224.99000549316406,220.55999755859375,223.85000610351562,222.67343139648438,37094800,223.67149371227595,235.0470490472594,212.2959383772925,22.75111066996692,5.68777766749173,0.5078463154537474,False,False,False,True
2025-03-28 00:00:00-04:00,221.6699981689453,223.80999755859375,217.67999267578125,217.89999389648438,216.75469970703125,39818600,223.12182706315295,234.59382955018492,211.64982457612098,22.944004974063944,5.736001243515986,0.2724096916570856,False,False,True,False
2025-03-31 00:00:00-04:00,217.00999450683594,225.6199951171875,216.22999572753906,222.1300048828125,220.9624786376953,65299300,223.02736780788243,235.2301699241409,210.82456569162395,24.405604232516964,6.101401058129241,0.4632312760413315,False,False,False,False
2025-04-01 00:00:00-04:00,219.80999755859375,223.67999267578125,218.89999389648438,223.19000244140625,222.0169219970703,36412700,223.04285682059898,234.98137848109099,211.10433516010698,23.877043320984,5.969260830246,0.5061626399395083,False,False,False,True
2025-04-02 00:00:00-04:00,221.32000732421875,225.19000244140625,221.02000427246094,223.88999938964844,222.71324157714844,35905900,223.12353706527034,234.7022061935022,211.54486793703848,23.15733825646373,5.789334564115933,0.5330980320747424,False,False,False,False
2025-04-03 00:00:00-04:00,205.5399932861328,207.49000549316406,201.25,203.19000244140625,202.12205505371094,103419000,221.22510519633093,236.1739072896693,206.27630310299256,29.897604186676745,7.474401046669186,0.0,False,True,True,False
2025-04-04 00:00:00-04:00,193.88999938964844,199.8800048828125,187.33999633789062,188.3800048828125,187.389892578125,125910900,218.09700040456727,234.7209235092749,201.47307729985963,33.247846209415286,8.311961552353822,0.0,False,False,False,False
2025-04-07 00:00:00-04:00,177.1999969482422,194.14999389648438,174.6199951171875,181.4600067138672,180.50625610351562,160466300,214.6077629102149,233.47529346031115,195.74023236011863,37.735061100192524,9.433765275048131,0.0,False,False,False,False
2025-04-08 00:00:00-04:00,186.6999969482422,190.33999633789062,169.2100067138672,172.4199981689453,171.5137481689453,120859500,210.5898805539035,231.79665597379483,189.38310513401217,42.41355083978266,10.603387709945665,0.0,False,False,False,False
2025-04-09 00:00:00-04:00,171.9499969482422,200.61000061035156,171.88999938964844,198.85000610351562,197.8048553466797,184395900,209.47179727291416,234.30189539495697,184.64169915087135,49.660196244085625,12.415049061021406,0.286110567964911,False,False,False,False
2025-04-10 00:00:00-04:00,189.07000732421875,194.77999877929688,183.0,190.4199981689453,189.41915893554688,121880000,207.65734021539333,233.174429745935,182.14025068485168,51.03417906108331,12.758544765270827,0.16223926075470957,False,False,False,False
2025-04-11 00:00:00-04:00,186.10000610351562,199.5399932861328,186.05999755859375,198.14999389648438,197.1085205078125,87435900,206.75187866121152,232.41325838420684,181.0904989382162,51.32275944599064,12.83068986149766,0.33239629245229274,False,False,False,False
2025-04-14 00:00:00-04:00,211.44000244140625,212.94000244140625,201.16000366210938,202.52000427246094,201.45555114746094,101352900,206.34884300514005,232.4020864648202,180.2955995454599,52.10648691936029,13.026621729840073,0.4265189622435186,False,False,False,False
2025-04-15 00:00:00-04:00,201.86000061035156,203.50999450683594,199.8000030517578,202.13999938964844,201.07754516601562,51343900,205.94800075604562,230.13791816077338,181.75808335131785,48.37983480945553,12.094958702363883,0.42128949217385653,False,False,False,False
2025-04-16 00:00:00-04:00,198.36000061035156,200.6999969482422,192.3699951171875,194.27000427246094,193.24893188476562,59732400,204.83581061475184,228.560737133499,181.11088409600467,47.449853037494336,11.862463259373584,0.27732689005502464,False,False,False,False
2025-04-17 00:00:00-04:00,197.1999969482422,198.8300018310547,194.4199981689453,196.97999572753906,195.9446563720703,52164700,204.08763776835062,226.35207114694182,181.8232043897594,44.52886675718241,11.132216689295603,0.3403812502220235,False,False,False,False
2025-04-21 00:00:00-04:00,193.27000427246094,193.8000030517578,189.80999755859375,193.16000366210938,192.14476013183594,46742500,203.04691071061336,224.51890038513451,181.5749210360922,42.94397934904231,10.735994837260577,0.2697719867051754,False,False,False,False
2025-04-22 00:00:00-04:00,196.1199951171875,201.58999633789062,195.97000122070312,199.74000549316406,198.69017028808594,52976400,202.73196735657058,223.74275659879586,181.7211781143453,42.02157848445057,10.505394621112643,0.4287993937563853,False,False,False,False
2025-04-23 00:00:00-04:00,206.0,208.0,202.8000030517578,204.60000610351562,203.52462768554688,52929200,202.9098758086606,223.47158502803055,182.34816658929063,41.12341843873992,10.28085460968498,0.5410989737483222,False,False,False,True
2025-04-24 00:00:00-04:00,204.88999938964844,208.8300018310547,202.94000244140625,208.3699951171875,207.27479553222656,47311000,203.42988717137743,223.11342534674006,183.7463489960148,39.367076350725256,9.841769087681314,0.6254883116490071,False,False,False,False
2025-04-25 00:00:00-04:00,206.3699951171875,209.75,206.1999969482422,209.27999877929688,208.1800079345703,38222300,203.98704065784594,222.41222562602388,185.561855689668,36.85036993635589,9.212592484088972,0.6436337852399414,False,False,False,False
2025-04-28 00:00:00-04:00,210.0,211.5,207.4600067138672,210.13999938964844,209.03550720214844,38743100,204.57303672754142,221.96370185612813,187.18237159895472,34.78133025717341,8.695332564293352,0.6600560594130487,False,False,False,False
2025-04-29 00:00:00-04:00,208.69000244140625,212.24000549316406,208.3699951171875,211.2100067138672,210.09988403320312,36827600,205.20512910719148,221.63072979811483,188.77952841626814,32.85120138184669,8.212800345461673,0.6827901980471848,False,False,False,False
2025-04-30 00:00:00-04:00,209.3000030517578,213.5800018310547,206.6699981689453,212.5,211.3831024169922,52286500,205.8998787160304,222.06492007028328,189.73483736177752,32.330082708505756,8.082520677126439,0.7041479863654406,False,False,False,False
2025-05-01 00:00:00-04:00,209.0800018310547,214.55999755859375,208.89999389648438,213.32000732421875,212.1988067626953,57365700,206.60655763109597,222.28709558234544,190.9260196798465,31.361075902498953,7.840268975624738,0.7140694953832191,False,False,False,False
2025-05-02 00:00:00-04:00,206.08999633789062,206.99000549316406,202.16000366210938,205.35000610351562,204.2706756591797,101010600,206.4868860570407,222.83137094558708,190.1424011684943,32.68896977709278,8.172242444273195,0.46522129754233643,False,False,True,False
2025-05-05 00:00:00-04:00,203.10000610351562,204.10000610351562,198.2100067138672,198.88999938964844,197.84463500976562,69018500,205.76337304109856,221.90140931872003,189.6253367634771,32.27607255524293,8.069018138810733,0.2870442991573456,False,False,False,False
2025-05-06 00:00:00-04:00,198.2100067138672,200.64999389648438,197.02000427246094,198.50999450683594,197.4666290283203,51216500,205.0725750854545,220.3228056601185,189.82234451079051,30.500461149327975,7.625115287331994,0.2848366768460102,False,False,False,False
2025-05-07 00:00:00-04:00,199.1699981689453,199.44000244140625,193.25,196.25,195.218505859375,68536700,204.23232983922077,219.1955378446996,189.26912183374193,29.926416010957666,7.481604002739417,0.23326809878276075,False,False,False,False
2025-05-08 00:00:00-04:00,197.72000122070312,200.0500030517578,194.67999267578125,197.49000549316406,196.45199584960938,50478900,203.59020371102488,218.13109299115115,189.04931443089862,29.08177856025253,7.270444640063133,0.2902398505228199,False,False,False,False
2025-05-09 00:00:00-04:00,199.0,200.5399932861328,197.5399932861328,198.52999877929688,197.48651123046875,36453900,203.1082794318127,216.8050773425201,189.4114815211053,27.393595821414806,6.8483989553537015,0.3328704021785717,False,False,False,False
2025-05-12 00:00:00-04:00,210.97000122070312,211.27000427246094,206.75,210.7899932861328,209.95704650878906,63775800,203.83987122746223,218.7149904457317,188.96475200919275,29.75023843653895,7.437559609134738,0.7336156758372234,False,False,False,True
2025-05-13 00:00:00-04:00,210.42999267578125,213.39999389648438,209.0,212.92999267578125,212.08859252929688,51909300,204.7055970796831,218.97320315542248,190.4379910039437,28.535212151478788,7.133803037869697,0.7882191852101561,False,False,False,False
2025-05-14 00:00:00-04:00,212.42999267578125,213.94000244140625,210.5800018310547,212.3300018310547,211.490966796875,49325800,205.43173086552798,218.94457645576375,191.9188852752922,27.02569118047154,6.756422795117885,0.7552486417261853,False,False,False,False
2025-05-15 00:00:00-04:00,210.9499969482422,212.9600067138672,209.5399932861328,211.4499969482422,210.6144256591797,45029500,206.0048990638817,218.85046278064078,193.15933534712264,25.691127433518147,6.422781858379537,0.7119446839556167,False,False,False,False
2025-05-16 00:00:00-04:00,212.36000061035156,212.57000732421875,209.77000427246094,211.25999450683594,210.42518615722656,54737900,206.50538434416305,218.62639229959777,194.38437638872833,24.24201591086944,6.06050397771736,0.6961309727769404,False,False,False,False
2025-05-19 00:00:00-04:00,207.91000366210938,209.47999572753906,204.25999450683594,208.77999877929688,207.95501708984375,46140500,206.72201429036627,219.03092145025752,194.41310713047503,24.617814319782497,6.154453579945624,0.5835973682390169,False,False,False,False
2025-05-20 00:00:00-04:00,207.6699981689453,208.47000122070312,205.02999877929688,206.86000061035156,206.04257202148438,42496600,206.7351558446506,218.56317228855272,194.90713940074846,23.65603288780426,5.914008221951065,0.5052775022039022,False,False,False,False
2025-05-21 00:00:00-04:00,205.1699981689453,207.0399932861328,200.7100067138672,202.08999633789062,201.29141235351562,59211800,206.29275970114966,218.2039718151147,194.38154758718463,23.82242422793007,5.955606056982518,0.3235795264559347,False,False,True,False
2025-05-22 00:00:00-04:00,200.7100067138672,202.75,199.6999969482422,201.36000061035156,200.5643310546875,46742400,205.82297312107366,217.15306463399375,194.49288160815357,22.660183025840183,5.665045756460046,0.3030478171498961,False,False,False,False
2025-05-23 00:00:00-04:00,193.6699981689453,197.6999969482422,193.4600067138672,195.27000427246094,194.49838256835938,78432900,204.81792846882482,216.59500960974978,193.04084732789985,23.554162281849926,5.888540570462482,0.0946396190145467,False,False,False,False
2025-05-27 00:00:00-04:00,198.3000030517578,200.74000549316406,197.42999267578125,200.2100067138672,199.41885375976562,56288500,204.3790787778765,216.07245204884958,192.6857055069034,23.386746541946195,5.846686635486549,0.3217335593674092,False,False,False,False
2025-05-28 00:00:00-04:00,200.58999633789062,202.72999572753906,199.89999389648438,200.4199981689453,199.62802124023438,45339700,204.0020234817878,215.09205979187453,192.91198717170107,22.180072620173462,5.5450181550433655,0.3385025435135624,False,False,False,False
2025-05-29 00:00:00-04:00,203.5800018310547,203.80999755859375,198.50999450683594,199.9499969482422,199.15988159179688,51396800,203.61611619287868,214.65714948230828,192.57508290344907,22.082066578859212,5.520516644714803,0.3339775296146269,False,False,False,False
2025-05-30 00:00:00-04:00,199.3699951171875,201.9600067138672,196.77999877929688,200.85000610351562,200.05633544921875,70819900,203.35267713674887,214.32560868414959,192.37974558934815,21.94586309480144,5.48646577370036,0.3859616036780036,False,False,False,False
2025-06-02 00:00:00-04:00,200.27999877929688,202.1300048828125,200.1199951171875,201.6999969482422,200.90296936035156,35423300,203.19527902355776,213.4729193693434,192.91763867777212,20.555280691571284,5.138820172892821,0.42725557496625605,False,False,False,False
2025-06-03 00:00:00-04:00,201.35000610351562,203.77000427246094,200.9600067138672,203.27000427246094,202.46678161621094,46381600,203.2023957139295,213.01427153685532,193.39051989100366,19.623751645851655,4.905937911462914,0.5034452412439565,False,False,False,True
2025-06-04 00:00:00-04:00,202.91000366210938,206.24000549316406,202.10000610351562,202.82000732421875,202.0185546875,43604000,203.1659777720523,212.82466589061522,193.50728965348935,19.31737623712587,4.829344059281468,0.48209019467309333,False,False,True,False
2025-06-05 00:00:00-04:00,203.5,204.75,200.14999389648438,200.6300048828125,199.83721923828125,55126100,202.92445654450563,212.5372770719154,193.31163601709585,19.22564105481956,4.80641026370489,0.3806566888900722,False,False,False,False
2025-06-06 00:00:00-04:00,203.0,205.6999969482422,202.0500030517578,203.9199981689453,203.11419677734375,46607700,203.01927003254752,212.68480692030226,193.35373314479278,19.33107377550948,4.83276844387737,0.5465948320749218,False,False,False,True
2025-06-09 00:00:00-04:00,204.38999938964844,206.0,200.02000427246094,201.4499969482422,200.65396118164062,72862600,202.86981545308987,212.76479779757693,192.9748331086028,19.789964688974123,4.947491172243531,0.4282556322276448,False,False,True,False
2025-06-10 00:00:00-04:00,200.60000610351562,204.35000610351562,200.57000732421875,202.6699981689453,201.86915588378906,54672600,202.8507852355523,212.51226910145004,193.18930136965457,19.322967731795472,4.830741932948868,0.49064392855609257,False,False,False,False
2025-06-11 00:00:00-04:00,203.5,204.5,198.41000366210938,198.77999877929688,197.99452209472656,60989900,202.4630912873375,212.37642603422358,192.54975654045143,19.826669493772158,4.9566673734430395,0.31423544134845527,False,False,False,False
2025-06-12 00:00:00-04:00,199.0800018310547,199.67999267578125,197.36000061035156,199.1999969482422,198.412841796875,43904600,202.15232039789987,211.5383200831833,192.76632071261645,18.771999370566846,4.692999842641711,0.3427272773998322,False,False,False,False
2025-06-13 00:00:00-04:00,199.72999572753906,200.3699951171875,195.6999969482422,196.4499969482422,195.6737060546875,51447300,201.60924197412297,210.9906413246671,192.22784262357882,18.762798701088286,4.6906996752720715,0.22502796048323376,False,False,False,False
2025-06-16 00:00:00-04:00,197.3000030517578,198.69000244140625,196.55999755859375,198.4199981689453,197.63592529296875,43020700,201.30550446886792,210.19676498299046,192.4142439547454,17.78252102824507,4.445630257061268,0.3377335645862933,False,False,False,False
2025-06-17 00:00:00-04:00,197.1999969482422,198.38999938964844,195.2100067138672,195.63999938964844,194.86691284179688,38856200,200.76593255656132,209.41006531028722,192.12179980283543,17.288265507451797,4.322066376862949,0.20350217234323217,False,False,False,False
2025-06-18 00:00:00-04:00,195.94000244140625,197.57000732421875,195.07000732421875,196.5800018310547,195.80319213867188,45394700,200.36727248746544,208.64699196581876,192.08755300911213,16.55943895670663,4.139859739176657,0.2712923326501411,False,False,False,False
2025-06-20 00:00:00-04:00,198.24000549316406,201.6999969482422,196.86000061035156,201.0,200.2057342529297,96813500,200.42753225056396,208.90327880451943,191.95178569660848,16.95149310791095,4.237873276977737,0.5337709336747972,False,False,False,True
2025-06-23 00:00:00-04:00,201.6300048828125,202.3000030517578,198.9600067138672,201.5,200.70376586914062,55814300,200.52967203622455,208.82584320236262,192.2335008700865,16.592342332276132,4.148085583069033,0.5584804691431615,False,False,False,False
2025-06-24 00:00:00-04:00,202.58999633789062,203.44000244140625,200.1999969482422,200.3000030517578,199.50851440429688,54064000,200.50779879960868,208.62235394776576,192.3932436514516,16.22911029631416,4.05727757407854,0.4871961097030649,False,False,True,False
2025-06-25 00:00:00-04:00,201.4499969482422,203.6699981689453,200.6199951171875,201.55999755859375,200.76353454589844,39525700,200.60800820522633,208.58510686200518,192.63090954844748,15.9541973135577,3.988549328389425,0.559670150409788,False,False,False,True
2025-06-26 00:00:00-04:00,201.42999267578125,202.63999938964844,199.4600067138672,201.0,200.2057342529297,50799100,200.64534075710952,208.46072808336675,192.8299534308523,15.630774652514447,3.9076936631286117,0.5226898058973312,False,False,False,False
2025-06-27 00:00:00-04:00,201.88999938964844,203.22000122070312,200.0,201.0800018310547,200.28541564941406,73188600,200.68673704986622,208.36458588763836,193.0088882120941,15.355697675544263,3.838924418886066,0.5256103492982142,False,False,False,False
2025-06-30 00:00:00-04:00,202.00999450683594,207.38999938964844,199.25999450683594,205.1699981689453,204.3592529296875,91912800,201.11371429930233,209.64977922985975,192.57764936874491,17.07212986111483,4.268032465278708,0.7375968260926818,False,False,False,False
2025-07-01 00:00:00-04:00,206.6699981689453,210.19000244140625,206.13999938964844,207.82000732421875,206.998779296875,78788900,201.7524088731039,210.43886816509774,193.06594958111003,17.372918583987712,4.343229645996928,0.8492561380393074,False,False,False,False
2025-07-02 00:00:00-04:00,208.91000366210938,213.33999633789062,208.13999938964844,212.44000244140625,211.60055541992188,67941800,202.77027492722794,211.6920860927568,193.8484637616991,17.843622331057702,4.4609055827644255,1.0,False,False,False,False
2025-07-03 00:00:00-04:00,212.14999389648438,214.64999389648438,211.80999755859375,213.5500030517578,212.70614624023438,34955800,203.7969157009927,212.3945450175468,195.19928638443864,17.195258633108153,4.298814658277038,1.0,False,False,False,False
2025-07-07 00:00:00-04:00,212.67999267578125,216.22999572753906,208.8000030517578,209.9499969482422,209.120361328125,50229000,204.382923438826,213.60678835888092,195.15905851877108,18.447729840109844,4.611932460027461,0.8017755332318462,False,False,False,False
2025-07-08 00:00:00-04:00,210.10000610351562,211.42999267578125,208.4499969482422,210.00999450683594,209.1801300048828,42848900,204.91883496911265,213.8163125426699,196.0213573955554,17.79495514711448,4.44873878677862,0.7861012852032301,False,False,False,False
2025-07-09 00:00:00-04:00,209.52999877929688,211.3300018310547,207.22000122070312,211.13999938964844,210.3056640625,48749400,205.5113268186875,214.34105675695935,196.68159688041567,17.65945987654368,4.41486496913592,0.81873412948701,False,False,False,False
2025-07-10 00:00:00-04:00,210.50999450683594,213.47999572753906,210.02999877929688,212.41000366210938,211.5706787109375,44443600,206.16834366091817,214.80509999501126,197.53158732682508,17.273512668186186,4.318378167046546,0.861342832873067,False,False,False,False
2025-07-11 00:00:00-04:00,210.57000732421875,212.1300048828125,209.86000061035156,211.16000366210938,210.3256072998047,39765800,206.6437398515078,214.92682116254315,198.36065854047246,16.566162622070692,4.141540655517673,0.7726197921409189,False,False,False,False
2025-07-14 00:00:00-04:00,209.92999267578125,210.91000366210938,207.5399932861328,208.6199951171875,207.79563903808594,38840100,206.8319546387154,215.01072989384252,198.65317938358825,16.35755051025427,4.089387627563568,0.6093097941131969,False,False,False,False
2025-07-15 00:00:00-04:00,209.22000122070312,211.88999938964844,208.9199981689453,209.11000061035156,208.28370666503906,42296300,207.04891139791886,215.06380998202545,199.03401281381227,16.02979716821318,4.007449292053295,0.6285786208524092,False,False,False,False
2025-07-16 00:00:00-04:00,210.3000030517578,212.39999389648438,208.63999938964844,210.16000366210938,209.3295440673828,47490500,207.34520589927033,215.31061352633344,199.3797982722072,15.93081525412623,3.9827038135315576,0.6766888710927703,False,False,False,False
2025-07-17 00:00:00-04:00,210.57000732421875,211.8000030517578,209.58999633789062,210.02000427246094,209.1901092529297,48068100,207.59994860147896,215.2108168086092,199.98908039434872,15.221736414260477,3.805434103565119,0.6589868333756426,False,False,False,False
2025-07-18 00:00:00-04:00,210.8699951171875,211.7899932861328,209.6999969482422,211.17999267578125,210.34552001953125,48974600,207.94090517998393,215.20868583397927,200.67312452598858,14.53556130799069,3.6338903269976726,0.7228388314124948,False,False,False,False
2025-07-21 00:00:00-04:00,212.10000610351562,215.77999877929688,211.6300048828125,212.47999572753906,211.64036560058594,51377400,208.3731995178463,215.83420332714525,200.91219570854736,14.922007618597888,3.730501904649472,0.7752174046992375,False,False,False,False
2025-07-22 00:00:00-04:00,213.13999938964844,214.9499969482422,212.22999572753906,214.39999389648438,213.55279541015625,46404100,208.94717993485943,216.2060836073691,201.68827626234977,14.517807345019321,3.6294518362548303,0.8755948699440248,False,False,False,False
2025-07-23 00:00:00-04:00,215.0,215.14999389648438,212.41000366210938,214.14999389648438,213.30377197265625,46989300,209.44268602644277,216.5236973785765,202.36167467430906,14.162022704267429,3.540505676066857,0.8323895158438882,False,False,False,False
2025-07-24 00:00:00-04:00,213.89999389648438,215.69000244140625,213.52999877929688,213.75999450683594,212.91531372070312,46022600,209.85385826267068,216.65876921201288,203.04894731332848,13.609821898684402,3.4024554746711004,0.7870086231284805,False,False,False,False
2025-07-25 00:00:00-04:00,214.6999969482422,215.24000549316406,213.39999389648438,213.8800048828125,213.03485107421875,40268800,210.23730079792227,216.7297229716662,203.74487862417834,12.984844347487865,3.2462110868719662,0.7805350597517919,False,False,False,False
2025-07-28 00:00:00-04:00,214.02999877929688,214.85000610351562,213.05999755859375,214.0500030517578,213.2041778564453,37858000,210.60041529828757,216.8015969636415,204.39923363293366,12.402363330707828,3.100590832676957,0.7781395498170238,False,False,False,False
2025-07-29 00:00:00-04:00,214.17999267578125,214.80999755859375,210.82000732421875,211.27000427246094,210.43515014648438,51411700,210.66418567678028,217.04324722247378,204.28512413108677,12.758123091387006,3.1895307728467515,0.5474849310781181,False,False,False,False
2025-07-30 00:00:00-04:00,211.89999389648438,212.38999938964844,207.72000122070312,209.0500030517578,208.2239227294922,45512500,210.5104539982067,217.18560902311995,203.83529897329348,13.350310049826476,3.337577512456619,0.3906054660155339,False,False,True,False
2025-07-31 00:00:00-04:00,208.49000549316406,209.83999633789062,207.16000366210938,207.57000732421875,206.7498016357422,80698400,210.2304114578269,216.77404951540507,203.68677340024874,13.087276115156328,3.271819028789082,0.29671826969959403,False,False,False,False
2025-08-01 00:00:00-04:00,210.8699951171875,213.5800018310547,201.5,202.3800048828125,201.58029174804688,104434500,209.48275368877793,217.78802830680922,201.17747907074664,16.61054923606258,4.152637309015645,0.07239530704108785,False,False,False,False
2025-08-04 00:00:00-04:00,204.50999450683594,207.8800048828125,201.67999267578125,203.35000610351562,202.5464630126953,75109300,208.89868249018153,217.61343208781594,200.18393289254712,17.429499195268818,4.3573747988172045,0.18165026863353173,False,False,False,False
2025-08-05 00:00:00-04:00,203.39999389648438,205.33999633789062,202.16000366210938,202.9199981689453,202.11814880371094,44155100,208.32928398339712,216.80855715642434,199.8500108103699,16.958546346054447,4.239636586513612,0.1810289216970343,False,False,False,False
2025-08-06 00:00:00-04:00,205.6300048828125,215.3800048828125,205.58999633789062,213.25,212.40733337402344,108483100,208.79792360402595,218.92127080252388,198.67457640552803,20.24669439699585,5.061673599248962,0.7198915195082232,False,False,False,True
2025-08-07 00:00:00-04:00,218.8800048828125,220.85000610351562,216.5800018310547,220.02999877929688,219.16053771972656,90224800,209.86764504928985,220.4986587486411,199.2366313499386,21.262027398702514,5.315506849675629,0.9779578889371185,False,False,False,False
2025-08-08 00:00:00-04:00,220.8300018310547,231.0,219.25,229.35000610351562,228.4437255859375,113854000,211.72310800683516,223.6410203362513,199.80519567741902,23.83582465883228,5.95895616470807,1.0,True,False,False,False
2025-08-11 00:00:00-04:00,227.9199981689453,229.55999755859375,224.75999450683594,227.17999267578125,226.53909301757812,61806100,213.1951922610205,224.88131396784658,201.50907055419444,23.372243413652143,5.843060853413036,1.0,False,False,False,False
2025-08-12 00:00:00-04:00,228.00999450683594,230.8000030517578,227.07000732421875,229.64999389648438,229.0021209716797,55626200,214.76231622630277,226.02582490795407,203.49880754465147,22.527017363302605,5.631754340825651,1.0,False,False,False,False
2025-08-13 00:00:00-04:00,231.07000732421875,235.0,230.42999267578125,233.3300018310547,232.6717529296875,69878500,216.53066723627913,227.73782627046842,205.32350820208984,22.414318068378577,5.603579517094644,1.0,False,False,False,False
2025-08-14 00:00:00-04:00,234.05999755859375,235.1199951171875,230.85000610351562,232.77999877929688,232.12330627441406,51916300,218.07822262132845,229.01866355483318,207.13778168782372,21.880881867009464,5.470220466752366,1.0,False,False,False,False
2025-08-15 00:00:00-04:00,234.0,234.27999877929688,229.33999633789062,231.58999633789062,230.93667602539062,56038700,219.36505821338199,230.19945554181749,208.53066088494649,21.668794656871,5.41719866421775,1.0,False,False,False,False
2025-08-18 00:00:00-04:00,231.6999969482422,233.1199951171875,230.11000061035156,230.88999938964844,230.23863220214844,37476200,220.4626716587407,230.81562815569984,210.10971516178157,20.705912993918275,5.176478248479569,1.0,False,False,False,False
2025-08-19 00:00:00-04:00,231.27999877929688,232.8699951171875,229.35000610351562,230.55999755859375,229.90957641601562,39402600,221.424321744441,231.4459803944386,211.40266309444337,20.043317299995238,5.010829324998809,0.9557965968115933,False,False,False,False
2025-08-20 00:00:00-04:00,229.97999572753906,230.47000122070312,225.77000427246094,226.00999450683594,225.3723907470703,42263900,221.8610524837167,231.8385439259411,211.88356104149227,19.95498288444884,4.98874572111221,0.7079150880331031,False,False,False,False
2025-08-21 00:00:00-04:00,226.27000427246094,226.52000427246094,223.77999877929688,224.89999389648438,224.26551818847656,30621200,222.15047547540885,231.67821887204363,212.62273207877408,19.05548679326955,4.763871698317388,0.6442901171145445,False,False,False,False
2025-08-22 00:00:00-04:00,226.1699981689453,229.08999633789062,225.41000366210938,227.75999450683594,227.11746215820312,42477800,222.68471538316382,232.09768492841636,213.27174583791128,18.825939090505074,4.706484772626268,0.7695896921408745,False,False,False,False
2025-08-25 00:00:00-04:00,226.47999572753906,229.3000030517578,226.22999572753906,227.16000366210938,226.5191650390625,30983100,223.11093331449197,232.19660737006302,214.02525925892093,18.171348111142095,4.542837027785524,0.7228271850196211,False,False,False,False
2025-08-26 00:00:00-04:00,226.8699951171875,229.49000549316406,224.69000244140625,229.30999755859375,228.6630859375,54575100,223.70132038535883,232.83842764572432,214.56421312499333,18.274214520730993,4.568553630182748,0.8069175513329023,False,False,False,False
2025-08-27 00:00:00-04:00,228.61000061035156,230.89999389648438,228.25999450683594,230.49000549316406,229.8397674560547,31259500,224.34786182419742,233.09925823645605,215.5964654119388,17.502792824517257,4.375698206129314,0.8509236343335421,False,False,False,False
2025-08-28 00:00:00-04:00,230.82000732421875,233.41000366210938,229.33999633789062,232.55999755859375,231.90391540527344,38074700,225.12996998937803,233.82022822525454,216.4397117535015,17.380516471753026,4.3451291179382565,0.9274917595970794,False,False,False,False
2025-08-29 00:00:00-04:00,232.50999450683594,233.3800048828125,231.3699951171875,232.13999938964844,231.485107421875,39418400,225.79759183702285,234.02082620243672,217.57435747160898,16.446468730827746,4.1116171827069365,0.8856394741284,False,False,False,False
2025-09-02 00:00:00-04:00,229.25,230.85000610351562,226.97000122070312,229.72000122070312,229.07192993164062,44075600,226.17115463546858,234.60606519813012,217.73624407280704,16.869821125323085,4.217455281330771,0.7103665805861694,False,False,False,False
2025-09-03 00:00:00-04:00,237.2100067138672,238.85000610351562,234.36000061035156,238.47000122070312,237.7972412109375,66427800,227.34247335787188,236.7598938408298,217.92505287491397,18.834840965915816,4.708710241478954,1.0,True,False,False,False
2025-09-04 00:00:00-04:00,238.4499969482422,239.89999389648438,236.74000549316406,239.77999877929688,239.10354614257812,47549400,228.5269995884838,237.63467570380996,219.41932347315762,18.215352230652343,4.553838057663086,1.0,False,False,False,False
2025-09-05 00:00:00-04:00,240.0,241.32000732421875,238.49000549316406,239.69000244140625,239.01380920410156,54870400,229.59014271733355,238.35305158733803,220.82723384732907,17.52581774000896,4.38145443500224,1.0,False,False,False,False
2025-09-08 00:00:00-04:00,239.3000030517578,240.14999389648438,236.33999633789062,237.8800048828125,237.20892333984375,48999500,230.37965339976012,239.02827089448292,221.73103590503732,17.2972349894456,4.3243087473614,0.9336156320723479,False,False,False,False
2025-09-09 00:00:00-04:00,237.0,238.77999877929688,233.36000061035156,234.35000610351562,233.6888885498047,66313900,230.75778222868922,239.6255376077288,221.89002684964964,17.735510758079158,4.4338776895197896,0.7025441456874884,False,False,False,False
2025-09-10 00:00:00-04:00,232.19000244140625,232.4199981689453,225.9499969482422,226.7899932861328,226.1501922607422,83440800,230.3798975674934,240.0408792396837,220.7189158953031,19.321963344380606,4.8304908360951515,0.31420602982332857,False,False,True,False
2025-09-11 00:00:00-04:00,226.8800048828125,230.4499969482422,226.64999389648438,230.02999877929688,229.3810577392578,50208600,230.34657387337944,239.80145798870228,220.8916897580566,18.909768230645682,4.7274420576614204,0.4832586475824957,False,False,False,False
2025-09-12 00:00:00-04:00,229.22000122070312,234.50999450683594,229.02000427246094,234.07000732421875,233.40966796875,55824200,230.70118658298318,240.30858033364873,221.09379283231763,19.214787501331102,4.803696875332776,0.6753243818596585,False,False,False,True
2025-09-15 00:00:00-04:00,237.0,238.19000244140625,235.02999877929688,236.6999969482422,236.03224182128906,42699500,231.272501855865,240.7431552549015,221.80184845682848,18.941306798073015,4.735326699518254,0.7865428003589152,False,False,False,False
2025-09-16 00:00:00-04:00,237.17999267578125,241.22000122070312,236.32000732421875,238.14999389648438,237.4781494140625,63421100,231.92750109782872,241.43108793625845,222.423914259399,19.007173676859452,4.751793419214863,0.8273760162580779,False,False,False,False
2025-09-17 00:00:00-04:00,238.97000122070312,240.10000610351562,237.72999572753906,238.99000549316406,238.3157958984375,46508000,232.60012056405114,241.62735079383322,223.57289033426906,18.054460459564154,4.513615114891039,0.8539227850881554,False,False,False,False
2025-09-18 00:00:00-04:00,239.97000122070312,241.1999969482422,236.64999389648438,237.8800048828125,237.20892333984375,44249600,233.10296668964747,242.1374745068029,224.06845887249204,18.06901563431086,4.517253908577715,0.7643773346509266,False,False,False,False
2025-09-19 00:00:00-04:00,241.22999572753906,246.3000030517578,240.2100067138672,245.5,244.80740356445312,163741300,234.28363652872866,244.0986931979576,224.46857985949973,19.630113338457875,4.907528334614469,1.0,True,False,False,False
2025-09-22 00:00:00-04:00,248.3000030517578,256.6400146484375,248.1199951171875,256.0799865722656,255.35755920410156,105517400,236.3594793900179,247.42103332201145,225.29792545802434,22.123107863987116,5.530776965996779,1.0,False,False,False,False
2025-09-23 00:00:00-04:00,255.8800048828125,257.3399963378906,253.5800018310547,254.42999267578125,253.7122344970703,60275200,238.08048065532867,248.78787809549004,227.3730832151673,21.414794880322745,5.353698720080686,1.0,False,False,False,False
2025-09-24 00:00:00-04:00,255.22000122070312,255.74000549316406,251.0399932861328,252.30999755859375,251.59820556640625,42303700,239.4356727413539,250.0123328789054,228.8590126038024,21.153320275103,5.28833006877575,1.0,False,False,False,False
2025-09-25 00:00:00-04:00,253.2100067138672,257.1700134277344,251.7100067138672,256.8699951171875,256.1453552246094,55202100,241.09608439619518,251.70707986276497,230.4850889296254,21.22199093313958,5.305497733284895,1.0,False,False,False,False
2025-09-26 00:00:00-04:00,254.10000610351562,257.6000061035156,253.77999877929688,255.4600067138672,254.73931884765625,46076300,242.46407699787824,252.7779743826348,232.15017961312168,20.627794769513116,5.156948692378279,1.0,False,False,False,False
2025-09-29 00:00:00-04:00,254.55999755859375,255.0,253.00999450683594,254.42999267578125,253.7122344970703,40127700,243.60368801482136,253.3761981025085,233.8311779271342,19.545020175374304,4.886255043843576,1.0,False,False,False,False
2025-09-30 00:00:00-04:00,254.86000061035156,255.9199981689453,253.11000061035156,254.6300048828125,253.9116668701172,37704300,244.65381343082052,254.0110720214577,235.29655484018335,18.714517181274346,4.678629295318586,1.0,False,False,False,False
2025-10-01 00:00:00-04:00,255.0399932861328,258.7900085449219,254.92999267578125,255.4499969482422,254.72933959960938,48713900,245.6820213848607,254.93555484885604,236.42848792086534,18.507066927990707,4.626766731997677,1.0,False,False,False,False
2025-10-02 00:00:00-04:00,256.5799865722656,258.17999267578125,254.14999389648438,257.1300048828125,256.40460205078125,42630200,246.77230552752275,255.90648540097794,237.63812565406755,18.26835974691039,4.567089936727598,1.0,False,False,False,False
2025-10-03 00:00:00-04:00,254.6699981689453,259.239990234375,253.9499969482422,258.0199890136719,257.2920837402344,49155600,247.84351347858458,257.1222740219208,238.56475293524835,18.557521086672466,4.6393802716681165,1.0,False,False,False,False
2025-10-06 00:00:00-04:00,257.989990234375,259.07000732421875,255.0500030517578,256.69000244140625,255.96585083007812,44664100,248.68603623694855,257.84092158044336,239.53115089345377,18.309770686989594,4.577442671747399,0.9371418048476748,False,False,False,False
2025-10-07 00:00:00-04:00,256.80999755859375,257.3999938964844,255.42999267578125,256.4800109863281,255.7564697265625,31955800,249.42831954641326,258.0617165996992,240.79492249312733,17.266794106571865,4.316698526642966,0.9083961038969555,False,False,False,False
2025-10-08 00:00:00-04:00,256.5199890136719,258.5199890136719,256.1099853515625,258.05999755859375,257.33197021484375,36496900,250.2503841190019,258.5024421993811,241.99832603862268,16.50411616075843,4.126029040189607,0.9731918609589436,False,False,False,False
2025-10-09 00:00:00-04:00,257.80999755859375,258.0,253.13999938964844,254.0399932861328,253.32330322265625,38322000,250.61129927777625,259.0221511839066,242.2004473716459,16.821703812260694,4.205425953065173,0.7038256080729179,False,False,False,False
2025-10-10 00:00:00-04:00,254.94000244140625,256.3800048828125,244.0,245.27000427246094,244.57806396484375,61999100,250.10260451536527,260.1483722074451,240.05683682328544,20.09153538415967,5.022883846039917,0.2594708343338262,False,False,True,False
2025-10-13 00:00:00-04:00,249.3800048828125,249.69000244140625,245.55999755859375,247.66000366210938,246.96131896972656,38142900,249.86997586267424,259.79516641933515,239.94478530601333,19.850381113321816,4.962595278330454,0.38866852540771996,False,False,False,False
2025-10-14 00:00:00-04:00,246.60000610351562,248.85000610351562,244.6999969482422,247.77000427246094,247.07101440429688,35478000,249.6699785683682,259.4326519004177,239.9073052363187,19.525346664098976,4.881336666024744,0.4026919046000491,False,False,False,False
2025-10-15 00:00:00-04:00,249.49000549316406,251.82000732421875,247.47000122070312,249.33999633789062,248.63658142089844,33893600,249.63855168927512,259.2949589088228,239.98214446972744,19.312814439095376,4.828203609773844,0.4845410749258723,False,False,False,False
2025-10-16 00:00:00-04:00,248.25,249.0399932861328,245.1300048828125,247.4499969482422,246.75192260742188,39777000,249.43011790441483,258.96288269302335,239.89735311580628,19.065529577217063,4.766382394304266,0.39614130841983886,False,False,False,False
2025-10-17 00:00:00-04:00,248.02000427246094,253.3800048828125,247.27000427246094,252.2899932861328,251.57826232910156,49147000,249.70248698838796,259.50397542020596,239.90099855656996,19.602976863636002,4.9007442159090004,0.6319955798419953,False,False,False,True
2025-10-20 00:00:00-04:00,255.88999938964844,264.3800048828125,255.6300048828125,262.239990234375,261.5001525878906,90483000,250.8965349165772,262.1358768245493,239.65719300860508,22.478683815944237,5.619670953986059,1.0,True,False,False,False
2025-10-21 00:00:00-04:00,261.8800048828125,265.2900085449219,261.8299865722656,262.7699890136719,262.0286865234375,46695900,252.02734006868144,262.8347521803876,241.21992795697528,21.61482422341234,5.403706055853085,0.9970037615829602,False,False,False,False
2025-10-22 00:00:00-04:00,262.6499938964844,262.8500061035156,255.42999267578125,258.45001220703125,257.72088623046875,45015300,252.63902312947667,263.8496967155591,241.42834954339423,22.42134717216487,5.605336793041218,0.7591721644972641,False,False,False,False
2025-10-23 00:00:00-04:00,259.94000244140625,260.6199951171875,258.010009765625,259.5799865722656,258.84771728515625,32754900,253.30006726688512,263.9116705646718,242.68846396909845,21.223206595573345,5.305801648893336,0.7958987030117468,False,False,False,False
2025-10-24 00:00:00-04:00,261.19000244140625,264.1300048828125,259.17999267578125,262.82000732421875,262.07855224609375,38253700,254.20672822472642,264.74717363414067,243.66628281531214,21.08089081882852,5.27022270470713,0.9085823115121561,False,False,False,False
2025-10-27 00:00:00-04:00,264.8800048828125,269.1199951171875,264.6499938964844,268.80999755859375,268.0516357421875,44888200,255.59751578033283,266.3439142073994,244.85111735326623,21.49279685413316,5.37319921353329,1.0,True,False,False,False
2025-10-28 00:00:00-04:00,268.989990234375,269.8900146484375,268.1499938964844,269.0,268.2410888671875,41534800,256.87394284887256,266.8937055836231,246.85418011412202,20.039525469501086,5.009881367375272,1.0,False,False,False,False
2025-10-29 00:00:00-04:00,269.2799987792969,271.4100036621094,267.1099853515625,269.70001220703125,268.93914794921875,51086700,258.0954732639353,267.9732633873202,248.2176831405504,19.755580246769767,4.938895061692442,1.0,False,False,False,False
2025-10-30 00:00:00-04:00,271.989990234375,274.1400146484375,268.4800109863281,271.3999938964844,270.63433837890625,69886500,259.3625704670352,269.38458231050345,249.34055862356692,20.044023686936526,5.011005921734132,1.0,False,False,False,False
2025-10-31 00:00:00-04:00,276.989990234375,277.32000732421875,269.1600036621094,270.3699951171875,269.60723876953125,86167100,260.41089662419256,271.0627080157359,249.75908523264926,21.303622783086638,5.3259056957716595,0.9674837981501272,False,False,False,False
2025-11-03 00:00:00-05:00,270.4200134277344,270.8500061035156,266.25,269.04998779296875,268.2909851074219,50194600,261.23366721169504,271.74029868478715,250.72703573860292,21.013262946184227,5.253315736546057,0.8719708167785085,False,False,False,False
2025-11-04 00:00:00-05:00,268.3299865722656,271.489990234375,267.6199951171875,270.0400085449219,269.2781982421875,49274800,262.0723663862881,272.30233373550845,251.84239903706768,20.459934698440776,5.114983674610194,0.8894265683673473,False,False,False,False
2025-11-05 00:00:00-05:00,268.6099853515625,271.70001220703125,266.92999267578125,270.1400146484375,269.3778991699219,43683100,262.8407138398261,273.00168836037443,252.67973931927773,20.3219490410967,5.080487260274175,0.8591831075774365,False,False,False,False
2025-11-06 00:00:00-05:00,267.8900146484375,273.3999938964844,267.8900146484375,269.7699890136719,269.0089416503906,51204000,263.50064480876375,273.74751772686665,253.25377189066086,20.49374583620579,5.123436459051447,0.8059149974345944,False,False,False,False
2025-11-07 00:00:00-05:00,269.79998779296875,272.2900085449219,266.7699890136719,268.4700012207031,267.7126159667969,48227400,263.97391684799607,274.3001063805387,253.64772731545347,20.652379065085228,5.163094766271307,0.7177029754556508,False,False,False,False
2025-11-10 00:00:00-05:00,268.9599914550781,273.7300109863281,267.4599914550781,269.42999267578125,268.9303283691406,41312400,264.49354311730895,275.0411176028473,253.9459686317706,21.095148971076696,5.273787242769174,0.7340087555314547,False,False,False,False
2025-11-11 00:00:00-05:00,269.80999755859375,275.9100036621094,269.79998779296875,275.25,274.73956298828125,46208300,265.5179675823271,276.30678681657724,254.729148348077,21.577638468500254,5.3944096171250635,0.951023981696608,False,False,False,False
2025-11-12 00:00:00-05:00,275.0,275.7300109863281,271.70001220703125,273.4700012207031,272.962890625,48398000,266.2753041193153,276.7912411859998,255.7593670526308,21.031874133369,5.25796853334225,0.8420854012231258,False,False,False,False
2025-11-13 00:00:00-05:00,274.1099853515625,276.70001220703125,272.0899963378906,272.95001220703125,272.4438171386719,49602800,266.91099060385966,277.29733713770383,256.5246440700155,20.77269306768835,5.193173266922088,0.7907192429740951,False,False,False,False
2025-11-14 00:00:00-05:00,271.04998779296875,275.9599914550781,269.6000061035156,272.4100036621094,271.90484619140625,47431300,267.43470613321676,278.054415083989,256.81499718244453,21.23941790154447,5.309854475386118,0.734248299645294,False,False,False,False
2025-11-17 00:00:00-05:00,268.82000732421875,270.489990234375,265.7300109863281,267.4599914550781,266.9639892578125,45018300,267.4371142591083,278.3308508499596,256.543377668257,21.78747318170258,5.446868295425645,0.5010500160243021,False,False,False,False
2025-11-18 00:00:00-05:00,269.989990234375,270.7099914550781,265.32000732421875,267.44000244140625,266.94403076171875,45677300,267.43738932408905,278.3197490820271,256.555029566151,21.764719515876095,5.441179878969024,0.5001200620717988,False,False,False,False
2025-11-19 00:00:00-05:00,265.5299987792969,272.2099914550781,265.5,268.55999755859375,268.0619812011719,40424500,267.5443043940419,278.68042646720176,256.408182320882,22.272244146319736,5.568061036579934,0.5456035394493327,False,False,False,False
2025-11-20 00:00:00-05:00,270.8299865722656,275.42999267578125,265.9200134277344,266.25,265.7562561035156,45823600,267.42103730889505,279.3455430243483,255.4965315934418,23.849011430906472,5.962252857726618,0.45089786793521075,False,False,True,False
2025-11-21 00:00:00-05:00,265.95001220703125,273.3299865722656,265.6700134277344,271.489990234375,270.98651123046875,59030800,267.80855663513125,280.07260640794544,255.5445068623171,24.52809954562835,6.132024886407088,0.650090454109392,False,False,False,True
2025-11-24 00:00:00-05:00,270.8999938964844,277.0,270.8999938964844,275.9200134277344,275.4083557128906,65585800,268.5810763296649,280.83872234590075,256.323430313429,24.515292032471734,6.128823008117934,0.7993616020706057,False,False,False,False
2025-11-25 00:00:00-05:00,275.2699890136719,280.3800048828125,275.25,276.9700012207031,276.45635986328125,46914200,269.3800215573828,281.4379039485576,257.322139166208,24.11576478234963,6.028941195587407,0.8147310372207412,False,False,False,False
2025-11-26 00:00:00-05:00,276.9599914550781,279.5299987792969,276.6300048828125,277.54998779296875,277.0353088378906,33431400,270.15811357981954,281.59020651117373,258.72602064846535,22.864185862708382,5.7160464656770955,0.823294879491222,False,False,False,False
2025-11-28 00:00:00-05:00,277.260009765625,279.0,275.989990234375,278.8500061035156,278.3328857421875,20135600,270.9859128677906,281.87679845913436,260.09502727644684,21.78177118268752,5.44544279567188,0.8610401178934209,False,False,False,False
2025-12-01 00:00:00-05:00,278.010009765625,283.4200134277344,276.1400146484375,283.1000061035156,282.57501220703125,46587700,272.13963603309776,283.39743282116655,260.88183924502897,22.515593576137576,5.628898394034394,0.986790189801341,False,False,False,False
2025-12-02 00:00:00-05:00,283.0,287.3999938964844,282.6300048828125,286.19000244140625,285.6592712402344,53669500,273.47776616722234,284.5637810792186,262.3917512552261,22.17202982399249,5.543007455998122,1.0,True,False,False,False
2025-12-03 00:00:00-05:00,286.20001220703125,288.6199951171875,283.29998779296875,284.1499938964844,283.623046875,43538700,274.49416880810446,285.53558369374485,263.45275392246407,22.082829771280785,5.520707442820196,0.9372548803024117,False,False,False,False
2025-12-04 00:00:00-05:00,284.1000061035156,284.7300109863281,278.5899963378906,280.70001220703125,280.179443359375,43989100,275.0852015127642,286.250477839528,263.91992518600034,22.33055265352766,5.582638163381915,0.751440740468198,False,False,False,False
2025-12-05 00:00:00-05:00,280.5400085449219,281.1400146484375,278.04998779296875,278.7799987792969,278.26300048828125,47265800,275.4370869667197,286.1038410319009,264.77033290153844,21.333508130362475,5.333377032590619,0.6566977072945387,False,False,False,False
2025-12-08 00:00:00-05:00,278.1300048828125,279.6700134277344,276.1499938964844,277.8900146484375,277.3746643066406,38211800,275.6706991268833,285.97478169179635,265.3666165619702,20.608165129826148,5.152041282456537,0.6076910781514562,False,False,False,False
2025-12-09 00:00:00-05:00,278.1600036621094,280.0299987792969,276.9200134277344,277.17999267578125,276.6659851074219,32193300,275.81444136963546,285.71011274836974,265.9187699909012,19.791342757468556,4.947835689367139,0.5689974057283445,False,False,False,False
2025-12-10 00:00:00-05:00,277.75,279.75,276.44000244140625,278.7799987792969,278.26300048828125,33038300,276.0968754086508,285.6649791612304,266.5287716560712,19.136207505159177,4.784051876289794,0.6402118664276963,False,False,False,False
2025-12-11 00:00:00-05:00,279.1000061035156,279.5899963378906,273.80999755859375,278.0299987792969,277.514404296875,33248000,276.2809823963314,286.0482755295124,266.5136892631504,19.534586266362,4.8836465665905,0.5895343448341787,False,False,False,False
2025-12-12 00:00:00-05:00,277.8999938964844,279.2200012207031,276.82000732421875,278.2799987792969,277.763916015625,39532900,276.47136490899476,285.74192750815456,267.20080230983496,18.541125198319605,4.635281299579901,0.5975471472716248,False,False,False,False
2025-12-15 00:00:00-05:00,280.1499938964844,280.1499938964844,272.8399963378906,274.1099853515625,273.6016540527344,50409100,276.2464716178107,286.05197746877326,266.44096576684814,19.611011701925122,4.9027529254812805,0.3910568052927902,False,False,True,False
2025-12-16 00:00:00-05:00,272.82000732421875,275.5,271.7900085449219,274.6099853515625,274.1007385253906,37648600,276.09061578292994,285.65756933981186,266.52366222604803,19.133907113763826,4.783476778440956,0.42261745483741975,False,False,False,False
2025-12-17 00:00:00-05:00,275.010009765625,276.1600036621094,271.6400146484375,271.8399963378906,271.33587646484375,50138700,275.68579488340237,285.20005088733046,266.17153887947427,19.028512007856193,4.757128001964048,0.29789283870835787,False,False,False,False
2025-12-18 00:00:00-05:00,273.6099853515625,273.6300048828125,266.95001220703125,272.19000244140625,271.68524169921875,51630700,275.3528622698789,285.2516912085705,265.45403333118736,19.79765787738313,4.949414469345783,0.34024070685220137,False,False,False,False
2025-12-19 00:00:00-05:00,272.1499938964844,274.6000061035156,269.8999938964844,273.6700134277344,273.1625061035156,144632000,275.19259095157946,285.0415394378081,265.3436424653508,19.69789697245733,4.924474243114332,0.4227035492177649,False,False,False,False
2025-12-22 00:00:00-05:00,272.8599853515625,273.8800048828125,270.510009765625,270.9700012207031,270.4674987792969,36571800,274.79043954863886,284.32849220968217,265.25238688759555,19.07610532208662,4.769026330521655,0.2997265026885562,False,False,False,False
2025-12-23 00:00:00-05:00,270.8399963378906,272.5,269.55999755859375,272.3599853515625,271.85491943359375,29642000,274.5589677203459,283.7312156035661,265.38671983712567,18.344495766440446,4.586123941610111,0.38012849212207706,False,False,False,False
2025-12-24 00:00:00-05:00,272.3399963378906,275.42999267578125,272.20001220703125,273.80999755859375,273.3022155761719,17910600,274.48763722875043,283.38865641739864,265.5866180401022,17.802038377296412,4.450509594324103,0.4619347146773429,False,False,False,False
2025-12-26 00:00:00-05:00,274.1600036621094,275.3699951171875,272.8599853515625,273.3999938964844,272.89300537109375,21521800,274.384052149487,282.89697137239534,265.87113292657864,17.025838445816703,4.256459611454176,0.44220206798424067,False,False,False,False
2025-12-29 00:00:00-05:00,272.69000244140625,274.3599853515625,272.3500061035156,273.760009765625,273.2523498535156,23715200,274.3246195415001,282.388242691727,266.26099639127324,16.12724630045375,4.031811575113437,0.4649903172955679,False,False,False,False
2025-12-30 00:00:00-05:00,272.80999755859375,274.0799865722656,272.2799987792969,273.0799865722656,272.57354736328125,22139600,274.2060830682397,281.82334146203766,266.58882467444175,15.234516787595908,3.808629196898977,0.42608255898927094,False,False,False,False
2025-12-31 00:00:00-05:00,273.05999755859375,273.67999267578125,271.75,271.8599853515625,271.3558349609375,27293600,273.9826451904609,281.22417628003535,266.7411141008865,14.483062179148874,3.6207655447872185,0.3534384640042223,False,False,False,False
2026-01-02 00:00:00-05:00,272.260009765625,277.8399963378906,269.0,271.010009765625,270.5074462890625,37838100,273.69953705476223,281.98491430295735,265.4141598065671,16.570754496390236,4.142688624097559,0.3376943373505946,False,False,False,False
2026-01-05 00:00:00-05:00,270.6400146484375,271.510009765625,266.1400146484375,267.260009765625,266.764404296875,45647200,273.08624874151104,281.6170872883241,264.55541019469797,17.061677093626145,4.265419273406536,0.15851897536716406,False,False,False,False
2026-01-06 00:00:00-05:00,267.0,267.54998779296875,262.1199951171875,262.3599853515625,261.87347412109375,52352100,272.06469984723026,280.8284530745183,263.30094661994224,17.52750645457604,4.38187661364401,0.0,False,False,False,False
2026-01-07 00:00:00-05:00,263.20001220703125,263.67999267578125,259.80999755859375,260.3299865722656,259.84722900390625,48309800,270.9471081067574,279.60848503475415,262.28573117876067,17.322753855993483,4.330688463998371,0.0,False,False,False,False
2026-01-08 00:00:00-05:00,257.0199890136719,259.2900085449219,255.6999969482422,259.0400085449219,258.55963134765625,50419300,269.8130986246778,278.53433578467957,261.0918614646761,17.442474320003498,4.3606185800008745,0.0,False,False,False,False
2026-01-09 00:00:00-05:00,259.0799865722656,260.2099914550781,256.2200012207031,259.3699951171875,258.8890075683594,39997000,268.81851733825016,277.46562882912673,260.1714058473736,17.294222981753137,4.323555745438284,0.0,False,False,False,False
2026-01-12 00:00:00-05:00,259.1600036621094,261.29998779296875,256.79998779296875,260.25,259.7673645019531,45263800,268.00246806794064,276.6848684097296,259.3200677261517,17.36480068357787,4.341200170894467,0.05355271798355532,False,False,False,False
2026-01-13 00:00:00-05:00,258.7200012207031,261.80999755859375,258.3900146484375,261.04998779296875,260.5658874511719,45730800,267.3403270893719,275.8384839790132,258.8421701997306,16.99631377928256,4.24907844482064,0.12989979014916306,False,False,False,False
2026-01-14 00:00:00-05:00,259.489990234375,261.82000732421875,256.7099914550781,259.9599914550781,259.4779052734375,40019400,266.6374379813439,275.30778235584916,257.96709360683866,17.340688749010496,4.335172187252624,0.11492610686257691,False,False,False,False
2026-01-15 00:00:00-05:00,260.6499938964844,261.0400085449219,257.04998779296875,258.2099914550781,257.7311706542969,39388600,265.83482402646143,274.4361381139068,257.2335099390161,17.20262817489072,4.30065704372268,0.056763507653286506,False,False,False,False
2026-01-16 00:00:00-05:00,257.8999938964844,258.8999938964844,254.92999267578125,255.52999877929688,255.05612182617188,72142800,264.85341209816005,273.3885950210015,256.3182291753186,17.070365845682886,4.2675914614207215,0.0,False,False,False,False
2026-01-20 00:00:00-05:00,252.72999572753906,254.7899932861328,243.4199981689453,246.6999969482422,246.2425079345703,80267500,263.1245154172155,273.2281801698431,253.02085066458787,20.207329505255217,5.051832376313804,0.0,False,False,False,False
2026-01-21 00:00:00-05:00,248.6999969482422,251.55999755859375,245.17999267578125,247.64999389648438,247.1907501220703,54641700,261.65075146286017,272.0200507167875,251.28145220893282,20.738598507854704,5.184649626963676,0.0,False,False,False,False
2026-01-22 00:00:00-05:00,249.1999969482422,251.0,248.14999389648438,248.35000610351562,247.8894500732422,39708300,260.38401380958925,270.386384358827,250.3816432603515,20.004741098475506,5.0011852746188765,0.0,False,False,False,False
2026-01-23 00:00:00-05:00,247.32000732421875,249.41000366210938,244.67999267578125,248.0399932861328,247.58001708984375,41689000,259.2083928073553,269.1565284989349,249.26025711577572,19.89627138315919,4.974067845789797,0.0,False,False,False,False
2026-01-26 00:00:00-05:00,251.47999572753906,256.55999755859375,249.8000030517578,255.41000366210938,254.93637084960938,55969200,258.84664146018906,269.50396443710287,248.18931848327523,21.314645953827636,5.328661488456909,0.3387663672423079,False,False,False,False
2026-01-27 00:00:00-05:00,259.1700134277344,261.95001220703125,258.2099914550781,258.2699890136719,257.7910461425781,49648300,258.7917221795684,269.69131456777524,247.89212979136158,21.799184776413654,5.449796194103413,0.4760663909569205,False,False,False,False
2026-01-28 00:00:00-05:00,257.6499938964844,258.8599853515625,254.50999450683594,256.44000244140625,255.96444702148438,41288000,258.567748871172,269.2473801895035,247.88811755284055,21.35926263666292,5.33981565916573,0.40038296424552067,False,False,False,False
2026-01-29 00:00:00-05:00,258.0,259.6499938964844,254.41000366210938,258.2799987792969,257.801025390625,67253000,258.54034410051725,269.20001033389053,247.88067786714393,21.3193324667466,5.32983311668665,0.4877882986427255,False,False,False,False
2026-01-30 00:00:00-05:00,255.1699981689453,261.8999938964844,252.17999267578125,259.4800109863281,258.99884033203125,92443400,258.6298361848802,270.1675360390568,247.09213633070362,23.07539970835319,5.768849927088297,0.5368433401888223,False,False,False,True
2026-02-02 00:00:00-05:00,260.0299987792969,270.489990234375,259.2099914550781,270.010009765625,269.50927734375,73913400,259.71366224018925,272.3535918648076,247.07373261557092,25.279859249236665,6.319964812309166,0.9072944957455272,False,False,False,False
2026-02-03 00:00:00-05:00,269.20001220703125,271.8800048828125,267.6099853515625,269.4800109863281,268.98028564453125,64394700,260.64379069220246,272.87373126060896,248.41385012379598,24.45988113681298,6.114970284203245,0.8612536072723114,False,False,False,False
2026-02-04 00:00:00-05:00,272.2900085449219,278.95001220703125,272.2900085449219,276.489990234375,275.97723388671875,90545700,262.15295255336173,275.0538993090682,249.25200579765527,25.801893511412914,6.450473377853228,1.0,True,False,False,False
2026-02-05 00:00:00-05:00,278.1300048828125,279.5,273.2300109863281,275.9100036621094,275.3983459472656,52977400,263.463147897052,276.3279977799222,250.5982980141818,25.729699765740406,6.432424941435102,0.9837544113760159,False,False,False,False
2026-02-06 00:00:00-05:00,277.1199951171875,280.9100036621094,276.92999267578125,278.1199951171875,277.6042175292969,50453400,264.8590381084935,277.43740300307667,252.28067321391035,25.15672978916632,6.28918244729158,1.0,True,False,False,False
2026-02-09 00:00:00-05:00,277.9100036621094,278.20001220703125,271.70001220703125,274.6199951171875,274.3672180175781,44623400,265.78865306170246,278.4091814668273,253.16812465657762,25.241056810249688,6.310264202562422,0.8498800435288778,False,False,False,False
2026-02-10 00:00:00-05:00,274.8900146484375,275.3699951171875,272.94000244140625,273.67999267578125,273.4280700683594,34376900,266.5402092154243,278.3846833151929,254.69573511565565,23.688948199537236,5.922237049884309,0.8013972338584647,False,False,False,False
2026-02-11 00:00:00-05:00,274.70001220703125,280.17999267578125,274.45001220703125,275.5,275.24639892578125,51931300,267.3935226234791,279.3535493132709,255.43349593368734,23.92005337958355,5.980013344895887,0.8388987995921445,False,False,False,False
2026-02-12 00:00:00-05:00,275.5899963378906,275.7200012207031,260.17999267578125,261.7300109863281,261.4891052246094,81077200,266.8541405627981,280.72616629259505,252.9821148330011,27.744051459593948,6.936012864898487,0.3153070908215166,False,False,True,False
2026-02-13 00:00:00-05:00,262.010009765625,262.2300109863281,255.4499969482422,255.77999877929688,255.5445556640625,56290700,265.79946039294083,279.64028635737526,251.95863442850637,27.681651928868888,6.920412982217222,0.13804683190909012,False,False,False,False
2026-02-17 00:00:00-05:00,258.04998779296875,266.2900085449219,255.5399932861328,263.8800048828125,263.6371154785156,58469100,265.61665510626193,280.2234015260108,251.0099086865131,29.21349283949766,7.303373209874415,0.44055314669181106,False,False,False,False
2026-02-18 00:00:00-05:00,263.6000061035156,266.82000732421875,262.45001220703125,264.3500061035156,264.106689453125,34203300,265.49602186790514,279.5160926691166,251.4759510666937,28.040141602422864,7.010035400605716,0.45912945873673855,False,False,False,False
2026-02-19 00:00:00-05:00,262.6000061035156,264.4800109863281,260.04998779296875,260.5799865722656,260.3401184082031,30845300,265.0278280302252,278.53189638998737,251.52375967046302,27.008136719524344,6.752034179881086,0.33531476072748856,False,False,False,False
2026-02-20 00:00:00-05:00,258.9700012207031,264.75,258.1600036621094,264.5799865722656,264.3364562988281,42070500,264.9851764628005,278.45683725416455,251.5135156714364,26.943321582728146,6.7358303956820365,0.4849613979742349,False,False,False,False
2026-02-23 00:00:00-05:00,263.489990234375,269.42999267578125,263.3800048828125,266.17999267578125,265.9349670410156,37308200,265.0989684830844,278.4334607539058,251.76447621226296,26.668984541642857,6.667246135410714,0.5405348839213908,False,False,False,True
2026-02-24 00:00:00-05:00,267.8599853515625,274.8900146484375,267.7099914550781,272.1400146484375,271.8895263671875,47014600,265.7695443083561,279.51259174662664,252.02649687008557,27.486094876541074,6.8715237191352685,0.7317706596260966,False,False,False,False
2026-02-25 00:00:00-05:00,271.7799987792969,274.94000244140625,271.04998779296875,274.2300109863281,273.97760009765625,33714300,266.5753030395915,279.7220486637225,253.42855741546055,26.293491248261944,6.573372812065486,0.7911255821625666,False,False,False,False
2026-02-26 00:00:00-05:00,274.95001220703125,276.1099853515625,270.79998779296875,272.95001220703125,272.6987609863281,32345100,267.18241819839534,280.076488771832,254.2883476249587,25.788141146873272,6.447035286718318,0.7236529564417717,False,False,False,False
2026-02-27 00:00:00-05:00,272.80999755859375,272.80999755859375,262.8900146484375,264.17999267578125,263.93682861328125,72366500,266.89647291052734,280.5131359383391,253.27980988271563,27.23332605562345,6.808331513905863,0.40025161711067714,False,False,True,False
2026-03-02 00:00:00-05:00,262.4100036621094,266.5299987792969,260.20001220703125,264.7200012207031,264.476318359375,41827900,266.68918989244884,280.21018393193253,253.16819585296517,27.041988078967364,6.760497019741841,0.4271803291239036,False,False,False,False
2026-03-03 00:00:00-05:00,263.4800109863281,265.55999755859375,260.1300048828125,263.75,263.5072326660156,38568900,266.4092670455489,279.6641602162405,253.15437387485736,26.50978634138312,6.62744658534578,0.3996873452202191,False,False,False,False
2026-03-04 00:00:00-05:00,264.6499938964844,266.1499938964844,261.4200134277344,262.5199890136719,262.2783508300781,39803100,266.0388596139416,278.914259561314,253.16345966656922,25.750799894744773,6.437699973686193,0.36334907596451527,False,False,False,False
2026-03-05 00:00:00-05:00,260.7900085449219,261.55999755859375,257.25,260.2900085449219,260.0504150390625,49658600,265.4913499883207,278.1332077436902,252.84949223295115,25.283715510739057,6.320928877684764,0.29428096945682,False,False,False,False
2026-03-06 00:00:00-05:00,258.6300048828125,258.7699890136719,254.3699951171875,257.4599914550781,257.2229919433594,41120000,264.72645869944046,277.28813336481994,252.164784034061,25.12334933075894,6.280837332689735,0.2107683713386938,False,False,False,False
2026-03-09 00:00:00-04:00,255.69000244140625,261.1499938964844,253.67999267578125,259.8800048828125,259.6407775878906,38218500,264.2648916692854,277.06439911226755,251.46538422630329,25.599014885964266,6.3997537214910665,0.32870876844260455,False,False,False,False
2026-03-10 00:00:00-04:00,257.6499938964844,262.4800109863281,256.95001220703125,260.8299865722656,260.58990478515625,30590800,263.9377578505216,276.5633143050649,251.31220139597832,25.2511129090866,6.31277822727165,0.376925373964897,False,False,False,False
2026-03-11 00:00:00-04:00,261.0899963378906,262.1300048828125,259.54998779296875,260.80999755859375,260.5699157714844,26218900,263.63987591795706,275.5188801450148,251.76087169089934,23.75800845411547,5.939502113528867,0.3808873915156337,False,False,False,False
2026-03-12 00:00:00-04:00,258.6600036621094,258.95001220703125,254.17999267578125,255.75999450683594,255.52456665039062,40794000,262.88941102165984,274.9065158025743,250.8723062407454,24.034209561828902,6.008552390457226,0.20336380331197448,False,False,False,False
2026-03-13 00:00:00-04:00,255.47999572753906,256.3299865722656,249.52000427246094,250.1199951171875,249.8897705078125,36930000,261.67327617361485,273.8506669363988,249.4958854108309,24.354781525567887,6.088695381391972,0.025625756720559997,False,False,False,False
2026-03-16 00:00:00-04:00,252.11000061035156,253.88999938964844,249.8800048828125,252.82000732421875,252.58729553222656,32074200,260.8301077117676,272.59175829964033,249.06845712389486,23.523301175745473,5.880825293936368,0.15948230107226866,False,False,False,False
2026-03-17 00:00:00-04:00,252.9600067138672,255.1300048828125,252.17999267578125,254.22999572753906,253.99598693847656,32361600,260.20152561803155,271.37701358852325,249.02603764753985,22.350975940983403,5.587743985245851,0.2328291209180303,False,False,False,False
2026-03-18 00:00:00-04:00,252.6300048828125,254.94000244140625,249.0,249.94000244140625,249.70994567871094,35757900,259.2242376964482,270.470177358172,247.9782980347244,22.49187932344762,5.622969830861905,0.08721834127203405,False,False,False,False
2026-03-19 00:00:00-04:00,249.39999389648438,251.8300018310547,247.3000030517578,248.9600067138672,248.73085021972656,34864100,258.2466918885833,269.2740373399941,247.21934643717253,22.054690902821562,5.513672725705391,0.07892471875323194,False,False,False,False
2026-03-20 00:00:00-04:00,247.97999572753906,249.1999969482422,246.0,247.99000549316406,247.76173400878906,88331100,257.2698646128291,267.83447490874727,246.70525431691095,21.129220591836315,5.282305147959079,0.060804475520952174,False,False,False,False
2026-03-23 00:00:00-04:00,253.97000122070312,254.60000610351562,250.27999877929688,251.49000549316406,251.25851440429688,40546100,256.7194018395277,267.5495512279243,245.88925245113103,21.660298776793297,5.415074694198324,0.25857228931826387,False,False,False,False
2026-03-24 00:00:00-04:00,250.35000610351562,254.8300018310547,249.5500030517578,251.63999938964844,251.4083709716797,45152300,256.23564922525344,267.0387834306698,245.43251501983707,21.60626841083274,5.401567102708185,0.28730015992484476,False,False,False,False
2026-03-25 00:00:00-04:00,254.10000610351562,255.0,251.60000610351562,252.6199951171875,252.38746643066406,28476700,255.89130121496146,266.29412077913304,245.48848165078985,20.805639128343188,5.201409782085797,0.3427682957685497,False,False,False,False
2026-03-26 00:00:00-04:00,252.1199951171875,257.0,250.77000427246094,252.88999938964844,252.6572265625,41796700,255.60546294588403,266.21399969914626,244.99692619262177,21.217073506524486,5.304268376631121,0.3720151695095678,False,False,False,False
2026-03-27 00:00:00-04:00,253.89999389648438,255.49000549316406,248.07000732421875,248.8000030517578,248.57098388671875,47900000,254.9573239083482,265.98900662007327,243.9256411966231,22.063365423450165,5.515841355862541,0.22092558236623172,False,False,False,False
2026-03-30 00:00:00-04:00,250.07000732421875,250.8699951171875,245.50999450683594,246.6300048828125,246.40298461914062,39446200,254.16424590591623,265.1647604685391,243.16373134329334,22.001029125245765,5.500257281311441,0.15755051819560936,False,False,False,False
2026-03-31 00:00:00-04:00,247.91000366210938,255.47999572753906,247.10000610351562,253.7899932861328,253.55638122558594,49598100,254.1286027992702,265.7990640745761,242.4581415239643,23.340922550611822,5.8352306376529555,0.4854928821942169,False,False,False,False
2026-04-01 00:00:00-04:00,254.0800018310547,256.17999267578125,253.3300018310547,255.6300048828125,255.3946990966797,40059400,254.27159347389326,265.3450067906139,243.19818015717263,22.146826633441293,5.536706658360323,0.5613366163650755,False,False,False,True
2026-04-02 00:00:00-04:00,254.1999969482422,256.1300048828125,250.64999389648438,255.9199981689453,255.68443298339844,31289400,254.42858439723153,265.4906585795457,243.36651021491733,22.124148364628383,5.531037091157096,0.5674111268435641,False,False,False,False
2026-04-06 00:00:00-04:00,256.510009765625,262.1600036621094,256.4599914550781,258.8599853515625,258.6217041015625,29329900,254.85062258335827,266.0544904460739,243.6467547206427,22.407735725431195,5.601933931357799,0.6789276175572648,False,False,False,False
2026-04-07 00:00:00-04:00,256.1600036621094,256.20001220703125,245.6999969482422,253.5,253.26666259765625,62148000,254.72199186113366,267.4374706182418,242.00651310402557,25.430957514216203,6.357739378554051,0.45194864918277,False,False,True,False
2026-04-08 00:00:00-04:00,258.45001220703125,259.75,256.5299987792969,258.8999938964844,258.66168212890625,41032800,255.11989681688135,267.81382769827866,242.42596593548407,25.387861762794586,6.346965440698646,0.6488938735731841,False,False,False,True
2026-04-09 00:00:00-04:00,259.0,261.1199951171875,256.07000732421875,260.489990234375,260.2502136230469,28121600,255.63133428521408,268.06586963706536,243.19679893336277,24.86907070370259,6.2172676759256476,0.6953694211998666,False,False,False,False
2026-04-10 00:00:00-04:00,259.9800109863281,262.19000244140625,259.0199890136719,260.4800109863281,260.240234375,31291500,256.0931130186535,267.91819752086656,244.26802851644047,23.65016900442609,5.912542251106522,0.6854911889574071,False,False,False,False
2026-04-13 00:00:00-04:00,259.7300109863281,260.17999267578125,256.6600036621094,259.20001220703125,258.96142578125,36234700,256.3890081794514,267.79558569628693,244.9824306626159,22.813155033671023,5.703288758417756,0.623218556286096,False,False,False,False
2026-04-14 00:00:00-04:00,259.25,261.92999267578125,257.19000244140625,258.8299865722656,258.59173583984375,48370700,256.6214823121004,267.8354001241273,245.40756450007345,22.42783562405387,5.6069589060134675,0.5984715733245619,False,False,False,False
2026-04-15 00:00:00-04:00,258.1600036621094,266.55999755859375,257.80999755859375,266.42999267578125,266.18475341796875,49913500,257.5556261562605,269.39815218708475,245.71310012543623,23.68505206164852,5.92126301541213,0.8746821622524689,False,False,False,False
2026-04-16 00:00:00-04:00,266.79998779296875,267.1600036621094,261.2699890136719,263.3999938964844,263.15753173828125,43323100,258.1122326077104,269.9485089651397,246.27595625028107,23.672552714858625,5.918138178714656,0.7233709795671933,False,False,False,False
2026-04-17 00:00:00-04:00,266.9599914550781,272.29998779296875,266.7200012207031,270.2300109863281,269.98126220703125,61436200,259.2663067390073,271.69895423999054,246.833659238024,24.86529500196653,6.216323750491632,0.9409239563195916,False,False,False,False
2026-04-20 00:00:00-04:00,270.3299865722656,274.2799987792969,270.2900085449219,273.04998779296875,272.79864501953125,36590200,260.579038267956,272.57841857743466,248.5796579584773,23.998760618957363,5.999690154739341,1.0,True,False,False,False
2026-04-21 00:00:00-04:00,271.5,272.79998779296875,265.3999938964844,266.1700134277344,265.9250183105469,50209800,261.1115120926968,273.4409531505245,248.7820710348691,24.658882115655388,6.164720528913847,0.7051391182824974,False,False,False,False
2026-04-22 00:00:00-04:00,267.82000732421875,273.739990234375,266.8699951171875,273.1700134277344,272.9185791015625,43249200,262.2599407912718,274.87043310464486,249.64944847789874,25.220984626746116,6.305246156686529,0.9325791715876454,False,False,False,False
2026-04-23 00:00:00-04:00,275.04998779296875,275.7699890136719,271.6499938964844,273.42999267578125,273.1783142089844,33399600,263.32375525646313,275.4971973619364,251.1503131509899,24.346884210946513,6.086721052736628,0.9150936658570167,False,False,False,False
2026-04-24 00:00:00-04:00,272.760009765625,273.05999755859375,269.6499938964844,271.05999755859375,270.81048583984375,38157100,264.0605402376184,275.7726378884037,252.3484425868331,23.42419530157062,5.856048825392655,0.7988131387593927,False,False,False,False
2026-04-27 00:00:00-04:00,266.0899963378906,268.3599853515625,265.07000732421875,267.6099853515625,267.3636474609375,41466800,264.3985826294226,276.13746856200436,252.65969669684083,23.477771865163533,5.869442966290883,0.6367848167442588,False,False,False,False
2026-04-28 00:00:00-04:00,272.3399963378906,273.2300109863281,268.6600036621094,270.7099914550781,270.4608154296875,40018900,264.99966918424695,276.6886716505237,253.31066671797024,23.378004932553466,5.844501233138367,0.7442604613740855,False,False,False,False
2026-04-29 00:00:00-04:00,267.54998779296875,271.0400085449219,267.0400085449219,270.1700134277344,269.92132568359375,30047900,265.49208292172193,276.812185141371,254.1719807020729,22.640204439298117,5.660051109824529,0.7066205063896258,False,False,False,False
2026-04-30 00:00:00-04:00,270.5,276.0,268.1400146484375,271.3500061035156,271.1002502441406,91848200,266.049980367607,277.8100694356037,254.2898912996104,23.52017813599329,5.880044533998323,0.7253395235896568,False,False,False,False
2026-05-01 00:00:00-04:00,278.8599853515625,287.2200012207031,278.3699951171875,280.1400146484375,279.88214111328125,79915400,267.3918883943528,281.1499675789873,253.63380920971832,27.516158369268965,6.879039592317241,0.963296005314545,False,False,False,False
2026-05-04 00:00:00-04:00,279.6600036621094,280.6300048828125,274.8599853515625,276.8299865722656,276.5751647949219,46668400,268.29075488748737,281.8270300599084,254.75447971506634,27.072550344842057,6.768137586210514,0.8154202901465905,False,False,False,False
2026-05-05 00:00:00-04:00,276.92999267578125,284.57000732421875,276.5,284.17999267578125,283.9184265136719,49311700,269.80401562922964,283.6006647492523,256.007366509207,27.59329824004533,6.898324560011332,1.0,True,False,False,False
2026-05-06 00:00:00-04:00,281.9200134277344,288.0299987792969,281.07000732421875,287.510009765625,287.245361328125,58336100,271.49030078507684,285.2992832841129,257.6813182860408,27.617964998072125,6.904491249518031,1.0,False,False,False,False
2026-05-07 00:00:00-04:00,289.2699890136719,292.1300048828125,285.7799987792969,287.44000244140625,287.1754150390625,45224300,273.00931999044155,286.70740546027713,259.311234520606,27.39617093967115,6.849042734917788,1.0,False,False,False,False
2026-05-08 00:00:00-04:00,290.010009765625,294.760009765625,290.0,293.32000732421875,293.0500183105469,52692800,274.943671165087,288.73594955278276,261.1513927773912,27.584556775391547,6.896139193847887,1.0,False,False,False,False
2026-05-11 00:00:00-04:00,291.9800109863281,293.8800048828125,290.2300109863281,292.67999267578125,292.67999267578125,42247300,276.63284464229594,289.775893970519,263.48979531407286,26.286098656446143,6.571524664111536,1.0,False,False,False,False
2026-05-12 00:00:00-04:00,292.55999755859375,295.2699890136719,292.55999755859375,294.79998779296875,294.79998779296875,45748100,278.3630487518838,290.73379143830016,265.99230606546746,24.7414853728327,6.185371343208175,1.0,False,False,False,False
2026-05-13 00:00:00-04:00,293.5,300.9200134277344,293.5,298.8699951171875,298.8699951171875,52684300,280.31609126286514,292.9337623661867,267.69842015954356,25.235342206643168,6.308835551660792,1.0,False,False,False,False
2026-05-14 00:00:00-04:00,299.82000732421875,300.45001220703125,295.3800048828125,298.2099914550781,298.2099914550781,35324900,282.0202722335521,294.3901776913853,269.65036677571885,24.739810915666453,6.184952728916613,1.0,False,False,False,False
2026-05-15 00:00:00-04:00,297.8999938964844,303.20001220703125,296.5199890136719,300.2300109863281,300.2300109863281,54862800,283.7545330671498,296.22345261787154,271.28561351642804,24.9378391014435,6.234459775360875,1.0,False,False,False,False
2026-05-18 00:00:00-04:00,300.239990234375,300.6600036621094,294.9100036621094,297.8399963378906,297.8399963378906,34483000,285.0960057596013,297.4680333552509,272.72397816395176,24.74405519129914,6.186013797824785,1.0,False,False,False,False
2026-05-19 00:00:00-04:00,296.9700012207031,300.510009765625,296.3500061035156,298.9700012207031,298.9700012207031,42243600,286.41733866065863,298.38416422916515,274.4505130921521,23.933651137013044,5.983412784253261,1.0,False,False,False,False
2026-05-20 00:00:00-04:00,298.17999267578125,302.79998779296875,298.0799865722656,302.25,302.25,38229800,287.9252111691673,299.6393544249638,276.2110679133708,23.428286511593,5.85707162789825,1.0,False,False,False,False
2026-05-21 00:00:00-04:00,301.05999755859375,305.5400085449219,300.3999938964844,304.989990234375,304.989990234375,42965100,289.55042822299663,301.12116008290093,277.97969636309233,23.1414637198086,5.78536592995215,1.0,False,False,False,False
2026-05-22 00:00:00-04:00,306.1199951171875,311.3999938964844,305.8399963378906,308.82000732421875,308.82000732421875,43670200,291.38562623263687,303.08128563897264,279.6899668263011,23.391318812671557,5.847829703167889,1.0,False,False,False,False
2026-05-26 00:00:00-04:00,309.55999755859375,311.82000732421875,307.6700134277344,308.3299865722656,308.3299865722656,48000500,292.99937483641105,304.3554670814101,281.643282591412,22.712184489998094,5.678046122499524,1.0,False,False,False,False
2026-05-27 00:00:00-04:00,308.3299865722656,313.260009765625,308.29998779296875,310.8500061035156,310.8500061035156,50430900,294.69943495708765,305.91192237211806,283.48694754205724,22.42497483006082,5.606243707515205,1.0,False,False,False,False
2026-05-28 00:00:00-04:00,310.67999267578125,312.79998779296875,309.57000732421875,312.510009765625,312.510009765625,48220400,296.39568017694836,307.1329149442257,285.658445409671,21.474469534554714,5.368617383638679,1.0,False,False,False,False
2026-05-29 00:00:00-04:00,311.7799987792969,315.0,309.5299987792969,312.05999755859375,312.05999755859375,70026800,297.88751992758125,308.6450314622715,287.130008392891,21.515023069380504,5.378755767345126,1.0,False,False,False,False
2026-06-01 00:00:00-04:00,309.6300048828125,310.94000244140625,305.0199890136719,306.30999755859375,306.30999755859375,48849900,298.6896606543443,309.77942274454995,287.5998985641387,22.17952418041125,5.544881045102812,0.8435753103747662,False,False,False,False
2026-06-02 00:00:00-04:00,307.4599914550781,315.45001220703125,306.69000244140625,315.20001220703125,315.20001220703125,44534700,300.26207508793357,312.0708638988061,288.453286277061,23.617577621745113,5.904394405436278,1.0,True,False,False,False
2026-06-03 00:00:00-04:00,314.17999267578125,316.94000244140625,308.8500061035156,310.260009765625,310.260009765625,50836700,301.21425934295183,313.46016854031524,288.96835014558843,24.491818394726806,6.1229545986817016,0.8693376407127351,False,False,False,False
2026-06-04 00:00:00-04:00,313.2300109863281,313.5400085449219,309.6499938964844,311.2300109863281,311.2300109863281,44869100,302.1681404518448,313.96746165915937,290.36881924453024,23.598642414629126,5.899660603657281,0.8839996545252848,False,False,False,False
2026-06-05 00:00:00-04:00,312.8599853515625,315.1700134277344,307.1499938964844,307.3399963378906,307.3399963378906,65246700,302.6606981552777,314.8840911481108,290.4373051624446,24.446785985666224,6.111696496416556,0.6914074997570847,False,False,False,False
