Datetime,Open,High,Low,Close,Adj Close,Volume,KC_Middle,KC_Upper,KC_Lower,KC_Width,KC_ATR,KC_PercentB,long_entry,short_entry,long_exit,short_exit
2025-10-01 09:30:00-04:00,255.0399932861328,256.79998779296875,254.9499969482422,256.5174865722656,256.5174865722656,2273358,,,,,,,False,False,False,False
2025-10-01 09:35:00-04:00,256.489990234375,258.7900085449219,256.4100036621094,258.04998779296875,258.04998779296875,2000386,,,,,,,False,False,False,False
2025-10-01 09:40:00-04:00,258.0400085449219,258.44000244140625,257.3599853515625,257.6700134277344,257.6700134277344,761885,,,,,,,False,False,False,False
2025-10-01 09:45:00-04:00,257.6499938964844,257.6791076660156,255.42999267578125,255.4499969482422,255.4499969482422,895502,,,,,,,False,False,False,False
2025-10-01 09:50:00-04:00,255.41000366210938,256.29998779296875,255.27999877929688,256.25,256.25,685963,,,,,,,False,False,False,False
2025-10-01 09:55:00-04:00,256.239990234375,256.5599060058594,255.86500549316406,256.5050048828125,256.5050048828125,526245,,,,,,,False,False,False,False
2025-10-01 10:00:00-04:00,256.5150146484375,256.739990234375,256.03009033203125,256.42999267578125,256.42999267578125,388662,,,,,,,False,False,False,False
2025-10-01 10:05:00-04:00,256.4200134277344,256.4200134277344,255.72999572753906,255.85009765625,255.85009765625,399986,,,,,,,False,False,False,False
2025-10-01 10:10:00-04:00,255.8800048828125,256.07989501953125,255.43499755859375,255.97999572753906,255.97999572753906,361414,,,,,,,False,False,False,False
2025-10-01 10:15:00-04:00,255.9875030517578,257.0299987792969,255.94000244140625,256.9800109863281,256.9800109863281,455803,,,,,,,False,False,False,False
2025-10-01 10:20:00-04:00,256.9855041503906,257.3299865722656,256.625,256.7226867675781,256.7226867675781,401460,,,,,,,False,False,False,False
2025-10-01 10:25:00-04:00,256.7284851074219,256.82000732421875,256.1614074707031,256.1614074707031,256.1614074707031,526779,,,,,,,False,False,False,False
2025-10-01 10:30:00-04:00,256.17999267578125,256.2590026855469,255.39999389648438,255.8459014892578,255.8459014892578,414047,,,,,,,False,False,False,False
2025-10-01 10:35:00-04:00,255.8350067138672,255.99000549316406,255.610107421875,255.8300018310547,255.8300018310547,268056,,,,,,,False,False,False,False
2025-10-01 10:40:00-04:00,255.82000732421875,255.83999633789062,255.5,255.5500030517578,255.5500030517578,255297,,,,,,,False,False,False,False
2025-10-01 10:45:00-04:00,255.55999755859375,255.94500732421875,255.50999450683594,255.80999755859375,255.80999755859375,228872,,,,,,,False,False,False,False
2025-10-01 10:50:00-04:00,255.80999755859375,255.92999267578125,255.52999877929688,255.8000030517578,255.8000030517578,234250,,,,,,,False,False,False,False
2025-10-01 10:55:00-04:00,255.8000030517578,255.94369506835938,255.52999877929688,255.52999877929688,255.52999877929688,177761,,,,,,,False,False,False,False
2025-10-01 11:00:00-04:00,255.52999877929688,255.63999938964844,255.3800048828125,255.45489501953125,255.45489501953125,243837,,,,,,,False,False,False,False
2025-10-01 11:05:00-04:00,255.4600067138672,255.6199951171875,255.3000030517578,255.3865966796875,255.3865966796875,291876,255.96518963262972,257.48898346249814,254.4413958027613,3.0475876597368483,0.7618969149342121,0.31014723199391864,False,False,False,False
2025-10-01 11:10:00-04:00,255.375,255.6352996826172,255.1999969482422,255.5500030517578,255.5500030517578,236103,255.91724457817662,257.3757195719332,254.45876958442005,2.916949987513135,0.7292374968782838,0.37410084917777314,False,False,False,False
2025-10-01 11:15:00-04:00,255.5384063720703,255.5800018310547,255.22000122070312,255.4199981689453,255.4199981689453,220967,255.86861814916625,257.25324576561746,254.483990532715,2.7692552329024522,0.6923138082256131,0.337999771602588,False,False,False,False
2025-10-01 11:20:00-04:00,255.41000366210938,255.50999450683594,255.2100067138672,255.22999572753906,255.22999572753906,216608,255.81605124442797,257.12221365782784,254.50988883102812,2.6123248267997212,0.6530812066999303,0.27565748681917257,False,False,False,False
2025-10-01 11:25:00-04:00,255.27000427246094,255.5449981689453,255.10000610351562,255.52450561523438,255.52450561523438,184400,255.77545937631405,257.04000396145983,254.51091479116823,2.5290891702915985,0.6322722925728996,0.40077306722612605,False,False,False,False
2025-10-01 11:30:00-04:00,255.5301055908203,255.82969665527344,255.51499938964844,255.5659942626953,255.5659942626953,248644,255.76226293754183,256.96329251729804,254.5612333577856,2.402059159512447,0.6005147898781118,0.4182914900037913,False,False,False,False
2025-10-01 11:35:00-04:00,255.5449981689453,255.86000061035156,255.50999450683594,255.8300018310547,255.8300018310547,146762,255.75950764025984,256.9104354827436,254.60857979777612,2.301855684967478,0.5754639212418695,0.5306249393718305,False,False,False,True
2025-10-01 11:40:00-04:00,255.83999633789062,255.88999938964844,255.69000244140625,255.7949981689453,255.7949981689453,134969,255.76257040467954,256.8384048525633,254.68673595679573,2.1516688957675854,0.5379172239418963,0.5150709824962275,False,False,False,False
2025-10-01 11:45:00-04:00,255.7949981689453,256.0400085449219,255.6199951171875,255.68499755859375,255.68499755859375,210543,255.76438913504984,256.8166428236921,254.71213544640756,2.1045073772845626,0.5261268443211407,0.4622754582316894,False,False,True,False
2025-10-01 11:50:00-04:00,255.6855926513672,255.7899932861328,255.5500030517578,255.7899932861328,255.7899932861328,176698,255.75920888802997,256.754235254683,254.7641825213769,1.9900527333061007,0.49751318332652517,0.5154691368663935,False,False,False,True
2025-10-01 11:55:00-04:00,255.7899932861328,256.1199951171875,255.72000122070312,256.1000061035156,256.1000061035156,218806,255.7802366904845,256.7557591997691,254.80471418119984,1.9510450185692605,0.4877612546423151,0.6638964811102341,False,False,False,False
2025-10-01 12:00:00-04:00,256.1000061035156,256.4700012207031,256.0899963378906,256.3599853515625,256.3599853515625,214298,255.83037233615758,256.78434357107625,254.8764011012389,1.9079424698373373,0.4769856174593343,0.7775833253767195,False,False,False,False
2025-10-01 12:05:00-04:00,256.3550109863281,256.55999755859375,256.3085021972656,256.489990234375,256.489990234375,216299,255.88965401811825,256.79852720181066,254.98078083442581,1.8177463673848422,0.45443659184621055,0.830264016492277,False,False,False,False
2025-10-01 12:10:00-04:00,256.4599914550781,256.9200134277344,256.45001220703125,256.6400146484375,256.6400146484375,261809,255.9639739618912,256.875960071355,255.0519878524274,1.8239722189275938,0.45599305473189844,0.8706419865011868,False,False,False,False
2025-10-01 12:15:00-04:00,256.6400146484375,256.6400146484375,256.20001220703125,256.20001220703125,256.20001220703125,195398,256.0004221262349,256.9092101130336,255.09163413943625,1.8175759735973713,0.45439399339934283,0.6098111351028046,False,False,False,False
2025-10-01 12:20:00-04:00,256.20001220703125,256.2099914550781,255.93760681152344,256.06500244140625,256.06500244140625,159436,256.007131152562,256.8795172693918,255.13474503573227,1.7447722336595177,0.43619305841487943,0.5331683916833345,False,False,False,False
2025-10-01 12:25:00-04:00,256.0799865722656,256.2760009765625,256.05999755859375,256.1600036621094,256.1600036621094,155080,256.02219809667565,256.85054628541616,255.19384990793512,1.6566963774810404,0.4141740943702601,0.5831809420886565,False,False,False,False
2025-10-01 12:30:00-04:00,256.1636047363281,256.389892578125,256.05999755859375,256.07000732421875,256.07000732421875,189622,256.03658867352993,256.8480810473026,255.2250962997572,1.6229847475454164,0.4057461868863541,0.5205908593653589,False,False,False,False
2025-10-01 12:35:00-04:00,256.0700988769531,256.510009765625,256.0299987792969,256.4800109863281,256.4800109863281,191862,256.0654856103763,256.8918309440374,255.23914027671523,1.6526906673221617,0.41317266683054044,0.7508184889937466,False,False,False,False
2025-10-01 12:40:00-04:00,256.4649963378906,256.6300048828125,256.25,256.260009765625,256.260009765625,143744,256.0954398267988,256.9151516036562,255.2757280499413,1.63942355371492,0.40985588842873,0.6003828073918536,False,False,False,False
2025-10-01 12:45:00-04:00,256.25,256.55999755859375,256.1199951171875,256.42498779296875,256.42498779296875,132146,256.1214290645243,256.9471701519773,255.29568797707134,1.6514821749059365,0.41287054372648413,0.6838098727657977,False,False,False,False
2025-10-01 12:50:00-04:00,256.42498779296875,256.56500244140625,256.29010009765625,256.4049987792969,256.4049987792969,118888,256.14986760816834,256.948015055626,255.35172016071067,1.5962948949153315,0.3990737237288329,0.6598270920625049,False,False,False,False
2025-10-01 12:55:00-04:00,256.3901062011719,256.4986877441406,256.3399963378906,256.45318603515625,256.45318603515625,117691,256.17660625238045,256.92667723634236,255.42653526841855,1.5001419679238097,0.37503549198095243,0.6843690721876031,False,False,False,False
2025-10-01 13:00:00-04:00,256.4599914550781,256.8298034667969,256.4599914550781,256.6000061035156,256.6000061035156,187273,256.2197802926423,256.9701676645362,255.46939292074848,1.5007747437877015,0.37519368594692537,0.7533530181309375,False,False,False,False
2025-10-01 13:05:00-04:00,256.598388671875,256.6499938964844,256.489990234375,256.5400085449219,256.5400085449219,147231,256.25218193701863,256.95953130414495,255.5448325698923,1.414698734252653,0.35367468356316323,0.7034543475118797,False,False,False,False
2025-10-01 13:10:00-04:00,256.5150146484375,256.5299987792969,256.0249938964844,256.0400085449219,256.0400085449219,162005,256.24705353732486,256.98667089742605,255.50743617722367,1.4792347202023848,0.3698086800505962,0.3600323602635171,False,False,True,False
2025-10-01 13:15:00-04:00,256.0400085449219,256.2300109863281,255.98300170898438,256.0950012207031,256.0950012207031,170392,256.2333028485643,256.9483603281241,255.51824536900446,1.4301149591196634,0.35752873977991584,0.4032933492659205,False,False,False,False
2025-10-01 13:20:00-04:00,256.0950012207031,256.2200012207031,256.02099609375,256.0299987792969,256.0299987792969,115842,256.2196865802486,256.90303933724306,255.53633382325413,1.3667055139889328,0.3416763784972332,0.36120799322885244,False,False,False,False
2025-10-01 13:25:00-04:00,256.010009765625,256.18499755859375,255.85499572753906,256.1404113769531,256.1404113769531,149991,256.2044911809578,256.8855090284638,255.52347333345185,1.36203569501194,0.340508923752985,0.45295291875288923,False,False,False,False
2025-10-01 13:30:00-04:00,256.1650085449219,256.2200012207031,256.05999755859375,256.0683898925781,256.0683898925781,141374,256.1960757882277,256.84099258340495,255.55115899305045,1.2898335903545046,0.32245839758862616,0.4010059153332459,False,False,False,False
2025-10-01 13:35:00-04:00,256.0880126953125,256.4599914550781,256.0783996582031,256.3399963378906,256.3399963378906,8159855,256.2052872195448,256.86403264770433,255.5465417913853,1.31749085631904,0.32937271407976,0.6022467197398065,False,False,False,True
2025-10-01 13:40:00-04:00,256.364990234375,256.5,256.2650146484375,256.3599853515625,256.3599853515625,195739,256.2214503414929,256.861318297149,255.58158238583687,1.2797359113121445,0.3199339778280361,0.6082528112597207,False,False,False,False
2025-10-01 13:45:00-04:00,256.3699951171875,256.4100036621094,256.2149963378906,256.31500244140625,256.31500244140625,163940,256.23020118012556,256.84508380505974,255.61531855519135,1.229765249868393,0.30744131246709827,0.5689572756180724,False,False,False,False
2025-10-01 13:50:00-04:00,256.30010986328125,256.45001220703125,256.2449951171875,256.41070556640625,256.41070556640625,154779,256.2433792547366,256.8377770351462,255.6489814743271,1.188795560819102,0.2971988902047755,0.6407528066090027,False,False,False,False
2025-10-01 13:55:00-04:00,256.4013977050781,256.55999755859375,256.34130859375,256.4560852050781,256.4560852050781,177929,256.26329206721954,256.8419878625569,255.6845962718822,1.1573915906746777,0.2893478976686694,0.6665755474741162,False,False,False,False
2025-10-01 14:00:00-04:00,256.4512023925781,256.6700134277344,256.4200134277344,256.54998779296875,256.54998779296875,242398,256.2902805893395,256.8611068051431,255.71945437353588,1.1416524316072127,0.2854131079018032,0.7274835987198373,False,False,False,False
2025-10-01 14:05:00-04:00,256.5799865722656,256.6499938964844,256.4800109863281,256.5299987792969,256.5299987792969,195597,256.3153333478821,256.86307352413655,255.7675931716276,1.0954803525089574,0.27387008812723934,0.6959555284794993,False,False,False,False
2025-10-01 14:10:00-04:00,256.52508544921875,256.6499938964844,256.3999938964844,256.5899963378906,256.5899963378906,173547,256.33736458874597,256.880330747375,255.79439843011693,1.0859323172580844,0.2714830793145211,0.7326404188637974,False,False,False,False
2025-10-01 14:15:00-04:00,256.57000732421875,256.6859130859375,256.5683898925781,256.6000061035156,256.6000061035156,154457,256.3641015828981,256.8762757643361,255.8519274014601,1.024348362876026,0.2560870907190065,0.7302971617538091,False,False,False,False
2025-10-01 14:20:00-04:00,256.6000061035156,256.6499938964844,256.4700012207031,256.54998779296875,256.54998779296875,184892,256.38244057215087,256.87939587060134,255.8854852737004,0.9939105969009461,0.24847764922523652,0.6685737342375656,False,False,False,False
2025-10-01 14:25:00-04:00,256.5400085449219,256.6449890136719,256.45001220703125,256.4849853515625,256.4849853515625,171419,256.3961759643989,256.88243109433245,255.90992083446534,0.9725102598671072,0.2431275649667768,0.5913197431724196,False,False,False,False
2025-10-01 14:30:00-04:00,256.4800109863281,256.5400085449219,256.30010986328125,256.3901062011719,256.3901062011719,158187,256.3974996696744,256.88310902294273,255.9118903164061,0.9712187065366322,0.24280467663415806,0.4923874319421758,False,False,True,False
2025-10-01 14:35:00-04:00,256.3949890136719,256.4700927734375,256.2650146484375,256.3699951171875,256.3699951171875,194277,256.39472517856456,256.872789221506,255.9166611356231,0.9561280858829377,0.23903202147073443,0.4741352003542295,False,False,False,False
2025-10-01 14:40:00-04:00,256.3500061035156,256.5400085449219,256.29998779296875,256.32501220703125,256.32501220703125,154085,256.394116702667,256.872378491705,255.91585491362906,0.9565235780759167,0.23913089451897918,0.4277545298206069,False,False,False,False
2025-10-01 14:45:00-04:00,256.3219909667969,256.3999938964844,256.2349853515625,256.3949890136719,256.3949890136719,152785,256.3892791837374,256.85271650285597,255.9258418646189,0.9268746382370807,0.23171865955927018,0.5061603044240224,False,False,False,True
2025-10-01 14:50:00-04:00,256.3999938964844,256.4814147949219,256.29998779296875,256.3900146484375,256.3900146484375,179369,256.38939282453475,256.84277181213207,255.93601383693743,0.9067579751946369,0.22668949379865921,0.5006857661247635,False,False,False,False
2025-10-01 14:55:00-04:00,256.3900146484375,256.75,256.3699951171875,256.739990234375,256.739990234375,225481,256.41135494764455,256.89539701304466,255.92731288224448,0.9680841308001789,0.2420210327000447,0.8394697591611124,False,False,False,False
2025-10-01 15:00:00-04:00,256.7344055175781,256.94000244140625,256.5329895019531,256.6600036621094,256.6600036621094,351372,256.4398924321695,256.95693287892016,255.9228519854188,1.0340808935013683,0.2585202233753421,0.7128568773711818,False,False,False,False
2025-10-01 15:05:00-04:00,256.6499938964844,256.8399963378906,256.6000061035156,256.79998779296875,256.79998779296875,194207,256.46910871591126,256.9824431648619,255.95577426696065,1.0266688979012315,0.2566672244753079,0.8222841149019792,False,False,False,False
2025-10-01 15:10:00-04:00,256.80499267578125,256.80499267578125,256.6199951171875,256.6600036621094,256.6600036621094,221328,256.4906219002714,256.9896224160457,255.99162138449708,0.998001031548597,0.24950025788714925,0.6697210288201478,False,False,False,False
2025-10-01 15:15:00-04:00,256.6499938964844,256.69000244140625,256.5199890136719,256.5400085449219,256.5400085449219,219265,256.499451560563,256.9825547103068,256.0163484108192,0.9662062994875669,0.24155157487189172,0.5419754915491609,False,False,False,False
2025-10-01 15:20:00-04:00,256.54998779296875,256.6099853515625,255.91009521484375,255.92999267578125,255.92999267578125,354383,256.4661727847058,257.04094364681896,255.89140192259268,1.1495417242262818,0.28738543105657044,0.03357055457429893,False,False,True,False
2025-10-01 15:25:00-04:00,255.92999267578125,256.0849914550781,255.8699951171875,255.94000244140625,255.94000244140625,346876,256.41844169453293,256.97873473801286,255.858148651053,1.120586086959861,0.28014652173996524,0.07304551725724051,False,False,False,False
2025-10-01 15:30:00-04:00,255.94000244140625,256.1400146484375,255.92999267578125,256.0122985839844,256.0122985839844,928539,256.38120299055214,256.92747112421534,255.83493485688894,1.092536267326409,0.27313406683160224,0.16234127177258265,False,False,False,False
2025-10-01 15:35:00-04:00,256.0150146484375,256.0150146484375,255.42999267578125,255.4947052001953,255.4947052001953,493717,256.31123802397303,256.91988373880116,255.7025923091449,1.2172914296562567,0.3043228574140642,0.0,False,False,False,False
2025-10-01 15:40:00-04:00,255.4949951171875,255.6199951171875,255.32000732421875,255.35000610351562,255.35000610351562,489635,256.22731086438586,256.83508956632494,255.6195321624468,1.2155574038781367,0.3038893509695342,0.0,False,False,False,False
2025-10-01 15:45:00-04:00,255.36000061035156,255.77699279785156,255.27999877929688,255.77000427246094,255.77000427246094,491764,256.16842398363826,256.81482361909434,255.52202434818216,1.2927992709121838,0.32319981772804596,0.1918162624765474,False,False,False,False
2025-10-01 15:50:00-04:00,255.77999877929688,255.91000366210938,255.39999389648438,255.60499572753906,255.60499572753906,770815,256.11793894666107,256.80170057169653,255.43417732162558,1.3675232500709456,0.3418808125177364,0.12491078737024584,False,False,False,False
2025-10-01 15:55:00-04:00,255.61000061035156,255.77000427246094,255.36000061035156,255.41000366210938,255.41000366210938,1704692,256.0603577309449,256.7577439258987,255.36297153599105,1.3947723899076436,0.3486930974769109,0.03372028759576944,False,False,False,False
2025-10-02 09:30:00-04:00,256.5899963378906,257.2349853515625,255.83599853515625,255.89999389648438,255.89999389648438,4742595,256.08543406714705,257.0780779804961,255.09279015379798,1.9852878266981406,0.49632195667453516,0.4065928032354429,False,False,False,False
2025-10-02 09:35:00-04:00,255.88999938964844,256.1400146484375,254.5,254.55499267578125,254.55499267578125,1196179,255.98825010279077,257.20963255449243,254.76686765108911,2.442764903403315,0.6106912258508288,0.0,False,False,False,False
2025-10-02 09:40:00-04:00,254.52999877929688,254.9600067138672,254.14999389648438,254.7550048828125,254.7550048828125,964827,255.85809947373656,257.1193462437446,254.5968527037285,2.522493540016086,0.6306233850040215,0.06269676277664127,False,False,False,False
2025-10-02 09:45:00-04:00,254.75999450683594,255.41990661621094,254.52499389648438,255.13999938964844,255.13999938964844,697571,255.77907094932812,257.09317558628067,254.46496631237557,2.6282092739050995,0.6570523184762749,0.25684144865293784,False,False,False,False
2025-10-02 09:50:00-04:00,255.1300048828125,255.97500610351562,254.92999267578125,255.6750030517578,255.6750030517578,732733,255.75503250434622,257.14672936315037,254.36333564554204,2.783393717608334,0.6958484294020835,0.4712475270450931,False,False,False,False
2025-10-02 09:55:00-04:00,255.6699981689453,256.0799865722656,255.52999877929688,256.0350036621094,256.0350036621094,595972,255.76709255198537,257.12961728350285,254.40456782046786,2.725049463034992,0.681262365758748,0.5983142191575618,False,False,False,True
2025-10-02 10:00:00-04:00,256.0249938964844,256.1499938964844,255.69000244140625,256.1000061035156,256.1000061035156,528604,255.78736952930126,257.10564007868265,254.46909897991986,2.636541098762791,0.6591352746906978,0.618578304871133,False,False,False,False
2025-10-02 10:05:00-04:00,256.0799865722656,256.1084899902344,255.64999389648438,256.03509521484375,256.03509521484375,431039,255.80106700592535,257.0792097191186,254.5229242927321,2.5562854263864665,0.6390713565966166,0.5915501088034689,False,False,False,False
2025-10-02 10:10:00-04:00,256.0199890136719,256.260009765625,255.8800048828125,256.2312927246094,256.2312927246094,458054,255.8318005410133,257.05812995944973,254.6054711225769,2.4526588368728426,0.6131647092182106,0.6628812689274886,False,False,False,False
2025-10-02 10:15:00-04:00,256.2300109863281,256.68499755859375,255.9949951171875,256.3999938964844,256.3999938964844,477641,255.88210482511573,257.1238017899898,254.6404078602417,2.4833939297480754,0.6208484824370188,0.7085408461239032,False,False,False,False
2025-10-02 10:20:00-04:00,256.410888671875,256.6000061035156,256.2699890136719,256.5050048828125,256.5050048828125,374535,255.93698373066024,257.1205144170156,254.75345304430488,2.3670613727107366,0.5917653431776841,0.7399689161847809,False,False,False,False
2025-10-02 10:25:00-04:00,256.5050048828125,256.6499938964844,256.0710144042969,256.2200927734375,256.2200927734375,370419,255.97286150469955,257.1538350208569,254.79188798854221,2.3619470323146743,0.5904867580786686,0.6046726558028126,False,False,False,False
2025-10-02 10:30:00-04:00,256.2300109863281,256.4700927734375,256.0899963378906,256.3800048828125,256.3800048828125,349441,256.00529037708185,257.1441858287328,254.86639492543088,2.277790903301934,0.5694477258254835,0.6645078594297031,False,False,False,False
2025-10-02 10:35:00-04:00,256.3800048828125,256.5849914550781,256.3100891113281,256.55499267578125,256.55499267578125,371984,256.05082060282604,257.1308069780619,254.97083422759016,2.159972750471752,0.539993187617938,0.7334159414025475,False,False,False,False
2025-10-02 10:40:00-04:00,256.57000732421875,256.6700134277344,256.3800048828125,256.614990234375,256.614990234375,330857,256.09883795953857,257.12882740623525,255.0688485128419,2.0599788933933496,0.5149947233483374,0.7505619239555338,False,False,False,False
2025-10-02 10:45:00-04:00,256.6300048828125,256.7900085449219,256.264404296875,256.2799987792969,256.2799987792969,376690,256.13178709422044,257.16389844585683,255.09967574258405,2.064222703272776,0.516055675818194,0.5718002397907196,False,False,False,False
2025-10-02 10:50:00-04:00,256.2699890136719,256.3048095703125,255.97999572753906,256.2449951171875,256.2449951171875,391263,256.1360550031848,257.12991798821224,255.1421920181574,1.9877259700548393,0.4969314925137098,0.5548064047277464,False,False,False,False
2025-10-02 10:55:00-04:00,256.2449951171875,256.5400085449219,256.20001220703125,256.260009765625,256.260009765625,361266,256.15484438439194,257.1173203384947,255.19236843028912,1.9249519082055997,0.4812379770513999,0.554632731750224,False,False,False,False
2025-10-02 11:00:00-04:00,256.25,256.2850036621094,256.0150146484375,256.0849914550781,256.0849914550781,291793,256.1523198324062,257.0725459938331,255.23209367097928,1.840452322853821,0.46011308071345525,0.46341748357617474,False,False,True,False
2025-10-02 11:05:00-04:00,256.1099853515625,256.2799987792969,255.97000122070312,256.0,256.0,328289,256.14574968963734,257.0359527466403,255.25554663263438,1.7804061140059275,0.4451015285014819,0.41813682929373713,False,False,False,False
2025-10-02 11:10:00-04:00,256.0,256.6199951171875,255.99000549316406,256.58331298828125,256.58331298828125,427238,256.1697517381999,257.0969324143073,255.24257106209257,1.8543613522147098,0.46359033805367744,0.7230208527520287,False,False,False,True
2025-10-02 11:15:00-04:00,256.5799865722656,256.6300048828125,256.218505859375,256.2349853515625,256.2349853515625,228445,256.1879816073793,257.10474402056343,255.27121919419517,1.8335248263682615,0.4583812065920654,0.5256357282471614,False,False,False,False
2025-10-02 11:20:00-04:00,256.2099914550781,256.39990234375,256.1000061035156,256.3699951171875,256.3699951171875,208274,256.1976945833258,257.0827600032384,255.31262916341322,1.770130839825157,0.44253270995628924,0.5973377391010939,False,False,False,False
2025-10-02 11:25:00-04:00,256.3699951171875,257.6400146484375,256.3500061035156,257.1650085449219,257.1650085449219,1134765,256.27902618798925,257.33358677489497,255.22446560108355,2.109121173811417,0.5272802934528542,0.9200718137647571,False,False,False,False
2025-10-02 11:30:00-04:00,257.1499938964844,257.2200012207031,256.72100830078125,257.0799865722656,257.0799865722656,379440,256.3483569032204,257.39726001541993,255.2994537910209,2.0978062243990223,0.5244515560997556,0.8487594137798888,False,False,False,False
2025-10-02 11:35:00-04:00,257.0899963378906,257.6702880859375,257.04559326171875,257.4100036621094,257.4100036621094,736807,256.44616053179516,257.5151122976185,255.37720876597186,2.1379035316466286,0.5344758829116572,0.9508356509294149,False,False,False,False
2025-10-02 11:40:00-04:00,257.4150085449219,257.6050109863281,257.2049865722656,257.4800109863281,257.4800109863281,385780,256.5398598000344,257.58192127208787,255.49779832798092,2.0841229441069515,0.5210307360267379,0.9511015959745063,False,False,False,False
2025-10-02 11:45:00-04:00,257.45001220703125,257.739990234375,256.8540954589844,256.9599914550781,256.9599914550781,441350,256.60127242696564,257.7163067068919,255.4862381470394,2.230068559852498,0.5575171399631245,0.6608556053255221,False,False,False,False
2025-10-02 11:50:00-04:00,256.94500732421875,257.2900085449219,256.92999267578125,257.260009765625,257.260009765625,182972,256.6544849255508,257.7300189513125,255.57895089978902,2.151068051523481,0.5377670128808703,0.7814996204538388,False,False,False,False
2025-10-02 11:55:00-04:00,257.260009765625,257.989990234375,257.25,257.772705078125,257.772705078125,424521,256.7512862124031,257.8672648824637,255.63530754234253,2.23195734012117,0.5579893350302925,0.9576336865230733,False,False,False,False
2025-10-02 12:00:00-04:00,257.7699890136719,258.17999267578125,257.69000244140625,257.9949951171875,257.9949951171875,576282,256.86592531072586,257.96830416065535,255.76354646079633,2.204757699859016,0.551189424964754,1.0,False,False,False,False
2025-10-02 12:05:00-04:00,258.0199890136719,258.1099853515625,257.7164001464844,258.0950012207031,258.0950012207031,378859,256.9714367642678,258.04229477022,255.90057875831562,2.1417160119043785,0.5354290029760946,1.0,False,False,False,False
2025-10-02 12:10:00-04:00,258.07000732421875,258.0950012207031,257.70001220703125,257.7900085449219,257.7900085449219,261441,257.05622126204094,258.0989912701323,256.0134512539496,2.0855400161826765,0.5213850040456691,0.8518452185942932,False,False,False,False
2025-10-02 12:15:00-04:00,257.7900085449219,257.875,257.5199890136719,257.8205871582031,257.8205871582031,238634,257.1212026076204,258.1306978121682,256.11170740307256,2.018990409095636,0.504747602273909,0.846403106935027,False,False,False,False
2025-10-02 12:20:00-04:00,257.81500244140625,257.8349914550781,257.45001220703125,257.5299987792969,257.5299987792969,203521,257.16727862725674,258.15282016095915,256.1817370935543,1.9710830674048339,0.49277076685120846,0.684020733594807,False,False,False,False
2025-10-02 12:25:00-04:00,257.5,257.54998779296875,257.30999755859375,257.3450012207031,257.3450012207031,178799,257.1896008713995,258.1245862986067,256.25461544419227,1.8699708544144187,0.46749271360360467,0.5831030863057548,False,False,False,False
2025-10-02 12:30:00-04:00,257.3450012207031,257.3900146484375,257.1700134277344,257.31500244140625,257.31500244140625,222720,257.19932239214165,258.0848095207688,256.31383526351453,1.7709742572542382,0.44274356431355955,0.5653200060874687,False,False,False,False
2025-10-02 12:35:00-04:00,257.30999755859375,257.57000732421875,257.29998779296875,257.3999938964844,257.3999938964844,217188,257.2206564187209,258.0715987407353,256.36971409670656,1.7018846440287234,0.42547116100718085,0.6053758128629235,False,False,False,False
2025-10-02 12:40:00-04:00,257.3999938964844,257.4150085449219,257.11700439453125,257.20989990234375,257.20989990234375,152164,257.2231943103283,258.0486432302194,256.39774539043725,1.6508978397821465,0.41272445994553664,0.4919471649521762,False,False,True,False
2025-10-02 12:45:00-04:00,257.239990234375,257.3900146484375,257.1138916015625,257.25,257.25,145807,257.2258712410907,258.0239998783677,256.4277426038137,1.5962572745539774,0.39906431863849434,0.5151158333270724,False,False,False,True
2025-10-02 12:50:00-04:00,257.24951171875,257.3900146484375,257.1571044921875,257.3599853515625,257.3599853515625,152872,257.2331566623261,257.99805446712537,256.46825885752685,1.5297956095985228,0.3824489023996307,0.582905643368708,False,False,False,False
2025-10-02 12:55:00-04:00,257.3900146484375,257.5653076171875,257.25,257.5150146484375,257.5150146484375,181277,257.2531837187911,258.0046532665479,256.5017141710343,1.502939095513625,0.37573477387840626,0.6742126014473845,False,False,False,False
2025-10-02 13:00:00-04:00,257.4949951171875,257.52508544921875,257.3500061035156,257.510009765625,257.510009765625,160182,257.27304245409226,257.98438091621404,256.5617039919705,1.4226769242435466,0.35566923106088666,0.6665643882280129,False,False,False,False
2025-10-02 13:05:00-04:00,257.5,257.5707092285156,257.3699951171875,257.3900146484375,257.3900146484375,128522,257.2892834582784,257.9696308964536,256.6089360201032,1.3606948763504079,0.34017371908760197,0.5740292272057771,False,False,False,False
2025-10-02 13:10:00-04:00,257.3800048828125,257.819091796875,257.3399963378906,257.7699890136719,257.7699890136719,338490,257.32297319712296,258.03110498327754,256.6148414109684,1.4162635723091626,0.35406589307729064,0.8156303849714008,False,False,False,False
2025-10-02 13:15:00-04:00,257.7900085449219,257.8226013183594,257.3399963378906,257.3599853515625,257.3599853515625,240355,257.340549813518,258.0743894171509,256.60671020988514,1.4676792072657463,0.3669198018164366,0.5132423611019865,False,False,False,False
2025-10-02 13:20:00-04:00,257.360107421875,257.45001220703125,257.2099914550781,257.3442077636719,257.3442077636719,150474,257.3399962257474,258.04845601940764,256.6315364320872,1.4169195873204217,0.3542298968301054,0.5029723196447672,False,False,False,False
2025-10-02 13:25:00-04:00,257.3550109863281,257.5299987792969,257.29998779296875,257.4100036621094,257.4100036621094,200268,257.3469804021643,258.03059641372414,256.6633643906045,1.3672320231196409,0.3418080057799102,0.5460955118658307,False,False,False,False
2025-10-02 13:30:00-04:00,257.3900146484375,257.55999755859375,257.3299865722656,257.5199890136719,257.5199890136719,161677,257.3586957017846,258.0199523094541,256.6974390941151,1.3225132153389723,0.33062830383474306,0.6219596976548446,False,False,False,False
2025-10-02 13:35:00-04:00,257.5199890136719,257.59991455078125,257.30999755859375,257.5199890136719,257.5199890136719,178105,257.3699278928225,258.0230422381625,256.7168135474825,1.3062286906799727,0.3265571726699932,0.6148812010638585,False,False,False,False
2025-10-02 13:40:00-04:00,257.5199890136719,257.75,257.4200134277344,257.4200134277344,257.4200134277344,181755,257.38517370796535,258.0389739332245,256.7313734827062,1.3076004505182937,0.3269001126295734,0.5266440102213297,False,False,False,False
2025-10-02 13:45:00-04:00,257.4200134277344,257.5007019042969,257.3500061035156,257.3500061035156,257.3500061035156,166493,257.3866084059791,258.00516776886855,256.7680490430896,1.2371187257789416,0.3092796814447354,0.4704132661637599,False,False,True,False
2025-10-02 13:50:00-04:00,257.3399963378906,257.3599853515625,257.1099853515625,257.1199951171875,257.1199951171875,187493,257.3685176314513,257.97522105805183,256.7618142048508,1.213406853201036,0.303351713300259,0.29518616232618516,False,False,False,False
2025-10-02 13:55:00-04:00,257.1199951171875,257.2799987792969,257.0580139160156,257.1199951171875,257.1199951171875,169896,257.3479606447258,257.93839070132253,256.75753058812904,1.1808601131934893,0.2952150282983723,0.3069495912417742,False,False,False,False
2025-10-02 14:00:00-04:00,257.1199951171875,257.4599914550781,257.0299987792969,257.3349914550781,257.3349914550781,316119,257.3410114306075,257.9583970167008,256.72362584451423,1.2347711721865835,0.3086927930466459,0.49512462254950645,False,False,False,False
2025-10-02 14:05:00-04:00,257.3299865722656,257.57000732421875,257.30999755859375,257.3599853515625,257.3599853515625,281138,257.3478989208473,257.95554790145627,256.7402499402383,1.2152979612179706,0.30382449030449266,0.5099452406742307,False,False,False,True
2025-10-02 14:10:00-04:00,257.3399963378906,257.510009765625,257.239990234375,257.39129638671875,257.39129638671875,178679,257.35099732161484,257.95188531041293,256.75010933281675,1.201775977596185,0.30044399439904623,0.5335329261486121,False,False,False,False
2025-10-02 14:15:00-04:00,257.3900146484375,257.5199890136719,257.3399963378906,257.5,257.5,166429,257.3607431434154,257.9375408684899,256.78394541834086,1.153595450149055,0.28839886253726377,0.6207155043534679,False,False,False,False
2025-10-02 14:20:00-04:00,257.5,257.70001220703125,257.4800109863281,257.6199951171875,257.6199951171875,262382,257.38353009199636,257.94664828870407,256.82041189528866,1.126236393415411,0.28155909835385273,0.7099603836047564,False,False,False,False
2025-10-02 14:25:00-04:00,257.6099853515625,257.9100036621094,257.56500244140625,257.8800048828125,257.8800048828125,226466,257.4217656701024,257.99757229127994,256.84595904892484,1.151613242355097,0.2879033105887743,0.8979106837752172,False,False,False,False
2025-10-02 14:30:00-04:00,257.8699951171875,258.010009765625,257.7449951171875,257.94281005859375,257.94281005859375,302549,257.4672424298198,258.0384713185671,256.89601354107253,1.142457777494542,0.2856144443736355,0.9162671375189765,False,False,False,False
2025-10-02 14:35:00-04:00,257.94000244140625,258.1600036621094,257.8786926269531,258.1470031738281,258.1470031738281,328508,257.5238764670716,258.0942446739754,256.9535082601678,1.1407364138076446,0.28518410345191114,1.0,False,False,False,False
2025-10-02 14:40:00-04:00,258.1449890136719,258.1449890136719,257.7099914550781,257.9800109863281,257.9800109863281,1591549,257.56398319894026,258.1647169289037,256.9632494689768,1.2014674599269028,0.3003668649817257,0.8462663794599751,False,False,False,False
2025-10-02 14:45:00-04:00,257.9700012207031,258.0799865722656,257.9330139160156,257.9849853515625,257.9849853515625,277068,257.60544466697274,258.17549955518984,257.03538977875564,1.1401097764342012,0.2850274441085503,0.832898368591141,False,False,False,False
2025-10-02 14:50:00-04:00,257.9750061035156,257.989990234375,257.739990234375,257.8599853515625,257.8599853515625,220101,257.630004407271,258.19305380666634,257.0669550078756,1.1260987987907356,0.2815246996976839,0.7042280344659739,False,False,False,False
2025-10-02 14:55:00-04:00,257.8699951171875,258.010009765625,257.7799987792969,257.92999267578125,257.92999267578125,198806,257.65635323263257,258.20909988935404,257.1036065759111,1.1054933134429348,0.2763733283607337,0.7475269997757491,False,False,False,False
2025-10-02 15:00:00-04:00,257.92999267578125,257.95098876953125,257.79998779296875,257.92999267578125,257.92999267578125,179778,257.6789535355019,258.2066257218637,257.15128134914005,1.0553443727236527,0.26383609318091317,0.7378741449404689,False,False,False,False
2025-10-02 15:05:00-04:00,257.92498779296875,257.94500732421875,257.6789855957031,257.68499755859375,257.68499755859375,223451,257.68759257905776,258.21570189248655,257.159483265629,1.0562186268575715,0.2640546567143929,0.4975431029163587,False,False,True,False
2025-10-02 15:10:00-04:00,257.6700134277344,257.67999267578125,257.5,257.6000061035156,257.6000061035156,335062,257.6786154692839,258.19091336308855,257.16631757547924,1.0245957876093144,0.2561489469023286,0.4232776801164763,False,False,False,False
2025-10-02 15:15:00-04:00,257.6000061035156,257.6000061035156,257.375,257.5086975097656,257.5086975097656,338362,257.6610871265991,258.1671564517264,257.15501780147184,1.012138650254542,0.2530346625636355,0.3494380025946403,False,False,False,False
2025-10-02 15:20:00-04:00,257.5199890136719,257.6600036621094,257.4800109863281,257.6400146484375,257.6400146484375,288948,257.6546353144428,258.1460962422137,257.163174386672,0.9829218555416901,0.24573046388542252,0.4851253017491705,False,False,False,False
2025-10-02 15:25:00-04:00,257.6449890136719,257.67999267578125,257.510009765625,257.510009765625,257.510009765625,328520,257.6462577355128,258.1225691525378,257.1699463184878,0.9526228340499756,0.2381557085124939,0.3569759562569515,False,False,False,False
2025-10-02 15:30:00-04:00,257.510009765625,257.875,257.510009765625,257.81500244140625,257.81500244140625,601953,257.65455103711577,258.1562293593133,257.15287271491826,1.0033566443950122,0.25083916109875304,0.6599146277515612,False,False,False,True
2025-10-02 15:35:00-04:00,257.81500244140625,257.8399963378906,257.5,257.55999755859375,257.55999755859375,260761,257.65253010965984,258.1720398672157,257.133020352104,1.039019515111704,0.259754878777926,0.41094243205226283,False,False,True,False
2025-10-02 15:40:00-04:00,257.54998779296875,257.6099853515625,257.3349914550781,257.3699951171875,257.3699951171875,320814,257.6321295253693,258.1546870864664,257.10957196427216,1.045115122194261,0.26127878054856524,0.24918130776690695,False,False,False,False
2025-10-02 15:45:00-04:00,257.3699951171875,257.489990234375,257.125,257.44000244140625,257.44000244140625,530978,257.6054185444066,258.14871839626903,257.0621186925441,1.0865997037249144,0.2716499259312286,0.34776721139047706,False,False,False,False
2025-10-02 15:50:00-04:00,257.42999267578125,257.6000061035156,257.1000061035156,257.2099914550781,257.2099914550781,1075792,257.5766486405618,258.165618507238,256.98767877388565,1.177939733352332,0.294484933338083,0.1887300978971065,False,False,False,False
2025-10-02 15:55:00-04:00,257.239990234375,257.45001220703125,256.8800048828125,257.1400146484375,257.1400146484375,2310693,257.5366513648982,258.1807257097505,256.8925770200459,1.2881486897045988,0.3220371724261497,0.19208778487236391,False,False,False,False
2025-10-03 09:30:00-04:00,254.6649932861328,256.739990234375,253.9600067138672,256.7149963378906,256.7149963378906,4396864,257.37173197415024,258.5874004714314,256.15606347686906,2.4313369945623435,0.6078342486405859,0.22988703839558522,False,False,False,False
2025-10-03 09:35:00-04:00,256.7200012207031,258.1600036621094,256.70001220703125,257.8800048828125,257.8800048828125,2027405,257.3915676830233,258.777667621592,256.0054677444546,2.772199877137382,0.6930499692843455,0.6761911916299329,False,False,False,True
2025-10-03 09:40:00-04:00,257.8699951171875,258.20001220703125,257.489990234375,257.8949890136719,257.8949890136719,1517846,257.4363387435315,258.8258330827746,256.04684440428844,2.7789886784861437,0.6947471696215359,0.6650421513736492,False,False,False,False
2025-10-03 09:45:00-04:00,257.92999267578125,258.6499938964844,257.6300048828125,258.6300048828125,258.6300048828125,1452443,257.5189097731034,258.9734524811565,256.0643670650503,2.9090854161062225,0.7272713540265556,0.881939665146124,False,False,False,False
2025-10-03 09:50:00-04:00,258.6199951171875,259.0400085449219,258.29998779296875,258.9800109863281,258.9800109863281,1500974,257.6383789161164,259.0954715037548,256.18128632847794,2.9141851752768844,0.7285462938192211,0.9603798281570328,False,False,False,False
2025-10-03 09:55:00-04:00,258.9750061035156,259.0,258.010009765625,258.0516052246094,258.0516052246094,1339265,257.7065210825254,259.21590245827497,256.19713970677583,3.018762751499139,0.7546906878747848,0.6143131045699451,False,False,False,False
2025-10-03 10:00:00-04:00,258.0400085449219,258.260009765625,257.3399963378906,258.1000061035156,258.1000061035156,1133691,257.7249480336192,259.26739395734074,256.1825021098977,3.084891847443032,0.771222961860758,0.6215790012889012,False,False,False,False
2025-10-03 10:05:00-04:00,258.0899963378906,258.6199951171875,258.0050048828125,258.4700012207031,258.4700012207031,705829,257.7859054025032,259.2971047807276,256.2747060242788,3.0223987564487516,0.7555996891121879,0.7263420128599173,False,False,False,False
2025-10-03 10:10:00-04:00,258.4700012207031,258.7900085449219,258.3800048828125,258.656494140625,258.656494140625,563622,257.86427973141906,259.30635990424287,256.42219955859525,2.884160345647615,0.7210400864119038,0.7746776580578963,False,False,False,False
2025-10-03 10:15:00-04:00,258.6585998535156,258.7300109863281,258.20001220703125,258.3900146484375,258.3900146484375,556677,257.91911143451557,259.3229833459164,256.51523952311476,2.8077438228016263,0.7019359557004066,0.6677158756784484,False,False,False,False
2025-10-03 10:20:00-04:00,258.3800048828125,258.6300048828125,258.06500244140625,258.1050109863281,258.1050109863281,516870,257.9522125141029,259.32869772264485,256.5757273055609,2.7529704170839295,0.6882426042709824,0.5555031290118597,False,False,False,False
2025-10-03 10:25:00-04:00,258.1120910644531,258.47900390625,257.80999755859375,257.8500061035156,257.8500061035156,600400,257.96117664191405,259.33381459913306,256.58853868469504,2.745275914438025,0.6863189786095063,0.4595047849967448,False,False,True,False
2025-10-03 10:30:00-04:00,257.8599853515625,258.085205078125,257.5199890136719,257.9750061035156,257.9750061035156,655153,257.9515471266623,259.29996450105006,256.6031297522746,2.6968347487754727,0.6742086871938682,0.5086987075733719,False,False,False,True
2025-10-03 10:35:00-04:00,257.9700012207031,258.2799987792969,257.8800048828125,258.2300109863281,258.2300109863281,465345,257.96854310343855,259.2621175196844,256.6749686871927,2.587148832491721,0.6467872081229302,0.6010641056308124,False,False,False,False
2025-10-03 10:40:00-04:00,258.2200012207031,258.739990234375,258.1700134277344,258.17010498046875,258.17010498046875,586779,258.0058281616056,259.284040497555,256.72761582565624,2.5564246718987533,0.6391061679746883,0.5642603792198245,False,False,False,False
2025-10-03 10:45:00-04:00,258.17999267578125,258.3699951171875,257.9700012207031,258.1300048828125,258.1300048828125,307253,258.02019377226867,259.25058365392,256.78980389061735,2.4607797633026394,0.6151949408256598,0.5446245178790206,False,False,False,False
2025-10-03 10:50:00-04:00,258.1199951171875,258.3633117675781,257.8900146484375,258.3500061035156,258.3500061035156,311343,258.03742396918057,259.2394342864949,256.83541365186625,2.404020634628637,0.6010051586571592,0.6300247301676534,False,False,False,False
2025-10-03 10:55:00-04:00,258.3599853515625,258.42999267578125,258.1499938964844,258.17498779296875,258.17498779296875,305456,258.0578272218057,259.195636263248,256.92001818036346,2.2756180828845345,0.5689045207211336,0.5514851644237752,False,False,False,False
2025-10-03 11:00:00-04:00,258.1700134277344,258.20001220703125,257.94000244140625,258.06500244140625,258.06500244140625,325147,258.05882834639067,259.1348584368137,256.9827982559676,2.1520601808460924,0.5380150452115231,0.5028689230303743,False,False,False,False
2025-10-03 11:05:00-04:00,258.06500244140625,258.3699951171875,257.8949890136719,258.25,258.25,296337,258.0695743493014,259.13300265138525,257.0061460472175,2.126856604167756,0.531714151041939,0.5848320711161552,False,False,False,False
2025-10-03 11:10:00-04:00,258.239990234375,258.4100036621094,258.05999755859375,258.389404296875,258.389404296875,229781,258.09023093564025,259.1173176282188,257.0631442430617,2.054173385157128,0.513543346289282,0.6456417279069487,False,False,False,False
2025-10-03 11:15:00-04:00,258.3800048828125,258.5325927734375,258.30999755859375,258.385009765625,258.385009765625,267686,258.12060894486996,259.0895060111594,257.1517118785805,1.9377941325789152,0.4844485331447288,0.6364442260970027,False,False,False,False
2025-10-03 11:20:00-04:00,258.39801025390625,258.65380859375,258.29998779296875,258.6499938964844,258.6499938964844,266787,258.1600363559364,259.10280787575323,257.2172648361196,1.8855430396336033,0.4713857599084008,0.7598495660131716,False,False,False,False
2025-10-03 11:25:00-04:00,258.6400146484375,258.7300109863281,258.3999938964844,258.510009765625,258.510009765625,435881,258.19685875532144,259.1113565411253,257.2823609695176,1.8289955716077202,0.45724889290193005,0.6712147449478466,False,False,False,False
2025-10-03 11:30:00-04:00,258.4930114746094,258.8348083496094,258.42498779296875,258.70001220703125,258.70001220703125,416376,258.2403264405165,259.14533855906814,257.3353143219649,1.810024237103221,0.45250605927580523,0.7539666359663831,False,False,False,False
2025-10-03 11:35:00-04:00,258.69500732421875,259.0199890136719,258.54998779296875,258.8472900390625,258.8472900390625,693355,258.29417683810874,259.2026879889458,257.3856656872717,1.8170223016741147,0.4542555754185287,0.804406390853953,False,False,False,False
2025-10-03 11:40:00-04:00,258.8399963378906,259.239990234375,258.70001220703125,258.7699890136719,258.7699890136719,1091474,258.3521914711485,259.2778471123706,257.4265358299264,1.8513112824441578,0.46282782061103944,0.7256765496355561,False,False,False,False
2025-10-03 11:45:00-04:00,258.7994079589844,258.8399963378906,258.29998779296875,258.4800109863281,258.4800109863281,507452,258.3700778426959,259.31116962878014,257.4289860566116,1.8821835721685147,0.4705458930421287,0.5584072378793479,False,False,False,False
2025-10-03 11:50:00-04:00,258.4700012207031,258.6000061035156,258.30999755859375,258.42999267578125,258.42999267578125,381644,258.37737190014997,259.2823562166102,257.47238758368974,1.8099686329204587,0.4524921582301147,0.5290727555573033,False,False,False,False
2025-10-03 11:55:00-04:00,258.42999267578125,258.4729919433594,258.260009765625,258.4049987792969,258.4049987792969,248594,258.37755871881126,259.23464103917235,257.52047639845017,1.7141646407221742,0.42854116018054356,0.5160078325230513,False,False,False,False
2025-10-03 12:00:00-04:00,258.4130859375,258.4800109863281,258.260498046875,258.260498046875,258.260498046875,281042,258.3733787481333,259.1886554243489,257.5581020719177,1.6305533524312068,0.4076383381078017,0.43077153771755927,False,False,True,False
2025-10-03 12:05:00-04:00,258.2571105957031,258.6000061035156,258.2571105957031,258.4849853515625,258.4849853515625,250627,258.3804252816692,259.1827533918257,257.5780971715127,1.604656220313018,0.4011640550782545,0.5651604178949304,False,False,False,True
2025-10-03 12:10:00-04:00,258.5150146484375,258.5400085449219,258.318603515625,258.3699951171875,258.3699951171875,229576,258.38319770493035,259.14957400993063,257.6168213999301,1.532752610000557,0.38318815250013927,0.49138635442098616,False,False,True,False
2025-10-03 12:15:00-04:00,258.4100036621094,258.8599853515625,258.3999938964844,258.7430114746094,258.7430114746094,331051,258.4102896924816,259.19802641385684,257.6225529711064,1.5754734427504218,0.39386836068760545,0.7111884422163863,False,False,False,True
2025-10-03 12:20:00-04:00,258.739990234375,258.80999755859375,258.4100036621094,258.4649963378906,258.4649963378906,195536,258.424706469661,259.21366829819556,257.6357446411264,1.5779236570691637,0.3944809142672909,0.525533471184838,False,False,False,False
2025-10-03 12:25:00-04:00,258.4599914550781,258.5799865722656,258.3550109863281,258.5487060546875,258.5487060546875,202003,258.4313599364641,259.1864206993327,257.6762991735955,1.5101215257371905,0.3775303814342976,0.5777064072152144,False,False,False,False
2025-10-03 12:30:00-04:00,258.5400085449219,258.6400146484375,258.4700012207031,258.54998779296875,258.54998779296875,182345,258.4429765667091,259.15653393883775,257.72941919458043,1.4271147442573238,0.35677868606433094,0.574984318317969,False,False,False,False
2025-10-03 12:35:00-04:00,258.54998779296875,258.5899963378906,258.19000244140625,258.4200134277344,258.4200134277344,285268,258.43888394788064,259.1610843620933,257.716683533668,1.4444008284252732,0.3611002071063183,0.48693539925005547,False,False,True,False
2025-10-03 12:40:00-04:00,258.4200134277344,258.6199951171875,258.32000732421875,258.6199951171875,258.6199951171875,267525,258.4466092086728,259.1565871400579,257.73663127728764,1.41995586277028,0.35498896569257,0.622106547858782,False,False,False,True
2025-10-03 12:45:00-04:00,258.635009765625,258.6700134277344,258.54998779296875,258.6099853515625,258.6099853515625,227015,258.46216981014095,259.1251550753407,257.7991845449412,1.3259705303994451,0.3314926325998613,0.6114772448049971,False,False,False,False
2025-10-03 12:50:00-04:00,258.6000061035156,258.8999938964844,258.6000061035156,258.8887023925781,258.8887023925781,327476,258.4939854597332,259.1506697570067,257.8373011624597,1.3133685945470006,0.32834214863675015,0.8005378189213199,False,False,False,False
2025-10-03 12:55:00-04:00,258.8800048828125,258.92999267578125,258.7799987792969,258.7950134277344,258.7950134277344,273702,258.52646319000667,259.1474778368497,257.90544854316363,1.2420292936860733,0.3105073234215183,0.7162189242177293,False,False,False,False
2025-10-03 13:00:00-04:00,258.8099060058594,258.8099060058594,258.2349853515625,258.3399963378906,258.3399963378906,473366,258.5202885273176,259.1941858403357,257.84639121429944,1.3477946260362614,0.33694865650906536,0.3662317047834114,False,False,True,False
2025-10-03 13:05:00-04:00,258.3299865722656,258.5,258.1199951171875,258.364990234375,258.364990234375,413304,258.5020066152417,259.18451517352054,257.8194980569629,1.365017116557624,0.341254279139406,0.399622957686962,False,False,False,False
2025-10-03 13:10:00-04:00,258.3500061035156,258.6499938964844,258.32000732421875,258.5400085449219,258.5400085449219,292218,258.5021332793655,259.18238829626955,257.8218782624615,1.3605100338080547,0.34012750845201367,0.5278390196434929,False,False,False,True
2025-10-03 13:15:00-04:00,258.5400085449219,258.55999755859375,258.3500061035156,258.3678894042969,258.3678894042969,219047,258.49487909613725,259.1491069023665,257.840651289908,1.3084556124584878,0.32711390311462196,0.4029468859079026,False,False,True,False
2025-10-03 13:20:00-04:00,258.3599853515625,258.6300048828125,258.3299865722656,258.3800048828125,258.3800048828125,219043,258.49028731993025,259.13909600764595,257.84147863221455,1.2976173754314004,0.3244043438578501,0.4150115903148398,False,False,False,False
2025-10-03 13:25:00-04:00,258.4150085449219,258.4599914550781,258.2300109863281,258.30999755859375,258.30999755859375,228432,258.4753393212067,259.10526323390087,257.84541540851257,1.2598478253883059,0.31496195634707647,0.3687605286281246,False,False,False,False
2025-10-03 13:30:00-04:00,258.29998779296875,258.32879638671875,258.0144958496094,258.0150146484375,258.0150146484375,346364,258.4414437314018,259.0712353602484,257.81165210255523,1.2595832576931798,0.31489581442329495,0.1614522459235545,False,False,False,False
2025-10-03 13:35:00-04:00,258.01458740234375,258.19659423828125,257.91009521484375,258.1300048828125,258.1300048828125,364946,258.4069155771711,259.03102784782055,257.78280330652166,1.248224541298896,0.312056135324724,0.2781563451152359,False,False,False,False
2025-10-03 13:40:00-04:00,258.1199951171875,258.1199951171875,257.7699890136719,257.80999755859375,257.80999755859375,389074,258.3586373218676,258.99234153928023,257.724933104455,1.2674084348252563,0.3168521087063141,0.06711684394817995,False,False,False,False
2025-10-03 13:45:00-04:00,257.80999755859375,257.82501220703125,257.45001220703125,257.5950012207031,257.5950012207031,367619,258.2886091843807,258.93394298005205,257.6432753887093,1.2906675913427534,0.32266689783568836,0.0,False,False,False,False
2025-10-03 13:50:00-04:00,257.6014099121094,257.6170959472656,257.1199951171875,257.1600036621094,257.1600036621094,898212,258.1943636978226,258.87458427994244,257.5141431157028,1.3604411642396599,0.34011029105991497,0.0,False,False,False,False
2025-10-03 13:55:00-04:00,257.1700134277344,257.69000244140625,257.1300048828125,257.43719482421875,257.43719482421875,378358,258.12052595353595,258.84472398916256,257.39632791790933,1.448396071253228,0.362099017813307,0.02821528387194384,False,False,False,False
2025-10-03 14:00:00-04:00,257.4360046386719,257.5,257.1000061035156,257.1600036621094,257.1600036621094,248665,258.03793649020315,258.76971350156396,257.30615947884235,1.4635540227216097,0.36588850568040243,0.0,False,True,False,False
2025-10-03 14:05:00-04:00,257.1650085449219,257.3399963378906,256.9599914550781,257.20001220703125,257.20001220703125,402683,257.95495841177114,258.6895586985584,257.2203581249839,1.4692005735745397,0.3673001433936349,0.0,False,False,False,False
2025-10-03 14:10:00-04:00,257.20001220703125,257.6199951171875,257.0700988769531,257.5950012207031,257.5950012207031,399268,257.90480666508955,258.67592617124495,257.13368715893415,1.5422390123108016,0.3855597530777004,0.29911969421507983,False,False,False,False
2025-10-03 14:15:00-04:00,257.5799865722656,258.0,257.5400085449219,257.8299865722656,257.8299865722656,671860,257.8938725419759,258.6798783885314,257.1078666954204,1.5720116931109942,0.39300292327774855,0.4593603724512757,False,False,False,False
2025-10-03 14:20:00-04:00,257.8299865722656,258.239501953125,257.82000732421875,258.20001220703125,258.20001220703125,447792,257.91221869621234,258.7035228838935,257.12091450853114,1.5826083753623834,0.39565209384059585,0.6818475848473987,False,False,False,True
2025-10-03 14:25:00-04:00,258.20001220703125,258.5899963378906,258.19000244140625,258.3699951171875,258.3699951171875,544398,257.95708656312814,258.74925911133806,257.1649140149182,1.5843450964198382,0.39608627410495956,0.7606178129956727,False,False,False,False
2025-10-03 14:30:00-04:00,258.3699951171875,258.4400939941406,258.0899963378906,258.2099914550781,258.2099914550781,339864,257.9846682170242,258.7676430416631,257.20169339238527,1.5659496492778544,0.3914874123194636,0.6438891973045497,False,False,False,False
2025-10-03 14:35:00-04:00,258.2099914550781,258.3006896972656,258.0476989746094,258.2550048828125,258.2550048828125,197567,258.0052837377739,258.7605592244802,257.2500082510676,1.5105509734125917,0.3776377433531479,0.6653179200397705,False,False,False,False
2025-10-03 14:40:00-04:00,258.2372131347656,258.5199890136719,258.18011474609375,258.472900390625,258.472900390625,338056,258.0420187516491,258.78974154320036,257.2942959600978,1.495445583102537,0.37386139577563426,0.7881292665173231,False,False,False,False
2025-10-03 14:45:00-04:00,258.4800109863281,258.5849914550781,258.3500061035156,258.3825988769531,258.3825988769531,314083,258.0798454240491,258.79979300675774,257.35989784134046,1.4398951654172834,0.35997379135432084,0.7102607607660727,False,False,False,False
2025-10-03 14:50:00-04:00,258.3800048828125,258.510009765625,258.3100891113281,258.45001220703125,258.45001220703125,243702,258.1125620847423,258.8004990400395,257.42462512944513,1.3758739105943505,0.3439684776485876,0.7452623890100295,False,False,False,False
2025-10-03 14:55:00-04:00,258.4599914550781,258.5249938964844,258.3299865722656,258.3302917480469,258.3302917480469,220812,258.13946957561757,258.79761430022876,257.4813248510064,1.3162894492223813,0.32907236230559533,0.6449697652306172,False,False,False,False
2025-10-03 15:00:00-04:00,258.3500061035156,258.41259765625,258.1199951171875,258.25,258.25,235471,258.1510309739218,258.8018817338844,257.50018021395925,1.3017015199251318,0.32542537998128296,0.5760305066586019,False,False,False,False
2025-10-03 15:05:00-04:00,258.2200012207031,258.239990234375,258.0,258.0777893066406,258.0777893066406,265503,258.14673531104086,258.7825009950072,257.51096962707453,1.2715313679326528,0.3178828419831632,0.44577718950628087,False,False,True,False
2025-10-03 15:10:00-04:00,258.0799865722656,258.2200012207031,258.010009765625,258.0299987792969,258.0299987792969,241071,258.14101479778697,258.75520220437227,257.52682739120166,1.2283748131706034,0.30709370329265084,0.4096236610358828,False,False,False,False
2025-10-03 15:15:00-04:00,258.010009765625,258.16900634765625,257.9200134277344,258.06390380859375,258.06390380859375,188955,258.1324395339972,258.7350067839084,257.5298722840861,1.205134499822293,0.30128362495557326,0.4431302270297759,False,False,False,False
2025-10-03 15:20:00-04:00,258.07000732421875,258.1000061035156,257.8500061035156,257.8800048828125,257.8800048828125,222415,258.114429962183,258.70674048710305,257.522119437263,1.184621049840075,0.2961552624600188,0.3021096456101657,False,False,False,False
2025-10-03 15:25:00-04:00,257.8800048828125,258.0,257.864990234375,257.9200134277344,257.9200134277344,242828,258.09670658997857,258.6567880155316,257.5366251644255,1.1201628511061017,0.2800407127765254,0.34226118365761155,False,False,False,False
2025-10-03 15:30:00-04:00,257.9200134277344,258.05010986328125,257.8699951171875,258.02508544921875,258.02508544921875,401496,258.0857564521929,258.62585268440944,257.5456602199764,1.0801924644330256,0.2700481161082564,0.4438331547646743,False,False,False,False
2025-10-03 15:35:00-04:00,258.0199890136719,258.0199890136719,257.8500061035156,257.9150085449219,257.9150085449219,302755,258.07076389046375,258.5918663685992,257.5496614123283,1.0422049562708935,0.2605512390677234,0.35055209668241827,False,False,False,False
2025-10-03 15:40:00-04:00,257.9100036621094,258.260009765625,257.90771484375,257.989990234375,257.989990234375,434908,258.0690312927608,258.6084825074577,257.52958007806393,1.0789024293937928,0.2697256073484482,0.42673938232742953,False,False,False,False
2025-10-03 15:45:00-04:00,257.9849853515625,258.20001220703125,257.8999938964844,257.9800109863281,257.9800109863281,435428,258.06499710900084,258.6105068643374,257.51948735366426,1.0910195106731635,0.2727548776682909,0.4221039387093267,False,False,False,False
2025-10-03 15:50:00-04:00,257.95001220703125,257.95001220703125,257.40350341796875,257.6825866699219,257.6825866699219,857447,258.0282069809983,258.6344672744731,257.4219466875235,1.2125205869496085,0.30313014673740213,0.21495716048344013,False,False,False,False
2025-10-03 15:55:00-04:00,257.70001220703125,258.07000732421875,257.6000061035156,258.0150146484375,258.0150146484375,2036020,258.0155214931626,258.65515600143056,257.3758869848947,1.2792690165358636,0.3198172541339659,0.49960380129701276,False,False,False,False
2025-10-06 09:30:00-04:00,257.94500732421875,259.07000732421875,257.2300109863281,257.9100036621094,257.9100036621094,1921173,258.0207106199299,258.9643809449492,257.0770402949106,1.8873406500385954,0.47183516250964885,0.44134235501245545,False,False,False,False
2025-10-06 09:35:00-04:00,258.0050048828125,258.0299987792969,256.3399963378906,256.44000244140625,256.44000244140625,522441,257.91746826116173,259.10477204196036,256.7301644803631,2.3746075615972586,0.5936518903993147,0.0,False,True,False,False
2025-10-06 09:40:00-04:00,256.42999267578125,256.7799987792969,255.6300048828125,255.75999450683594,255.75999450683594,755379,257.74024900355727,259.0388211855729,256.44167682154165,2.5971443640312373,0.6492860910078093,0.0,False,False,False,False
2025-10-06 09:45:00-04:00,255.7550048828125,258.15399169921875,255.0500030517578,256.22259521484375,256.22259521484375,2878140,257.619799573562,259.4093122668682,255.83028688025573,3.5790253866124715,0.8947563466531179,0.10961317459648999,False,False,False,False
2025-10-06 09:50:00-04:00,256.2149963378906,256.4200134277344,255.8000030517578,256.0450134277344,256.0450134277344,689852,257.4739465953569,259.2085100945278,255.73938309618595,3.4691269983418636,0.8672817495854659,0.08810007004485869,False,False,False,False
2025-10-06 09:55:00-04:00,256.0799865722656,256.489990234375,255.89999389648438,256.2749938964844,256.2749938964844,761497,257.3546811426989,259.0337875595309,255.67557472586694,3.3582128336639414,0.8395532084159854,0.17849350243934597,False,False,False,False
2025-10-06 10:00:00-04:00,256.2699890136719,257.1700134277344,256.19000244140625,256.97119140625,256.97119140625,752982,257.2996704711844,259.0068684435988,255.59247249877,3.4143959448288115,0.8535989862072029,0.40379584844812655,False,False,False,False
2025-10-06 10:05:00-04:00,257.0,257.7701110839844,256.8599853515625,257.739990234375,257.739990234375,669359,257.3146252412279,259.0331285628852,255.59612191957055,3.4370066433146746,0.8592516608286687,0.6237603057807558,False,False,False,True
2025-10-06 10:10:00-04:00,257.739990234375,258.6199951171875,257.6300048828125,258.3999938964844,258.3999938964844,776084,257.4005337546501,259.1451847910167,255.6558827182835,3.4893020727331816,0.8723255181832954,0.7864355452755085,False,False,False,False
2025-10-06 10:15:00-04:00,258.3900146484375,258.75,258.0400085449219,258.0899963378906,258.0899963378906,595435,257.4855624409632,259.19774666470875,255.7733782172176,3.4243684474911333,0.8560921118727833,0.6765095976661872,False,False,False,False
2025-10-06 10:20:00-04:00,258.0799865722656,258.464599609375,257.95001220703125,258.0150146484375,258.0150146484375,512901,257.54819542959666,259.1920787114364,255.9043121477569,3.2877665636794973,0.8219416409198743,0.6419867286193215,False,False,False,False
2025-10-06 10:25:00-04:00,258.0400085449219,258.3324890136719,257.760009765625,257.7799987792969,257.7799987792969,833915,257.58717673974917,259.18116754301434,255.99318593648402,3.1879816065303146,0.7969954016325786,0.5604840502067869,False,False,False,False
2025-10-06 10:30:00-04:00,257.79998779296875,257.9100036621094,257.4200134277344,257.4465026855469,257.4465026855469,366954,257.5876525986743,259.12024236848794,256.0550628288607,3.065179539627252,0.766294884906813,0.4539505235166093,False,False,True,False
2025-10-06 10:35:00-04:00,257.43499755859375,257.94000244140625,257.2799987792969,257.7799072265625,257.7799072265625,503379,257.5951748415709,259.10650636682504,256.08384331631675,3.0226630505082994,0.7556657626270749,0.5611157717233948,False,False,False,True
2025-10-06 10:40:00-04:00,257.75,257.97491455078125,257.3699951171875,257.9200134277344,257.9200134277344,375636,257.61039384382457,259.0915761032721,256.12921158437706,2.962364518895015,0.7405911297237537,0.6045177195226797,False,False,False,False
2025-10-06 10:45:00-04:00,257.9100036621094,257.9800109863281,257.5199890136719,257.5899963378906,257.5899963378906,322831,257.61861018688546,259.04367861491943,256.1935417588515,2.850136856067934,0.7125342140169835,0.48996053507609,False,False,True,False
2025-10-06 10:50:00-04:00,257.5849914550781,257.9800109863281,257.5849914550781,257.7850036621094,257.7850036621094,291099,257.63429829935717,258.99586379083775,256.2727328078766,2.723130982961152,0.680782745740288,0.5553426785913644,False,False,False,True
2025-10-06 10:55:00-04:00,257.7850036621094,257.9100036621094,257.55999755859375,257.8399963378906,257.8399963378906,231165,257.647222193342,258.94263235637766,256.3518120303063,2.5908203260713663,0.6477050815178416,0.5744066049693869,False,False,False,False
2025-10-06 11:00:00-04:00,257.8450012207031,257.9549865722656,257.614990234375,257.7799987792969,257.7799987792969,240448,257.66018438400585,258.89405279831607,256.4263159696956,2.4677368286204455,0.6169342071551114,0.548552339091203,False,False,False,False
2025-10-06 11:05:00-04:00,257.7900085449219,257.8949890136719,257.6199951171875,257.6499938964844,257.6499938964844,221532,257.66603914195275,258.8315194941288,256.5005587897767,2.330960704352151,0.5827401760880377,0.49311646676908016,False,False,True,False
2025-10-06 11:10:00-04:00,257.6199951171875,257.70001220703125,257.5199890136719,257.5199890136719,257.5199890136719,219199,257.6578446279374,258.7427815835677,256.57290767230705,2.1698739112606518,0.5424684778151629,0.436468375627682,False,False,False,False
2025-10-06 11:15:00-04:00,257.5299987792969,257.6496887207031,257.3999938964844,257.6400146484375,257.6400146484375,241423,257.6488339416457,258.67521616655677,256.62245171673464,2.0527644498221207,0.5131911124555302,0.4957036993655217,False,False,False,False
2025-10-06 11:20:00-04:00,257.635009765625,257.697509765625,257.375,257.510009765625,257.510009765625,237709,257.63727894819533,258.62552490374026,256.6490329926504,1.9764919110898518,0.49412297777246295,0.43560854873412896,False,False,False,False
2025-10-06 11:25:00-04:00,257.4800109863281,257.69000244140625,257.44000244140625,257.5513000488281,257.5513000488281,196025,257.6299604747685,258.56938183475893,256.69053911477806,1.8788427199808666,0.46971067999521665,0.45813357600194904,False,False,False,False
2025-10-06 11:30:00-04:00,257.56500244140625,257.6700134277344,257.32000732421875,257.3949890136719,257.3949890136719,234713,257.61393280306436,258.5294132477589,256.6984523583698,1.8309608893890754,0.45774022234726885,0.3804213729188193,False,False,False,False
2025-10-06 11:35:00-04:00,257.3800048828125,257.42999267578125,257.0249938964844,257.0799865722656,257.0799865722656,271526,257.5724462867259,258.47737844281033,256.66751413064145,1.8098643121688838,0.45246607804222094,0.22790241171719713,False,False,False,False
2025-10-06 11:40:00-04:00,257.0799865722656,257.0799865722656,256.8299865722656,257.04998779296875,257.04998779296875,333745,257.5166565114028,258.3810954518788,256.6522175709268,1.7288778809520409,0.4322194702380102,0.23007421543442388,False,False,False,False
2025-10-06 11:45:00-04:00,257.04010009765625,257.3923034667969,257.0199890136719,257.32000732421875,257.32000732421875,488554,257.49069874221163,258.34315667926506,256.6382408051582,1.7049158741068595,0.4262289685267149,0.3998827915293456,False,False,False,False
2025-10-06 11:50:00-04:00,257.32000732421875,257.42999267578125,257.0400085449219,257.375,257.375,371007,257.47079096424557,258.3159999337655,256.6255819947256,1.6904179390398895,0.42260448475997237,0.443332969892657,False,False,False,False
2025-10-06 11:55:00-04:00,257.375,257.5299987792969,257.010009765625,257.1700134277344,257.1700134277344,296447,257.44849410963985,258.31317998494217,256.58380823433754,1.7293717506046278,0.43234293765115694,0.33897002954505606,False,False,False,False
2025-10-06 12:00:00-04:00,257.15008544921875,257.5299987792969,257.010009765625,257.45880126953125,257.45880126953125,197480,257.4374886329901,258.31970372349656,256.55527354248363,1.7644301810129264,0.4411075452532316,0.5120790478254679,False,False,False,True
2025-10-06 12:05:00-04:00,257.4599914550781,257.57000732421875,257.1499938964844,257.1600036621094,257.1600036621094,221985,257.42375971184225,258.30175597884494,256.54576344483957,1.7559925340053724,0.4389981335013431,0.3497965995725188,False,False,True,False
2025-10-06 12:10:00-04:00,257.1499938964844,257.2099914550781,256.8251953125,256.864990234375,256.864990234375,253990,257.38023265998277,258.2473885288008,256.51307679116474,1.7343117376360624,0.4335779344090156,0.20291244969023678,False,False,False,False
2025-10-06 12:15:00-04:00,256.8599853515625,257.1499938964844,256.7699890136719,257.1050109863281,257.1050109863281,329579,257.34481348272993,258.2012547412287,256.48837222423117,1.7128825169975244,0.4282206292493811,0.3600006164916947,False,False,False,False
2025-10-06 12:20:00-04:00,257.1099853515625,257.3399963378906,257.05999755859375,257.08099365234375,257.08099365234375,187414,257.32724354941683,258.15404043792506,256.5004466609086,1.6535937770164537,0.41339844425411343,0.35108198851752537,False,False,False,False
2025-10-06 12:25:00-04:00,257.07501220703125,257.20001220703125,256.8500061035156,257.1300048828125,257.1300048828125,315393,257.30179251910283,258.1159109394634,256.4876740987423,1.6282368407211152,0.4070592101802788,0.39449468775423907,False,False,False,False
2025-10-06 12:30:00-04:00,257.1300048828125,257.1600036621094,256.92498779296875,256.9892883300781,256.9892883300781,254925,257.27540846284404,258.05511821499664,256.49569871069144,1.5594195043051968,0.3898548760762992,0.3165213837738951,False,False,False,False
2025-10-06 12:35:00-04:00,256.9750061035156,257.239990234375,256.9234924316406,257.1499938964844,257.1499938964844,191126,257.2591307223351,258.0241690598193,256.4940923848509,1.5300766749684271,0.3825191687421068,0.4286723158151679,False,False,False,False
2025-10-06 12:40:00-04:00,257.1499938964844,257.31988525390625,257.114990234375,257.1700134277344,257.1700134277344,156148,257.2536544286529,257.983167936295,256.5241409210108,1.459027015284164,0.364756753821041,0.44267343918766117,False,False,False,False
2025-10-06 12:45:00-04:00,257.1600036621094,257.4800109863281,257.1600036621094,257.2749938964844,257.2749938964844,197476,257.25854475433425,257.9791083760559,256.53798113261263,1.4411272434432476,0.3602818108608119,0.5114140803492279,False,False,False,True
2025-10-06 12:50:00-04:00,257.260009765625,257.3800048828125,257.0,257.2799987792969,257.2799987792969,189483,257.25487394160746,257.9793821777194,256.5303657054955,1.4490164722238887,0.3622541180559722,0.5173392353855424,False,False,False,False
2025-10-06 12:55:00-04:00,257.2799987792969,257.3551940917969,257.1700134277344,257.3349914550781,257.3349914550781,151422,257.2579081368388,257.94700168215206,256.56881459152555,1.3781870906265112,0.3445467726566278,0.5559309536155038,False,False,False,False
2025-10-06 13:00:00-04:00,257.3301086425781,257.3999938964844,257.2200012207031,257.28009033203125,257.28009033203125,176940,257.2619195983849,257.91810232432306,256.60573687244676,1.3123654518763033,0.3280913629690758,0.5138457878637116,False,False,False,False
2025-10-06 13:05:00-04:00,257.28448486328125,257.30499267578125,257.0,257.0799865722656,257.0799865722656,151667,257.2491964381593,257.9007594266599,256.5976334496587,1.303125977001173,0.32578149425029324,0.37015079978448573,False,False,True,False
2025-10-06 13:10:00-04:00,257.0899963378906,257.1400146484375,256.8402099609375,257.114990234375,257.114990234375,280300,257.22848613750125,257.8748537646518,256.5821185103507,1.2927352543010784,0.3231838135752696,0.41220483641284184,False,False,False,False
2025-10-06 13:15:00-04:00,257.1000061035156,257.1300048828125,256.1304931640625,256.6400146484375,256.6400146484375,567860,257.17182119409836,257.95345440228385,256.39018798591286,1.5632664163709933,0.3908166040927483,0.15981067584410477,False,False,False,False
2025-10-06 13:20:00-04:00,256.6400146484375,256.9800109863281,256.3800048828125,256.8999938964844,256.8999938964844,316487,257.13196551737866,257.9554366254487,256.3084944093086,1.6469422161401326,0.41173555403503315,0.35915011551653164,False,False,False,False
2025-10-06 13:25:00-04:00,256.9150085449219,257.0539855957031,256.489990234375,256.55999755859375,256.55999755859375,243388,257.0909520836179,257.94487515314654,256.2370290140892,1.7078461390573239,0.42696153476433096,0.18910868907828057,False,False,False,False
2025-10-06 13:30:00-04:00,256.54998779296875,256.68121337890625,256.3900146484375,256.53900146484375,256.53900146484375,266058,257.03817028175547,257.864940790425,256.21139977308593,1.65354101733908,0.41338525433477,0.19812129745956064,False,False,False,False
2025-10-06 13:35:00-04:00,256.55999755859375,256.6400146484375,256.32000732421875,256.3999938964844,256.3999938964844,306309,256.98247202854515,257.7905669511915,256.17437710589877,1.6161898452927517,0.4040474613231879,0.13959795084886023,False,False,False,False
2025-10-06 13:40:00-04:00,256.4100036621094,256.4100036621094,255.85499572753906,255.86000061035156,255.86000061035156,503440,256.89287151789006,257.73115853518584,256.0545845005943,1.6765740345915674,0.41914350864789185,0.0,False,True,False,False
2025-10-06 13:45:00-04:00,255.8699951171875,256.04998779296875,255.83999633789062,255.91879272460938,255.91879272460938,343750,256.80176555921696,257.5982221657988,256.0053089526351,1.5929132131636834,0.39822830329092085,0.0,False,False,False,False
2025-10-06 13:50:00-04:00,255.9199981689453,256.239990234375,255.59210205078125,255.60000610351562,255.60000610351562,668330,256.7073783119478,257.55376689459024,255.86098972930543,1.6927771652848094,0.42319429132120234,0.0,False,False,False,False
2025-10-06 13:55:00-04:00,255.58999633789062,255.7100067138672,255.5,255.61500549316406,255.61500549316406,380315,256.6027077491284,257.40645881628,255.7989566819768,1.6075021343032176,0.4018755335758044,0.0,False,False,False,False
2025-10-06 14:00:00-04:00,255.61099243164062,256.2438049316406,255.61099243164062,256.2315979003906,256.2315979003906,355041,256.5480497178994,257.3979881783358,255.69811125746295,1.6998769208728675,0.42496923021821686,0.31383839404898256,False,False,False,False
2025-10-06 14:05:00-04:00,256.25,256.3299865722656,255.8800048828125,255.99000549316406,255.99000549316406,298820,256.5022036161389,257.3571445684223,255.64726266385549,1.7098819045668279,0.42747047614170697,0.20044824639243455,False,False,False,False
2025-10-06 14:10:00-04:00,255.9875946044922,256.0299987792969,255.67999267578125,255.7899932861328,255.7899932861328,2035147,256.43850120003714,257.27794927779536,255.59905312227895,1.6788961555164121,0.41972403887910303,0.11372958549371118,False,False,False,False
2025-10-06 14:15:00-04:00,255.77999877929688,256.1600036621094,255.77999877929688,256.1449890136719,256.1449890136719,257294,256.39943732241704,257.23094156896195,255.56793307587216,1.6630084930897908,0.4157521232724477,0.3469951838475404,False,False,False,False
2025-10-06 14:20:00-04:00,256.1400146484375,256.239990234375,256.0199890136719,256.0799865722656,256.0799865722656,294592,256.37218823838725,257.16454230441826,255.57983417235624,1.584708132062019,0.3961770330155048,0.3156116825491295,False,False,False,False
2025-10-06 14:25:00-04:00,256.0899963378906,256.239990234375,256.06500244140625,256.18499755859375,256.18499755859375,213440,256.35229698502894,257.1004132030506,255.60418076700728,1.4962324360433286,0.37405810901083214,0.38818620529467784,False,False,False,False
2025-10-06 14:30:00-04:00,256.1802062988281,256.5799865722656,256.1802062988281,256.4100036621094,256.4100036621094,284186,256.3558939875088,257.1091546384158,255.6026333366018,1.5065213018140184,0.3766303254535046,0.5359169661493759,False,False,False,True
2025-10-06 14:35:00-04:00,256.3599853515625,256.4700012207031,256.1199951171875,256.1300048828125,256.1300048828125,203300,256.3448565036414,257.0927923101608,255.59692069712196,1.4958716130388439,0.37396790325971097,0.3563702800720893,False,False,True,False
2025-10-06 14:40:00-04:00,256.135009765625,256.260009765625,256.06500244140625,256.17999267578125,256.17999267578125,188938,256.3280449281458,257.04018861885703,255.61590123743457,1.4242873814224595,0.35607184535561487,0.39605169975129023,False,False,False,False
2025-10-06 14:45:00-04:00,256.1700134277344,256.2900085449219,256.1050109863281,256.2200012207031,256.2200012207031,191045,256.31632702235265,256.9942558557115,255.6383981889938,1.355857666717725,0.3389644166794312,0.4289558159281468,False,False,False,False
2025-10-06 14:50:00-04:00,256.2200012207031,256.4599914550781,256.2200012207031,256.30999755859375,256.30999755859375,197032,256.3176289006802,256.97576289757814,255.65949490378222,1.3162679937959183,0.3290669984489796,0.49420228849869774,False,False,False,False
2025-10-06 14:55:00-04:00,256.31500244140625,256.4599914550781,256.1780090332031,256.2200012207031,256.2200012207031,154997,256.3146166786784,256.9633337602616,255.66589959709523,1.297434163166372,0.324358540791593,0.42707494479381797,False,False,False,False
2025-10-06 15:00:00-04:00,256.2099914550781,256.3999938964844,256.135009765625,256.3700866699219,256.3700866699219,213821,256.3133862118846,256.95022841148136,255.67654401228788,1.2736843991934848,0.3184210997983712,0.5445168819474895,False,False,False,True
2025-10-06 15:05:00-04:00,256.3699951171875,256.489990234375,256.3500061035156,256.4100036621094,256.4100036621094,208767,256.32322244567337,256.9243772514823,255.72206763986443,1.202309611617892,0.300577402904473,0.5721787596118584,False,False,False,False
2025-10-06 15:10:00-04:00,256.4049987792969,256.6600036621094,256.3800048828125,256.6000061035156,256.6000061035156,267826,256.3445033127025,256.9415423937899,255.74746423161508,1.1940781621748329,0.2985195405437082,0.7139749297045725,False,False,False,False
2025-10-06 15:15:00-04:00,256.614990234375,256.6400146484375,256.3800048828125,256.4100036621094,256.4100036621094,307352,256.35709103509146,256.9464281611951,255.76775390898777,1.178674252207344,0.294668563051836,0.5448916457781618,False,False,False,False
2025-10-06 15:20:00-04:00,256.41009521484375,256.55999755859375,256.29998779296875,256.4200134277344,256.4200134277344,254037,256.36371724696517,256.9461226135835,255.78131188034686,1.164810733236635,0.29120268330915877,0.548330753797886,False,False,False,False
2025-10-06 15:25:00-04:00,256.4200134277344,256.6199951171875,256.4200134277344,256.510009765625,256.510009765625,222423,256.37828443965253,256.9424456074996,255.81412327180544,1.128322335694179,0.28208058392354474,0.6167444105335613,False,False,False,False
2025-10-06 15:30:00-04:00,256.510009765625,256.69000244140625,256.510009765625,256.54998779296875,256.54998779296875,242304,256.3978129057174,256.941556491936,255.85406931949873,1.087487172437278,0.2718717931093195,0.6399325813750265,False,False,False,False
2025-10-06 15:35:00-04:00,256.5400085449219,256.6300048828125,256.4599914550781,256.625,256.625,271678,256.41437029050275,256.9377422036464,255.8909983773591,1.0467438262872975,0.26168595657182436,0.7012237418627426,False,False,False,False
2025-10-06 15:40:00-04:00,256.6300048828125,256.9700012207031,256.5400085449219,256.92498779296875,256.92498779296875,455935,256.45220796310866,257.0092412200942,255.89517470612313,1.1140665139710961,0.27851662849277403,0.9243730728202636,False,False,False,False
2025-10-06 15:45:00-04:00,256.9200134277344,257.0899963378906,256.7699890136719,257.0799865722656,257.0799865722656,527679,256.502472980077,257.06780437620773,255.93714158394627,1.130662792261461,0.28266569806536523,1.0,False,False,False,False
2025-10-06 15:50:00-04:00,257.0799865722656,257.25,256.92999267578125,256.9800109863281,256.9800109863281,696061,256.55493598712076,257.1277357084822,255.98213626575935,1.1455994427228404,0.2863998606807101,0.8710502845541221,False,False,False,False
2025-10-06 15:55:00-04:00,256.989990234375,257.05999755859375,256.6099853515625,256.6499938964844,256.6499938964844,1384085,256.575734998082,257.1812571887135,255.97021280745048,1.2110443812630365,0.3027610953157591,0.5613180652594498,False,False,False,False
2025-10-07 09:30:00-04:00,256.82000732421875,257.3999938964844,256.82000732421875,257.0096130371094,257.0096130371094,1661714,256.6234305302587,257.31840050182706,255.92846055869035,1.38993994313671,0.3474849857841775,0.7778411461283472,False,False,False,False
2025-10-07 09:35:00-04:00,257.0199890136719,257.3511962890625,256.66680908203125,257.1499938964844,257.1499938964844,464990,256.66462759936354,257.4269780151813,255.90227718354575,1.5247008316355561,0.38117520790888904,0.8183354314827732,False,False,False,False
2025-10-07 09:40:00-04:00,257.1600036621094,257.3900146484375,256.2799987792969,256.5350036621094,256.5350036621094,503383,256.6713302752922,257.5794488233563,255.76321172722805,1.8162370961282477,0.4540592740320619,0.4249400788732836,False,False,True,False
2025-10-07 09:45:00-04:00,256.54998779296875,257.29998779296875,256.4100036621094,257.2799987792969,257.2799987792969,548200,256.7023143834985,257.6976179029281,255.7070108640689,1.9906070388591672,0.4976517597147918,0.7902051407039439,False,False,False,True
2025-10-07 09:50:00-04:00,257.2900085449219,257.3599853515625,256.9700012207031,257.239990234375,257.239990234375,433921,256.748759896392,257.7225298900505,255.77498990273352,1.9475399873169863,0.4868849968292466,0.7522311948314465,False,False,False,False
2025-10-07 09:55:00-04:00,257.25,257.3999938964844,257.04998779296875,257.16351318359375,257.16351318359375,371446,256.7921635530229,257.73855776801867,255.84576933802708,1.8927884299915831,0.4731971074978958,0.6961918324767693,False,False,False,False
2025-10-07 10:00:00-04:00,257.1549987792969,257.2405090332031,256.67999267578125,256.7250061035156,256.7250061035156,548951,256.8007037801159,257.76456184509647,255.83684571513533,1.9277161299611407,0.4819290324902852,0.46073193795302386,False,False,True,False
2025-10-07 10:05:00-04:00,256.7300109863281,257.010009765625,256.6619873046875,256.7300109863281,256.7300109863281,401423,256.80070050126807,257.7377772519381,255.86362375059804,1.8741535013400608,0.4685383753350152,0.4622818969260531,False,False,False,False
2025-10-07 10:10:00-04:00,256.739990234375,257.20001220703125,256.6463928222656,257.1700134277344,257.1700134277344,375669,256.82020262676735,257.7742955793235,255.8661096742112,1.9081859051123047,0.47704647627807617,0.6833211324063483,False,False,False,True
2025-10-07 10:15:00-04:00,257.18499755859375,257.2200012207031,256.6575927734375,256.9049987792969,256.9049987792969,321110,256.83042436940656,257.8015897161602,255.8592590226529,1.9423306935073015,0.48558267337682537,0.5383942910131626,False,False,False,False
2025-10-07 10:20:00-04:00,256.92999267578125,256.92999267578125,256.5199890136719,256.57501220703125,256.57501220703125,365018,256.8156218547483,257.7716713992485,255.85957231024815,1.9120990890003213,0.47802477225008033,0.3741646554296201,False,False,True,False
2025-10-07 10:25:00-04:00,256.57501220703125,256.7842102050781,256.4700012207031,256.67999267578125,256.67999267578125,429532,256.799346887679,257.72263327460416,255.87606050075385,1.846572773850312,0.461643193462578,0.43536446892970776,False,False,False,False
2025-10-07 10:30:00-04:00,256.6700134277344,256.7900085449219,256.3299865722656,256.55999755859375,256.55999755859375,339275,256.7765517134804,257.69951385624427,255.8535895707165,1.845924285527758,0.4614810713819395,0.38268524522677083,False,False,False,False
2025-10-07 10:35:00-04:00,256.5400085449219,256.7298889160156,256.32000732421875,256.3500061035156,256.3500061035156,301471,256.7470357516807,257.65967799852757,255.83439350483383,1.8252844936937436,0.4563211234234359,0.2824834158528225,False,False,False,False
2025-10-07 10:40:00-04:00,256.32000732421875,256.32000732421875,255.9600067138672,255.9600067138672,255.9600067138672,397367,256.6835091960271,257.58288709611895,255.78413129593523,1.7987558001837272,0.4496889500459318,0.09777615055584435,False,False,False,False
2025-10-07 10:45:00-04:00,255.9499969482422,256.1199951171875,255.60000610351562,255.99000549316406,255.99000549316406,648064,256.60920694605204,257.5226448588691,255.695769033235,1.8268758256341187,0.45671895640852966,0.16105991211906037,False,False,False,False
2025-10-07 10:50:00-04:00,255.9949951171875,256.0249938964844,255.69000244140625,255.88499450683594,255.88499450683594,393823,256.5384885335622,257.42758094611315,255.64939612101122,1.7781848251019312,0.4445462062754828,0.13249375571024258,False,False,False,False
2025-10-07 10:55:00-04:00,255.85000610351562,256.1087951660156,255.77499389648438,255.91000366210938,255.91000366210938,281461,256.48065764860735,257.34760107380947,255.61371422340522,1.7338868504042466,0.43347171260106165,0.17088164584388643,False,False,False,False
2025-10-07 11:00:00-04:00,255.88999938964844,256.29998779296875,255.88999938964844,256.260009765625,256.260009765625,324253,256.4491663470969,257.31141311044286,255.5869195837509,1.7244935266919583,0.4311233816729896,0.3903118054407948,False,False,False,False
2025-10-07 11:05:00-04:00,256.2699890136719,256.5799865722656,256.1000061035156,256.3900146484375,256.3900146484375,566968,256.44035708623744,257.3123752669988,255.56833890547605,1.7440363615227454,0.43600909038068636,0.4711345251104903,False,False,False,False
2025-10-07 11:10:00-04:00,256.3800048828125,257.10791015625,256.2699890136719,256.94000244140625,256.94000244140625,563939,256.472002494257,257.42440308545787,255.51960190305616,1.9048011824017124,0.4762002956004281,0.7456949058374426,False,False,False,True
2025-10-07 11:15:00-04:00,256.9200134277344,256.93499755859375,256.3900146484375,256.4949951171875,256.4949951171875,237409,256.484827886049,257.45198597672356,255.51766979537447,1.9343161813490894,0.48357904533727236,0.5052562405445994,False,False,False,False
2025-10-07 11:20:00-04:00,256.510009765625,256.6499938964844,256.44000244140625,256.5299987792969,256.5299987792969,216533,256.490082218082,257.4025227907047,255.57764164545932,1.8248811452453992,0.4562202863113498,0.5218735128689624,False,False,False,False
2025-10-07 11:25:00-04:00,256.5199890136719,256.5799865722656,256.2900085449219,256.3789978027344,256.3789978027344,261291,256.4830582900083,257.3622504108375,255.6038661691791,1.7583842416583764,0.4395960604145941,0.44082039362695247,False,False,True,False
2025-10-07 11:30:00-04:00,256.3900146484375,256.6199951171875,256.30999755859375,256.54998779296875,256.54998779296875,303601,256.4840362455234,257.3373086659884,255.63076382505838,1.7065448409300359,0.42663621023250897,0.5386462434877533,False,False,False,True
2025-10-07 11:35:00-04:00,256.5400085449219,256.5899963378906,256.19000244140625,256.4599914550781,256.4599914550781,314618,256.47730232481877,257.3252462825342,255.62935836710338,1.6958879154308022,0.42397197885770055,0.4897924446638578,False,False,True,False
2025-10-07 11:40:00-04:00,256.4700012207031,256.84979248046875,256.42999267578125,256.69500732421875,256.69500732421875,295366,256.4945367853271,257.34164630820845,255.64742726244577,1.6942190457626793,0.42355476144066984,0.6183262219799869,False,False,False,True
2025-10-07 11:45:00-04:00,256.7099914550781,256.7099914550781,256.37030029296875,256.56500244140625,256.56500244140625,236883,256.4996696054373,257.3300064084524,255.66933280242222,1.6606736060301728,0.4151684015075432,0.5393411659772945,False,False,False,False
2025-10-07 11:50:00-04:00,256.57000732421875,256.68499755859375,256.18719482421875,256.3428039550781,256.3428039550781,394228,256.49065333628107,257.33751700586964,255.6437896666925,1.6937273391771441,0.42343183479428603,0.4127076845351185,False,False,True,False
2025-10-07 11:55:00-04:00,256.3500061035156,256.3999938964844,256.19500732421875,256.29998779296875,256.29998779296875,199768,256.47233679675185,257.2755114138347,255.669162179669,1.606349234165691,0.40158730854142277,0.39270763784276835,False,False,False,False
2025-10-07 12:00:00-04:00,256.29400634765625,256.56988525390625,256.2405090332031,256.5199890136719,256.5199890136719,633128,256.46958673041934,257.25831912993453,255.68085433090414,1.5774647990303947,0.3943661997575987,0.5319514472104343,False,False,False,True
2025-10-07 12:05:00-04:00,256.510009765625,256.6499938964844,256.3299865722656,256.45989990234375,256.45989990234375,272627,256.47057467263636,257.24443529704376,255.69671404822896,1.5477212488148098,0.38693031220370244,0.49310291158644726,False,False,True,False
2025-10-07 12:10:00-04:00,256.44000244140625,256.4599914550781,255.94009399414062,256.0299987792969,256.0299987792969,325939,256.4394115047191,257.23986555887325,255.6389574505649,1.6009081083083458,0.40022702707708646,0.24426219512697694,False,False,False,False
2025-10-07 12:15:00-04:00,256.010009765625,256.0899963378906,255.88999938964844,256.010009765625,256.010009765625,270024,256.39724550405265,257.15765354243985,255.63683746566545,1.5208160767743948,0.3802040191935987,0.24537635132779256,False,False,False,False
2025-10-07 12:20:00-04:00,256.0199890136719,256.41259765625,256.0,256.30999755859375,256.30999755859375,216442,256.38235212953475,257.1492388953332,255.61546536373626,1.5337735315969496,0.3834433828992374,0.4528257793928333,False,False,False,False
2025-10-07 12:25:00-04:00,256.32000732421875,256.4898986816406,256.1510925292969,256.3384094238281,256.3384094238281,231148,256.377029724651,257.13498904433834,255.6190704049636,1.5159186393747461,0.37897965984368653,0.4745235002593732,False,False,False,False
2025-10-07 12:30:00-04:00,256.3299865722656,256.57501220703125,256.3299865722656,256.44000244140625,256.44000244140625,234642,256.383820583278,257.1149890979498,255.65265206860624,1.46233702934353,0.3655842573358825,0.538419226895637,False,False,False,True
2025-10-07 12:35:00-04:00,256.4599914550781,256.6400146484375,256.42498779296875,256.45001220703125,256.45001220703125,219276,256.39536194513846,257.0964189794368,255.69430491084012,1.4021140685966884,0.3505285171491721,0.5389770441056096,False,False,False,False
2025-10-07 12:40:00-04:00,256.44500732421875,256.6600036621094,256.4100036621094,256.6099853515625,256.6099853515625,306196,256.4110415273723,257.09199285824076,255.73009019650377,1.3619026617369911,0.3404756654342478,0.6460778584106016,False,False,False,False
2025-10-07 12:45:00-04:00,256.5899963378906,256.6482849121094,256.30499267578125,256.3136901855469,256.3136901855469,142832,256.4121159143983,257.0936305594456,255.73060126935104,1.3630292900945733,0.3407573225236433,0.42778898475129357,False,False,True,False
2025-10-07 12:50:00-04:00,256.30999755859375,256.3800048828125,256.1400146484375,256.17999267578125,256.17999267578125,227719,256.3950893894408,257.05645061685834,255.73372816202323,1.322722454835116,0.330680613708779,0.3373833355037834,False,False,False,False
2025-10-07 12:55:00-04:00,256.19000244140625,256.260009765625,255.90499877929688,256.0799865722656,256.0799865722656,165107,256.3652394513095,257.0314667532509,255.69901214936806,1.3324546038828657,0.33311365097071644,0.2859192514231854,False,False,False,False
2025-10-07 13:00:00-04:00,256.0849914550781,256.0849914550781,255.88999938964844,256.010009765625,256.010009765625,184279,256.329978570561,256.9685815553942,255.6913755857278,1.2772059696664257,0.31930149241660644,0.24947752160947198,False,False,False,False
2025-10-07 13:05:00-04:00,256.0,256.1300048828125,255.93020629882812,256.10009765625,256.10009765625,150774,256.30364120948826,256.91834361263506,255.6889388063415,1.2294048062935587,0.3073512015733897,0.33443732105462914,False,False,False,False
2025-10-07 13:10:00-04:00,256.1099853515625,256.2200012207031,255.9600067138672,256.010009765625,256.010009765625,148053,256.2807553070035,256.8859863712028,255.67552424280424,1.210462128398575,0.30261553209964376,0.27632877970604186,False,False,False,False
2025-10-07 13:15:00-04:00,256.0199890136719,256.17999267578125,255.82009887695312,255.88499450683594,255.88499450683594,152220,256.2503686447356,256.86705536228055,255.63368192719062,1.2333734350899306,0.30834335877248265,0.20376033121468276,False,False,False,False
2025-10-07 13:20:00-04:00,255.8699951171875,256.0299987792969,255.86000061035156,255.90499877929688,255.90499877929688,203272,256.22001601726697,256.80903369684654,255.63099833768743,1.1780353591591108,0.2945088397897777,0.23259101645728894,False,False,False,False
2025-10-07 13:25:00-04:00,255.88999938964844,255.9376983642578,255.75430297851562,255.88999938964844,255.88999938964844,201323,256.1857922928422,256.75258728161225,255.6189973040722,1.1335899775400549,0.2833974943850137,0.23906535074024732,False,False,False,False
2025-10-07 13:30:00-04:00,255.86000061035156,256.06329345703125,255.8000946044922,256.0199890136719,256.0199890136719,200575,256.16439547368884,256.72715073408966,255.601640213288,1.1255105208016687,0.2813776302004172,0.37169692566347934,False,False,False,False
2025-10-07 13:35:00-04:00,256.0199890136719,256.04998779296875,255.8300018310547,255.9499969482422,255.9499969482422,128801,256.14334151023485,256.6938184369784,255.5928645834913,1.1009538534871126,0.27523846337177815,0.3243844995135181,False,False,False,False
2025-10-07 13:40:00-04:00,255.93499755859375,255.9600067138672,255.83999633789062,255.9199981689453,255.9199981689453,140736,256.1208010876951,256.6402323969596,255.60136977843058,1.0388626185290377,0.25971565463225943,0.30670888030015864,False,False,False,False
2025-10-07 13:45:00-04:00,255.92999267578125,256.05499267578125,255.84500122070312,256.0284118652344,256.0284118652344,113136,256.10702338923903,256.61650985859274,255.59753691988533,1.0189729387074067,0.25474323467685167,0.42285219654176714,False,False,False,False
2025-10-07 13:50:00-04:00,256.0199890136719,256.04998779296875,255.5402069091797,255.57000732421875,255.57000732421875,202152,256.0701704323708,256.6306644315469,255.50967643319464,1.1209879983522626,0.28024699958806565,0.053819390673930934,False,False,False,False
2025-10-07 13:55:00-04:00,255.5800018310547,255.9550018310547,255.42999267578125,255.83999633789062,255.83999633789062,234797,256.038884068803,256.6483304991162,255.4294376384898,1.2188928606263971,0.3047232151565993,0.3368291936584556,False,False,False,False
2025-10-07 14:00:00-04:00,255.83999633789062,255.85000610351562,255.56500244140625,255.7550048828125,255.7550048828125,250475,256.00883204408314,256.6143345637869,255.40332952437936,1.2110050394075245,0.3027512598518811,0.2903995829820789,False,False,False,False
2025-10-07 14:05:00-04:00,255.7550048828125,256.0299987792969,255.72999572753906,255.97000122070312,255.97000122070312,180637,255.9994193328225,256.60437221090746,255.39446645473754,1.209905756169917,0.30247643904247923,0.475685616859532,False,False,False,False
2025-10-07 14:10:00-04:00,255.97999572753906,256.1300048828125,255.97000122070312,256.0400085449219,256.0400085449219,186913,256.0039195439326,256.58037786663095,255.4274612212343,1.1529166453966582,0.28822916134916454,0.5313023505500987,False,False,False,True
2025-10-07 14:15:00-04:00,256.0199890136719,256.0950012207031,255.97000122070312,256.0450134277344,256.0450134277344,193629,256.0070388213086,256.55085131173706,255.46322633088008,1.0876249808569867,0.27190624521424667,0.534915165699747,False,False,False,False
2025-10-07 14:20:00-04:00,256.0320129394531,256.1050109863281,256.0150146484375,256.03009033203125,256.03009033203125,165726,256.01113404362195,256.5185645525857,255.50370353465817,1.0148610179275295,0.25371525448188237,0.51867870385644,False,False,False,False
2025-10-07 14:25:00-04:00,256.0400085449219,256.1499938964844,255.9600067138672,256.06988525390625,256.06988525390625,296856,256.0157843208725,256.51046921546333,255.52109942628167,0.9893697891816657,0.24734244729541643,0.5546822165234093,False,False,False,False
2025-10-07 14:30:00-04:00,256.07000732421875,256.114990234375,256.0050048828125,256.04998779296875,256.04998779296875,161151,256.0196773350801,256.4868908105243,255.55246385963582,0.9344269508884793,0.23360673772211982,0.5324374825232393,False,False,False,False
2025-10-07 14:35:00-04:00,256.04998779296875,256.2099914550781,256.04998779296875,256.1549987792969,256.1549987792969,161360,256.03097720879765,256.48347006911933,255.57848434847594,0.9049857206433956,0.2262464301608489,0.6370425716894907,False,False,False,False
2025-10-07 14:40:00-04:00,256.1549987792969,256.1698913574219,256.04998779296875,256.1383056640625,256.1383056640625,132488,256.0393979449265,256.4706222321067,255.60817365774636,0.8624485743603145,0.21561214359007863,0.6146824542081717,False,False,False,False
2025-10-07 14:45:00-04:00,256.1400146484375,256.20001220703125,256.0400085449219,256.0799865722656,256.0799865722656,160590,256.04580472236904,256.46590731325307,255.625702131485,0.8402051817680558,0.21005129544201395,0.540682741118847,False,False,False,False
2025-10-07 14:50:00-04:00,256.0719909667969,256.1784973144531,256.0,256.1199951171875,256.1199951171875,166784,256.0509183180685,256.46471011275474,255.63712652338228,0.8275835893724661,0.20689589734311653,0.5834680629317066,False,False,False,False
2025-10-07 14:55:00-04:00,256.1199951171875,256.15509033203125,256.0400085449219,256.1549987792969,256.1549987792969,200117,256.05718316575246,256.45261213839194,255.66175419311298,0.7908579452789581,0.19771448631973954,0.6236829118659357,False,False,False,False
2025-10-07 15:00:00-04:00,256.159912109375,256.29998779296875,256.1300048828125,256.17498779296875,256.17498779296875,241406,256.0709428791332,256.46082553654,255.68106022172643,0.7797653148136021,0.19494132870340053,0.6334310617039873,False,False,False,False
2025-10-07 15:05:00-04:00,256.17999267578125,256.2550048828125,256.0690002441406,256.2099914550781,256.2099914550781,198557,256.0811386868993,256.46923400629976,255.6930433674988,0.776190638800955,0.19404765970023874,0.6660065990719684,False,False,False,False
2025-10-07 15:10:00-04:00,256.2149963378906,256.301513671875,256.1969909667969,256.2699890136719,256.2699890136719,209124,256.0978078167928,256.46799814526884,255.72761748831672,0.7403806569521123,0.18509516423802808,0.7325576651177033,False,False,False,False
2025-10-07 15:15:00-04:00,256.2799987792969,256.287109375,255.99000549316406,256.0174865722656,256.0174865722656,279166,256.0978452133024,256.490437285298,255.70525314130674,0.7851841439912732,0.1962960359978183,0.3976563120234811,False,False,True,False
2025-10-07 15:20:00-04:00,256.010009765625,256.0899963378906,255.91009521484375,255.96420288085938,255.96420288085938,201336,256.08739311151464,256.4767062009201,255.6980800221092,0.7786261788108959,0.19465654470272398,0.34178514156382167,False,False,False,False
2025-10-07 15:25:00-04:00,255.9622039794922,256.07000732421875,255.94000244140625,256.0199890136719,256.0199890136719,249395,256.080022300237,256.45640505726436,255.70363954320956,0.7527655140548006,0.18819137851370016,0.42024968540108143,False,False,False,False
2025-10-07 15:30:00-04:00,256.0199890136719,256.07501220703125,255.9199981689453,256.0199890136719,256.0199890136719,292398,256.07287729988576,256.44262458882764,255.7031300109439,0.7394945778837325,0.18487364447093313,0.42848049492769186,False,False,False,False
2025-10-07 15:35:00-04:00,256.0150146484375,256.125,255.97999572753906,256.0799865722656,256.0799865722656,294848,256.0718090586206,256.43358247316047,255.71003564408073,0.7235468290797371,0.18088670726993428,0.5113019825619637,False,False,False,True
2025-10-07 15:40:00-04:00,256.0799865722656,256.5799865722656,256.0744934082031,256.5400085449219,256.5400085449219,511012,256.10289037130406,256.52958507720246,255.6761956654057,0.8533894117967691,0.21334735294919227,1.0,False,False,False,False
2025-10-07 15:45:00-04:00,256.54010009765625,256.6098937988281,256.4100036621094,256.44000244140625,256.44000244140625,378751,256.13943731696855,256.5634405796208,255.71543405431626,0.8480065253045552,0.2120016313261388,0.8544372778614703,False,False,False,False
2025-10-07 15:50:00-04:00,256.45001220703125,256.5899963378906,256.3500061035156,256.5400085449219,256.5400085449219,788932,256.1731420482518,256.60274303151385,255.74354106498976,0.8592019665240969,0.21480049163102422,0.9269851687540118,False,False,False,False
2025-10-07 15:55:00-04:00,256.54998779296875,256.6199951171875,256.239990234375,256.489990234375,256.489990234375,1712575,256.1995086971782,256.66215055867656,255.73686683567985,0.9252837229967099,0.23132093074917748,0.8139378008898898,False,False,False,False
2025-10-08 09:30:00-04:00,256.5299987792969,257.6799011230469,256.3599853515625,256.625,256.625,2446571,256.265107439498,256.9454682691434,255.58474660985263,1.360721659290789,0.34018041482269723,0.7644865377461196,False,False,False,False
2025-10-08 09:35:00-04:00,256.6600036621094,256.8900146484375,256.1099853515625,256.2799987792969,256.2799987792969,865891,256.2804939938092,257.04882459986504,255.51216338775336,1.5366612121116816,0.3841653030279204,0.49967773344675864,False,False,True,False
2025-10-08 09:40:00-04:00,256.28338623046875,257.43499755859375,256.239990234375,256.9200134277344,256.9200134277344,762656,256.3361612712465,257.2666602815405,255.40566226095248,1.8609980205880277,0.4652495051470069,0.8137306703332208,False,False,False,True
2025-10-08 09:45:00-04:00,256.8949890136719,257.57000732421875,256.8299865722656,257.3349914550781,257.3349914550781,507868,256.42271687562186,257.4081701352771,255.43726361596663,1.9709065193104607,0.49272662982761517,0.9628705473943197,False,False,False,False
2025-10-08 09:50:00-04:00,257.3349914550781,257.8900146484375,257.30999755859375,257.3420104980469,257.3420104980469,571027,256.52664932254925,257.5295606742077,255.52373797089078,2.005822703316909,0.5014556758292272,0.9064971316504338,False,False,False,False
2025-10-08 09:55:00-04:00,257.32000732421875,257.3399963378906,257.0199890136719,257.2200012207031,257.2200012207031,434709,256.5901426115847,257.55716712495234,255.6231180982171,1.934049026735238,0.4835122566838095,0.825668377797863,False,False,False,False
2025-10-08 10:00:00-04:00,257.2200012207031,257.7699890136719,257.1700134277344,257.3450012207031,257.3450012207031,549545,256.66997041562774,257.6602875948461,255.6796532364094,1.9806343584367312,0.4951585896091828,0.8408154575325817,False,False,False,False
2025-10-08 10:05:00-04:00,257.34600830078125,257.7799987792969,257.25,257.69000244140625,257.69000244140625,441873,256.75600501797123,257.7532902351271,255.75871980081533,1.9945704343117825,0.4986426085779456,0.9682699629794234,False,False,False,False
2025-10-08 10:10:00-04:00,257.7099914550781,258.1195983886719,257.6878967285156,257.7799987792969,257.7799987792969,814050,256.86138529868776,257.84528232615935,255.8774882712162,1.9677940549431412,0.4919485137357853,0.9668239942597241,False,False,False,False
2025-10-08 10:15:00-04:00,257.80499267578125,258.19000244140625,257.70001220703125,257.8599853515625,257.8599853515625,410346,256.96188828611434,257.94539365771374,255.97838291451495,1.9670107431987844,0.4917526857996961,0.9565796442919551,False,False,False,False
2025-10-08 10:20:00-04:00,257.8399963378906,258.072509765625,257.70001220703125,257.864990234375,257.864990234375,351212,257.04924851940604,258.00890286556427,256.0895941732478,1.9193086923164628,0.4798271730791157,0.9250185070461101,False,False,False,False
2025-10-08 10:25:00-04:00,257.8500061035156,257.9309997558594,257.6199951171875,257.8399963378906,257.8399963378906,303529,257.1204626671114,258.04635250638813,256.19457282783463,1.8517796785534983,0.4629449196383746,0.8885633259250905,False,False,False,False
2025-10-08 10:30:00-04:00,257.8599853515625,257.8599853515625,257.5400085449219,257.6199951171875,257.6199951171875,420978,257.17311666750305,258.07041288418026,256.27582045082585,1.7945924333544099,0.44864810833860247,0.7490138938394793,False,False,False,False
2025-10-08 10:35:00-04:00,257.6199951171875,257.6700134277344,257.20001220703125,257.4375,257.4375,390735,257.1981381161461,258.0997049552962,256.29657127699596,1.8031336783002416,0.4507834195750604,0.6327477195587384,False,False,False,False
2025-10-08 10:40:00-04:00,257.4200134277344,257.5646057128906,257.32000732421875,257.3800048828125,257.3800048828125,230024,257.2194144200027,258.07974425297215,256.35908458703324,1.7206596659389106,0.43016491648472766,0.5933307533086029,False,False,False,False
2025-10-08 10:45:00-04:00,257.3949890136719,257.5799865722656,257.29998779296875,257.465087890625,257.465087890625,197936,257.2412181976488,258.07151480318066,256.4109215921169,1.6605932110637696,0.4151483027659424,0.6348130845559778,False,False,False,False
2025-10-08 10:50:00-04:00,257.4800109863281,257.7099914550781,257.29010009765625,257.67999267578125,257.67999267578125,329860,257.2715810432224,258.1028262596855,256.4403358267593,1.6624904329262336,0.4156226082315584,0.7456625460634901,False,False,False,False
2025-10-08 10:55:00-04:00,257.67999267578125,257.67999267578125,257.3900146484375,257.6099853515625,257.6099853515625,299398,257.2990492827816,258.1051655830671,256.4929329824961,1.6122326005710192,0.4030581501427548,0.6928605516789434,False,False,False,False
2025-10-08 11:00:00-04:00,257.6000061035156,258.17999267578125,257.57501220703125,258.1250915527344,258.1250915527344,1067782,257.36200003158166,258.20850079558863,256.5154992675747,1.6930015280139514,0.42325038200348786,0.9507329193304948,False,False,False,False
2025-10-08 11:05:00-04:00,258.1211853027344,258.3999938964844,258.0033874511719,258.1513977050781,258.1513977050781,444013,257.44037396675594,258.2815459434247,256.5992019900872,1.6823439533375222,0.42058598833438054,0.9226387457283136,False,False,False,False
2025-10-08 11:10:00-04:00,258.1600036621094,258.4399108886719,258.1112060546875,258.20001220703125,258.20001220703125,320791,257.51751705406144,258.3403127998602,256.6947213082627,1.6455914915975427,0.4113978728993857,0.9147415421474011,False,False,False,False
2025-10-08 11:15:00-04:00,258.20001220703125,258.2300109863281,257.95001220703125,257.9649963378906,257.9649963378906,242832,257.5680716054604,258.3645875325387,256.7715556783821,1.5930318541566066,0.39825796353915166,0.7491630857189561,False,False,False,False
2025-10-08 11:20:00-04:00,257.9700012207031,258.32000732421875,257.95001220703125,258.3124084472656,258.3124084472656,265547,257.6276974201313,258.41856077793926,256.83683406232336,1.5817267156159005,0.3954316789039751,0.9328883241171636,False,False,False,False
2025-10-08 11:25:00-04:00,258.30718994140625,258.4549865722656,258.010009765625,258.0400085449219,258.0400085449219,217381,257.6791867097319,258.47995909308713,256.8784143263766,1.6015447667105036,0.4003861916776259,0.7252961282693994,False,False,False,False
2025-10-08 11:30:00-04:00,258.05499267578125,258.1099853515625,257.7099914550781,257.7799987792969,257.7799987792969,283005,257.6970411686761,258.49773509299274,256.89634724435945,1.6013878486332942,0.40034696215832355,0.551803571940165,False,False,False,False
2025-10-08 11:35:00-04:00,257.7699890136719,257.966796875,257.739990234375,257.94000244140625,257.94000244140625,200984,257.714681360573,258.480667220583,256.9486955005631,1.5319717200198966,0.38299293000497414,0.647079138530246,False,False,False,False
2025-10-08 11:40:00-04:00,257.94500732421875,257.94500732421875,257.55999755859375,257.7049865722656,257.7049865722656,199528,257.71677492798125,258.4831641551152,256.9503857008473,1.532778454267941,0.38319461356698525,0.4923091587810363,False,False,True,False
2025-10-08 11:45:00-04:00,257.7200012207031,257.8699951171875,257.69000244140625,257.82000732421875,257.82000732421875,152706,257.7240663596914,258.4498151992682,256.9983175201146,1.45149767915359,0.3628744197883975,0.5660979110785104,False,False,False,True
2025-10-08 11:50:00-04:00,257.8299865722656,258.0400085449219,257.80999755859375,258.0,258.0,284469,257.745584043007,258.4447601958918,257.0464078901222,1.3983523057695493,0.3495880764423873,0.6819398129808129,False,False,False,False
2025-10-08 11:55:00-04:00,258.0199890136719,258.07000732421875,257.9100036621094,257.9549865722656,257.9549865722656,195911,257.76775056458075,258.4290098345989,257.1064912945626,1.3225185400362989,0.3306296350090747,0.6415753367659667,False,False,False,False
2025-10-08 12:00:00-04:00,257.9549865722656,257.9800109863281,257.7799987792969,257.7925109863281,257.7925109863281,208480,257.775663868016,258.4107996524386,257.14052808359344,1.2702715688451462,0.31756789221128656,0.5132626114960839,False,False,False,False
2025-10-08 12:05:00-04:00,257.79998779296875,258.05999755859375,257.7799987792969,258.0299987792969,258.0299987792969,251204,257.7929020747824,258.4205240366221,257.16528011294264,1.2552439236794726,0.31381098091986814,0.6888849649393262,False,False,False,False
2025-10-08 12:10:00-04:00,258.04998779296875,258.5199890136719,258.0400085449219,258.35009765625,258.35009765625,385671,257.84151759829024,258.50437541082096,257.1786597857595,1.3257156250614344,0.3314289062653586,0.8836268113202587,False,False,False,False
2025-10-08 12:15:00-04:00,258.3399963378906,258.3699951171875,258.1499938964844,258.1600036621094,258.1600036621094,226603,257.87819822943027,258.51877050484853,257.237625954012,1.2811445508365296,0.3202861377091324,0.7199638069686211,False,False,False,False
2025-10-08 12:20:00-04:00,258.1600036621094,258.2799072265625,258.05010986328125,258.2261962890625,258.2261962890625,251874,257.9074559656403,258.529930486173,257.2849814451076,1.2449490410654107,0.3112372602663527,0.7560268034340145,False,False,False,False
2025-10-08 12:25:00-04:00,258.2301025390625,258.3500061035156,258.1300048828125,258.20001220703125,258.20001220703125,191799,257.93785772108276,258.54208503370285,257.3336304084627,1.2084546252401651,0.3021136563100413,0.7169336609526284,False,False,False,False
2025-10-08 12:30:00-04:00,258.19000244140625,258.32501220703125,258.1700134277344,258.23199462890625,258.23199462890625,177597,257.96685604173115,258.54166037894856,257.39205170451373,1.1496086744348304,0.2874021686087076,0.7306337739713463,False,False,False,False
2025-10-08 12:35:00-04:00,258.2200012207031,258.29998779296875,258.0,258.1000061035156,258.1000061035156,154629,257.98271082812136,258.5600322902108,257.4053893660319,1.1546429241789156,0.2886607310447289,0.601585756893353,False,False,False,False
2025-10-08 12:40:00-04:00,258.1199951171875,258.1199951171875,257.9700012207031,258.0199890136719,258.0199890136719,156220,257.9878490143816,258.537437109559,257.4382609192042,1.0991761903547967,0.2747940475886992,0.5292400795907938,False,False,False,False
2025-10-08 12:45:00-04:00,258.010009765625,258.010009765625,257.75,257.8500061035156,257.8500061035156,179129,257.97662580250847,258.5252528909025,257.42799871411444,1.0972541767880557,0.2743135441970139,0.3846031287267562,False,False,True,False
2025-10-08 12:50:00-04:00,257.8550109863281,257.9209899902344,257.625,257.6499938964844,257.6499938964844,158659,257.95332759549876,258.50628997310025,257.4003652178973,1.1059247552029774,0.27648118880074435,0.22571940578478575,False,False,False,False
2025-10-08 12:55:00-04:00,257.6499938964844,257.8251953125,257.6300048828125,257.79998779296875,257.79998779296875,193756,257.9341277606348,258.47083198641366,257.39742353485593,1.0734084515577251,0.2683521128894313,0.3750336207327405,False,False,False,False
2025-10-08 13:00:00-04:00,257.7950134277344,257.9849853515625,257.75,257.9049987792969,257.9049987792969,244316,257.9289722320302,258.4590031055437,257.39894135851677,1.0600617470269071,0.2650154367567268,0.4773848525328068,False,False,False,False
2025-10-08 13:05:00-04:00,257.8900146484375,257.9200134277344,257.7950134277344,257.91009521484375,257.91009521484375,178405,257.9238358947039,258.42586368086603,257.4218081085418,1.004055572324205,0.25101389308105126,0.4863148213715201,False,False,False,False
2025-10-08 13:10:00-04:00,257.9111022949219,258.08099365234375,257.8407897949219,258.05999755859375,258.05999755859375,163005,257.9305112382515,258.4303770172817,257.43064545922124,0.9997315580604891,0.24993288951512227,0.6295210892346682,False,False,False,True
2025-10-08 13:15:00-04:00,258.05999755859375,258.0906982421875,257.7912902832031,257.8299865722656,257.8299865722656,151909,257.9279855678674,258.4377463607915,257.41822477494327,1.0195215858482243,0.25488039646205607,0.4038774686460192,False,False,True,False
2025-10-08 13:20:00-04:00,257.82000732421875,257.95001220703125,257.78009033203125,257.92999267578125,257.92999267578125,143035,257.92405345711313,258.4168225457448,257.43128436848144,0.9855381772633791,0.24638454431584478,0.5060263709769315,False,False,False,True
2025-10-08 13:25:00-04:00,257.9200134277344,257.9599914550781,257.85009765625,257.92498779296875,257.92498779296875,199295,257.92287620419114,258.3883471437253,257.457405264657,0.9309418790683139,0.23273546976707848,0.5022682283664394,False,False,False,False
2025-10-08 13:30:00-04:00,257.92498779296875,258.20001220703125,257.9100036621094,258.1499938964844,258.1499938964844,202567,257.9384756058753,258.4154011604404,257.46155005131016,0.9538511091302553,0.23846277728256382,0.7217518945928152,False,False,False,False
2025-10-08 13:35:00-04:00,258.1400146484375,258.17999267578125,257.8700866699219,257.94000244140625,257.94000244140625,159224,257.9440202080811,258.43523440836157,257.45280600780063,0.9824284005609343,0.24560710014023357,0.49591037202043925,False,False,True,False
2025-10-08 13:40:00-04:00,257.95001220703125,258.0199890136719,257.7101135253906,257.7300109863281,257.7300109863281,203118,257.93221236367305,258.43628024158176,257.42814448576434,1.0081357558174204,0.2520339389543551,0.29943040788095987,False,False,False,False
2025-10-08 13:45:00-04:00,257.739990234375,257.9100036621094,257.6951904296875,257.7514953613281,257.7514953613281,187835,257.9182457719939,258.4148695085961,257.4216220353917,0.9932474732044057,0.2483118683011014,0.33211594777301406,False,False,False,False
2025-10-08 13:50:00-04:00,257.75,257.9599914550781,257.6600036621094,257.8599853515625,257.8599853515625,163683,257.90952333239926,258.416482253935,257.40256441086353,1.0139178430714537,0.25347946076786343,0.45114201690474726,False,False,False,False
2025-10-08 13:55:00-04:00,257.8399963378906,257.84100341796875,257.7099914550781,257.81500244140625,257.81500244140625,151877,257.8980130885026,258.3842748971816,257.41175127982353,0.9725236173580925,0.2431309043395231,0.4146440810128267,False,False,False,False
2025-10-08 14:00:00-04:00,257.80999755859375,257.8999938964844,257.67999267578125,257.7300109863281,257.7300109863281,193365,257.88582128828307,258.36745716023484,257.4041854163313,0.9632717439035332,0.2408179359758833,0.33824886077988486,False,False,False,False
2025-10-08 14:05:00-04:00,257.7449951171875,258.0799865722656,257.6499938964844,257.9949951171875,257.9949951171875,212725,257.887964517524,258.4074353374368,257.36849369761114,1.0389416398256799,0.25973540995641997,0.6030188757103578,False,False,False,True
2025-10-08 14:10:00-04:00,257.989990234375,258.043701171875,257.8599853515625,257.9100036621094,257.9100036621094,212434,257.8927199661899,258.39698686817394,257.3884530642058,1.0085338039681346,0.25213345099203366,0.5171374482952368,False,False,False,False
2025-10-08 14:15:00-04:00,257.8999938964844,258.19000244140625,257.8999938964844,258.0199890136719,258.0199890136719,282871,257.9064287107293,258.4182706314993,257.3945867899593,1.0236838415399916,0.2559209603849979,0.6109329837342533,False,False,False,False
2025-10-08 14:20:00-04:00,258.0199890136719,258.04998779296875,257.92999267578125,257.9949951171875,257.9949951171875,167521,257.91454583624517,258.39920258837566,257.4298890841147,0.9693135042609811,0.24232837606524527,0.5829961416906783,False,False,False,False
2025-10-08 14:25:00-04:00,257.9906921386719,258.07000732421875,257.8900146484375,257.9150085449219,257.9150085449219,143405,257.9187170428751,258.39090665494876,257.4465274308014,0.944379224147383,0.23609480603684574,0.49607308392817895,False,False,True,False
2025-10-08 14:30:00-04:00,257.8999938964844,257.9849853515625,257.8641052246094,257.940185546875,257.940185546875,130619,257.91976862999957,258.36891530625655,257.4706219537426,0.8982933525139742,0.22457333812849356,0.5227285627999966,False,False,False,True
2025-10-08 14:35:00-04:00,257.94000244140625,257.9949951171875,257.8699951171875,257.9100036621094,257.9100036621094,146833,257.9202666619515,258.34949867058276,257.4910346533202,0.8584640172625768,0.2146160043156442,0.4880449271772344,False,False,True,False
2025-10-08 14:40:00-04:00,257.9100036621094,257.989990234375,257.82000732421875,257.9100036621094,257.9100036621094,131575,257.9189714630578,258.3392768528572,257.4986660732584,0.8406107795988191,0.21015269489970478,0.48933180353372835,False,False,False,False
2025-10-08 14:45:00-04:00,257.9200134277344,257.9601135253906,257.8399963378906,257.8999938964844,257.8999938964844,134942,257.9171679510131,258.31946623933254,257.5148696626936,0.8045965766389145,0.20114914415972862,0.4786550738253803,False,False,False,False
2025-10-08 14:50:00-04:00,257.9200134277344,257.94000244140625,257.8500061035156,257.8800048828125,257.8800048828125,165018,257.91458095338436,258.29464868045,257.5345132263187,0.760135454131273,0.19003386353281826,0.454513277358738,False,False,False,False
2025-10-08 14:55:00-04:00,257.885986328125,257.92999267578125,257.760498046875,257.79998779296875,257.79998779296875,185139,257.90654081546285,258.2825006956032,257.5305809353225,0.7519197602806571,0.18797994007016428,0.3582920304497307,False,False,False,False
2025-10-08 15:00:00-04:00,257.80999755859375,258.0199890136719,257.739990234375,258.0,258.0,190056,257.90782198376945,258.3021856317551,257.5134583357838,0.7887272959712845,0.19718182399282114,0.616869311739788,False,False,False,True
2025-10-08 15:05:00-04:00,258.0299987792969,258.0400085449219,257.8699951171875,257.9649963378906,257.9649963378906,154751,257.9126325884898,258.3015625572238,257.52370261975585,0.7778599374679516,0.1944649843669879,0.5673177096268113,False,False,False,False
2025-10-08 15:10:00-04:00,257.9649963378906,258.1199951171875,257.8800048828125,258.1195068359375,258.1195068359375,294939,257.9247471621555,258.32278218089107,257.5267121434199,0.7960700374711678,0.19901750936779194,0.7446514309227097,False,False,False,False
2025-10-08 15:15:00-04:00,258.1199951171875,258.1300048828125,257.91009521484375,257.989990234375,257.989990234375,152546,257.93286934772897,258.3350827981847,257.5306558972732,0.8044269009114942,0.20110672522787354,0.5710081756108714,False,False,False,False
2025-10-08 15:20:00-04:00,257.9809875488281,258.32000732421875,257.9700012207031,258.2799987792969,258.2799987792969,567968,257.9573582137935,258.3893515399068,257.5253648876802,0.863986652226572,0.215996663056643,0.8734323495298257,False,False,False,False
2025-10-08 15:25:00-04:00,258.2799987792969,258.42999267578125,258.2300109863281,258.25,258.25,310083,257.9903083414357,258.41909867282834,257.5615180100431,0.8575806627852671,0.21439516569631678,0.8028189298495391,False,False,False,False
2025-10-08 15:30:00-04:00,258.239990234375,258.3800048828125,258.1300964355469,258.3800048828125,258.3800048828125,299177,258.0194886962568,258.4553816839633,257.5835957085503,0.8717859754129904,0.2179464938532476,0.9135374928289001,False,False,False,False
2025-10-08 15:35:00-04:00,258.364990234375,258.489990234375,258.32501220703125,258.3900146484375,258.3900146484375,330600,258.0558871407353,258.4811864351399,257.63058784633074,0.8505985888091345,0.21264964720228363,0.8928145568287166,False,False,False,False
2025-10-08 15:40:00-04:00,258.3800048828125,258.4200134277344,258.2701110839844,258.3450012207031,258.3450012207031,344147,258.083425690266,258.4961755239801,257.67067585655184,0.8254996674282893,0.20637491685707232,0.8168693347291563,False,False,False,False
2025-10-08 15:45:00-04:00,258.3399963378906,258.3399963378906,258.0,258.0835876464844,258.0835876464844,598882,258.0889274970462,258.5294025915295,257.6484524025629,0.880950188966608,0.220237547241652,0.4939385329287589,False,False,True,False
2025-10-08 15:50:00-04:00,258.0950012207031,258.3976135253906,258.07000732421875,258.389892578125,258.389892578125,762394,258.10768086011274,258.5696296853821,257.6457320348434,0.92389765053872,0.23097441263468,0.8054577721327757,False,False,False,True
2025-10-08 15:55:00-04:00,258.3699951171875,258.3800048828125,257.8800048828125,258.0299987792969,258.0299987792969,1878918,258.1066321605757,258.6243636423807,257.58890067877076,1.0354629636099162,0.25886574090247905,0.42599119044135264,False,False,True,False
2025-10-09 09:30:00-04:00,257.8999938964844,258.0,256.3299865722656,256.56829833984375,256.56829833984375,2117833,257.998009571064,258.80397034609473,257.1920487960333,1.6119215500614246,0.40298038751535614,0.0,False,True,False,False
2025-10-09 09:35:00-04:00,256.57000732421875,257.0199890136719,256.510009765625,256.989990234375,256.989990234375,539786,257.88772259647607,258.71508314361307,257.06036204933906,1.6547210942740094,0.41368027356850234,0.0,False,False,False,False
2025-10-09 09:40:00-04:00,256.9880065917969,257.0531921386719,255.497802734375,255.6999969482422,255.6999969482422,1107050,257.7159074863764,258.77160985965907,256.66020511309375,2.111404746565313,0.5278511866413282,0.0,False,False,False,False
2025-10-09 09:45:00-04:00,255.6999969482422,256.1300048828125,255.35000610351562,256.0299987792969,256.0299987792969,632649,257.5369324802334,258.6430643720472,256.43080058841963,2.212263783627577,0.5530659459068943,0.0,False,False,False,False
2025-10-09 09:50:00-04:00,256.0350036621094,256.0874938964844,254.8000030517578,254.8300018310547,254.8300018310547,670151,257.31809760209364,258.57111447367134,256.06508073051594,2.506033743155399,0.6265084357888497,0.0,False,False,False,False
2025-10-09 09:55:00-04:00,254.86000061035156,255.3300018310547,254.77499389648438,255.13999938964844,255.13999938964844,573297,257.1051040246621,258.3438207959961,255.86638725332813,2.4774335426679954,0.6193583856669989,0.0,False,False,False,False
2025-10-09 10:00:00-04:00,255.1649932861328,255.5500030517578,255.1199951171875,255.53500366210938,255.53500366210938,528848,256.94287195345794,258.1437186345726,255.74202527234328,2.401693362229338,0.6004233405573345,0.0,False,False,False,False
2025-10-09 10:05:00-04:00,255.53990173339844,255.62460327148438,255.08999633789062,255.3800048828125,255.3800048828125,521016,256.7925858782774,257.98026927799935,255.60490247855546,2.3753667994438956,0.5938416998609739,0.0,False,False,False,False
2025-10-09 10:10:00-04:00,255.3800048828125,255.6300048828125,255.16000366210938,255.5399932861328,255.5399932861328,413777,256.6640856940305,257.8270009979209,255.50117039014015,2.3258306077807447,0.5814576519451862,0.01669205653360558,False,False,False,False
2025-10-09 10:15:00-04:00,255.5467071533203,255.8300018310547,255.27999877929688,255.3800048828125,255.3800048828125,668874,256.55290310390586,257.70952748775875,255.39627872005295,2.313248767705801,0.5783121919264502,0.0,False,True,False,False
2025-10-09 10:20:00-04:00,255.3699951171875,255.55999755859375,255.00999450683594,255.0500030517578,255.0500030517578,418391,256.42468995487314,257.57565251069235,255.27372739905397,2.3019251116383828,0.5754812779095957,0.0,False,False,False,False
2025-10-09 10:25:00-04:00,255.0500030517578,255.19000244140625,254.80999755859375,254.9199981689453,254.9199981689453,487346,256.28646545659774,257.3983327333975,255.17459817979798,2.2237345535995416,0.5559336383998854,0.0,False,False,False,False
2025-10-09 10:30:00-04:00,254.9080047607422,255.13999938964844,254.57000732421875,254.89500427246094,254.89500427246094,733428,256.1514056031544,257.26608456536013,255.03672664094867,2.2293579244114596,0.5573394811028649,0.0,False,False,False,False
2025-10-09 10:35:00-04:00,254.89500427246094,255.02000427246094,254.7100067138672,255.0,255.0,337434,256.03317684686436,257.0983874245683,254.96796626916046,2.1304211554078165,0.5326052888519541,0.01503633718536356,False,False,False,False
2025-10-09 10:40:00-04:00,255.0,255.1199951171875,254.80999755859375,254.875,254.875,348240,255.92858834321953,256.94927737487177,254.90789931156726,2.0413780633045064,0.5103445158261266,0.0,False,True,False,False
2025-10-09 10:45:00-04:00,254.8800048828125,255.07899475097656,254.75,255.02999877929688,255.02999877929688,267126,255.83567496228665,256.82009404096897,254.8512558836043,1.9688381573646723,0.49220953934116807,0.09078597701084289,False,False,False,False
2025-10-09 10:50:00-04:00,255.0500030517578,255.19000244140625,254.97999572753906,255.02000427246094,255.02000427246094,229957,255.76211869417702,256.69009720776455,254.83414018058946,1.8559570271750943,0.46398925679377356,0.10014460957341177,False,False,False,False
2025-10-09 10:55:00-04:00,255.03500366210938,255.2050018310547,254.88999938964844,254.94000244140625,254.94000244140625,240136,255.6906471887668,256.58882833927686,254.79246603825675,1.7963623010201104,0.4490905752550276,0.08213064985037793,False,False,False,False
2025-10-09 11:00:00-04:00,254.9550018310547,255.22300720214844,254.9550018310547,255.06390380859375,255.06390380859375,242147,255.63255103878257,256.49751502639003,254.7675870511751,1.7299279752149346,0.43248199380373364,0.17128849389341516,False,False,False,False
2025-10-09 11:05:00-04:00,255.0644073486328,255.1300048828125,254.72000122070312,254.9499969482422,254.9499969482422,331521,255.56595897324001,256.42642729450864,254.70549065197142,1.7209366425372252,0.4302341606343063,0.14207745376976133,False,False,False,False
2025-10-09 11:10:00-04:00,254.92999267578125,255.17359924316406,254.91000366210938,255.06500244140625,255.06500244140625,197747,255.51677574869905,256.3439163540517,254.68963514334638,1.654281210705335,0.41357030267633377,0.22690658373604183,False,False,False,False
2025-10-09 11:15:00-04:00,255.06500244140625,255.1199951171875,254.7899932861328,254.9149932861328,254.9149932861328,320507,255.46200287388496,256.2724297849133,254.6515759628566,1.620853822056688,0.405213455514172,0.16251763094956514,False,False,False,False
2025-10-09 11:20:00-04:00,254.89999389648438,255.1199951171875,254.75,254.8300018310547,254.8300018310547,380934,255.4084786937766,256.21186193713964,254.6050954504136,1.606766486726059,0.40169162168151473,0.13997452803448118,False,False,False,False
2025-10-09 11:25:00-04:00,254.82000732421875,254.86700439453125,254.63099670410156,254.63999938964844,254.63999938964844,411261,255.3422108971719,256.1124573542846,254.57196444005925,1.5404929142253252,0.3851232285563313,0.0441644028096055,False,False,False,False
2025-10-09 11:30:00-04:00,254.6199951171875,254.6553955078125,254.3300018310547,254.44500732421875,254.44500732421875,506205,255.2597909597614,256.01809150651434,254.50149041300844,1.5166010935058978,0.37915027337647444,0.0,False,True,False,False
2025-10-09 11:35:00-04:00,254.44000244140625,254.47000122070312,254.22999572753906,254.25860595703125,254.25860595703125,828349,255.1702427066182,255.90071429732868,254.43977111590775,1.4609431814209302,0.36523579535523254,0.0,False,False,False,False
2025-10-09 11:40:00-04:00,254.24000549316406,254.24000549316406,253.80999755859375,254.16000366210938,254.16000366210938,583843,255.06545790007894,255.81260401140585,254.31831178875203,1.4942922226538258,0.37357305566345644,0.0,False,False,False,False
2025-10-09 11:45:00-04:00,254.16879272460938,254.3800048828125,254.16000366210938,254.36000061035156,254.36000061035156,325862,254.99255743833407,255.70898918266892,254.27612569399923,1.4328634886696818,0.35821587216742046,0.05853657170802864,False,False,False,False
2025-10-09 11:50:00-04:00,254.33999633789062,254.3800048828125,254.02999877929688,254.2899932861328,254.2899932861328,391034,254.92025028383375,255.63504007443825,254.20546049322925,1.4295795812089978,0.35739489530224944,0.05913122572166956,False,False,False,False
2025-10-09 11:55:00-04:00,254.29949951171875,254.35000610351562,254.07000732421875,254.10000610351562,254.10000610351562,252019,254.8491159562067,255.54842652361012,254.1498053888033,1.398621134806831,0.34965528370170773,0.0,False,True,False,False
2025-10-09 12:00:00-04:00,254.10000610351562,254.43710327148438,254.10000610351562,254.3699951171875,254.3699951171875,250849,254.79704473790724,255.49384368216406,254.10024579365043,1.393597888513625,0.3483994721284063,0.19356324070265174,False,False,False,False
2025-10-09 12:05:00-04:00,254.35000610351562,254.75999450683594,254.35000610351562,254.61000061035156,254.61000061035156,399867,254.77573892860508,255.48485565910028,254.06662219810988,1.4182334609903933,0.3545583652475983,0.38313749265387015,False,False,False,False
2025-10-09 12:10:00-04:00,254.6199951171875,254.64999389648438,254.3300018310547,254.3679962158203,254.3679962158203,240072,254.74465242566998,255.4468558962016,254.04244895513835,1.4044069410632574,0.35110173526581434,0.2318040812554591,False,False,False,False
2025-10-09 12:15:00-04:00,254.33999633789062,254.4488067626953,254.24000549316406,254.33999633789062,254.33999633789062,238763,254.70639373731254,255.38013711469725,254.03265035992783,1.3474867547694203,0.33687168869235506,0.22808831097964244,False,False,False,False
2025-10-09 12:20:00-04:00,254.33999633789062,254.35499572753906,253.77000427246094,253.97000122070312,253.97000122070312,325176,254.64213405505112,255.36550138571297,253.91876672438926,1.4467346613237169,0.3616836653309292,0.03541388596232939,False,False,False,False
2025-10-09 12:25:00-04:00,253.96609497070312,254.0,253.75,253.99000549316406,253.99000549316406,285158,254.57272463689273,255.27375523448842,253.87169403929704,1.4020611951913793,0.3505152987978448,0.08438394434764535,False,False,False,False
2025-10-09 12:30:00-04:00,254.0,254.00999450683594,253.83999633789062,253.9573974609375,253.9573974609375,181253,254.51206477641608,255.17699194804126,253.8471376047909,1.3298543432503607,0.33246358581259017,0.08291122761392558,False,False,False,False
2025-10-09 12:35:00-04:00,253.9499969482422,254.02000427246094,253.88499450683594,253.9499053955078,253.9499053955078,194823,254.45869048579883,255.08412689338647,253.83325407821118,1.2508728151752848,0.3127182037938212,0.09325593767922975,False,False,False,False
2025-10-09 12:40:00-04:00,253.94000244140625,253.94000244140625,253.52499389648438,253.77999877929688,253.77999877929688,284433,254.39103726864934,255.03891233528293,253.74316220201575,1.2957501332671768,0.3239375333167942,0.02842876595986902,False,False,False,False
2025-10-09 12:45:00-04:00,253.77000427246094,254.0,253.61000061035156,253.98500061035156,253.98500061035156,197568,254.3409385199114,255.0020259578113,253.67985108201148,1.322174875799817,0.33054371894995427,0.23079362187659816,False,False,False,False
2025-10-09 12:50:00-04:00,253.99000549316406,254.0500030517578,253.8350067138672,253.8560028076172,253.8560028076172,241888,254.30024636161005,254.9382243232981,253.662268399922,1.2759559233761024,0.3189889808440256,0.15183471791296618,False,False,False,False
2025-10-09 12:55:00-04:00,253.85000610351562,253.86000061035156,253.57000732421875,253.78500366210938,253.78500366210938,227726,254.24673120325608,254.87891002600188,253.61455238051028,1.2643576454916001,0.31608941137290003,0.13481255260874042,False,False,False,False
2025-10-09 13:00:00-04:00,253.77000427246094,253.8300018310547,253.52999877929688,253.60000610351562,253.60000610351562,187606,254.19021733354495,254.81917888436774,253.56125578272216,1.2579231016455878,0.31448077541139696,0.03080499971959827,False,False,False,False
2025-10-09 13:05:00-04:00,253.6199951171875,253.89999389648438,253.5500030517578,253.8000030517578,253.8000030517578,172746,254.14829187320734,254.78435543789317,253.51222830852151,1.272127129371654,0.3180317823429135,0.22621539670994956,False,False,False,False
2025-10-09 13:10:00-04:00,253.80999755859375,253.8300018310547,253.23069763183594,253.27999877929688,253.27999877929688,378953,254.081492591384,254.773810639445,253.389174543323,1.3846360961219943,0.3461590240304986,0.0,False,True,False,False
2025-10-09 13:15:00-04:00,253.2899932861328,253.3800048828125,253.17999267578125,253.30999755859375,253.30999755859375,240402,254.00611218957562,254.66920087423676,253.34302350491447,1.326177369322295,0.3315443423305737,0.0,False,False,False,False
2025-10-09 13:20:00-04:00,253.2899932861328,253.50999450683594,253.27999877929688,253.38999938964844,253.38999938964844,196759,253.94775206599004,254.5905310276929,253.3049731042872,1.2855579234056904,0.3213894808514226,0.0661395988568036,False,False,False,False
2025-10-09 13:25:00-04:00,253.3800048828125,253.48699951171875,253.1999969482422,253.39999389648438,253.39999389648438,181445,253.8919975948305,254.5278991730584,253.25609601660264,1.2718031564557464,0.3179507891139366,0.11314477334900497,False,False,False,False
2025-10-09 13:30:00-04:00,253.39500427246094,253.4550018310547,253.14019775390625,253.32229614257812,253.32229614257812,264031,253.8361722914352,254.47144452726997,253.2009000556004,1.2705444716695524,0.3176361179173881,0.09554650756788638,False,False,False,False
2025-10-09 13:35:00-04:00,253.3249969482422,253.74000549316406,253.27999877929688,253.69000244140625,253.69000244140625,233157,253.81082276253238,254.4745691175571,253.14707640750765,1.3274927100494551,0.3318731775123638,0.40898607562098704,False,False,False,False
2025-10-09 13:40:00-04:00,253.69000244140625,253.74000549316406,253.35000610351562,253.4698944091797,253.4698944091797,226643,253.78312237263594,254.4584939700879,253.107750775184,1.3507431949038846,0.33768579872597115,0.26810694687338776,False,False,False,False
2025-10-09 13:45:00-04:00,253.4501953125,253.5800018310547,253.36000061035156,253.55499267578125,253.55499267578125,164045,253.75599945197817,254.40783413382553,253.1041647701308,1.3036693636947234,0.32591734092368085,0.34581460468837955,False,False,False,False
2025-10-09 13:50:00-04:00,253.5384979248047,253.69000244140625,253.4199981689453,253.4199981689453,253.4199981689453,143574,253.73257089398967,254.3732229621445,253.09191882583485,1.2813041363096431,0.3203260340774108,0.25605110747193854,False,False,False,False
2025-10-09 13:55:00-04:00,253.43499755859375,253.71910095214844,253.42999267578125,253.6300048828125,253.6300048828125,153204,253.71928155522056,254.35568897320053,253.0828741372406,1.2728148359599345,0.3182037089899836,0.4298588687955301,False,False,False,False
2025-10-09 14:00:00-04:00,253.625,253.82000732421875,253.61000061035156,253.63999938964844,253.63999938964844,272556,253.71649306819063,254.33126108714603,253.10172504923523,1.2295360379108047,0.30738400947770117,0.4377865502241249,False,False,False,False
2025-10-09 14:05:00-04:00,253.64999389648438,253.67999267578125,253.47000122070312,253.529296875,253.529296875,214724,253.70156645126724,254.29685595934274,253.10627694319174,1.1905790161509913,0.2976447540377478,0.3553060536677621,False,False,False,False
2025-10-09 14:10:00-04:00,253.5399932861328,253.75,253.47000122070312,253.71499633789062,253.71499633789062,176873,253.69617909268922,254.28793940581653,253.1044187795619,1.1835206262546194,0.29588015656365485,0.5158993808675338,False,False,False,True
2025-10-09 14:15:00-04:00,253.72000122070312,253.86000061035156,253.63999938964844,253.6999969482422,253.6999969482422,179776,253.69971749491697,254.27630202087218,253.12313296896176,1.1531690519104245,0.28829226297760613,0.500242335089341,False,False,False,False
2025-10-09 14:20:00-04:00,253.7100067138672,253.77999877929688,253.5399932861328,253.55999755859375,253.55999755859375,140716,253.69275994378276,254.25968711577525,253.12583277179027,1.1338543439849786,0.28346358599624466,0.38291054676175423,False,False,True,False
2025-10-09 14:25:00-04:00,253.56500244140625,253.6699981689453,253.4199981689453,253.43499755859375,253.43499755859375,258399,253.67519531092992,254.23542976572318,253.11496085613666,1.1204689095865206,0.28011722739663014,0.28562747231887864,False,False,False,False
2025-10-09 14:30:00-04:00,253.4199981689453,253.57000732421875,253.38780212402344,253.57000732421875,253.57000732421875,158011,253.65939311536394,254.20004516471693,253.11874106601095,1.0813040987059708,0.2703260246764927,0.41733519622078474,False,False,False,False
2025-10-09 14:35:00-04:00,253.5800018310547,253.66000366210938,253.50999450683594,253.61000061035156,253.61000061035156,195269,253.65310166879902,254.1696903442714,253.13651299332665,1.0331773509447544,0.2582943377361886,0.4582830010665161,False,False,False,False
2025-10-09 14:40:00-04:00,253.6199951171875,253.64999389648438,253.39500427246094,253.41000366210938,253.41000366210938,953756,253.63709204418498,254.15301977691482,253.12116431145515,1.031855465459671,0.25796386636491775,0.27992229563425963,False,False,False,False
2025-10-09 14:45:00-04:00,253.41000366210938,253.51499938964844,253.32000732421875,253.51499938964844,253.51499938964844,364921,253.619273948025,254.1226073205678,253.11594057548223,1.0066667450855675,0.2516666862713919,0.39641600968182356,False,False,False,False
2025-10-09 14:50:00-04:00,253.50999450683594,253.72999572753906,253.47500610351562,253.63999938964844,253.63999938964844,230728,253.61886694410845,254.12286490420163,253.11486898401526,1.0079959201863744,0.2519989800465936,0.5209648125719428,False,False,False,True
2025-10-09 14:55:00-04:00,253.64999389648438,253.80999755859375,253.6300048828125,253.8076934814453,253.8076934814453,207289,253.63128266126802,254.12087936050813,253.1416859620279,0.9791933984802199,0.24479834962005498,0.6801593234299763,False,False,False,False
2025-10-09 15:00:00-04:00,253.8000030517578,253.89999389648438,253.7100067138672,253.76260375976562,253.76260375976562,180276,253.64648127670654,254.1251157425461,253.167846810867,0.9572689316790957,0.23931723291977391,0.6213060188377809,False,False,False,False
2025-10-09 15:05:00-04:00,253.75010681152344,254.03109741210938,253.63999938964844,254.02000427246094,254.02000427246094,232559,253.67034341143983,254.17933403518762,253.16135278769204,1.0179812474955838,0.25449531187389596,0.8434845797811455,False,False,False,False
2025-10-09 15:10:00-04:00,254.00999450683594,254.11500549316406,253.92999267578125,254.00999450683594,254.00999450683594,213264,253.70348507624814,254.19857920109771,253.20839095139857,0.9901882496991448,0.2475470624247862,0.8095466247765751,False,False,False,False
2025-10-09 15:15:00-04:00,253.9949951171875,254.06419372558594,253.8699951171875,253.8791046142578,253.8791046142578,291506,253.72579740095566,254.21022183499994,253.24137296691137,0.9688488680885712,0.2422122170221428,0.6582364580810358,False,False,False,False
2025-10-09 15:20:00-04:00,253.86000061035156,254.10499572753906,253.7899932861328,254.0,254.0,273177,253.7485782520923,254.2475607310134,253.2495957731712,0.9979649578422141,0.24949123946055352,0.7519344451245258,False,False,False,False
2025-10-09 15:25:00-04:00,253.98500061035156,254.0,253.7209014892578,253.77999877929688,253.77999877929688,536627,253.75667874454555,254.261582677723,253.2517748113681,1.0098078663548904,0.2524519665887226,0.5230935364323317,False,False,False,False
2025-10-09 15:30:00-04:00,253.77499389648438,253.82000732421875,253.63999938964844,253.64999389648438,253.64999389648438,305124,253.75159824856826,254.24201337534203,253.2611831217945,0.9808302535475377,0.24520756338688443,0.39640985102530013,False,False,True,False
2025-10-09 15:35:00-04:00,253.64999389648438,253.77239990234375,253.55999755859375,253.7100067138672,253.7100067138672,292710,253.7448556907619,254.2287097736083,253.26100160791552,0.967708165692784,0.241927041423196,0.4639881338918192,False,False,False,False
2025-10-09 15:40:00-04:00,253.7100067138672,253.74000549316406,253.6199951171875,253.69000244140625,253.69000244140625,300588,253.73899651550704,254.1984672652641,253.27952576574998,0.9189414995141192,0.2297353748785298,0.446684229489369,False,False,False,False
2025-10-09 15:45:00-04:00,253.6750030517578,253.74000549316406,253.58999633789062,253.64500427246094,253.64500427246094,242939,253.73131450144336,254.1748400072794,253.28778899560731,0.8870510116720993,0.22176275291802483,0.4026998133740569,False,False,False,False
2025-10-09 15:50:00-04:00,253.63999938964844,254.47000122070312,253.6300048828125,254.2528076171875,254.2528076171875,1183904,253.76810403212187,254.33527625495242,253.20093180929132,1.1343444456610996,0.2835861114152749,0.9272984162082659,False,False,False,True
2025-10-09 15:55:00-04:00,254.24000549316406,254.37899780273438,253.8800048828125,254.02999877929688,254.02999877929688,2194531,253.79936401207354,254.40961759660541,253.18911042754166,1.220507169063751,0.30512679226593775,0.6889663355277588,False,False,False,False
2025-10-10 09:30:00-04:00,255.0399932861328,255.5850067138672,254.42999267578125,255.3260040283203,255.3260040283203,2105908,253.9245358019703,254.78476561496305,253.06430598897757,1.7204596259854839,0.43011490649637096,1.0,False,False,False,False
2025-10-10 09:35:00-04:00,255.32000732421875,256.1288146972656,254.9302978515625,256.0715026855469,256.0715026855469,747576,254.09459954255647,255.10850974339058,253.08068934172235,2.0278204016682366,0.5069551004170592,1.0,False,False,False,False
2025-10-10 09:40:00-04:00,256.0899963378906,256.3800048828125,255.35000610351562,255.38999938964844,255.38999938964844,796016,254.24813007424876,255.36664901085882,253.1296111376387,2.2370378732201175,0.5592594683050294,1.0,False,False,False,False
2025-10-10 09:45:00-04:00,255.3800048828125,255.86000061035156,255.27000427246094,255.4499969482422,255.4499969482422,574754,254.36989552213157,255.49456183265875,253.2452292116044,2.24933262105435,0.5623331552635875,0.9801875080637609,False,False,False,False
2025-10-10 09:50:00-04:00,255.4600067138672,255.47999572753906,255.01100158691406,255.19500732421875,255.19500732421875,407945,254.45168339744197,255.55768190504145,253.3456848898425,2.2119970151989605,0.5529992537997401,0.8360420116615405,False,False,False,False
2025-10-10 09:55:00-04:00,255.1842041015625,255.60000610351562,254.9199981689453,255.47000122070312,255.47000122070312,401050,254.53533277207174,255.66673301582532,253.40393252831817,2.2628004875071497,0.5657001218767874,0.913058267307109,False,False,False,False
2025-10-10 10:00:00-04:00,255.49000549316406,255.88999938964844,255.1501007080078,255.27000427246094,255.27000427246094,581812,254.62117740870355,255.7874173644099,253.4549374529972,2.3324799114126904,0.5831199778531726,0.7781703973452118,False,False,False,False
2025-10-10 10:05:00-04:00,255.27999877929688,255.58999633789062,254.74000549316406,255.5399932861328,255.5399932861328,495032,254.6848746433409,255.90448877242193,253.46526051425985,2.439228258162075,0.6098070645405187,0.8505693409095885,False,False,False,False
2025-10-10 10:10:00-04:00,255.54649353027344,256.04998779296875,255.02999877929688,255.06500244140625,255.06500244140625,394301,254.75123543964722,256.0528859585545,253.4495849207399,2.603301037814589,0.6508252594536472,0.6205265918929018,False,False,False,False
2025-10-10 10:15:00-04:00,255.06619262695312,255.24000549316406,254.82009887695312,255.1199951171875,255.1199951171875,269942,254.78064474657938,256.0361115368381,253.52517795632062,2.510933580517502,0.6277333951293755,0.6351490828913884,False,False,False,False
2025-10-10 10:20:00-04:00,255.11500549316406,255.5500030517578,255.11500549316406,255.4600067138672,255.4600067138672,231418,254.83725049321595,256.0541701161676,253.62033087026433,2.433839245903272,0.608459811475818,0.7558740153851461,False,False,False,False
2025-10-10 10:25:00-04:00,255.46499633789062,255.6999969482422,255.01010131835938,255.02059936523438,255.02059936523438,262808,254.87594719646,256.10915398309305,253.64274040982698,2.466413573266067,0.6166033933165167,0.558648788809091,False,False,False,False
2025-10-10 10:30:00-04:00,255.0399932861328,255.2686004638672,255.02000427246094,255.09500122070312,255.09500122070312,266446,254.89993971606796,256.05954506231893,253.740334369817,2.3192106925019402,0.5798026731254851,0.5841068494836632,False,False,False,False
2025-10-10 10:35:00-04:00,255.09500122070312,255.1649932861328,255.00999450683594,255.1199951171875,255.1199951171875,224360,254.91883380374898,255.99347837123423,253.84418923626373,2.149289134970502,0.5373222837426255,0.5935943471566842,False,False,False,False
2025-10-10 10:40:00-04:00,255.1199951171875,255.3000030517578,255.0500030517578,255.08999633789062,255.08999633789062,266776,254.94053224915086,255.95771235988758,253.92335213841415,2.0343602214734346,0.5085900553683587,0.5734698246466445,False,False,False,False
2025-10-10 10:45:00-04:00,255.1033935546875,255.33999633789062,255.0399932861328,255.27000427246094,255.27000427246094,180514,254.96683057134234,255.94229328135697,253.99136786132772,1.9509254200292503,0.4877313550073126,0.6553999440501677,False,False,False,False
2025-10-10 10:50:00-04:00,255.27999877929688,255.30999755859375,254.83999633789062,254.8699951171875,254.8699951171875,287301,254.97062413641044,255.94254081956421,253.99870745325666,1.9438333663075582,0.48595834157688955,0.4482316638004381,False,False,True,False
2025-10-10 10:55:00-04:00,254.8800048828125,254.88999938964844,252.52000427246094,253.1699981689453,253.1699981689453,925859,254.83310443551593,256.1818284737918,253.48438039724005,2.6974480765517796,0.6743620191379449,0.0,False,True,False,False
2025-10-10 11:00:00-04:00,253.11000061035156,253.11000061035156,251.02999877929688,251.6300048828125,251.6300048828125,1636738,254.5559835137989,256.1978350261769,252.9141320014209,3.2837030247559937,0.8209257561889984,0.0,False,False,False,False
2025-10-10 11:05:00-04:00,251.60150146484375,251.8000030517578,250.2100067138672,250.30999755859375,250.30999755859375,1521612,254.1957313481742,255.99139697689253,252.40006571945588,3.59133125743665,0.8978328143591625,0.0,False,False,False,False
2025-10-10 11:10:00-04:00,250.30999755859375,251.86749267578125,250.00999450683594,251.4600067138672,251.4600067138672,1260926,253.9020900736333,255.88968877326886,251.91449137399775,3.97519739927111,0.9937993498177775,0.0,False,False,False,False
2025-10-10 11:15:00-04:00,251.4550018310547,251.4600067138672,250.0301055908203,250.32000732421875,250.32000732421875,836964,253.58792656277635,255.6627456170577,251.51310750849498,4.149638108562726,1.0374095271406816,0.0,False,False,False,False
2025-10-10 11:20:00-04:00,250.33180236816406,250.33999633789062,248.9499969482422,249.06500244140625,249.06500244140625,1711108,253.19399691322747,255.3393339400104,251.04865988644454,4.290674053565851,1.0726685133914629,0.0,False,False,False,False
2025-10-10 11:25:00-04:00,249.05499267578125,250.19000244140625,248.9199981689453,249.1199951171875,249.1199951171875,1058650,252.83361611919116,255.018420297788,250.64881194059433,4.36960835719367,1.0924020892984174,0.0,False,False,False,False
2025-10-10 11:30:00-04:00,249.10000610351562,249.16990661621094,248.3300018310547,248.86000061035156,248.86000061035156,1315003,252.44818947474812,254.58249419251652,250.31388475697972,4.268609435536803,1.0671523588842007,0.0,False,False,False,False
2025-10-10 11:35:00-04:00,248.8000030517578,249.41900634765625,248.6475067138672,248.74000549316406,248.74000549316406,888690,252.11364820904788,254.18882238179725,250.0384740362985,4.150348345498742,1.0375870863746854,0.0,False,False,False,False
2025-10-10 11:40:00-04:00,248.77000427246094,249.68800354003906,248.5800018310547,249.67999267578125,249.67999267578125,836032,251.84720546046793,253.93646255773925,249.75794836319662,4.178514194542629,1.0446285486356572,0.0,False,False,False,False
2025-10-10 11:45:00-04:00,249.6750030517578,250.02999877929688,249.1999969482422,249.44000244140625,249.44000244140625,719598,251.62905885054863,253.67539060430374,249.58272709679352,4.092663507510224,1.023165876877556,0.0,False,False,False,False
2025-10-10 11:50:00-04:00,249.4199981689453,249.7899932861328,249.0800018310547,249.4600067138672,249.4600067138672,548816,251.42089457370446,253.4045914430997,249.43719770430923,3.967393738790463,0.9918484346976157,0.0057491166896165066,False,False,False,False
2025-10-10 11:55:00-04:00,249.43499755859375,249.47000122070312,248.50999450683594,248.7899932861328,248.7899932861328,550650,251.18303124965868,253.1603597748878,249.20570272442956,3.954657050458252,0.988664262614563,0.0,False,True,False,False
2025-10-10 12:00:00-04:00,248.77000427246094,248.7899932861328,247.7899932861328,247.8300018310547,247.8300018310547,786363,250.89290092122516,252.87249659393137,248.91330524851895,3.959191345412421,0.9897978363531053,0.0,False,False,False,False
2025-10-10 12:05:00-04:00,247.80999755859375,248.70779418945312,247.75999450683594,248.52999877929688,248.52999877929688,463856,250.6490623406509,252.62025838260993,248.67786629869184,3.9423920839180937,0.9855980209795234,0.0,False,False,False,False
2025-10-10 12:10:00-04:00,248.52499389648438,249.02000427246094,248.17999267578125,248.85000610351562,248.85000610351562,417182,250.46185015112087,252.40392890821994,248.5197713940218,3.8841575141981366,0.9710393785495341,0.08502093653171476,False,False,False,False
2025-10-10 12:15:00-04:00,248.85000610351562,248.9600067138672,248.32000732421875,248.52000427246094,248.52000427246094,347132,250.28453167039655,252.1604024297154,248.4086609110777,3.7517415186376866,0.9379353796594216,0.029677780526752448,False,False,False,False
2025-10-10 12:20:00-04:00,248.52000427246094,248.85000610351562,248.26499938964844,248.5800018310547,248.5800018310547,353578,250.12076698192126,251.92605200808168,248.31548195576084,3.6105700523208384,0.9026425130802096,0.07326263483623921,False,False,False,False
2025-10-10 12:25:00-04:00,248.5399932861328,248.8199005126953,248.41229248046875,248.61000061035156,248.61000061035156,272881,249.97727151073877,251.68354964072844,248.2709933807491,3.4125562599793398,0.8531390649948349,0.09934114012365348,False,False,False,False
2025-10-10 12:30:00-04:00,248.58999633789062,249.05999755859375,248.4199981689453,248.47999572753906,248.47999572753906,422882,249.85118188924233,251.51483208416272,248.18753169432193,3.3273003898407865,0.8318250974601966,0.08789829560027308,False,False,False,False
2025-10-10 12:35:00-04:00,248.47500610351562,248.75990295410156,248.26010131835938,248.49000549316406,248.49000549316406,221217,249.722815670128,251.32006117270478,248.12557016755122,3.1944910051535658,0.7986227512883914,0.11408243911938211,False,False,False,False
2025-10-10 12:40:00-04:00,248.4600067138672,248.53500366210938,247.94000244140625,247.94000244140625,247.94000244140625,343914,249.57191286170064,251.12843405816037,248.0153916652409,3.1130423929194535,0.7782605982298634,0.0,False,True,False,False
2025-10-10 12:45:00-04:00,247.94000244140625,248.42999267578125,247.80999755859375,247.82000732421875,247.82000732421875,365405,249.4241115592718,250.94897965952308,247.89924345902054,3.0497362005025366,0.7624340501256341,0.0,False,False,False,False
2025-10-10 12:50:00-04:00,247.8249969482422,247.8699951171875,247.32000732421875,247.5399932861328,247.5399932861328,513536,249.24816429100906,250.73054313982894,247.76578544218918,2.9647576976397545,0.7411894244099386,0.0,False,False,False,False
2025-10-10 12:55:00-04:00,247.54600524902344,247.89999389648438,247.41009521484375,247.49000549316406,247.49000549316406,401228,249.09119926661114,250.52331996687718,247.6590785663451,2.86424140053208,0.71606035013302,0.0,False,False,False,False
2025-10-10 13:00:00-04:00,247.5,247.66000366210938,247.05999755859375,247.25999450683594,247.25999450683594,472837,248.92314840717324,250.33205825811578,247.5142385562307,2.817819701885071,0.7044549254712678,0.0,False,False,False,False
2025-10-10 13:05:00-04:00,247.3000030517578,247.4499969482422,247.1300048828125,247.3300018310547,247.3300018310547,322940,248.76888042116022,250.10089770009444,247.436863142226,2.6640345578684332,0.6660086394671083,0.0,False,False,False,False
2025-10-10 13:10:00-04:00,247.3249969482422,247.6999969482422,247.07000732421875,247.154296875,247.154296875,442610,248.62975851271517,249.95457198856067,247.30494503686967,2.6496269516910047,0.6624067379227512,0.0,False,False,False,False
2025-10-10 13:15:00-04:00,247.1999969482422,247.6199951171875,247.11000061035156,247.33999633789062,247.33999633789062,316753,248.50851141834323,249.80284244797136,247.2141803887151,2.588662059256251,0.6471655148140627,0.048602693706441616,False,False,False,False
2025-10-10 13:20:00-04:00,247.3300018310547,247.75,247.1929931640625,247.60000610351562,247.60000610351562,302258,248.41382776794794,249.69012706180075,247.13752847409512,2.5525985877056314,0.6381496469264079,0.1811791449105974,False,False,False,False
2025-10-10 13:25:00-04:00,247.61000061035156,247.8800048828125,247.55999755859375,247.80999755859375,247.80999755859375,269415,248.3506060757624,249.5632769050737,247.13793524645112,2.4253416586225853,0.6063354146556463,0.27710005712115227,False,False,False,False
2025-10-10 13:30:00-04:00,247.77000427246094,248.08700561523438,247.67999267578125,248.05430603027344,248.05430603027344,322256,248.31154214223866,249.48434847650944,247.1387358079679,2.3456126685415484,0.5864031671353871,0.3903330820918651,False,False,False,False
2025-10-10 13:35:00-04:00,248.0500030517578,248.30099487304688,247.91000366210938,247.98500061035156,247.98500061035156,325801,248.28809365712095,249.42181760015217,247.15436971408974,2.2674478860624276,0.5668619715156069,0.3663285499823629,False,False,False,False
2025-10-10 13:40:00-04:00,247.98500061035156,248.4199981689453,247.98500061035156,248.22000122070312,248.22000122070312,445167,248.28049743580783,249.38784849625466,247.173146375361,2.214702120893662,0.5536755302234155,0.47268426551183546,False,False,False,False
2025-10-10 13:45:00-04:00,248.2093048095703,248.57000732421875,248.02999877929688,248.25999450683594,248.25999450683594,476851,248.28108500098017,249.3857026643667,247.17646733759364,2.2092353267730687,0.5523088316932672,0.49045348682929213,False,False,False,False
2025-10-10 13:50:00-04:00,248.25,248.2949981689453,248.0500030517578,248.16000366210938,248.16000366210938,277003,248.2703469019285,249.31350182241385,247.22719198144313,2.0863098409707277,0.5215774602426819,0.447110808925785,False,False,False,False
2025-10-10 13:55:00-04:00,248.14500427246094,248.3800048828125,247.72999572753906,248.00999450683594,248.00999450683594,989417,248.2484089467349,249.31725020622645,247.17956768724338,2.1376825189830697,0.5344206297457674,0.3884706041323703,False,False,False,False
2025-10-10 14:00:00-04:00,248.0399932861328,248.0500030517578,247.45010375976562,247.58999633789062,247.58999633789062,408439,248.19586533750345,249.27780232944426,247.11392834556264,2.163873983881615,0.5409684959704038,0.22000726284161903,False,False,False,False
2025-10-10 14:05:00-04:00,247.60499572753906,247.7100067138672,247.4199981689453,247.4600067138672,247.4600067138672,297326,248.1324499592231,249.1641949609542,247.10070495749198,2.0634900034622206,0.5158725008655551,0.1741233326899328,False,False,False,False
2025-10-10 14:10:00-04:00,247.46499633789062,247.72000122070312,247.3011932373047,247.63009643554688,247.63009643554688,351540,248.07701951528296,249.08935161352065,247.06468741704526,2.024664196475385,0.5061660491188462,0.27926063960922404,False,False,False,False
2025-10-10 14:15:00-04:00,247.63999938964844,247.8000030517578,247.11500549316406,247.2899932861328,247.2899932861328,330550,248.01270025449585,249.0607986546285,246.9646018543632,2.096196800265318,0.5240492000663295,0.15522942871033482,False,False,False,False
2025-10-10 14:20:00-04:00,247.2830047607422,247.61000061035156,247.27000427246094,247.52000427246094,247.52000427246094,321249,247.96069734629856,248.97198517399607,246.94940951860104,2.0225756553950305,0.5056439138487576,0.28211293473145765,False,False,False,False
2025-10-10 14:25:00-04:00,247.52000427246094,247.56900024414062,247.0800018310547,247.16000366210938,247.16000366210938,337383,247.894885082756,248.90284381030094,246.88692635521105,2.015917455089891,0.5039793637724728,0.13546055976094168,False,False,False,False
2025-10-10 14:30:00-04:00,247.13710021972656,247.30999755859375,246.55999755859375,246.55999755859375,246.55999755859375,581729,247.7915624614072,248.84872531619766,246.73439960661676,2.1143257095808963,0.5285814273952241,0.0,False,True,False,False
2025-10-10 14:35:00-04:00,246.55999755859375,246.72000122070312,246.4600067138672,246.5850067138672,246.5850067138672,469838,247.6769696761442,248.6804151468228,246.6735242054656,2.0068909413571987,0.5017227353392997,0.0,False,False,False,False
2025-10-10 14:40:00-04:00,246.5800018310547,246.58999633789062,246.1300048828125,246.16000366210938,246.16000366210938,427085,247.54519494136264,248.54029415598902,246.55009572673626,1.9901984292527573,0.4975496073131893,0.0,False,False,False,False
2025-10-10 14:45:00-04:00,246.1699981689453,246.5500030517578,246.0399932861328,246.22500610351562,246.22500610351562,422373,247.4239066117537,248.42149785804241,246.42631536546497,1.9951824925774417,0.49879562314436043,0.0,False,False,False,False
2025-10-10 14:50:00-04:00,246.24000549316406,246.27499389648438,245.8300018310547,245.89999389648438,245.89999389648438,493344,247.288454859016,248.2752853937618,246.30162432427022,1.973661069491584,0.493415267372896,0.0,False,False,False,False
2025-10-10 14:55:00-04:00,245.90499877929688,246.23789978027344,245.81500244140625,245.99949645996094,245.99949645996094,454997,247.16740832265387,248.1401352716985,246.19468137360923,1.9454538980892835,0.48636347452232087,0.0,False,False,False,False
2025-10-10 15:00:00-04:00,246.0,246.4001007080078,245.97999572753906,246.25999450683594,246.25999450683594,390957,247.07654692501643,248.03602217525037,246.1170716747825,1.9189505004678722,0.47973762511696805,0.07447968669259394,False,False,False,False
2025-10-10 15:05:00-04:00,246.27000427246094,246.3000030517578,246.0970001220703,246.15499877929688,246.15499877929688,311868,246.99154251797123,247.89567082911927,246.08741420682318,1.808256622296085,0.45206415557402124,0.03737554263059976,False,False,False,False
2025-10-10 15:10:00-04:00,246.1699981689453,246.25999450683594,245.88999938964844,246.11599731445312,246.11599731445312,483766,246.90555406263866,247.7932685661094,246.01783955916792,1.775429006941465,0.4438572517353663,0.05528678133647076,False,False,False,False
2025-10-10 15:15:00-04:00,246.1199951171875,246.35000610351562,246.0,246.16000366210938,246.16000366210938,425640,246.83550160478816,247.70444587861496,245.96655733096136,1.737888547653597,0.43447213691339925,0.11131112602657454,False,False,False,False
2025-10-10 15:20:00-04:00,246.14999389648438,246.22999572753906,246.00999450683594,246.0500030517578,246.0500030517578,415825,246.76513615944748,247.59118625003222,245.93908606886274,1.6521001811694873,0.41302504529237183,0.06713695946486797,False,False,False,False
2025-10-10 15:25:00-04:00,246.0500030517578,246.22999572753906,245.92999267578125,246.1649932861328,246.1649932861328,549417,246.70258292805414,247.50602861993195,245.89913723617633,1.6068913837556238,0.40172284593890595,0.16544743014000393,False,False,False,False
2025-10-10 15:30:00-04:00,246.1699981689453,246.49000549316406,246.0500030517578,246.08999633789062,246.08999633789062,572538,246.65567042324938,247.46677203422067,245.84456881227808,1.6222032219425842,0.40555080548564604,0.15129271246215534,False,False,False,False
2025-10-10 15:35:00-04:00,246.10159301757812,246.10499572753906,245.8800048828125,245.9550018310547,245.9550018310547,679480,246.59132093663536,247.36631055545485,245.81633131781587,1.5499792376389792,0.3874948094097448,0.08946604565494226,False,False,False,False
2025-10-10 15:40:00-04:00,245.94000244140625,246.99000549316406,245.9199981689453,246.88999938964844,246.88999938964844,873271,246.59214761097985,247.50363973276112,245.68065548919859,1.82298424356253,0.4557460608906325,0.6633869188504429,False,False,False,True
2025-10-10 15:45:00-04:00,246.91000366210938,246.97999572753906,246.2100067138672,246.22999572753906,246.22999572753906,693630,246.580831907361,247.5551726196985,245.60649119502347,1.9486814246750441,0.48717035616876103,0.3199622701897362,False,False,True,False
2025-10-10 15:50:00-04:00,246.25,246.25,245.11000061035156,245.2449951171875,245.2449951171875,1500470,246.48122873293102,247.58613525196446,245.37632221389757,2.2098130380668977,0.5524532595167244,0.0,False,True,False,False
2025-10-10 15:55:00-04:00,245.24000549316406,245.57000732421875,244.57000732421875,245.27999877929688,245.27999877929688,4200502,246.35349308940536,247.54790895653548,245.15907722227524,2.3888317342602363,0.5972079335650591,0.05061953727732022,False,False,False,False
2025-10-13 09:30:00-04:00,249.3800048828125,249.49000549316406,246.63999938964844,246.77999877929688,246.77999877929688,3019677,246.475700213021,248.39267583621157,244.55872458983046,3.8339512463811047,0.9584878115952762,0.5793694407468251,False,False,False,True
2025-10-13 09:35:00-04:00,246.77999877929688,247.22999572753906,245.55999755859375,247.13999938964844,247.13999938964844,1061798,246.4916650395835,248.55094273424405,244.43238734492294,4.118555389321102,1.0296388473302756,0.6574179023416784,False,False,False,False
2025-10-13 09:40:00-04:00,247.16110229492188,247.33279418945312,246.6699981689453,246.8000030517578,246.8000030517578,798028,246.53381742978686,248.51972655908293,244.5479083004908,3.9718182585921227,0.9929545646480307,0.5670185805695203,False,False,False,False
2025-10-13 09:45:00-04:00,246.8000030517578,247.0688934326172,246.10000610351562,246.91000366210938,246.91000366210938,701103,246.5489746014974,248.53007028368418,244.56787891931063,3.9621913643735525,0.9905478410933881,0.5911185319967629,False,False,False,False
2025-10-13 09:50:00-04:00,246.93499755859375,247.58999633789062,246.50999450683594,246.58999633789062,246.58999633789062,505474,246.5820877246125,248.58107420479152,244.5831012444335,3.9979729603580267,0.9994932400895067,0.5019781557695704,False,False,False,False
2025-10-13 09:55:00-04:00,246.6199951171875,247.10000610351562,246.56500244140625,246.6199951171875,246.6199951171875,459221,246.59919059725604,248.50527916183904,244.69310203267304,3.8121771291660025,0.9530442822915006,0.5054573854326677,False,False,False,False
2025-10-13 10:00:00-04:00,246.63499450683594,247.2899932861328,246.52000427246094,247.21029663085938,247.21029663085938,720980,246.63800718130952,248.5074846921686,244.76852967045045,3.738955021718141,0.9347387554295352,0.6530613356474333,False,False,False,False
2025-10-13 10:05:00-04:00,247.25,247.6282958984375,247.110107421875,247.5500030517578,247.5500030517578,522136,246.713384477441,248.49955193252666,244.92721702235534,3.572334910171321,0.8930837275428303,0.7341937683207573,False,False,False,False
2025-10-13 10:10:00-04:00,247.5449981689453,247.60000610351562,247.0800018310547,247.36000061035156,247.36000061035156,437362,246.77369733815843,248.4852489022277,245.06214577408915,3.423103128138564,0.855775782034641,0.6712782964011833,False,False,False,False
2025-10-13 10:15:00-04:00,247.38999938964844,247.52000427246094,246.64999389648438,246.6999969482422,246.6999969482422,399995,246.79112283348263,248.5055213163403,245.07672435062497,3.428796965715321,0.8571992414288303,0.47342336506021915,False,False,True,False
2025-10-13 10:20:00-04:00,246.67999267578125,246.8249969482422,246.10000610351562,246.72000122070312,246.72000122070312,412044,246.7680001595783,248.4559569630955,245.08004335606108,3.37591360703442,0.843978401758605,0.48578194099068417,False,False,False,False
2025-10-13 10:25:00-04:00,246.72000122070312,246.75999450683594,246.260498046875,246.37600708007812,246.37600708007812,321564,246.73919060894508,248.35825102410277,245.1201301937874,3.2381208303153812,0.8095302075788453,0.38784126723536066,False,False,False,False
2025-10-13 10:30:00-04:00,246.3699951171875,246.72000122070312,246.22999572753906,246.6750030517578,246.6750030517578,378133,246.72037880491857,248.2755342771933,245.16522333264385,3.1103109445494397,0.7775777361373599,0.4854111842932385,False,False,False,False
2025-10-13 10:35:00-04:00,246.6699981689453,247.41000366210938,246.6649932861328,247.35740661621094,247.35740661621094,337647,246.76073649221055,248.30937849245313,245.21209449196797,3.0972840004851605,0.7743210001212901,0.6926430136554865,False,False,False,True
2025-10-13 10:40:00-04:00,247.35000610351562,247.4499969482422,246.97999572753906,246.99000549316406,246.99000549316406,338687,246.79685676815703,248.28463481251597,245.30907872379808,2.9755560887178945,0.7438890221794736,0.5649118078262334,False,False,False,False
2025-10-13 10:45:00-04:00,246.99000549316406,247.58999633789062,246.97999572753906,247.3000030517578,247.3000030517578,341496,246.84382263522738,248.30482299722073,245.38282227323404,2.9220007239866845,0.7305001809966711,0.6561192003772098,False,False,False,False
2025-10-13 10:50:00-04:00,247.32000732421875,247.50999450683594,247.0500030517578,247.2899932861328,247.2899932861328,276433,246.88568050630815,248.2925791231178,245.4787818894985,2.8137972336193116,0.7034493084048279,0.6436893799574207,False,False,False,False
2025-10-13 10:55:00-04:00,247.2899932861328,247.2899932861328,246.75,246.94000244140625,246.94000244140625,264869,246.89593302086735,248.2701404332226,245.5217256085121,2.748414824710494,0.6871037061776235,0.5160344865493679,False,False,False,False
2025-10-13 11:00:00-04:00,246.94000244140625,247.25,246.66000366210938,247.06500244140625,247.06500244140625,323098,246.90505070470587,248.2598366434037,245.55026476600804,2.7095718773956605,0.6773929693489151,0.559032106892886,False,False,False,False
2025-10-13 11:05:00-04:00,247.0399932861328,247.50999450683594,246.9600067138672,247.4250030517578,247.4250030517578,334873,246.94250632878027,248.27181123220208,245.61320142535845,2.6586098068436286,0.6646524517109071,0.6814845945935845,False,False,False,False
2025-10-13 11:10:00-04:00,247.42999267578125,247.85000610351562,247.36000061035156,247.52999877929688,247.52999877929688,799595,247.00322018613974,248.2975956978522,245.7088446744273,2.5887510234248907,0.6471877558562227,0.7034875460754855,False,False,False,False
2025-10-13 11:15:00-04:00,247.52999877929688,247.69500732421875,247.2100067138672,247.69000244140625,247.69000244140625,1655595,247.05354894553886,248.3154870281504,245.79161086292734,2.5238761652230437,0.6309690413057609,0.7521730283906937,False,False,False,False
2025-10-13 11:20:00-04:00,247.69000244140625,247.97000122070312,247.69000244140625,247.85000610351562,247.85000610351562,302592,247.12813189566612,248.31987592587583,245.9363878654564,2.383488060419438,0.5958720151048595,0.8028646209045732,False,False,False,False
2025-10-13 11:25:00-04:00,247.86000061035156,248.65989685058594,247.8249969482422,248.59030151367188,248.59030151367188,463772,247.24530013774552,248.48484974540304,246.005750530088,2.4790992153150455,0.6197748038287614,1.0,False,False,False,False
2025-10-13 11:30:00-04:00,248.6199951171875,248.6999969482422,248.36000061035156,248.60000610351562,248.60000610351562,364542,247.36987484405896,248.55346875852885,246.18628092958906,2.367187828939791,0.5917969572349477,1.0,False,False,False,False
2025-10-13 11:35:00-04:00,248.6199951171875,248.9199981689453,248.60000610351562,248.73989868164062,248.73989868164062,341106,247.50162971459625,248.63086265070507,246.37239677848743,2.2584658722176414,0.5646164680544103,1.0,False,False,False,False
2025-10-13 11:40:00-04:00,248.7100067138672,248.99000549316406,248.47000122070312,248.55499267578125,248.55499267578125,310946,247.6130617858934,248.73337228288352,246.49275128890326,2.240620993980258,0.5601552484950645,0.9203883175327224,False,False,False,False
2025-10-13 11:45:00-04:00,248.55499267578125,248.8800048828125,248.52000427246094,248.85000610351562,248.85000610351562,224576,247.72134210021431,248.80162166957575,246.64106253085288,2.160559138722874,0.5401397846807185,1.0,False,False,False,False
2025-10-13 11:50:00-04:00,248.85000610351562,248.94000244140625,248.66000366210938,248.74940490722656,248.74940490722656,184233,247.82246542434444,248.8507167926291,246.7942140560598,2.056502736569314,0.5141256841423285,0.950735837302338,False,False,False,False
2025-10-13 11:55:00-04:00,248.7899932861328,248.8699951171875,248.67030334472656,248.77999877929688,248.77999877929688,188832,247.9130337090485,248.87839829499688,246.94766912310013,1.9307291718967576,0.4826822929741894,0.949035050004791,False,False,False,False
2025-10-13 12:00:00-04:00,248.7899932861328,249.1999969482422,248.74009704589844,249.08999633789062,249.08999633789062,338104,248.01750955682266,248.97831766464495,247.05670144900037,1.9216162156445762,0.48040405391114405,1.0,False,False,False,False
2025-10-13 12:05:00-04:00,249.125,249.17999267578125,248.75999450683594,248.90499877929688,248.90499877929688,203104,248.10615899464634,249.05488592547547,247.1574320638172,1.8974538616582777,0.4743634654145694,0.9210061708443303,False,False,False,False
2025-10-13 12:10:00-04:00,248.91000366210938,249.14999389648438,248.8300018310547,249.11900329589844,249.11900329589844,172308,248.1944295355828,249.11228218641494,247.27657688475065,1.8357053016642908,0.4589263254160727,1.0,False,False,False,False
2025-10-13 12:15:00-04:00,249.13999938964844,249.36880493164062,249.0399932861328,249.2899932861328,249.2899932861328,250205,248.29333438946082,249.18516410431133,247.40150467461032,1.7836594297010038,0.44591485742525094,1.0,False,False,False,False
2025-10-13 12:20:00-04:00,249.3000030517578,249.6199951171875,248.97999572753906,249.25999450683594,249.25999450683594,336358,248.38793699845067,249.31858361974582,247.45729037715552,1.8612932425903068,0.4653233106475767,0.968522363070341,False,False,False,False
2025-10-13 12:25:00-04:00,249.29190063476562,249.3000030517578,249.0500030517578,249.17999267578125,249.17999267578125,201273,248.46305407095684,249.35063603012247,247.5754721117912,1.775163918331259,0.44379097958281477,0.9038717762460854,False,False,False,False
2025-10-13 12:30:00-04:00,249.1699981689453,249.22000122070312,249.00999450683594,249.10000610351562,249.10000610351562,236991,248.5246680270897,249.36549313311218,247.6838429210672,1.6816502120449854,0.42041255301124636,0.8421270798796446,False,False,False,False
2025-10-13 12:35:00-04:00,249.10499572753906,249.19000244140625,248.85000610351562,248.89999389648438,248.89999389648438,182711,248.5680330543956,249.39277491739398,247.74329119139725,1.6494837259967312,0.4123709314991828,0.7012513593537689,False,False,False,False
2025-10-13 12:40:00-04:00,248.91000366210938,248.91000366210938,248.6199951171875,248.67449951171875,248.67449951171875,221564,248.58391874099334,249.38418812667626,247.78364935531042,1.6005387713658479,0.40013469284146197,0.5565939247120587,False,False,False,False
2025-10-13 12:45:00-04:00,248.68499755859375,249.0,248.5500030517578,248.9499969482422,248.9499969482422,311482,248.6076725116924,249.41791434845547,247.79743067492936,1.6204836735261097,0.4051209183815274,0.71124830946608,False,False,False,False
2025-10-13 12:50:00-04:00,248.9499969482422,249.27980041503906,248.8489990234375,249.2449951171875,249.2449951171875,193582,248.656903528219,249.47228145962606,247.84152559681195,1.6307558628141123,0.4076889657035281,0.8606251569463352,False,False,False,False
2025-10-13 12:55:00-04:00,249.2449951171875,249.60000610351562,249.1999969482422,249.5500030517578,249.5500030517578,191030,248.73243671929387,249.54627868861493,247.9185947499728,1.6276839386421216,0.4069209846605304,1.0,False,False,False,False
2025-10-13 13:00:00-04:00,249.55999755859375,249.68930053710938,249.47000122070312,249.52000427246094,249.52000427246094,155529,248.81123023905235,249.58754787472253,248.03491260338217,1.552635271340364,0.388158817835091,0.956497444371926,False,False,False,False
2025-10-13 13:05:00-04:00,249.5229949951172,249.64500427246094,249.47500610351562,249.52000427246094,249.52000427246094,231484,248.8812722686168,249.61395777450906,248.14858676272456,1.465371011784498,0.3663427529461245,0.9358841540520797,False,False,False,False
2025-10-13 13:10:00-04:00,249.52000427246094,249.55569458007812,248.98500061035156,249.0500030517578,249.0500030517578,194314,248.91133199675448,249.6848877460028,248.13777624750617,1.5471114984966334,0.38677787462415836,0.5896322308625324,False,False,False,False
2025-10-13 13:15:00-04:00,249.0491943359375,249.08999633789062,248.88999938964844,249.01499938964844,249.01499938964844,127239,248.91961768332348,249.6558172472954,248.18341811935156,1.472399127943845,0.36809978198596127,0.5647797900139717,False,False,False,False
2025-10-13 13:20:00-04:00,249.0,249.3000030517578,248.97500610351562,249.16000366210938,249.16000366210938,143436,248.94108307276514,249.6686620699883,248.21350407554198,1.4551579944463242,0.36378949861158105,0.6504445497875534,False,False,False,False
2025-10-13 13:25:00-04:00,249.13999938964844,249.14439392089844,248.97000122070312,249.1042022705078,249.1042022705078,108902,248.95363380907668,249.64645539485878,248.26081222329458,1.3856431715641975,0.34641079289104937,0.6086632291206431,False,False,False,False
2025-10-13 13:30:00-04:00,249.08999633789062,249.14999389648438,249.02000427246094,249.13999938964844,249.13999938964844,110511,248.96789082911997,249.61742818112856,248.31835347711137,1.2990747040171868,0.3247686760042967,0.6324854990988988,False,False,False,False
2025-10-13 13:35:00-04:00,249.13999938964844,249.1790008544922,248.9633026123047,249.0500030517578,249.0500030517578,136082,248.97705381423728,249.60477707948252,248.34933054899204,1.2554465304904738,0.31386163262261846,0.5581062082285838,False,False,False,False
2025-10-13 13:40:00-04:00,249.0500030517578,249.1199951171875,248.88999938964844,248.89500427246094,248.89500427246094,215196,248.97622325349394,249.58717333772245,248.36527316926544,1.2219001684570117,0.3054750421142529,0.4335305918358572,False,False,True,False
2025-10-13 13:45:00-04:00,248.8699951171875,249.07000732421875,248.83999633789062,248.99000549316406,248.99000549316406,132288,248.97531339301113,249.57117066608242,248.37945611993985,1.1917145461425775,0.2979286365356444,0.5123285397501308,False,False,False,True
2025-10-13 13:50:00-04:00,248.97999572753906,248.9801025390625,248.77999877929688,248.92999267578125,248.92999267578125,139282,248.96782621253834,249.54609910107592,248.38955332400076,1.1565457770751664,0.2891364442687916,0.46728747144555755,False,False,True,False
2025-10-13 13:55:00-04:00,248.9145050048828,249.05850219726562,248.68800354003906,249.0399932861328,249.0399932861328,130023,248.96411257399305,249.5586579051222,248.3695672428639,1.1890906622583088,0.2972726655645772,0.5638140677983728,False,False,False,True
2025-10-13 14:00:00-04:00,249.0399932861328,249.125,248.83999633789062,248.91000366210938,248.91000366210938,359500,248.9635621701207,249.5556537005588,248.3714706396826,1.1841830608761938,0.29604576521904846,0.45477176647697354,False,False,True,False
2025-10-13 14:05:00-04:00,248.9199981689453,249.02499389648438,248.88999938964844,248.97000122070312,248.97000122070312,160601,248.96338147159605,249.52326275035753,248.40350019283457,1.1197625575229608,0.2799406393807402,0.5059117435768861,False,False,False,True
2025-10-13 14:10:00-04:00,248.96009826660156,249.02000427246094,248.80999755859375,248.82000732421875,248.82000732421875,131390,248.95575813002418,249.50165262368296,248.4098636363654,1.0917889873175568,0.2729472468293892,0.3756620488186469,False,False,True,False
2025-10-13 14:15:00-04:00,248.8300018310547,248.97999572753906,248.8300018310547,248.8800048828125,248.8800048828125,164027,248.95013044911414,249.4734331740711,248.4268277241572,1.0466054499138977,0.2616513624784744,0.4329971324844427,False,False,False,False
2025-10-13 14:20:00-04:00,248.8769989013672,249.3000030517578,248.8699951171875,249.27000427246094,249.27000427246094,247627,248.9688482616241,249.5258223009994,248.41187422224877,1.1139480787506386,0.27848701968765965,0.7703501326333033,False,False,False,True
2025-10-13 14:25:00-04:00,249.25999450683594,249.32000732421875,249.11000061035156,249.1461944580078,249.1461944580078,249221,248.9901072332973,249.53338521150852,248.44682925508607,1.086555956422444,0.271638989105611,0.6436531858188375,False,False,False,False
2025-10-13 14:30:00-04:00,249.13999938964844,249.24000549316406,248.92010498046875,249.0449981689453,249.0449981689453,185564,248.99756078703336,249.55049106996253,248.4446305041042,1.105860565858336,0.276465141464584,0.5428963500250399,False,False,False,False
2025-10-13 14:35:00-04:00,249.0399932861328,249.16000366210938,248.7100067138672,248.7165985107422,248.7165985107422,204337,248.98466956562444,249.57230620990913,248.39703292133976,1.1752732885693717,0.29381832214234294,0.27190747250916286,False,False,True,False
2025-10-13 14:40:00-04:00,248.72000122070312,248.89999389648438,248.4600067138672,248.61000061035156,248.61000061035156,236616,248.9534312330476,249.57030164942728,248.33656081666794,1.233740832759338,0.3084352081898345,0.22163471162096227,False,False,False,False
2025-10-13 14:45:00-04:00,248.64999389648438,248.69000244140625,248.47950744628906,248.5800018310547,248.5800018310547,155469,248.91816831303515,249.51545068680028,248.32088593927003,1.1945647475302508,0.2986411868825627,0.2169123878135355,False,False,False,False
2025-10-13 14:50:00-04:00,248.5749969482422,248.7100067138672,248.4499969482422,248.4801025390625,248.4801025390625,150668,248.88279057532299,249.4723466648366,248.29323448580936,1.1791121790272427,0.2947780447568107,0.15848199736796903,False,False,False,False
2025-10-13 14:55:00-04:00,248.49000549316406,248.58999633789062,248.32000732421875,248.4600067138672,248.4600067138672,160938,248.84220767532324,249.42680595861987,248.2576093920266,1.169196566593257,0.2922991416483143,0.1731080364273675,False,False,False,False
2025-10-13 15:00:00-04:00,248.4600067138672,248.5299072265625,248.16000366210938,248.17999267578125,248.17999267578125,174919,248.78961340670367,249.38973257456126,248.18949423884607,1.2002383357151984,0.3000595839287996,0.0,False,True,False,False
2025-10-13 15:05:00-04:00,248.17999267578125,248.5500030517578,248.1300048828125,248.52000427246094,248.52000427246094,222437,248.75250775549478,249.37661464035568,248.12840087063387,1.248213769721815,0.31205344243045374,0.31373103816531733,False,False,False,False
2025-10-13 15:10:00-04:00,248.5164031982422,248.63999938964844,248.34010314941406,248.41000366210938,248.41000366210938,181329,248.72497070580232,249.346646150224,248.10329526138065,1.243350888843338,0.3108377222108345,0.24667887680045622,False,False,False,False
2025-10-13 15:15:00-04:00,248.42999267578125,248.64849853515625,248.33999633789062,248.52999877929688,248.52999877929688,196500,248.70413202437175,249.32534036380437,248.08292368493912,1.2424166788652542,0.31060416971631355,0.35984312023731646,False,False,False,False
2025-10-13 15:20:00-04:00,248.53050231933594,248.7115020751953,248.47000122070312,248.5500030517578,248.5500030517578,220255,248.6920402870556,249.2994279634434,248.08465261066777,1.2147753527756322,0.30369383819390805,0.38307530690901986,False,False,False,False
2025-10-13 15:25:00-04:00,248.5500030517578,248.55499267578125,248.25,248.32000732421875,248.32000732421875,221677,248.66184597400266,249.26949341790794,248.05419853009738,1.2152948878105576,0.3038237219526394,0.21871958549932133,False,False,False,False
2025-10-13 15:30:00-04:00,248.32000732421875,248.375,248.14500427246094,248.35000610351562,248.35000610351562,251782,248.62643240111277,249.21931424613533,248.0335505560902,1.1857636900451212,0.2964409225112803,0.2668791008547227,False,False,False,False
2025-10-13 15:35:00-04:00,248.36000061035156,248.38699340820312,248.1999969482422,248.3699951171875,248.3699951171875,226227,248.59715266366177,249.16814561617426,248.0261597111493,1.141985905024967,0.28549647625624175,0.3010855077328581,False,False,False,False
2025-10-13 15:40:00-04:00,248.375,248.58999633789062,248.3699951171875,248.52000427246094,248.52000427246094,262881,248.5872649727587,249.1451588741606,248.02937107135682,1.1157878028037658,0.27894695070094144,0.43971909342551324,False,False,False,False
2025-10-13 15:45:00-04:00,248.52999877929688,248.5364990234375,248.0500030517578,248.1999969482422,248.1999969482422,329936,248.55630319831937,249.15570690391698,247.95689949272176,1.1988074111952187,0.2997018527988047,0.20278274329156637,False,False,False,False
2025-10-13 15:50:00-04:00,248.19000244140625,248.41000366210938,248.00999450683594,248.02999877929688,248.02999877929688,625981,248.51760755874108,249.13707272483362,247.89814239264854,1.2389303321850775,0.3097325830462694,0.10642760389584195,False,False,False,False
2025-10-13 15:55:00-04:00,248.00999450683594,248.02999877929688,247.3300018310547,247.58999633789062,247.58999633789062,2089915,248.4349781705512,249.13249620968293,247.73746013141948,1.3950360782634448,0.3487590195658612,0.0,False,True,False,False
2025-10-14 09:30:00-04:00,246.61500549316406,247.13999938964844,245.50010681152344,246.5050048828125,246.5050048828125,2003514,248.23942822046646,249.28517236095846,247.19368407997447,2.091488280983981,0.5228720702459952,0.0,False,False,False,False
2025-10-14 09:35:00-04:00,246.42999267578125,246.8800048828125,245.9499969482422,246.15969848632812,246.15969848632812,591489,248.0575684000215,249.18473971337835,246.93039708666464,2.254342626713708,0.563585656678427,0.0,False,False,False,False
2025-10-14 09:40:00-04:00,246.13499450683594,246.2100067138672,244.6999969482422,245.05079650878906,245.05079650878906,610844,247.7968730022702,249.11332913741637,246.480416867124,2.6329122702923655,0.6582280675730914,0.0,False,False,False,False
2025-10-14 09:45:00-04:00,245.0500030517578,245.57000732421875,244.7899932861328,245.19000244140625,245.19000244140625,448567,247.54796455925265,248.88877788850138,246.20715123000392,2.681626658497464,0.670406664624366,0.0,False,False,False,False
2025-10-14 09:50:00-04:00,245.17999267578125,245.83999633789062,245.0,245.36000061035156,245.36000061035156,431284,247.3433964091093,248.71812767301128,245.9686651452073,2.749462527803985,0.6873656319509962,0.0,False,False,False,False
2025-10-14 09:55:00-04:00,245.38499450683594,246.33450317382812,245.38499450683594,246.24000549316406,246.24000549316406,445634,247.21416828042675,248.64632693063385,245.78200963021965,2.8643173004142,0.71607932510355,0.15989704174121547,False,False,False,False
2025-10-14 10:00:00-04:00,246.24000549316406,246.52000427246094,245.86749267578125,246.47000122070312,246.47000122070312,409891,247.12575537019387,248.5452004747162,245.70631026567153,2.8388902090446777,0.7097225522611694,0.26901038743889416,False,False,False,False
2025-10-14 10:05:00-04:00,246.50999450683594,246.7899932861328,246.19000244140625,246.42999267578125,246.42999267578125,460447,247.0633021096459,248.4608008726613,245.66580334663047,2.7949975260308406,0.6987493815077102,0.27341323991653116,False,False,False,False
2025-10-14 10:10:00-04:00,246.4499969482422,246.60000610351562,245.9626007080078,246.41000366210938,246.41000366210938,363518,246.99291176503303,248.37814173084845,245.6076817992176,2.770459931630853,0.6926149829077133,0.28959879683929596,False,False,False,False
2025-10-14 10:15:00-04:00,246.40499877929688,247.0800018310547,246.30999755859375,246.66000366210938,246.66000366210938,377462,246.96342820175235,248.36413602547842,245.56272037802628,2.8014156474521315,0.7003539118630329,0.39168885384111496,False,False,False,False
2025-10-14 10:20:00-04:00,246.69000244140625,247.10000610351562,246.64999389648438,247.07000732421875,247.07000732421875,351007,246.96119717695748,248.31183665971722,245.61055769419775,2.701278965519464,0.675319741379866,0.5402809738091385,False,False,False,True
2025-10-14 10:25:00-04:00,247.08999633789062,247.22999572753906,246.77000427246094,247.02000427246094,247.02000427246094,407492,246.96552774018252,248.27310156568188,245.65795391468316,2.615147650998722,0.6537869127496805,0.5208311497278595,False,False,False,False
2025-10-14 10:30:00-04:00,247.0,247.44000244140625,246.97000122070312,247.30999755859375,247.30999755859375,407322,246.9916679941557,248.26248468124575,245.72085130706566,2.541633374180094,0.6354083435450235,0.6252460593537552,False,False,False,False
2025-10-14 10:35:00-04:00,247.3300018310547,247.5,247.0500030517578,247.06500244140625,247.06500244140625,304418,247.0119855024318,248.2457199104613,245.7782510944023,2.467468816059011,0.6168672040147527,0.5214863663643494,False,False,False,False
2025-10-14 10:40:00-04:00,247.06500244140625,247.39999389648438,246.95010375976562,247.18499755859375,247.18499755859375,196920,247.0278311756873,248.2281701702576,245.827492181117,2.400677989140604,0.600169497285151,0.5654674986055509,False,False,False,False
2025-10-14 10:45:00-04:00,247.18499755859375,247.5749969482422,247.1699981689453,247.57000732421875,247.57000732421875,287209,247.0669266967776,248.22823154775026,245.90562184580497,2.3226097019452823,0.5806524254863206,0.716601449231778,False,False,False,False
2025-10-14 10:50:00-04:00,247.5800018310547,247.6999969482422,247.09030151367188,247.31500244140625,247.31500244140625,309865,247.09564164322165,248.2627550960111,245.92852819043222,2.3342269055788734,0.5835567263947183,0.5939757817289814,False,False,False,False
2025-10-14 10:55:00-04:00,247.29010009765625,247.36000061035156,247.0,247.25999450683594,247.25999450683594,277676,247.1062152999684,248.2286175295492,245.98381307038758,2.244804459161628,0.561201114790407,0.5685044999086345,False,False,False,False
2025-10-14 11:00:00-04:00,247.25999450683594,247.4499969482422,247.25999450683594,247.4499969482422,247.4499969482422,206403,247.1329245857911,248.18108708069508,246.08476209088712,2.096324989807954,0.5240812474519885,0.6512515301743041,False,False,False,False
2025-10-14 11:05:00-04:00,247.44000244140625,247.74989318847656,246.97000122070312,246.97000122070312,246.97000122070312,289601,247.14216654999777,248.24149118896602,246.0428419110295,2.1986492779365108,0.5496623194841277,0.42169495561555664,False,False,True,False
2025-10-14 11:10:00-04:00,247.0,247.05499267578125,246.63499450683594,246.6999969482422,246.6999969482422,239723,247.1092612954221,248.1826531042826,246.0358694865616,2.1467836177209847,0.5366959044302462,0.3093592927570471,False,False,False,False
2025-10-14 11:15:00-04:00,246.6999969482422,246.6999969482422,246.25999450683594,246.41000366210938,246.41000366210938,327060,247.0471092710069,248.1011623872626,245.99305615475117,2.1081062325114317,0.5270265581278579,0.1977829679206838,False,False,False,False
2025-10-14 11:20:00-04:00,246.38499450683594,246.56739807128906,246.32200622558594,246.5449981689453,246.5449981689453,257862,246.99292116474658,247.99064733851733,245.99519499097582,1.9954523475415158,0.49886308688537895,0.2755280919872006,False,False,False,False
2025-10-14 11:25:00-04:00,246.55999755859375,246.5800018310547,246.1199951171875,246.21400451660156,246.21400451660156,188371,246.92737316381337,247.9173280629805,245.93741826464625,1.9799097983342335,0.4949774495835584,0.1396963903042501,False,False,False,False
2025-10-14 11:30:00-04:00,246.22999572753906,246.49000549316406,246.1699981689453,246.4199981689453,246.4199981689453,280736,246.8733376825313,247.82829855662544,245.91837680843713,1.9099217481883102,0.47748043704707754,0.26263974478745183,False,False,False,False
2025-10-14 11:35:00-04:00,246.40499877929688,247.00999450683594,246.28030395507812,246.4199981689453,246.4199981689453,552801,246.84445779628572,247.84986069332203,245.83905489924942,2.01080579407261,0.5027014485181525,0.2889106801901904,False,False,False,False
2025-10-14 11:40:00-04:00,246.45899963378906,247.1699981689453,246.3656005859375,246.97000122070312,246.97000122070312,251573,246.84357610062634,247.90931822456056,245.7778339766921,2.131484247868457,0.5328710619671142,0.5593131852619682,False,False,False,True
2025-10-14 11:45:00-04:00,246.99000549316406,247.1898956298828,246.94009399414062,247.03500366210938,247.03500366210938,145322,246.86371149695185,247.8728397356411,245.8545832582626,2.018256477378486,0.5045641193446215,0.584871356578038,False,False,False,False
2025-10-14 11:50:00-04:00,247.02000427246094,247.4499969482422,247.00999450683594,247.2799072265625,247.2799072265625,218354,246.90018020142122,247.8963961045228,245.90396429831964,1.9924318062031716,0.4981079515507929,0.6905847035562516,False,False,False,False
2025-10-14 11:55:00-04:00,247.25999450683594,247.4600067138672,247.1699981689453,247.3800048828125,247.3800048828125,145796,246.94175065098824,247.89634667276403,245.98715462921245,1.9091920435515704,0.4772980108878926,0.7295495800459122,False,False,False,False
2025-10-14 12:00:00-04:00,247.36000061035156,247.41070556640625,247.0850067138672,247.17990112304688,247.17990112304688,147620,246.96874625258684,247.89302244269285,246.04447006248083,1.848552380212027,0.46213809505300674,0.6142271502394842,False,False,False,False
2025-10-14 12:05:00-04:00,247.16000366210938,247.2550048828125,246.85000610351562,246.87399291992188,246.87399291992188,174641,246.97105625730077,247.88390458425556,246.058207930346,1.8256966539095743,0.45642416347739356,0.44683490427007927,False,False,True,False
2025-10-14 12:10:00-04:00,246.8800048828125,247.14999389648438,246.87060546875,247.05499267578125,247.05499267578125,147175,246.97621255155835,247.85365373136455,246.09877137175215,1.7548823596123952,0.4387205899030988,0.5448919688498679,False,False,False,True
2025-10-14 12:15:00-04:00,247.05999755859375,247.55050659179688,247.05999755859375,247.5,247.5,259169,247.01373212285088,247.90253196787958,246.12493227782218,1.7775996900574,0.44439992251435,0.7735530838967549,False,False,False,False
2025-10-14 12:20:00-04:00,247.49000549316406,247.75,247.36500549316406,247.41000366210938,247.41000366210938,250248,247.0608372906833,247.93775605257633,246.1839185287903,1.7538375237860464,0.4384593809465116,0.6990870686084493,False,False,False,False
2025-10-14 12:25:00-04:00,247.38999938964844,247.4600067138672,247.25,247.38999938964844,247.38999938964844,150578,247.08996409168222,247.92119232015938,246.25873586320506,1.6624564569543168,0.4156141142385792,0.6804770866094708,False,False,False,False
2025-10-14 12:30:00-04:00,247.38999938964844,247.63999938964844,247.38999938964844,247.5749969482422,247.5749969482422,166368,247.13234832826927,247.9304537338987,246.33424292263985,1.5962108112588567,0.39905270281471417,0.7773121299835188,False,False,False,False
2025-10-14 12:35:00-04:00,247.55499267578125,247.6699981689453,247.38499450683594,247.52000427246094,247.52000427246094,161587,247.16974362869578,247.94503922618415,246.39444803120742,1.5505911949767324,0.3876477987441831,0.7258884513854147,False,False,False,False
2025-10-14 12:40:00-04:00,247.55999755859375,247.7100067138672,247.52000427246094,247.64999389648438,247.64999389648438,152192,247.21326026351247,247.94902678953324,246.4774937374917,1.4715330520415364,0.3678832630103841,0.7967881913124575,False,False,False,False
2025-10-14 12:45:00-04:00,247.66000366210938,248.035400390625,247.66000366210938,247.89840698242188,247.89840698242188,233359,247.27529296969084,248.01456414193765,246.53602179744402,1.4785423444936328,0.3696355861234082,0.9214380569157383,False,False,False,False
2025-10-14 12:50:00-04:00,247.90499877929688,248.0,247.77000427246094,247.89999389648438,247.89999389648438,201581,247.33383643825823,248.0451796387882,246.62249323772826,1.4226864010599343,0.35567160026498357,0.8979495817239438,False,False,False,False
2025-10-14 12:55:00-04:00,247.89500427246094,247.92999267578125,247.57000732421875,247.5800018310547,247.5800018310547,201241,247.36807429591792,248.0802802467074,246.65586834512845,1.4244119015789352,0.3561029753947338,0.6487824799145867,False,False,False,False
2025-10-14 13:00:00-04:00,247.59500122070312,247.75,247.46499633789062,247.7100067138672,247.7100067138672,142020,247.39413080906093,248.0921168971933,246.69614472092854,1.3959721762647632,0.3489930440661908,0.726276648042842,False,False,False,False
2025-10-14 13:05:00-04:00,247.7100067138672,247.78500366210938,247.6199951171875,247.75,247.75,125489,247.42500720119153,248.08619638949506,246.763818012888,1.3223783766070483,0.33059459415176207,0.7457638483490113,False,False,False,False
2025-10-14 13:10:00-04:00,247.75,247.85000610351562,247.47000122070312,247.49000549316406,247.49000549316406,199344,247.44199104924894,248.1130622952846,246.77091980321327,1.342142492071332,0.335535623017833,0.5357744756601969,False,False,False,False
2025-10-14 13:15:00-04:00,247.5,247.67999267578125,247.49000549316406,247.55999755859375,247.55999755859375,185910,247.45481716289314,248.09677872084868,246.8128556049376,1.2839231159110795,0.3209807789777699,0.581921101347239,False,False,False,False
2025-10-14 13:20:00-04:00,247.57000732421875,247.8249969482422,247.57000732421875,247.75999450683594,247.75999450683594,112127,247.47991390227781,248.1106791823675,246.84914862218812,1.2615305601793807,0.3153826400448452,0.7220165039190942,False,False,False,False
2025-10-14 13:25:00-04:00,247.7550048828125,247.89999389648438,247.68800354003906,247.79800415039062,247.79800415039062,167548,247.50995389847085,248.12004072184064,246.89986707510107,1.2201736467395676,0.3050434116848919,0.7360731627743896,False,False,False,False
2025-10-14 13:30:00-04:00,247.80999755859375,247.82000732421875,247.4600067138672,247.52999877929688,247.52999877929688,208271,247.51884758488262,248.13992584798572,246.89776932177952,1.2421565262062018,0.31053913155155044,0.5089772860174969,False,False,False,False
2025-10-14 13:35:00-04:00,247.52999877929688,247.5800018310547,247.17999267578125,247.22000122070312,247.22000122070312,262802,247.50054450465694,248.13951677250444,246.86157223680945,1.277944535694985,0.31948613392374625,0.28047303609991925,False,False,True,False
2025-10-14 13:40:00-04:00,247.2100067138672,247.61000061035156,247.1999969482422,247.61000061035156,247.61000061035156,142487,247.49795290640216,248.15502867988678,246.84087713291754,1.3141515469692422,0.32853788674231055,0.5852623916988952,False,False,False,True
2025-10-14 13:45:00-04:00,247.60499572753906,247.77479553222656,247.5496063232422,247.56629943847656,247.56629943847656,151180,247.510551083378,248.14695712131103,246.87414504544498,1.2728120758660566,0.31820301896651415,0.5437993606091656,False,False,False,False
2025-10-14 13:50:00-04:00,247.58380126953125,247.7366943359375,247.4250030517578,247.61000061035156,247.61000061035156,147958,247.5181715515657,248.15327524254135,246.88306786059005,1.270207381951309,0.3175518454878272,0.5722945403173403,False,False,False,False
2025-10-14 13:55:00-04:00,247.61000061035156,247.63999938964844,247.40020751953125,247.59500122070312,247.59500122070312,153974,247.52073324919064,248.14028494509216,246.90118155328912,1.2391033918030416,0.3097758479507604,0.5599368640290904,False,False,False,False
2025-10-14 14:00:00-04:00,247.5800018310547,247.7050018310547,247.38499450683594,247.44039916992188,247.44039916992188,162513,247.5197235907856,248.14132158194073,246.89812559963045,1.243195982310283,0.31079899557757074,0.43619314895443795,False,False,True,False
2025-10-14 14:05:00-04:00,247.44500732421875,247.5500030517578,247.35000610351562,247.36000061035156,247.36000061035156,135079,247.5102264159687,248.10966399765675,246.91078883428065,1.1988751633761012,0.2997187908440253,0.374694371685793,False,False,False,False
2025-10-14 14:10:00-04:00,247.32000732421875,247.58999633789062,247.30819702148438,247.43499755859375,247.43499755859375,212030,247.50395694517704,248.09981063197753,246.90810325837654,1.191707373600991,0.2979268434002478,0.4421339599713036,False,False,False,False
2025-10-14 14:15:00-04:00,247.42999267578125,247.50250244140625,247.36000061035156,247.3769989013672,247.3769989013672,142027,247.49531031398956,248.06007899832096,246.93054162965817,1.1295373686627954,0.28238434216569885,0.3952567520962686,False,False,False,False
2025-10-14 14:20:00-04:00,247.3800048828125,247.41000366210938,247.2550048828125,247.2550048828125,247.2550048828125,253122,247.47734467861704,248.01663625037466,246.93805310685943,1.0785831435152318,0.26964578587880794,0.29385938196668654,False,False,False,False
2025-10-14 14:25:00-04:00,247.25,247.53500366210938,247.19000244140625,247.48500061035156,247.48500061035156,161153,247.47029619220487,248.02465885092735,246.9159335334824,1.1087253174449643,0.27718132936124107,0.5132624536621735,False,False,False,True
2025-10-14 14:30:00-04:00,247.49000549316406,247.61349487304688,247.48500061035156,247.5399932861328,247.5399932861328,140078,247.47752159515463,248.00214684054393,246.95289634976533,1.0492504907786042,0.26231262269465105,0.5595393488277787,False,False,False,False
2025-10-14 14:35:00-04:00,247.52999877929688,247.5399932861328,247.1699981689453,247.21640014648438,247.21640014648438,164919,247.46145260518952,248.0076143494774,246.91529086090165,1.0923234885757438,0.27308087214393595,0.275659444049249,False,False,True,False
2025-10-14 14:40:00-04:00,247.1999969482422,247.5279998779297,247.14439392089844,247.49000549316406,247.49000549316406,206694,247.45440630285376,248.0226730641191,246.88613954158842,1.1365335225306694,0.28413338063266735,0.5313226047490798,False,False,False,True
2025-10-14 14:45:00-04:00,247.47999572753906,247.5449981689453,247.35000610351562,247.5399932861328,247.5399932861328,164354,247.4566849901564,248.00712348838113,246.90624649193165,1.1008769964494718,0.27521924911236795,0.5756744815679745,False,False,False,False
2025-10-14 14:50:00-04:00,247.5399932861328,247.64999389648438,247.47999572753906,247.55999755859375,247.55999755859375,160080,247.4668415683198,247.99623585051114,246.93744728612847,1.0587885643826667,0.26469714109566667,0.58798356292057,False,False,False,False
2025-10-14 14:55:00-04:00,247.55999755859375,247.9600067138672,247.48500061035156,247.94000244140625,247.94000244140625,500891,247.49809506230918,248.0695511369845,246.92663898763385,1.14291214935065,0.2857280373376625,0.886650346965115,False,False,False,False
2025-10-14 15:00:00-04:00,247.94000244140625,248.75,247.9250030517578,248.50999450683594,248.50999450683594,997056,247.58351450267955,248.26282435953578,246.9042046458233,1.3586197137124714,0.33965492842811784,1.0,False,False,False,False
2025-10-14 15:05:00-04:00,248.48500061035156,248.6699981689453,248.19009399414062,248.27999877929688,248.27999877929688,304069,247.65937315138888,248.36673285752042,246.95201344525734,1.4147194122630822,0.35367985306577054,0.9386916744962188,False,False,False,False
2025-10-14 15:10:00-04:00,248.26499938964844,248.35000610351562,247.97500610351562,248.0449981689453,248.0449981689453,246943,247.70356016477967,248.41518390029805,246.9919364292613,1.4232474710367455,0.3558118677591864,0.7399006575553039,False,False,False,False
2025-10-14 15:15:00-04:00,248.0449981689453,248.05999755859375,247.89999389648438,247.99000549316406,247.99000549316406,243780,247.73020513157024,248.40266722595865,247.05774303718184,1.3449241887768153,0.3362310471942038,0.6931710082708097,False,False,False,False
2025-10-14 15:20:00-04:00,248.0,248.35000610351562,247.9949951171875,248.27000427246094,248.27000427246094,389177,247.77542386485447,248.45263987187437,247.09820785783458,1.3544320140397872,0.3386080035099468,0.8651570565962233,False,False,False,False
2025-10-14 15:25:00-04:00,248.26150512695312,248.42999267578125,248.09500122070312,248.4199981689453,248.4199981689453,304689,247.82681181631054,248.50330451364405,247.15031911897702,1.35298539466703,0.3382463486667575,0.9384277575891773,False,False,False,False
2025-10-14 15:30:00-04:00,248.42999267578125,248.7899932861328,248.38999938964844,248.6999969482422,248.6999969482422,508500,247.90298813932935,248.5918303462264,247.2141459324323,1.3776844137940998,0.34442110344852495,1.0,True,False,False,False
2025-10-14 15:35:00-04:00,248.6999969482422,248.84500122070312,247.8699951171875,248.4700927734375,248.4700927734375,965485,247.94984924070525,248.7648084476157,247.1348900337948,1.629918413820917,0.40747960345522927,0.8191837875569963,False,False,False,False
2025-10-14 15:40:00-04:00,248.4499969482422,248.47999572753906,246.77000427246094,247.08999633789062,247.08999633789062,486216,247.90192697453938,248.97738855177442,246.82646539730433,2.1509231544700924,0.5377307886175231,0.12251992361448028,False,False,True,False
2025-10-14 15:45:00-04:00,247.05999755859375,247.4199981689453,246.89999389648438,247.1999969482422,247.1999969482422,428119,247.832536755176,248.90445302917973,246.76062048117225,2.143832548007481,0.5359581370018702,0.20494906072692057,False,False,False,False
2025-10-14 15:50:00-04:00,247.2100067138672,247.64999389648438,246.72999572753906,247.4149932861328,247.4149932861328,587039,247.7784850931007,248.92720937349313,246.62976081270827,2.297448560784858,0.5743621401962145,0.3417845721674354,False,False,False,False
2025-10-14 15:55:00-04:00,247.39999389648438,248.02000427246094,247.1300048828125,247.85000610351562,247.85000610351562,1506900,247.76783620356062,248.97968793384348,246.55598447327776,2.4237034605657186,0.6059258651414297,0.5339026210474717,False,False,False,True
2025-10-15 09:30:00-04:00,249.3800048828125,250.25,248.63999938964844,249.11500549316406,249.11500549316406,2987027,247.91709005346954,249.487755390021,246.34642471691808,3.141330673102914,0.7853326682757285,0.8813401275935273,False,False,False,False
2025-10-15 09:35:00-04:00,249.11500549316406,249.64999389648438,249.03500366210938,249.4499969482422,249.4499969482422,487259,248.05625590573706,249.59285275550837,246.51965905596575,3.073193699542628,0.768298424885657,0.9535155212353039,False,False,False,False
2025-10-15 09:40:00-04:00,249.5,250.63499450683594,249.39500427246094,249.55999755859375,249.55999755859375,658170,248.22835840163165,249.85929361330082,246.59742318996248,3.261870423338337,0.8154676058345842,0.9082440391973761,False,False,False,False
2025-10-15 09:45:00-04:00,249.5500030517578,250.1199951171875,249.39999389648438,249.66000366210938,249.66000366210938,529538,248.37105419435818,249.98289612900106,246.7592122597153,3.2236838692857646,0.8059209673214411,0.8998374282391322,False,False,False,False
2025-10-15 09:50:00-04:00,249.71499633789062,250.2050018310547,249.32749938964844,249.8300018310547,249.8300018310547,282642,248.5059538917767,250.13211212123656,246.87979566231684,3.252316458919722,0.8130791147299306,0.9071091961689914,False,False,False,False
2025-10-15 09:55:00-04:00,249.8350067138672,250.8000030517578,249.80960083007812,250.77499389648438,250.77499389648438,429978,248.69219948234783,250.35382233319763,247.03057663149804,3.323245701699591,0.8308114254248977,1.0,True,False,False,False
2025-10-15 10:00:00-04:00,250.75,251.7288055419922,250.75,251.71400451660156,251.71400451660156,692121,248.94985699382562,250.64107866798886,247.25863531966237,3.3824433483264897,0.8456108370816224,1.0,False,False,False,False
2025-10-15 10:05:00-04:00,251.72000122070312,251.80999755859375,251.1999969482422,251.38999938964844,251.38999938964844,680886,249.18955295938142,250.83365258819865,247.5454533305642,3.28819925763446,0.822049814408615,1.0,False,False,False,False
2025-10-15 10:10:00-04:00,251.4199981689453,251.82000732421875,250.77000427246094,250.84500122070312,250.84500122070312,443249,249.37578641776994,251.06547669405703,247.68609614148286,3.379380552574162,0.8448451381435405,0.9347586133245755,False,False,False,False
2025-10-15 10:15:00-04:00,250.8699951171875,251.50999450683594,250.85299682617188,251.42999267578125,251.42999267578125,340500,249.5556475211185,251.20936742700343,247.90192761523355,3.307439811769882,0.8268599529424705,1.0,True,False,False,False
2025-10-15 10:20:00-04:00,251.4499969482422,251.47000122070312,251.13999938964844,251.1999969482422,251.1999969482422,270442,249.71891910826892,251.2732673897763,248.16457082676155,3.108696563014746,0.7771741407536865,0.9764304942444914,False,False,False,False
2025-10-15 10:25:00-04:00,251.22000122070312,251.3699951171875,250.77000427246094,250.85000610351562,250.85000610351562,361719,249.84060952631202,251.35952114861396,248.32169790401008,3.037823244603885,0.7594558111509713,0.8322762701867542,False,False,False,False
2025-10-15 10:30:00-04:00,250.8699951171875,251.19000244140625,250.85000610351562,251.19000244140625,251.19000244140625,316445,249.95832960273717,251.39334933038705,248.52330987508728,2.870039455299775,0.7175098638249437,0.9291483994739843,False,False,False,False
2025-10-15 10:35:00-04:00,251.17999267578125,251.4691925048828,250.86000061035156,250.86880493164062,250.86880493164062,309674,250.06382195952014,251.4771780933113,248.650465825729,2.826712267582309,0.7066780668955772,0.7847771176968739,False,False,False,False
2025-10-15 10:40:00-04:00,250.86000061035156,250.9250030517578,250.63999938964844,250.82000732421875,250.82000732421875,350298,250.1334582733952,251.46247952622912,248.8044370205613,2.6580425056678223,0.6645106264169556,0.7582912234697509,False,False,False,False
2025-10-15 10:45:00-04:00,250.82000732421875,250.85499572753906,250.42999267578125,250.4600067138672,250.4600067138672,238044,250.1761446320302,251.4572643699323,248.8950248941281,2.5622394758041764,0.6405598689510441,0.6107867100314244,False,False,False,False
2025-10-15 10:50:00-04:00,250.4600067138672,250.60000610351562,250.30499267578125,250.3800048828125,250.3800048828125,249447,250.2001627198403,251.41217316949906,248.98815227018156,2.4240208993174974,0.6060052248293744,0.5741916717891454,False,False,False,False
2025-10-15 10:55:00-04:00,250.37710571289062,250.63999938964844,250.27999877929688,250.5377960205078,250.5377960205078,252681,250.2273787842826,251.3901883110458,249.0645692575194,2.3256190535263954,0.5814047633815989,0.6334772501775501,False,False,False,False
2025-10-15 11:00:00-04:00,250.5500030517578,250.8498992919922,250.5500030517578,250.82000732421875,250.82000732421875,247042,250.27619698476263,251.38514621314638,249.16724775637888,2.2178984567675,0.554474614191875,0.7451917209269795,False,False,False,False
2025-10-15 11:05:00-04:00,250.8300018310547,250.8300018310547,250.52999877929688,250.58990478515625,250.58990478515625,206422,250.3117942686109,251.3698491845078,249.25373935271398,2.1161098317938354,0.5290274579484588,0.6314253694996532,False,False,False,False
2025-10-15 11:10:00-04:00,250.5659942626953,250.69000244140625,250.3800048828125,250.4199981689453,250.4199981689453,323190,250.32940133804996,251.34365027407594,249.31515240202398,2.0284978720519575,0.5071244680129894,0.54466202905291,False,False,False,False
2025-10-15 11:15:00-04:00,250.39999389648438,250.58990478515625,250.30499267578125,250.42999267578125,250.42999267578125,242933,250.3400897863855,251.3098962506839,249.37028332208712,1.9396129285967731,0.4849032321491933,0.5463509435672744,False,False,False,False
2025-10-15 11:20:00-04:00,250.41000366210938,250.47000122070312,250.10000610351562,250.17999267578125,250.17999267578125,209731,250.33150980672974,251.27833464803578,249.3846849654237,1.8936496826120788,0.4734124206530197,0.4199867154206208,False,False,True,False
2025-10-15 11:25:00-04:00,250.14999389648438,250.42999267578125,249.8000030517578,249.85989379882812,249.85989379882812,484912,250.30279107994176,251.2809313619219,249.32465079796162,1.956280563960263,0.48907014099006574,0.2736023711154006,False,False,False,False
2025-10-15 11:30:00-04:00,249.82000732421875,249.8699951171875,249.3800048828125,249.56500244140625,249.56500244140625,267800,250.23633486411893,251.21465916477604,249.25801056346182,1.956648601314214,0.4891621503285535,0.1568967865452338,False,False,False,False
2025-10-15 11:35:00-04:00,249.5500030517578,249.6999969482422,249.17999267578125,249.60000610351562,249.60000610351562,272988,250.16557267793422,251.1500654030178,249.18107995285064,1.9689854501671675,0.4922463625417919,0.21276244099692057,False,False,False,False
2025-10-15 11:40:00-04:00,249.6199951171875,249.6199951171875,249.0601043701172,249.44000244140625,249.44000244140625,258192,250.09012454761384,251.08814614960315,249.09210294562453,1.9960432039786156,0.4990108009946539,0.17429457192523026,False,False,False,False
2025-10-15 11:45:00-04:00,249.44000244140625,249.44000244140625,249.110107421875,249.36000061035156,249.36000061035156,201922,250.01519555811515,250.97939400381176,249.05099711241854,1.92839689139322,0.482099222848305,0.16023853767456156,False,False,False,False
2025-10-15 11:50:00-04:00,249.33999633789062,249.36000061035156,248.72000122070312,248.82000732421875,248.82000732421875,333527,249.9153359543351,250.91111443339173,248.91955747527845,1.9915569581132786,0.49788923952831965,0.0,False,True,False,False
2025-10-15 11:55:00-04:00,248.7949981689453,249.27999877929688,248.7949981689453,248.97000122070312,248.97000122070312,280822,249.8295896148411,250.82279036806239,248.8363888616198,1.9864015064425757,0.49660037661064393,0.0672635208189105,False,False,False,False
2025-10-15 12:00:00-04:00,248.9550018310547,249.6999969482422,248.91000366210938,249.431396484375,249.431396484375,295175,249.78364130532375,250.8355206404495,248.73176197019802,2.103758670251466,0.5259396675628665,0.332564055026972,False,False,False,False
2025-10-15 12:05:00-04:00,249.44000244140625,249.7899932861328,249.22000122070312,249.74000549316406,249.74000549316406,145115,249.7645643556104,250.82525417030948,248.7038745409113,2.1213796293981773,0.5303449073495443,0.4884231647622195,False,False,False,False
2025-10-15 12:10:00-04:00,249.71499633789062,249.85000610351562,249.49000549316406,249.85000610351562,249.85000610351562,172292,249.7612730741299,250.7878940294294,248.73465211883038,2.053241910599013,0.5133104776497532,0.5432160618423423,False,False,False,True
2025-10-15 12:15:00-04:00,249.85499572753906,249.92999267578125,249.6540069580078,249.75999450683594,249.75999450683594,170353,249.7631833889945,250.7423393923187,248.78402738567027,1.9583120066484412,0.4895780016621103,0.49837161690898707,False,False,True,False
2025-10-15 12:20:00-04:00,249.75999450683594,249.9512939453125,249.70050048828125,249.90719604492188,249.90719604492188,143871,249.77173704967805,250.7031361440761,248.84033795528,1.8627981887960914,0.46569954719902285,0.5727180196215292,False,False,False,True
2025-10-15 12:25:00-04:00,249.89999389648438,250.04969787597656,249.66000366210938,249.77499389648438,249.77499389648438,337453,249.77711750318713,250.69331553091882,248.86091947545543,1.8323960554633913,0.45809901386584784,0.49884107658034876,False,False,True,False
2025-10-15 12:30:00-04:00,249.77999877929688,249.9499053955078,249.63999938964844,249.72000122070312,249.72000122070312,146012,249.77643666179978,250.66299608793017,248.8898772356694,1.7731188522607795,0.44327971306519487,0.46817165356699236,False,False,False,False
2025-10-15 12:35:00-04:00,249.72000122070312,249.89500427246094,249.6199951171875,249.73500061035156,249.73500061035156,139524,249.7739188844855,250.62682419905755,248.92101356991347,1.7058106291440822,0.42645265728602055,0.4771848800394238,False,False,False,False
2025-10-15 12:40:00-04:00,249.74850463867188,249.75,249.4499969482422,249.4774932861328,249.4774932861328,168285,249.75346598229245,250.58108137575886,248.92585058882605,1.6552307869328047,0.41380769673320117,0.33327237607087556,False,False,False,False
2025-10-15 12:45:00-04:00,249.47500610351562,249.49000549316406,249.01409912109375,249.0749969482422,249.0749969482422,205331,249.70009149389952,250.54012662243335,248.8600563653657,1.680070257067655,0.4200175642669137,0.12793547291983196,False,False,False,False
2025-10-15 12:50:00-04:00,249.07000732421875,249.07000732421875,248.7100067138672,248.8209991455078,248.8209991455078,200351,249.62074986538826,250.44977952794372,248.7917202028328,1.6580593251109121,0.41451483127772804,0.01765856156748049,False,False,False,False
2025-10-15 12:55:00-04:00,248.81500244140625,249.07989501953125,248.72999572753906,248.9499969482422,248.9499969482422,138196,249.55400821774217,250.3701147724405,248.73790166304383,1.6322131093966732,0.4080532773491683,0.1299433780903507,False,False,False,False
2025-10-15 13:00:00-04:00,248.9600067138672,249.02000427246094,248.3300018310547,248.66000366210938,248.66000366210938,238498,249.46981726892943,250.3423136564392,248.59732088141968,1.7449927750195116,0.4362481937548779,0.035921513021162775,False,False,False,False
2025-10-15 13:05:00-04:00,248.6699981689453,248.92990112304688,248.5124969482422,248.64999389648438,248.64999389648438,123139,249.39625981372262,250.26498739744233,248.52753223000292,1.737455167439407,0.43436379185985174,0.0704833533413903,False,False,False,False
2025-10-15 13:10:00-04:00,248.67999267578125,248.6842041015625,247.8300018310547,247.83999633789062,247.83999633789062,291238,249.27452720513023,250.22722248457953,248.32183192568093,1.9053905588986026,0.47634763972465066,0.0,False,True,False,False
2025-10-15 13:15:00-04:00,247.81170654296875,248.10169982910156,247.47999572753906,247.94500732421875,247.94500732421875,281780,249.13811835641496,250.11988492823184,248.1563517845981,1.9635331436337538,0.49088328590843844,0.0,False,False,False,False
2025-10-15 13:20:00-04:00,247.89999389648438,248.23280334472656,247.72000122070312,248.1999969482422,248.1999969482422,139568,249.03457697369836,250.02072731313825,248.04842663425848,1.9723006788797761,0.49307516971994403,0.07684949643164961,False,False,False,False
2025-10-15 13:25:00-04:00,248.27000427246094,248.3249969482422,247.89999389648438,248.0904998779297,248.0904998779297,218369,248.94606141184315,249.9185973276906,247.9735254959957,1.9450718316949178,0.48626795792372945,0.060138849387412846,False,False,False,False
2025-10-15 13:30:00-04:00,248.10499572753906,248.63999938964844,248.0500030517578,248.57000732421875,248.57000732421875,205947,248.8959606350208,249.88924222686163,247.90267904317997,1.9865631836816533,0.4966407959204133,0.3359209948721756,False,False,False,False
2025-10-15 13:35:00-04:00,248.5800018310547,249.06430053710938,248.5800018310547,248.97999572753906,248.97999572753906,235019,248.89394210139034,249.8867541766252,247.90113002615547,1.9856241504697323,0.49640603761743307,0.5433383256989336,False,False,False,True
2025-10-15 13:40:00-04:00,248.9600067138672,249.14999389648438,248.88999938964844,249.1199951171875,249.1199951171875,162437,248.90912185056968,249.85465161964825,247.9635920814911,1.891059538157151,0.4727648845392878,0.6115106438284441,False,False,False,False
2025-10-15 13:45:00-04:00,249.14999389648438,249.39959716796875,249.11000061035156,249.2550048828125,249.2550048828125,186551,248.9420500127736,249.85094611646775,248.03315390907943,1.8177922073883224,0.4544480518470806,0.6721620704318784,False,False,False,False
2025-10-15 13:50:00-04:00,249.22999572753906,249.5500030517578,249.22500610351562,249.49000549316406,249.49000549316406,196478,248.9877282543646,249.8707341373378,248.10472237139143,1.7660117659463594,0.44150294148658986,0.7844133026091666,False,False,False,False
2025-10-15 13:55:00-04:00,249.47999572753906,249.72000122070312,249.36099243164062,249.47999572753906,249.47999572753906,151119,249.03845221045316,249.9049592629415,248.1719451579648,1.7330141049766894,0.43325352624417235,0.7547835680147815,False,False,False,False
2025-10-15 14:00:00-04:00,249.51040649414062,249.62939453125,249.22000122070312,249.27000427246094,249.27000427246094,143391,249.07032660388347,249.93206161323238,248.20859159453457,1.7234700186978102,0.43086750467445256,0.6158579298805174,False,False,False,False
2025-10-15 14:05:00-04:00,249.27000427246094,249.5399932861328,249.20799255371094,249.52000427246094,249.52000427246094,135899,249.10388248644392,249.9458441413423,248.26192083154555,1.6839233097967394,0.42098082744918486,0.7471144520632855,False,False,False,False
2025-10-15 14:10:00-04:00,249.50999450683594,249.63499450683594,249.30999755859375,249.41000366210938,249.41000366210938,153293,249.1370046536886,249.95976953274558,248.3142397746316,1.6455297581139803,0.41138243952849507,0.665903416255249,False,False,False,False
2025-10-15 14:15:00-04:00,249.42999267578125,249.61000061035156,249.4066925048828,249.48500061035156,249.48500061035156,93448,249.1716294081178,249.95277942036284,248.39047939587277,1.5623000244900709,0.3905750061225177,0.700583240940572,False,False,False,False
2025-10-15 14:20:00-04:00,249.4600067138672,249.8000030517578,249.4199981689453,249.6199951171875,249.6199951171875,160709,249.2136963323571,249.99273231994013,248.43466034477407,1.558071975166058,0.3895179937915145,0.7607702284017365,False,False,False,False
2025-10-15 14:25:00-04:00,249.60000610351562,249.7324981689453,249.5399932861328,249.64700317382812,249.64700317382812,109921,249.25428063812961,249.99391400351684,248.5146472727424,1.479266730774441,0.36981668269361023,0.7654845995846254,False,False,False,False
2025-10-15 14:30:00-04:00,249.64999389648438,249.8258056640625,249.5500030517578,249.82000732421875,249.82000732421875,138373,249.29977188021374,250.02060243152317,248.5789413289043,1.4416611026188662,0.36041527565471654,0.8608583480957975,False,False,False,False
2025-10-15 14:35:00-04:00,249.77999877929688,249.7899932861328,249.47999572753906,249.55499267578125,249.55499267578125,127949,249.32915810398555,250.0459079195,248.6124082884711,1.4334996310288943,0.3583749077572236,0.6575407254437928,False,False,False,False
2025-10-15 14:40:00-04:00,249.5399932861328,249.86000061035156,249.5,249.71800231933594,249.71800231933594,124395,249.36377806010398,250.0808530161373,248.64670310407067,1.43414991206663,0.3585374780166575,0.746992490988277,False,False,False,False
2025-10-15 14:45:00-04:00,249.7050018310547,249.77999877929688,249.6300048828125,249.7570037841797,249.7570037841797,104207,249.39792641775406,250.07329265748092,248.7225601780272,1.3507324794537112,0.3376831198634278,0.7658389961651386,False,False,False,False
2025-10-15 14:50:00-04:00,249.75,249.97999572753906,249.75,249.8571014404297,249.8571014404297,162524,249.44215873250667,250.09598749376863,248.7883299712447,1.3076575225239253,0.3269143806309813,0.8173175703697495,False,False,False,False
2025-10-15 14:55:00-04:00,249.86000061035156,249.99000549316406,249.75,249.94500732421875,249.94500732421875,186926,249.485286879169,250.1217338629376,248.8488398954004,1.2728939675371862,0.31822349188429655,0.8611616181505111,False,False,False,False
2025-10-15 15:00:00-04:00,249.9600067138672,250.0,249.69000244140625,249.75,249.75,268307,249.5165294761182,250.15133127322866,248.88172767900772,1.2696035942209392,0.3174008985552348,0.683892456625463,False,False,False,False
2025-10-15 15:05:00-04:00,249.75,249.82000732421875,249.58999633789062,249.65499877929688,249.65499877929688,205097,249.5328918257389,250.15021564040396,248.91556801107382,1.2346476293301407,0.3086619073325352,0.5989002454281128,False,False,False,False
2025-10-15 15:10:00-04:00,249.664794921875,249.75999450683594,249.49000549316406,249.75999450683594,249.75999450683594,172111,249.54594957271095,250.15553880864388,248.93636033677802,1.2191784718658596,0.3047946179664649,0.6755648898535793,False,False,False,False
2025-10-15 15:15:00-04:00,249.75079345703125,250.10000610351562,249.75,249.99989318847656,249.99989318847656,236452,249.58442736870649,250.20305890174924,248.96579583566373,1.237263066085518,0.3093157665213795,0.8357942471236433,False,False,False,False
2025-10-15 15:20:00-04:00,249.97999572753906,250.07000732421875,249.83999633789062,249.91000366210938,249.91000366210938,231987,249.61829166134456,250.22106223834868,249.01552108434043,1.2055411540082446,0.30138528850206114,0.741975978833173,False,False,False,False
2025-10-15 15:25:00-04:00,249.9149932861328,250.0500030517578,249.86000061035156,249.9199981689453,249.9199981689453,181131,249.6492480691865,250.22974207677146,249.06875406160157,1.1609880151698917,0.2902470037924729,0.7332066276491063,False,False,False,False
2025-10-15 15:30:00-04:00,249.92999267578125,250.07000732421875,249.8000030517578,249.8300018310547,249.8300018310547,183447,249.67312959297925,250.24957505429788,249.09668413166062,1.1528909226372548,0.2882227306593137,0.6360685863642582,False,False,False,False
2025-10-15 15:35:00-04:00,249.8300018310547,249.84280395507812,249.22999572753906,249.27000427246094,249.27000427246094,255052,249.65165070968214,250.29301327037675,249.01028814898754,1.2827251213892055,0.32068128034730137,0.20247215801942087,False,False,True,False
2025-10-15 15:40:00-04:00,249.26499938964844,249.49000549316406,249.08999633789062,249.49000549316406,249.49000549316406,286904,249.6235572238146,250.28078535949442,248.96632908813478,1.3144562713596315,0.3286140678399079,0.3983977378628226,False,False,False,False
2025-10-15 15:45:00-04:00,249.49099731445312,249.49099731445312,249.12100219726562,249.26499938964844,249.26499938964844,272873,249.59201205651058,250.2575164020599,248.92650771096126,1.3310086910986456,0.3327521727746614,0.25431214758468484,False,False,False,False
2025-10-15 15:50:00-04:00,249.25,249.3000030517578,248.22999572753906,248.33999633789062,248.33999633789062,783315,249.49975678500758,250.31271216084573,248.68680140916942,1.6259107516763152,0.4064776879190788,0.0,False,True,False,False
2025-10-15 15:55:00-04:00,248.35000610351562,249.4300994873047,248.1699981689453,249.42999267578125,249.42999267578125,2447582,249.45311614935704,250.43679625128325,248.46943604743083,1.9673602038524223,0.49184005096310557,0.48824644641560094,False,False,False,False
2025-10-16 09:30:00-04:00,248.27000427246094,248.3800048828125,246.6199951171875,247.49000549316406,247.49000549316406,3144837,249.2667878015822,250.71409940503455,247.81947619812988,2.8946232069046687,0.7236558017261672,0.0,False,True,False,False
2025-10-16 09:35:00-04:00,247.50999450683594,248.22000122070312,247.49000549316406,248.07000732421875,248.07000732421875,933588,249.13915766295807,250.587737251573,247.69057807434314,2.8971591772298666,0.7242897943074667,0.13096596585293832,False,False,False,False
2025-10-16 09:40:00-04:00,248.05999755859375,248.27999877929688,247.5,248.11099243164062,248.11099243164062,648480,249.0272058604839,250.48692724609668,247.5674844748711,2.91944277122559,0.7298606928063975,0.18616838875090022,False,False,False,False
2025-10-16 09:45:00-04:00,248.1199951171875,248.33999633789062,247.5,247.58999633789062,247.58999633789062,756167,248.91128126030387,250.39302977493352,247.4295327456742,2.9634970292593152,0.7408742573148288,0.054146702572035986,False,False,False,False
2025-10-16 09:50:00-04:00,247.625,247.9199981689453,247.30999755859375,247.52999877929688,247.52999877929688,757699,248.7851273150951,250.2407011003321,247.32955352985812,2.911147570473986,0.7277868926184965,0.06885437601025558,False,False,False,False
2025-10-16 09:55:00-04:00,247.52999877929688,247.8300018310547,247.35000610351562,247.5,247.5,492685,248.66844877507242,250.07446432729353,247.2624332228513,2.8120311044422124,0.7030077761105531,0.08448227218162624,False,False,False,False
2025-10-16 10:00:00-04:00,247.5,247.67999267578125,247.07000732421875,247.19000244140625,247.19000244140625,604448,248.53939023907841,249.9268013063899,247.15197917176692,2.7748221346229798,0.6937055336557449,0.013702957449015485,False,False,False,False
2025-10-16 10:05:00-04:00,247.17999267578125,247.47000122070312,247.0399932861328,247.21499633789062,247.21499633789062,528480,248.41579722725274,249.75046877474716,247.08112567975832,2.6693430949888466,0.6673357737472116,0.05015116205317505,False,False,False,False
2025-10-16 10:10:00-04:00,247.22999572753906,247.2899932861328,246.9199981689453,247.14999389648438,247.14999389648438,544609,248.29238750248464,249.56759091866712,247.01718408630217,2.5504068323649562,0.6376017080912391,0.052073970512013026,False,False,False,False
2025-10-16 10:15:00-04:00,247.14500427246094,247.64999389648438,246.86000061035156,247.17999267578125,247.17999267578125,516474,248.1912073334422,249.496889065233,246.8855256016514,2.611363463581597,0.6528408658953992,0.11276372601382986,False,False,False,False
2025-10-16 10:20:00-04:00,247.1905059814453,247.5800018310547,247.17999267578125,247.27999877929688,247.27999877929688,307668,248.11077467584875,249.36589006551515,246.85565928618234,2.510230779332801,0.6275576948332002,0.1690440164339457,False,False,False,False
2025-10-16 10:25:00-04:00,247.27999877929688,247.72999572753906,247.01010131835938,247.50999450683594,247.50999450683594,328922,248.04467205760074,249.31825479013642,246.77108932506505,2.547165465071373,0.6367913662678433,0.29008919597227045,False,False,False,False
2025-10-16 10:30:00-04:00,247.49000549316406,248.0500030517578,247.48170471191406,247.96400451660156,247.96400451660156,559013,248.02440844196488,249.28429256921575,246.764524314714,2.5197682545017415,0.6299420636254354,0.4760279838213686,False,False,False,False
2025-10-16 10:35:00-04:00,247.97000122070312,248.67999267578125,247.92999267578125,248.38009643554688,248.38009643554688,484241,248.05351499628915,249.33741071081494,246.76961928176337,2.5677914290515673,0.6419478572628918,0.6271837874224652,False,False,False,True
2025-10-16 10:40:00-04:00,248.3800048828125,248.7899932861328,248.3000030517578,248.5449981689453,248.5449981689453,400812,248.1003229174945,249.35382710744273,246.8468187275463,2.5070083798964333,0.6267520949741083,0.6773728620201793,False,False,False,False
2025-10-16 10:45:00-04:00,248.57000732421875,248.91000366210938,248.125,248.22000122070312,248.22000122070312,453737,248.13060977877478,249.41576428215004,246.84545527539953,2.570309006750506,0.6425772516876265,0.534778480600414,False,False,False,False
2025-10-16 10:50:00-04:00,248.16000366210938,248.6553955078125,247.9698028564453,248.57000732421875,248.57000732421875,483645,248.15611378995422,249.44987137326538,246.86235620664306,2.5875151666223246,0.6468787916555812,0.6599579162292668,False,False,False,False
2025-10-16 10:55:00-04:00,248.58399963378906,248.8000030517578,248.52000427246094,248.60000610351562,248.60000610351562,331019,248.20219861718823,249.42258019802767,246.9818170363488,2.4407631616788876,0.6101907904197219,0.6629848780795926,False,False,False,False
2025-10-16 11:00:00-04:00,248.6199951171875,248.77499389648438,248.08999633789062,248.13999938964844,248.13999938964844,313197,248.2148460385361,249.45018897301034,246.97950310406188,2.4706858689484648,0.6176714672371162,0.4697061249961629,False,False,True,False
2025-10-16 11:05:00-04:00,248.13999938964844,248.7899932861328,248.02000427246094,248.72999572753906,248.72999572753906,425641,248.24327318680673,249.50907963056792,246.97746674304554,2.5316128875223853,0.6329032218805963,0.6922578855287276,False,False,False,True
2025-10-16 11:10:00-04:00,248.7353057861328,248.9499053955078,248.5,248.9499053955078,248.9499053955078,304959,248.2962887814288,249.52549565991544,247.0670819029422,2.4584137569732434,0.6146034392433108,0.7658692468771897,False,False,False,False
2025-10-16 11:15:00-04:00,248.9199981689453,248.93499755859375,248.4499969482422,248.80499267578125,248.80499267578125,321368,248.33759420486788,249.543862084959,247.13132632477678,2.412535760182209,0.6031339400455522,0.6937374270788284,False,False,False,False
2025-10-16 11:20:00-04:00,248.8000030517578,249.0399932861328,248.45010375976562,248.49000549316406,248.49000549316406,401485,248.36830277389834,249.57192177125376,247.16468377654292,2.40723799471084,0.60180949867771,0.5505569950013796,False,False,False,False
2025-10-16 11:25:00-04:00,248.52000427246094,248.52000427246094,247.88999938964844,248.23500061035156,248.23500061035156,347815,248.35370264535123,249.5629607195336,247.14444457116886,2.418516148364745,0.6046290370911862,0.45091947801137044,False,False,True,False
2025-10-16 11:30:00-04:00,248.1699981689453,248.32000732421875,247.8800048828125,248.2949981689453,248.2949981689453,272769,248.3357312942377,249.51206404928308,247.1593985391923,2.3526655100907874,0.5881663775226968,0.482686393319548,False,False,False,False
2025-10-16 11:35:00-04:00,248.2989959716797,248.66310119628906,248.26010131835938,248.44000244140625,248.44000244140625,245998,248.34703323307394,249.48633268820075,247.20773377794714,2.2785989102536064,0.5696497275634016,0.5408010413390213,False,False,False,True
2025-10-16 11:40:00-04:00,248.42999267578125,248.45750427246094,247.80999755859375,247.99000549316406,247.99000549316406,239016,248.32215728466116,249.4770281370487,247.1672864322736,2.3097417047750923,0.5774354261937731,0.35619526598562257,False,False,True,False
2025-10-16 11:45:00-04:00,247.99000549316406,248.19000244140625,247.7100067138672,248.07000732421875,248.07000732421875,205915,248.29052378070907,249.42590669336568,247.15514086805246,2.2707658253132195,0.5676914563283049,0.40288894872728737,False,False,False,False
2025-10-16 11:50:00-04:00,248.0800018310547,248.33999633789062,247.8699951171875,247.9167938232422,247.9167938232422,182419,248.26687977868346,249.38272464421502,247.1510349131519,2.2316897310631134,0.5579224327657784,0.34312964720481026,False,False,False,False
2025-10-16 11:55:00-04:00,247.9149932861328,248.0301055908203,247.50169372558594,247.97000122070312,247.97000122070312,350484,248.2256468009393,249.3355895529646,247.115704048914,2.2198855040505805,0.5549713760126451,0.38483839379566853,False,False,False,False
2025-10-16 12:00:00-04:00,247.9600067138672,247.97999572753906,247.66000366210938,247.92999267578125,247.92999267578125,212269,248.19050558387937,249.25345247378806,247.12755869397068,2.1258937798173747,0.5314734449543437,0.377457232072761,False,False,False,False
2025-10-16 12:05:00-04:00,247.9600067138672,248.1999969482422,247.8701934814453,247.97259521484375,247.97259521484375,174059,248.17372046936802,249.19633336364524,247.1511075750908,2.0452257885544327,0.5113064471386082,0.4016610998894031,False,False,False,False
2025-10-16 12:10:00-04:00,247.97999572753906,248.13999938964844,247.75,247.99000549316406,247.99000549316406,177726,248.15336629396194,249.1517177767411,247.15501481118278,1.9967029655583133,0.4991757413895783,0.41818472571247145,False,False,False,False
2025-10-16 12:15:00-04:00,247.97000122070312,247.99000549316406,247.13999938964844,247.19500732421875,247.19500732421875,336351,248.0855857646015,249.15410331980587,247.0170682093971,2.1370351104087604,0.5342587776021901,0.08326447888242944,False,False,False,False
2025-10-16 12:20:00-04:00,247.22000122070312,247.52000427246094,247.03500366210938,247.49070739746094,247.49070739746094,311811,248.01539395629123,249.0740598780455,246.95672803453698,2.1173318435085093,0.5293329608771273,0.2521944609490836,False,False,False,False
2025-10-16 12:25:00-04:00,247.52999877929688,247.92999267578125,247.44000244140625,247.72000122070312,247.72000122070312,597177,247.98503886006955,249.03583623652338,246.93424148361572,2.1015947529076584,0.5253986882269146,0.37388737100731073,False,False,False,False
2025-10-16 12:30:00-04:00,247.70010375976562,247.7100067138672,246.41009521484375,246.55999755859375,246.55999755859375,605492,247.88107006346942,249.08876890344973,246.6733712234891,2.41539767996062,0.603849419990155,0.0,False,True,False,False
2025-10-16 12:35:00-04:00,246.5500030517578,246.97000122070312,246.47999572753906,246.74000549316406,246.74000549316406,278949,247.77144442064397,248.95637447525908,246.58651436602887,2.369860109230217,0.5924650273075542,0.0647680116380602,False,False,False,False
2025-10-16 12:40:00-04:00,246.7550048828125,247.16650390625,246.55999755859375,246.79409790039062,246.79409790039062,255292,247.68275445566945,248.8704927743543,246.49501613698462,2.3754766373696725,0.5938691593424181,0.12590389595966575,False,False,False,False
2025-10-16 12:45:00-04:00,246.77499389648438,246.77499389648438,246.0399932861328,246.7209930419922,246.7209930419922,865100,247.5712534035298,248.7910388131977,246.3514679938619,2.439570819335813,0.6098927048339533,0.15147133471243293,False,False,False,False
2025-10-16 12:50:00-04:00,246.6999969482422,247.29299926757812,246.67999267578125,247.22500610351562,247.22500610351562,393226,247.5231339697611,248.7435421568216,246.30272578270058,2.4408163741210274,0.6102040935302568,0.3778573147056891,False,False,False,False
2025-10-16 12:55:00-04:00,247.21009826660156,247.67999267578125,247.2100067138672,247.64999389648438,247.64999389648438,252593,247.52220036267695,248.71456492341423,246.32983580193968,2.3847291214745496,0.5961822803686374,0.5535882808058307,False,False,False,True
2025-10-16 13:00:00-04:00,247.64999389648438,247.75,246.91000366210938,247.1199951171875,247.1199951171875,250372,247.49722886081238,248.73835623305405,246.25610148857072,2.4822547444833276,0.6205636861208319,0.34802778825853165,False,False,True,False
2025-10-16 13:05:00-04:00,247.10009765625,247.3699951171875,246.8699951171875,247.09449768066406,247.09449768066406,283404,247.4604923951807,248.6775070301982,246.2434777601632,2.434029270035012,0.608507317508753,0.3496342180341296,False,False,False,False
2025-10-16 13:10:00-04:00,247.08389282226562,247.41000366210938,246.97999572753906,247.05999755859375,247.05999755859375,184478,247.43092159399657,248.61223635242638,246.24960683556677,2.362629516859613,0.5906573792149032,0.3430037241319784,False,False,False,False
2025-10-16 13:15:00-04:00,247.0,247.5,246.89999389648438,247.25,247.25,228417,247.4105161690599,248.59370067234985,246.22733166576992,2.36636900657993,0.5915922516449825,0.4321677352037837,False,False,False,False
2025-10-16 13:20:00-04:00,247.22000122070312,247.2899932861328,246.5800018310547,246.7126007080078,246.7126007080078,262347,247.35816846486992,248.5650328088465,246.15130412089334,2.413728687953153,0.6034321719882882,0.2325433632685744,False,False,False,False
2025-10-16 13:25:00-04:00,246.72000122070312,247.3498992919922,246.6300048828125,247.22000122070312,247.22000122070312,185538,247.33040338553334,248.5605601769482,246.1002465941185,2.4603135828297127,0.6150783957074282,0.45512679131607237,False,False,False,False
2025-10-16 13:30:00-04:00,247.22000122070312,247.4199981689453,246.97999572753906,246.97999572753906,246.97999572753906,191576,247.31099955910233,248.50614115965695,246.1158579585477,2.3902832011092414,0.5975708002773104,0.3615210819330284,False,False,False,False
2025-10-16 13:35:00-04:00,246.94000244140625,247.1300048828125,246.75,246.8000030517578,246.8000030517578,200941,247.2712220752059,248.42285049226757,246.11959365814425,2.3032568341233173,0.5758142085308293,0.29541186355473953,False,False,False,False
2025-10-16 13:40:00-04:00,246.7913055419922,246.85000610351562,246.30999755859375,246.46859741210938,246.46859741210938,688271,247.20185492754246,248.34632221188232,246.0573876432026,2.2889345686797355,0.5722336421699339,0.17965116807335113,False,False,False,False
2025-10-16 13:45:00-04:00,246.47000122070312,246.67999267578125,246.23500061035156,246.61000061035156,246.61000061035156,254025,247.1358050581411,248.2548240271329,246.0167860891493,2.23803793798362,0.559509484495905,0.26506008282269433,False,False,False,False
2025-10-16 13:50:00-04:00,246.6199951171875,246.6405029296875,246.1999969482422,246.24000549316406,246.24000549316406,209558,247.06193490565443,248.15715317403613,245.96671663727273,2.1904365367634,0.54760913419085,0.12476456236214463,False,False,False,False
2025-10-16 13:55:00-04:00,246.3155059814453,246.64999389648438,246.3155059814453,246.56500244140625,246.56500244140625,229826,247.00938562319004,248.07707974539764,245.94169150098244,2.1353882444151964,0.5338470611037991,0.2918958377025758,False,False,False,False
2025-10-16 14:00:00-04:00,246.5500030517578,246.6699981689453,245.86000061035156,245.88999938964844,245.88999938964844,288232,246.92658693428132,248.0495111559869,245.80366271257574,2.2458484434111483,0.5614621108527871,0.03844278866011103,False,False,False,False
2025-10-16 14:05:00-04:00,245.8737030029297,246.07000732421875,245.5500030517578,245.82000732421875,245.82000732421875,354270,246.82056334372103,247.93519599774825,245.70593068969382,2.229265308054437,0.5573163270136092,0.051172300628718616,False,False,False,False
2025-10-16 14:10:00-04:00,245.8699951171875,245.97999572753906,245.3679962158203,245.61000061035156,245.61000061035156,305162,246.70933485237333,247.83490414334156,245.5837655614051,2.251138581936459,0.5627846454841148,0.01165412434266626,False,False,False,False
2025-10-16 14:15:00-04:00,245.55999755859375,245.9062042236328,245.25999450683594,245.40350341796875,245.40350341796875,419854,246.59637287114532,247.73862717637613,245.4541185659145,2.2845086104616144,0.5711271526154036,0.0,False,True,False,False
2025-10-16 14:20:00-04:00,245.3699951171875,245.8300018310547,245.2899932861328,245.67999267578125,245.67999267578125,270455,246.50147982922573,247.6375104129178,245.36544924553365,2.2720611673841518,0.5680152918460379,0.1384396840907824,False,False,False,False
2025-10-16 14:25:00-04:00,245.7100067138672,245.85000610351562,245.3000030517578,245.66000366210938,245.66000366210938,583576,246.4159424746132,247.54837061028763,245.28351433893874,2.26485627134889,0.5662140678372225,0.1662310001448364,False,False,False,False
2025-10-16 14:30:00-04:00,245.63999938964844,245.82000732421875,245.1300048828125,245.2050018310547,245.2050018310547,275239,246.3177579226845,247.47494373307276,245.16057211229625,2.3143716207765124,0.5785929051941281,0.019197314018018365,False,False,False,False
2025-10-16 14:35:00-04:00,245.22000122070312,245.92999267578125,245.13999938964844,245.72000122070312,245.72000122070312,307755,246.24908235182988,247.44854823840586,245.0496164652539,2.3989317731519577,0.5997329432879894,0.27945136370777274,False,False,False,False
2025-10-16 14:40:00-04:00,245.74000549316406,246.91000366210938,245.63999938964844,246.32000732421875,246.32000732421875,500571,246.2529796000993,247.5864997525099,244.91945944768872,2.667040304821171,0.6667600762052928,0.5251318752094882,False,False,False,True
2025-10-16 14:45:00-04:00,246.36000061035156,246.70989990234375,246.27000427246094,246.35000610351562,246.35000610351562,315750,246.2711056787667,247.55925294191277,244.98295841562063,2.576294526292145,0.6440736315730362,0.5306255453107989,False,False,False,False
2025-10-16 14:50:00-04:00,246.36019897460938,246.44000244140625,246.17999267578125,246.4250030517578,246.4250030517578,231333,246.2784606353586,247.48979512531508,245.06712614540214,2.4226689799129417,0.6056672449782354,0.5604880062502248,False,False,False,False
2025-10-16 14:55:00-04:00,246.4499969482422,246.63999938964844,246.3300018310547,246.60499572753906,246.60499572753906,239872,246.30194047796707,247.45414103064664,245.1497399252875,2.3044011053591476,0.5761002763397869,0.6315115015642059,False,False,False,False
2025-10-16 15:00:00-04:00,246.60499572753906,246.75999450683594,246.41050720214844,246.72999572753906,246.72999572753906,222219,246.33351749392332,247.44039545227244,245.2266395355742,2.213755916698233,0.5534389791745582,0.6790975376395952,False,False,False,False
2025-10-16 15:05:00-04:00,246.72999572753906,246.85000610351562,246.58749389648438,246.8000030517578,246.8000030517578,206812,246.37278576598644,247.42147836990688,245.324093162066,2.097385207840887,0.5243463019602217,0.7036904256663313,False,False,False,False
2025-10-16 15:10:00-04:00,246.77999877929688,247.02000427246094,246.55999755859375,246.6699981689453,246.6699981689453,308502,246.4087109311306,247.44453561743245,245.37288624482875,2.0716493726037015,0.5179123431509254,0.6261252223808128,False,False,False,False
2025-10-16 15:15:00-04:00,246.67999267578125,246.7799072265625,246.48500061035156,246.5399932861328,246.5399932861328,267517,246.42708452889744,247.4183080698113,245.43586098798357,1.982447081827729,0.4956117704569323,0.5569542351321061,False,False,False,False
2025-10-16 15:20:00-04:00,246.5500030517578,246.9600067138672,246.2899932861328,246.9149932861328,246.9149932861328,393633,246.4551397574511,247.48124362982043,245.42903588508176,2.0522077447386664,0.5130519361846666,0.7240774745445074,False,False,False,False
2025-10-16 15:25:00-04:00,246.8903045654297,246.94500732421875,246.51499938964844,246.5500030517578,246.5500030517578,334062,246.47560294771367,247.48509801976013,245.4661078756672,2.0189901440929248,0.5047475360232312,0.5368501571252446,False,False,False,False
2025-10-16 15:30:00-04:00,246.55999755859375,246.6999969482422,246.35000610351562,246.66000366210938,246.66000366210938,258466,246.48459335630815,247.4631370900953,245.506049622521,1.957087467574297,0.48927186689357427,0.5896282402843412,False,False,False,False
2025-10-16 15:35:00-04:00,246.6750030517578,247.0449981689453,246.51499938964844,246.6999969482422,246.6999969482422,278394,246.51018746544818,247.49687658171598,245.5234983491804,1.9733782325355946,0.49334455813389866,0.5961850494064272,False,False,False,False
2025-10-16 15:40:00-04:00,246.7100067138672,247.0500030517578,246.6999969482422,247.0050048828125,247.0050048828125,311694,246.54905865549478,247.5070800808389,245.59103723015065,1.9160428506882567,0.4790107126720642,0.7379624376114268,False,False,False,False
2025-10-16 15:45:00-04:00,246.99000549316406,247.19000244140625,246.7100067138672,247.19000244140625,247.19000244140625,372999,246.59486296121526,247.5530813895328,245.63664453289772,1.9164368566350731,0.4791092141587683,0.810544789477674,False,False,False,False
2025-10-16 15:50:00-04:00,247.17999267578125,247.77999877929688,247.05999755859375,247.67999267578125,247.67999267578125,709581,246.68170106058116,247.6880978902076,245.67530423095474,2.01279365925285,0.5031984148132125,0.995973151848389,False,False,False,False
2025-10-16 15:55:00-04:00,247.6999969482422,247.91000366210938,247.2100067138672,247.42999267578125,247.42999267578125,1803815,246.76122169137528,247.8069782276875,245.71546515506307,2.091513072624423,0.5228782681561057,0.8197546279578332,False,False,False,False
2025-10-17 09:30:00-04:00,248.02000427246094,249.09829711914062,247.3699951171875,248.3800048828125,248.3800048828125,4358671,246.90613064518527,248.1929719282569,245.61928936211365,2.5736825661432476,0.6434206415358119,1.0,True,False,False,False
2025-10-17 09:35:00-04:00,248.35000610351562,249.19000244140625,247.7100067138672,247.79319763183594,247.79319763183594,560732,247.03231524364728,248.48647154391955,245.578158943375,2.908312600544548,0.727078150136137,0.7616233165740834,False,False,False,False
2025-10-17 09:40:00-04:00,247.77499389648438,248.10000610351562,247.33999633789062,247.5699005126953,247.5699005126953,898212,247.0930440443825,248.55378666775255,245.63230142101247,2.921485246740076,0.730371311685019,0.6632239864448747,False,False,False,False
2025-10-17 09:45:00-04:00,247.5,248.47000122070312,247.27000427246094,248.2449951171875,248.2449951171875,914619,247.17894463096042,248.73361238164188,245.62427688027896,3.1093355013629207,0.7773338753407302,0.8428547629420499,False,False,False,False
2025-10-17 09:50:00-04:00,248.24000549316406,248.889892578125,248.17999267578125,248.6300048828125,248.6300048828125,552001,247.3111051466378,248.8522861027199,245.7699241905557,3.082361912164174,0.7705904780410435,0.9278860736533953,False,False,False,False
2025-10-17 09:55:00-04:00,248.60000610351562,248.88999938964844,248.32009887695312,248.41000366210938,248.41000366210938,467344,247.428145987552,248.92918895056494,245.92710302453906,3.0020859260258703,0.7505214815064676,0.8270584849172348,False,False,False,False
2025-10-17 10:00:00-04:00,248.41000366210938,249.30999755859375,248.25999450683594,248.92999267578125,248.92999267578125,465231,247.5619728694109,249.1229121464741,246.0010335923477,3.121878554126397,0.7804696385315992,0.9382040437037942,False,False,False,False
2025-10-17 10:05:00-04:00,248.92999267578125,249.1199951171875,248.42999267578125,248.53460693359375,248.53460693359375,319522,247.66986734935787,249.212713186996,246.12702151171973,3.08569167527628,0.77142291881907,0.780241733535627,False,False,False,False
2025-10-17 10:10:00-04:00,248.61000061035156,249.8800048828125,248.5399932861328,249.80999755859375,249.80999755859375,515715,247.83559413283297,249.49323497655104,246.1779532891149,3.3152816874361406,0.8288204218590352,1.0,True,False,False,False
2025-10-17 10:15:00-04:00,249.82000732421875,250.32000732421875,249.27459716796875,249.43890380859375,249.43890380859375,862927,248.01104574877843,249.71200453937468,246.31008695818218,3.4019175811924924,0.8504793952981231,0.919721532264402,False,False,False,False
2025-10-17 10:20:00-04:00,249.4199981689453,249.72999572753906,249.17010498046875,249.7288055419922,249.7288055419922,342818,248.1569431774662,249.7997842384169,246.5141021165155,3.2856821219014023,0.8214205304753506,0.9783975765788238,False,False,False,False
2025-10-17 10:25:00-04:00,249.71009826660156,249.9199981689453,249.51499938964844,249.5601043701172,249.5601043701172,885201,248.3005708725872,249.86012758330222,246.7410141618722,3.119113421430029,0.7797783553575073,0.9038113807841346,False,False,False,False
2025-10-17 10:30:00-04:00,249.6439971923828,249.71499633789062,249.33999633789062,249.60000610351562,249.60000610351562,363383,248.41972281422323,249.89832385386674,246.94112177457973,2.957202079287015,0.7393005198217537,0.8991216216028626,False,False,False,False
2025-10-17 10:35:00-04:00,249.67999267578125,249.7050018310547,249.0417022705078,249.0800018310547,249.0800018310547,361557,248.50123194088823,249.96463278867677,247.0378310930997,2.926801695577069,0.7317004238942673,0.6977482420626865,False,False,False,False
2025-10-17 10:40:00-04:00,249.10000610351562,249.6540069580078,248.9499969482422,249.20010375976562,249.20010375976562,384885,248.57426088829618,250.032123653259,247.11639812333337,2.9157255299256235,0.7289313824814059,0.7146439591264988,False,False,False,False
2025-10-17 10:45:00-04:00,249.2165069580078,249.86000061035156,249.0500030517578,249.72000122070312,249.72000122070312,229840,248.66655365711915,250.14062965730443,247.19247765693387,2.9481520003705555,0.7370380000926389,0.8573247117012841,False,False,False,False
2025-10-17 10:50:00-04:00,249.75,249.85000610351562,249.22000122070312,249.23899841308594,249.23899841308594,216330,248.73986618937144,250.19253556610067,247.2871968126422,2.905338753458466,0.7263346883646165,0.671798287934699,False,False,False,False
2025-10-17 10:55:00-04:00,249.24000549316406,249.2449951171875,248.6652069091797,248.87399291992188,248.87399291992188,261613,248.75778988391667,250.18114996457456,247.3344298032588,2.8467201613157727,0.7116800403289432,0.5408199715533307,False,False,False,False
2025-10-17 11:00:00-04:00,248.88999938964844,249.5,248.7899932861328,249.35000610351562,249.35000610351562,280598,248.80117495496106,250.2242003703266,247.3781495395955,2.8460508307310874,0.7115127076827719,0.6928395454601163,False,False,False,False
2025-10-17 11:05:00-04:00,249.33999633789062,249.58200073242188,249.21499633789062,249.22999572753906,249.22999572753906,217364,248.85271361949972,250.20683737223496,247.4985898667645,2.7082475054704673,0.6770618763676168,0.6393085776972952,False,False,False,False
2025-10-17 11:10:00-04:00,249.22000122070312,249.5399932861328,248.69500732421875,248.69500732421875,248.69500732421875,227622,248.86451892350198,250.25222749334648,247.47681035365747,2.7754171396890115,0.6938542849222529,0.4389239199905569,False,False,True,False
2025-10-17 11:15:00-04:00,248.74000549316406,249.0399932861328,248.6699981689453,248.75,248.75,279341,248.86027875475824,250.18321549105582,247.53734201846066,2.645873472595156,0.661468368148789,0.45832047303075457,False,False,False,False
2025-10-17 11:20:00-04:00,248.75,248.8000030517578,248.22999572753906,248.5399932861328,248.5399932861328,381330,248.82818846273142,250.13283299024297,247.52354393521986,2.609289055023112,0.652322263755778,0.38955030641629956,False,False,False,False
2025-10-17 11:25:00-04:00,248.5399932861328,248.8000030517578,248.33380126953125,248.47999572753906,248.47999572753906,255468,248.80054511862457,250.0679655498303,247.53312468741885,2.5348408624114427,0.6337102156028607,0.3735425975496694,False,False,False,False
2025-10-17 11:30:00-04:00,248.47999572753906,248.74000549316406,248.36000061035156,248.6300048828125,248.6300048828125,258374,248.77922371006758,249.99590307471522,247.56254434541995,2.4333587292952643,0.6083396823238161,0.43867783427957646,False,False,False,False
2025-10-17 11:35:00-04:00,248.61000061035156,248.77999877929688,248.09719848632812,248.55499267578125,248.55499267578125,375220,248.75047827550262,249.98204976227925,247.51890678872599,2.4631429735532606,0.6157857433883152,0.42063570737862466,False,False,False,False
2025-10-17 11:40:00-04:00,248.55999755859375,249.11000061035156,248.5399932861328,249.08990478515625,249.08990478515625,725718,248.76598506455446,249.98840086749718,247.54356926161174,2.4448316058854402,0.6112079014713601,0.6324916283894653,False,False,False,True
2025-10-17 11:45:00-04:00,249.0780029296875,249.52999877929688,248.9499969482422,249.4499969482422,249.4499969482422,280570,248.81779577827248,250.03397036713187,247.6016211894131,2.432349177718777,0.6080872944296942,0.7599138214862003,False,False,False,False
2025-10-17 11:50:00-04:00,249.4499969482422,249.67999267578125,249.2899932861328,249.5500030517578,249.5500030517578,362767,248.8834021807758,250.0559591886789,247.71084517287267,2.345114015806246,0.5862785039515614,0.7842509432330722,False,False,False,False
2025-10-17 11:55:00-04:00,249.5500030517578,249.77999877929688,249.44000244140625,249.57749938964844,249.57749938964844,285968,248.95157024642737,250.0748708211183,247.82826967173642,2.2466011493818883,0.5616502873454721,0.7786116010816093,False,False,False,False
2025-10-17 12:00:00-04:00,249.5399932861328,250.0998992919922,249.5399932861328,249.91000366210938,249.91000366210938,438429,249.03713169090204,250.16008340929577,247.91417997250832,2.2459034367874438,0.5614758591968609,0.8886507126307681,False,False,False,False
2025-10-17 12:05:00-04:00,249.9149932861328,250.2100067138672,249.83999633789062,250.1699981689453,250.1699981689453,313879,249.13581760036226,250.22047622211193,248.0511589786126,2.1693172434993357,0.5423293108748339,0.9767309030904175,False,False,False,False
2025-10-17 12:10:00-04:00,250.17999267578125,250.17999267578125,249.6699981689453,249.77999877929688,249.77999877929688,282583,249.2063743248999,250.2845659858418,248.12818266395803,2.156383321883766,0.5390958304709415,0.7660122848176448,False,False,False,False
2025-10-17 12:15:00-04:00,249.7899932861328,250.02000427246094,249.4501953125,249.66099548339844,249.66099548339844,304826,249.25437661358754,250.33871090042743,248.17004232674765,2.1686685736797813,0.5421671434199453,0.6874970084160674,False,False,False,False
2025-10-17 12:20:00-04:00,249.66000366210938,250.1750030517578,249.6300048828125,250.02999877929688,250.02999877929688,346088,249.320150482575,250.40505097451995,248.23524999063005,2.1698009838898997,0.5424502459724749,0.8271490344009781,False,False,False,False
2025-10-17 12:25:00-04:00,250.02099609375,250.35000610351562,249.9600067138672,250.29649353027344,250.29649353027344,303292,249.40415222542995,250.4585625461101,248.3497419047498,2.108820641360296,0.527205160340074,0.9231470838922927,False,False,False,False
2025-10-17 12:30:00-04:00,250.29330444335938,250.77000427246094,250.27520751953125,250.50999450683594,250.50999450683594,489840,249.5102712610661,250.55819990026416,248.46234262186803,2.0958572783961245,0.5239643195990311,0.9769996774469735,False,False,False,False
2025-10-17 12:35:00-04:00,250.52000427246094,250.85000610351562,250.39999389648438,250.75,250.75,460571,249.62040415683757,250.65354237352207,248.58726594015306,2.066276433369012,0.516569108342253,1.0,True,False,False,False
2025-10-17 12:40:00-04:00,250.72999572753906,250.86000061035156,250.52999877929688,250.61639404296875,250.61639404296875,385423,249.72025117150756,250.71607593273455,248.72442641028056,1.9916495224539972,0.4979123806134993,0.9499500847704458,False,False,False,False
2025-10-17 12:45:00-04:00,250.63999938964844,251.06199645996094,250.44000244140625,250.97000122070312,250.97000122070312,603410,249.8253701114297,250.84601120024493,248.80472902261445,2.041282177630478,0.5103205444076195,1.0,True,False,False,False
2025-10-17 12:50:00-04:00,251.0,251.36000061035156,250.86000061035156,250.96499633789062,250.96499633789062,423895,249.94311256299494,250.96168954292867,248.9245355830612,2.037153959867453,0.5092884899668633,1.0,False,False,False,False
2025-10-17 12:55:00-04:00,250.9739990234375,251.2899932861328,250.8303985595703,251.1300048828125,251.1300048828125,340600,250.05171761186895,251.0603558391218,249.0430793846161,2.0172764545056907,0.5043191136264227,1.0,False,False,False,False
2025-10-17 13:00:00-04:00,251.13209533691406,251.14930725097656,250.36000061035156,250.5050048828125,250.5050048828125,1513236,250.1107385613462,251.17637429399878,249.04510282869364,2.131271465305133,0.5328178663262833,0.6849911322346931,False,False,False,False
2025-10-17 13:05:00-04:00,250.52000427246094,250.86000061035156,250.41600036621094,250.55259704589844,250.55259704589844,281137,250.15824276256598,251.2061149707814,249.11037055435054,2.0957444164308754,0.5239361041077188,0.6881690726410524,False,False,False,False
2025-10-17 13:10:00-04:00,250.5500030517578,251.3300018310547,250.47000122070312,251.11000061035156,251.11000061035156,369079,250.23555309191238,251.35063820137657,249.1204679824482,2.2301702189283787,0.5575425547320947,0.8920990025861635,False,False,False,False
2025-10-17 13:15:00-04:00,251.10000610351562,251.1300048828125,250.68170166015625,250.73519897460938,250.73519897460938,225844,250.2939736075264,251.38721085057543,249.20073636447736,2.1864744860980636,0.5466186215245159,0.701797628963135,False,False,False,False
2025-10-17 13:20:00-04:00,250.735107421875,251.07000732421875,250.61659240722656,250.8300018310547,250.8300018310547,262146,250.34586823419053,251.4204647363331,249.27127173204798,2.1491930042851095,0.5372982510712774,0.7252629688905919,False,False,False,False
2025-10-17 13:25:00-04:00,250.83999633789062,251.0800018310547,250.77000427246094,250.81500244140625,250.81500244140625,708779,250.3975318482334,251.42666821188047,249.36839548458633,2.0582727272941383,0.5145681818235346,0.7028256934258024,False,False,False,False
2025-10-17 13:30:00-04:00,250.8000030517578,250.89999389648438,250.41000366210938,250.88999938964844,250.88999938964844,214764,250.42951284517125,251.4537336193286,249.4052920710139,2.048441548314713,0.5121103870786783,0.7247984790466888,False,False,False,False
2025-10-17 13:35:00-04:00,250.86000061035156,251.00999450683594,250.60000610351562,250.7050018310547,250.7050018310547,208839,250.46209900091387,251.46589537831954,249.4583026235082,2.0075927548113555,0.5018981887028389,0.6209920834585028,False,False,False,False
2025-10-17 13:40:00-04:00,250.69000244140625,250.8300018310547,250.35000610351562,250.5,250.5,204799,250.47142315747985,251.47083904265278,249.4720072723069,1.9988317703458733,0.49970794258646833,0.5142967722167071,False,False,False,False
2025-10-17 13:45:00-04:00,250.50010681152344,250.72000122070312,250.2449951171875,250.72000122070312,250.72000122070312,250353,250.48001769989745,251.4744932172562,249.4855421825387,1.988951034717502,0.4972377586793755,0.6206583352816253,False,False,False,False
2025-10-17 13:50:00-04:00,250.7263946533203,251.34640502929688,250.7100067138672,251.2969970703125,251.2969970703125,507591,250.5407591511287,251.56306677983753,249.51845152241987,2.044615257417661,0.5111538143544152,0.8698680797965521,False,False,False,False
2025-10-17 13:55:00-04:00,251.27000427246094,251.3699951171875,250.9600067138672,251.3000030517578,251.3000030517578,275894,250.60449652984062,251.60657107634262,249.60242198333862,2.0041490930040027,0.5010372732510007,0.8470333241898219,False,False,False,False
2025-10-17 14:00:00-04:00,251.31900024414062,251.7100067138672,251.31900024414062,251.4600067138672,251.4600067138672,394645,250.68943380229626,251.67330162656995,249.70556597802258,1.9677356485473751,0.4919339121368438,0.8916038783663734,False,False,False,False
2025-10-17 14:05:00-04:00,251.46499633789062,251.94000244140625,251.4499969482422,251.92999267578125,251.92999267578125,371723,250.7926620771706,251.77614421764972,249.8091799366915,1.9669642809582228,0.4917410702395557,1.0,True,False,False,False
2025-10-17 14:10:00-04:00,251.9208984375,252.02999877929688,251.6649932861328,251.83299255371094,251.83299255371094,409069,250.8926620259842,251.85079705104823,249.93452700092018,1.9162700501280483,0.4790675125320121,0.99070877440468,False,False,False,False
2025-10-17 14:15:00-04:00,251.8249969482422,252.1790008544922,251.8011932373047,252.08999633789062,252.08999633789062,353716,251.00035105302342,251.93823409901853,250.06246800702831,1.875766091990215,0.46894152299755376,1.0,True,False,False,False
2025-10-17 14:20:00-04:00,252.11000061035156,252.53500366210938,252.11000061035156,252.33999633789062,252.33999633789062,475310,251.12682557528632,252.05992178152567,250.19372936904696,1.8661924124787106,0.46654810311967765,1.0,False,False,False,False
2025-10-17 14:25:00-04:00,252.35000610351562,252.38980102539062,252.14999389648438,252.3000030517578,252.3000030517578,286281,251.23664529743786,252.12439330883453,250.3488972860412,1.7754960227933339,0.44387400569833346,1.0,False,False,False,False
2025-10-17 14:30:00-04:00,252.2823944091797,252.44000244140625,252.0399932861328,252.1699981689453,252.1699981689453,286866,251.32998047217345,252.20895551348514,250.45100543086176,1.7579500826233811,0.4394875206558453,0.9778393340488438,False,False,False,False
2025-10-17 14:35:00-04:00,252.1804962158203,252.33999633789062,251.8000946044922,251.81649780273438,251.81649780273438,296310,251.39241372070035,252.29147160456057,250.49335583684012,1.7981157677204465,0.4495289419301116,0.7358491536791644,False,False,False,False
2025-10-17 14:40:00-04:00,251.81500244140625,251.94000244140625,251.75,251.75,251.75,257765,251.4325013803608,252.27965396411625,250.58534879660536,1.6943051675108904,0.4235762918777226,0.687391637425998,False,False,False,False
2025-10-17 14:45:00-04:00,251.77000427246094,251.99000549316406,251.6999969482422,251.97999572753906,251.97999572753906,279070,251.47607261934058,252.29651165370484,250.65563358497633,1.6408780687285116,0.4102195171821279,0.8071057611178626,False,False,False,False
2025-10-17 14:50:00-04:00,251.9600067138672,252.2550048828125,251.92999267578125,252.1269073486328,252.1269073486328,261284,251.5358722082042,252.3392697805383,250.73247463587012,1.6067951446681832,0.4016987861670458,0.8678347811728393,False,False,False,False
2025-10-17 14:55:00-04:00,252.11000061035156,252.30999755859375,252.01499938964844,252.27349853515625,252.27349853515625,230253,251.59907471165775,252.3811321605475,250.817017262768,1.5641148977795183,0.39102872444487957,0.9311856018096498,False,False,False,False
2025-10-17 15:00:00-04:00,252.27999877929688,252.4949951171875,252.25999450683594,252.48500061035156,252.48500061035156,387404,251.6766228417975,252.42747466786858,250.9257710157264,1.5017036521421687,0.3754259130355422,1.0,True,False,False,False
2025-10-17 15:05:00-04:00,252.47999572753906,252.54989624023438,252.10009765625,252.33999633789062,252.33999633789062,353891,251.73884892779694,252.5045752880578,250.97312256753608,1.5314527205217132,0.3828631801304283,0.8925340965726306,False,False,False,False
2025-10-17 15:10:00-04:00,252.34500122070312,252.63999938964844,252.32000732421875,252.62539672851562,252.62539672851562,414710,251.81405072649508,252.5672028638158,251.06089858917437,1.5063042746414226,0.37657606866035565,1.0,True,False,False,False
2025-10-17 15:15:00-04:00,252.6199951171875,252.67999267578125,252.36000061035156,252.55599975585938,252.55599975585938,328779,251.8824266268921,252.62426196356668,251.14059129021754,1.4836706733491383,0.37091766833728457,0.9539909975080819,False,False,False,False
2025-10-17 15:20:00-04:00,252.55499267578125,252.82000732421875,252.44000244140625,252.68409729003906,252.68409729003906,448914,251.95534177530442,252.69899455487402,251.21168899573482,1.4873055591392017,0.3718263897848004,0.9899837227505698,False,False,False,False
2025-10-17 15:25:00-04:00,252.68499755859375,252.76499938964844,252.63499450683594,252.75999450683594,252.75999450683594,437409,252.028165999984,252.72345447815914,251.33287752180885,1.3905769563502872,0.3476442390875718,1.0,True,False,False,False
2025-10-17 15:30:00-04:00,252.75,252.78990173339844,252.4199981689453,252.75,252.75,652336,252.08770256831392,252.78744291156218,251.38796222506565,1.3994806864965312,0.3498701716241328,0.9732451387693561,False,False,False,False
2025-10-17 15:35:00-04:00,252.75999450683594,253.32000732421875,252.75999450683594,253.30999755859375,253.30999755859375,812521,252.186968971003,252.9307367447702,251.44320119723582,1.487535547534378,0.3718838868835945,1.0,True,False,False,False
2025-10-17 15:40:00-04:00,253.27999877929688,253.3800048828125,253.09500122070312,253.21499633789062,253.21499633789062,687200,252.2863053369839,253.01269706579623,251.55991360817157,1.4527834576246619,0.36319586440616547,1.0,False,False,False,False
2025-10-17 15:45:00-04:00,253.22000122070312,253.341796875,253.0800018310547,253.3000030517578,253.3000030517578,832757,252.377190598789,253.0833021635092,251.67107903406884,1.4122231294403491,0.3530557823600873,1.0,False,False,False,False
2025-10-17 15:50:00-04:00,253.27999877929688,253.2899932861328,252.1199951171875,252.1199951171875,252.1199951171875,2379160,252.38983859003156,253.26134058519378,251.51833659486934,1.7430039903244392,0.4357509975811098,0.34518482209909873,False,False,True,False
2025-10-17 15:55:00-04:00,252.1300048828125,252.54989624023438,252.1199951171875,252.3000030517578,252.3000030517578,1883814,252.38350140397077,253.25383342422614,251.5131693837154,1.740664040510751,0.43516601012768774,0.4520307478814488,False,False,False,False
2025-10-20 09:30:00-04:00,255.88499450683594,259.20001220703125,255.6300048828125,258.3999938964844,258.3999938964844,6569717,252.8939619364919,255.0572625857764,250.7306612872074,4.326601298569017,1.0816503246422542,1.0,True,False,False,True
2025-10-20 09:35:00-04:00,258.3999938964844,258.70001220703125,257.7301025390625,258.29998779296875,258.29998779296875,1457843,253.40342913425656,255.54438165220637,251.26247661630674,4.2819050358996265,1.0704762589749066,1.0,False,False,False,False
2025-10-20 09:40:00-04:00,258.3599853515625,258.95001220703125,258.2699890136719,258.4599914550781,258.4599914550781,1210370,253.89453088895533,255.95739279378205,251.8316689841286,4.1257238096534365,1.0314309524133591,1.0,False,False,False,False
2025-10-20 09:45:00-04:00,258.4700012207031,258.6199951171875,257.739990234375,258.0950012207031,258.0950012207031,915799,254.29997196531724,256.33254865622376,252.2673952744107,4.065153381813076,1.016288345453269,1.0,False,False,False,False
2025-10-20 09:50:00-04:00,258.1400146484375,259.1199951171875,258.010009765625,258.8900146484375,258.8900146484375,1264115,254.71648319183464,256.76779928396303,252.66516709970625,4.102632184256777,1.0256580460641942,1.0,False,False,False,False
2025-10-20 09:55:00-04:00,258.9100036621094,259.8699951171875,258.4200134277344,258.9775085449219,258.9775085449219,2325593,255.13292977959148,257.26911060039765,252.9967489587853,4.272361641612349,1.0680904104030873,1.0,False,False,False,False
2025-10-20 10:00:00-04:00,258.8900146484375,259.56988525390625,258.42010498046875,258.8800048828125,258.8800048828125,1331709,255.49709504239823,257.6496138358113,253.34457624898516,4.305037586826131,1.0762593967065328,1.0,False,False,False,False
2025-10-20 10:05:00-04:00,258.8800048828125,258.989990234375,258.4599914550781,258.4800109863281,258.4800109863281,936030,255.79673655187716,257.8400032218083,253.75346988194605,4.086533339862228,1.021633334965557,1.0,False,False,False,False
2025-10-20 10:10:00-04:00,258.4800109863281,258.82000732421875,258.0701904296875,258.6600036621094,258.6600036621094,955871,256.05578390934966,258.0446872911939,254.0668805275054,3.9778067636885055,0.9944516909221264,1.0,False,False,False,False
2025-10-20 10:15:00-04:00,258.67999267578125,258.75,258.40008544921875,258.4599914550781,258.4599914550781,661299,256.2920608990718,258.15205685288794,254.43206494525575,3.719991907632192,0.929997976908048,1.0,False,False,False,False
2025-10-20 10:20:00-04:00,258.45001220703125,258.9800109863281,258.45001220703125,258.864990234375,258.864990234375,778286,256.52757933496133,258.3075754492552,254.74758322066748,3.559992228587703,0.8899980571469257,1.0,False,False,False,False
2025-10-20 10:25:00-04:00,258.8800048828125,259.7699890136719,258.80999755859375,259.5050048828125,259.5050048828125,1120099,256.797492142904,258.59148693678407,255.0034973490239,3.587989587760177,0.8969973969400442,1.0,False,False,False,False
2025-10-20 10:30:00-04:00,259.489990234375,260.20001220703125,259.07000732421875,259.6000061035156,259.6000061035156,2662575,257.0666206891279,258.90721698018245,255.2260243980733,3.681192582109162,0.9202981455272905,1.0,False,False,False,False
2025-10-20 10:35:00-04:00,259.61370849609375,260.3800048828125,259.2099914550781,259.5849914550781,259.5849914550781,1613025,257.3197992835909,259.21033863108687,255.4292599360949,3.781078694991976,0.945269673747994,1.0,False,False,False,False
2025-10-20 10:40:00-04:00,259.57000732421875,260.05999755859375,259.489990234375,259.70001220703125,259.70001220703125,874013,257.55124697086796,259.3667338484581,255.7357600932778,3.630973755180321,0.9077434387950802,1.0,False,False,False,False
2025-10-20 10:45:00-04:00,259.71990966796875,260.5299987792969,259.6099853515625,260.4700012207031,260.4700012207031,1030202,257.80382615940636,259.62176703478434,255.98588528402834,3.635881750755999,0.9089704376889998,1.0,False,False,False,False
2025-10-20 10:50:00-04:00,260.4700012207031,261.25,260.1272888183594,261.2099914550781,261.2099914550781,1419555,258.09512145449264,259.95581047866096,256.2344324303243,3.7213780483366463,0.9303445120841616,1.0,False,False,False,False
2025-10-20 10:55:00-04:00,261.2099914550781,261.6300048828125,261.1300048828125,261.5799865722656,261.5799865722656,1208613,258.414316120347,260.1889362420985,256.63969599859547,3.54924024350305,0.8873100608757625,1.0,False,False,False,False
2025-10-20 11:00:00-04:00,261.5799865722656,263.0498962402344,261.5199890136719,262.7099914550781,262.7099914550781,4391207,258.7964408298055,260.69958038469434,256.8933012749166,3.8062791097777335,0.9515697774444334,1.0,False,False,False,False
2025-10-20 11:05:00-04:00,262.7099914550781,262.7799987792969,262.1700134277344,262.5199890136719,262.5199890136719,1268588,259.14820840857647,260.98303107828895,257.313385738864,3.66964533942496,0.91741133485624,1.0,False,False,False,False
2025-10-20 11:10:00-04:00,262.54998779296875,263.4700012207031,262.54998779296875,262.7699890136719,262.7699890136719,2031915,259.50837833878643,261.3497211829339,257.667035494639,3.682685688294896,0.920671422073724,1.0,False,False,False,False
2025-10-20 11:15:00-04:00,262.7900085449219,263.1400146484375,262.239990234375,263.1400146484375,263.1400146484375,1635669,259.82567625989407,261.6628897024393,257.9884628173488,3.6744268850904973,0.9186067212726243,1.0,False,False,False,False
2025-10-20 11:20:00-04:00,263.1300048828125,263.489990234375,263.11041259765625,263.25,263.25,1176645,260.1549897218734,261.88439734750784,258.42558209623894,3.458815251268902,0.8647038128172255,1.0,False,False,False,False
2025-10-20 11:25:00-04:00,263.2699890136719,263.54998779296875,262.4599914550781,262.57000732421875,262.57000732421875,1378042,260.41260932208434,262.18707545273344,258.63814319143523,3.548932261298205,0.8872330653245513,1.0,False,False,False,False
2025-10-20 11:30:00-04:00,262.54998779296875,263.0899963378906,262.4175109863281,263.04998779296875,263.04998779296875,766822,260.64497970782827,262.37649629572496,258.9134631199316,3.4630331757933845,0.8657582939483461,1.0,False,False,False,False
2025-10-20 11:35:00-04:00,263.07000732421875,263.54998779296875,262.8644104003906,263.42010498046875,263.42010498046875,957638,260.8957595189503,262.59123992657294,259.20027911132763,3.3909608152453075,0.8477402038113269,1.0,False,False,False,False
2025-10-20 11:40:00-04:00,263.45001220703125,263.5899963378906,262.9100036621094,263.5487976074219,263.5487976074219,962460,261.12945853642873,262.7913894384454,259.4675276344121,3.3238618040332994,0.8309654510083249,1.0,False,False,False,False
2025-10-20 11:45:00-04:00,263.54998779296875,264.3599853515625,263.42999267578125,264.20001220703125,264.20001220703125,1487527,261.40252566738394,263.0842620143552,259.7207893204127,3.3634726939425263,0.8408681734856316,1.0,False,False,False,False
2025-10-20 11:50:00-04:00,264.2099914550781,264.375,263.6199951171875,264.04998779296875,264.04998779296875,1656975,261.651332204146,263.3158958929826,259.9867685153094,3.329127377673217,0.8322818444183042,1.0,False,False,False,False
2025-10-20 11:55:00-04:00,264.05999755859375,264.0799865722656,263.04998779296875,263.30999755859375,263.30999755859375,1085954,261.82549015053934,263.52959722635165,260.121383074727,3.408214151624634,0.8520535379061585,0.9355675265730513,False,False,False,False
2025-10-20 12:00:00-04:00,263.3399963378906,263.7300109863281,263.0400085449219,263.4599914550781,263.4599914550781,1017701,261.9763961992603,263.6480930557727,260.30469934274794,3.3433937130247386,0.8358484282561847,0.943739320929578,False,False,False,False
2025-10-20 12:05:00-04:00,263.4599914550781,264.2300109863281,263.4549865722656,263.6310119628906,263.6310119628906,1924808,262.1474063873144,263.806938440988,260.4878743336408,3.3190641073472307,0.8297660268368077,0.946995155137877,False,False,False,False
2025-10-20 12:10:00-04:00,263.6400146484375,263.9898986816406,263.04998779296875,263.11639404296875,263.11639404296875,983868,262.2653130970171,263.94687412305774,260.58375207097646,3.3631220520812803,0.8407805130203201,0.7530627591778765,False,False,False,False
2025-10-20 12:15:00-04:00,263.1000061035156,263.4700012207031,263.0299987792969,263.260009765625,263.260009765625,1596013,262.3594105724004,263.9608159841182,260.7580051606826,3.202810823435584,0.800702705858896,0.7811902553328268,False,False,False,False
2025-10-20 12:20:00-04:00,263.2204895019531,263.2799987792969,262.8100891113281,263.07000732421875,263.07000732421875,672537,262.42550147708744,263.9607482812272,260.89025467294766,3.0704936082795484,0.7676234020698871,0.7099030088821586,False,False,False,False
2025-10-20 12:25:00-04:00,263.0299987792969,263.6499938964844,262.9599914550781,263.489990234375,263.489990234375,652506,262.51513548199773,264.0348580940048,260.9954128699907,3.0394452240141163,0.7598613060035291,0.8207344368883882,False,False,False,False
2025-10-20 12:30:00-04:00,263.4800109863281,263.70001220703125,263.360107421875,263.4601135253906,263.4601135253906,560785,262.60957442511847,264.0453057329561,261.17384311728085,2.8714626156752274,0.7178656539188069,0.7962041350039143,False,False,False,False
2025-10-20 12:35:00-04:00,263.4501037597656,263.6297912597656,263.2300109863281,263.2900085449219,263.2900085449219,743675,262.68325974307595,264.0553739748173,261.3111455113346,2.7442284634827274,0.6860571158706819,0.7210999593947414,False,False,False,False
2025-10-20 12:40:00-04:00,263.29998779296875,263.32000732421875,262.7300109863281,262.79998779296875,262.79998779296875,740085,262.70866377083115,264.06156584697646,261.35576169468584,2.705804152290625,0.6764510380726563,0.5337511575108965,False,False,False,False
2025-10-20 12:45:00-04:00,262.82000732421875,262.95001220703125,262.6499938964844,262.9100036621094,262.9100036621094,665836,262.7208548328353,263.99847036347546,261.44323930219514,2.555231061280324,0.638807765320081,0.5740241585742543,False,False,False,False
2025-10-20 12:50:00-04:00,262.92999267578125,263.55999755859375,262.9200134277344,263.45001220703125,263.45001220703125,828904,262.77696463267193,264.05681738954496,261.4971118757989,2.559705513746053,0.6399263784365132,0.7629394556307108,False,False,False,False
2025-10-20 12:55:00-04:00,263.4700012207031,263.6700134277344,263.3514099121094,263.6199951171875,263.6199951171875,619520,262.8503146186724,264.06590280298315,261.6347264343617,2.4311763686214363,0.6077940921553591,0.8165876850602609,False,False,False,False
2025-10-20 13:00:00-04:00,263.610107421875,263.95001220703125,263.5199890136719,263.94500732421875,263.94500732421875,584277,262.94123730720906,264.1212713117606,261.7612033026575,2.360068009103088,0.590017002275772,0.9253140219425943,False,False,False,False
2025-10-20 13:05:00-04:00,263.94500732421875,264.1700134277344,263.67999267578125,264.1400146484375,264.1400146484375,990910,263.04175504785434,264.20178980234135,261.8817202933673,2.3200695089740293,0.5800173772435073,0.9733735762377351,False,False,False,False
2025-10-20 13:10:00-04:00,264.1600036621094,264.2099914550781,263.260009765625,263.3497009277344,263.3497009277344,902836,263.09554669880276,264.3295743157317,261.86151908187384,2.4680552338578536,0.6170138084644634,0.6029775288028457,False,False,False,False
2025-10-20 13:15:00-04:00,263.3219909667969,263.489990234375,263.0299987792969,263.42999267578125,263.42999267578125,771821,263.11660516207405,264.3192283083257,261.9139820158224,2.405246292503307,0.6013115731258267,0.6302933153598312,False,False,False,False
2025-10-20 13:20:00-04:00,263.4419860839844,263.57000732421875,263.1700134277344,263.25,263.25,345197,263.13692913876395,264.2992887496873,261.9745695278406,2.324719221846749,0.5811798054616872,0.5486385023074875,False,False,False,False
2025-10-20 13:25:00-04:00,263.25,263.260009765625,262.8808898925781,263.1650085449219,263.1650085449219,335671,263.13359963993327,264.25554726437366,262.01165201549287,2.24389524888079,0.5609738122201975,0.5139974916406082,False,False,False,False
2025-10-20 13:30:00-04:00,263.17999267578125,263.2099914550781,263.0400085449219,263.04998779296875,263.04998779296875,298842,263.13039928670054,264.1741487307282,262.0866498426729,2.087498888055279,0.5218747220138198,0.4614795034421794,False,False,True,False
2025-10-20 13:35:00-04:00,263.04998779296875,263.20001220703125,262.9700012207031,263.0686950683594,263.0686950683594,344047,263.1255583545098,264.11093505140025,262.14018165761934,1.9707533937809103,0.4926883484452276,0.47114642231247195,False,False,False,False
2025-10-20 13:40:00-04:00,263.0799865722656,263.1700134277344,263.0032043457031,263.0350036621094,263.0350036621094,292690,263.12021062028816,264.04041146389585,262.2000097766805,1.8404016872153761,0.46010042180384403,0.45370197779610283,False,False,False,False
2025-10-20 13:45:00-04:00,263.0350036621094,263.3699951171875,262.9100036621094,263.3399963378906,263.3399963378906,383451,263.12844437445716,264.0486234247197,262.2082653241946,1.8403581005251226,0.46008952513128065,0.614951521322454,False,False,False,True
2025-10-20 13:50:00-04:00,263.3399963378906,263.3399963378906,262.9599914550781,262.989990234375,262.989990234375,383593,263.12541722855156,264.02957935035033,262.2212551067528,1.8083242435975535,0.4520810608993884,0.42510911986274585,False,False,True,False
2025-10-20 13:55:00-04:00,263.0,263.04998779296875,262.82598876953125,262.92498779296875,262.92498779296875,593689,263.1071541387044,263.9656998530108,262.248608424398,1.7170914286127754,0.42927285715319385,0.3939099324007325,False,False,False,False
2025-10-20 14:00:00-04:00,262.9200134277344,263.375,262.7900085449219,263.3500061035156,263.3500061035156,436976,263.1132986540163,264.0029880879077,262.22360922012496,1.7793788677827251,0.4448447169456813,0.6330281334600012,False,False,False,True
2025-10-20 14:05:00-04:00,263.3500061035156,263.4150085449219,263.1199951171875,263.20001220703125,263.20001220703125,337762,263.12584214313034,263.98556531917944,262.26611896708124,1.7194463520982026,0.42986158802455066,0.5431360151541803,False,False,False,False
2025-10-20 14:10:00-04:00,263.20001220703125,263.67999267578125,263.20001220703125,263.6701965332031,263.6701965332031,560377,263.1630699204835,264.0328168726777,262.2933229682893,1.7394939043883824,0.4348734760970956,0.7915368725583007,False,False,False,False
2025-10-20 14:15:00-04:00,263.6799011230469,263.7300109863281,263.3599853515625,263.5299987792969,263.5299987792969,444293,263.1989678682847,264.0557452522126,262.34219048435676,1.7135547678558396,0.4283886919639599,0.6931837354848068,False,False,False,False
2025-10-20 14:20:00-04:00,263.531005859375,263.80499267578125,263.5,263.7300109863281,263.7300109863281,322400,263.2446218383563,264.0767200190477,262.4125236576649,1.6641963613827784,0.4160490903456946,0.7916657909097463,False,False,False,False
2025-10-20 14:25:00-04:00,263.7300109863281,263.8299865722656,263.6700134277344,263.7300109863281,263.7300109863281,358679,263.29211851998355,264.073001511512,262.5112355284551,1.5617659830569437,0.3904414957642359,0.7803828941692429,False,False,False,False
2025-10-20 14:30:00-04:00,263.739990234375,263.7550048828125,263.3399963378906,263.5450134277344,263.5450134277344,629310,263.3163616656498,264.10215806700984,262.5305652642898,1.5715928027200334,0.39289820068000836,0.6454904614533828,False,False,False,False
2025-10-20 14:35:00-04:00,263.548095703125,263.6700134277344,263.43499755859375,263.5,263.5,334802,263.3371847129317,264.09140464798384,262.5829647778795,1.5084398701043256,0.3771099675260814,0.6079362129675517,False,False,False,False
2025-10-20 14:40:00-04:00,263.4949951171875,263.4949951171875,263.25,263.3699951171875,263.3699951171875,442386,263.34046839850566,264.0692663400526,262.61167045695873,1.457595883093859,0.3643989707734647,0.5202571364424848,False,False,False,False
2025-10-20 14:45:00-04:00,263.3699951171875,263.42999267578125,263.0400085449219,263.239990234375,263.239990234375,385980,263.3305822480155,264.0644972215796,262.5966672744514,1.4678299471281662,0.36695748678204154,0.43828166960501946,False,False,True,False
2025-10-20 14:50:00-04:00,263.25,263.3299865722656,263.05999755859375,263.1700134277344,263.1700134277344,251662,263.3168759246678,264.03139720360986,262.6023546457257,1.429042557884145,0.35726063947103626,0.39723014467053047,False,False,False,False
2025-10-20 14:55:00-04:00,263.1798095703125,263.36151123046875,263.1199951171875,263.2799987792969,263.2799987792969,296093,263.31087203111065,264.00224440481475,262.61949965740655,1.3827447474081964,0.3456861868520491,0.4776724866453902,False,False,False,False
2025-10-20 15:00:00-04:00,263.29998779296875,263.6742858886719,263.2005920410156,263.58819580078125,263.58819580078125,428285,263.3277119560991,264.04468586196407,262.61073805023415,1.4339478117299223,0.35848695293248056,0.681655038315441,False,False,False,True
2025-10-20 15:05:00-04:00,263.57000732421875,263.80999755859375,263.4728088378906,263.739990234375,263.739990234375,782797,263.3607170596725,264.0734313190916,262.6480028002534,1.4254285188382028,0.3563571297095507,0.7660766006082478,False,False,False,False
2025-10-20 15:10:00-04:00,263.75,263.76300048828125,263.41009521484375,263.5,263.5,431480,263.3794772032949,264.0915010914596,262.6674533151303,1.424047776329303,0.3560119440823257,0.5846339559026174,False,False,False,False
2025-10-20 15:15:00-04:00,263.5,263.5,263.2200012207031,263.44000244140625,263.44000244140625,391047,263.3801620303497,264.0769832855573,262.68334077514214,1.393642510415134,0.3484106276037835,0.5429381355758989,False,False,False,False
2025-10-20 15:20:00-04:00,263.4549865722656,263.4549865722656,263.2099914550781,263.4100036621094,263.4100036621094,487546,263.37808252553714,264.05422067866147,262.7019443724128,1.3522763062486547,0.3380690765621637,0.5236054838975838,False,False,False,False
2025-10-20 15:25:00-04:00,263.4198913574219,263.6000061035156,263.2449951171875,263.4200134277344,263.4200134277344,561889,263.38223386115067,264.0617603962282,262.70270732607315,1.3590530701550279,0.33976326753875696,0.5277984483559564,False,False,False,False
2025-10-20 15:30:00-04:00,263.44000244140625,263.7900085449219,263.3800048828125,263.7099914550781,263.7099914550781,588654,263.40551333097164,264.0990879449633,262.71193871698,1.3871492279832864,0.3467873069958216,0.7194991843445337,False,False,False,False
2025-10-20 15:35:00-04:00,263.7099914550781,263.8500061035156,263.59600830078125,263.7900085449219,263.7900085449219,678477,263.437877869267,264.1128945824064,262.76286115612766,1.350033426278742,0.3375083565696855,0.7608310792907315,False,False,False,False
2025-10-20 15:40:00-04:00,263.79998779296875,263.82000732421875,263.5299987792969,263.5350036621094,263.5350036621094,709494,263.4560167949122,264.121533545722,262.79050004410243,1.3310335016195722,0.33275837540489306,0.5593425087355424,False,False,False,False
2025-10-20 15:45:00-04:00,263.5299987792969,263.70001220703125,263.3999938964844,263.6449890136719,263.6449890136719,731447,263.4679832943551,264.1269520321933,262.80901455651696,1.317937475676331,0.3294843689190827,0.6343050960941212,False,False,False,False
2025-10-20 15:50:00-04:00,263.6400146484375,263.7699890136719,262.69000244140625,262.8100891113281,262.8100891113281,1606785,263.4319874430326,264.2410566215401,262.6229182645251,1.6181383570150274,0.40453458925375685,0.11567048391851682,False,False,True,False
2025-10-20 15:55:00-04:00,262.8299865722656,262.8299865722656,261.92999267578125,262.2300109863281,262.2300109863281,3706610,263.32703594796203,264.23519698791563,262.41887490800843,1.816322079907195,0.45408051997679877,0.0,False,False,False,False
2025-10-21 09:30:00-04:00,261.8800048828125,263.30999755859375,261.8800048828125,263.30999755859375,263.30999755859375,4187969,263.28001665133075,264.38336012244525,262.17667318021626,2.2066869422289983,0.5516717355572496,0.5135863890292981,False,False,False,True
2025-10-21 09:35:00-04:00,263.2900085449219,264.82000732421875,263.1099853515625,264.739990234375,264.739990234375,2362753,263.3698557927963,264.7048693113306,262.03484227426196,2.670027037068621,0.6675067592671553,1.0,True,False,False,False
2025-10-21 09:40:00-04:00,264.739990234375,265.0,263.510009765625,264.3999938964844,264.3999938964844,2024773,263.458758531962,264.9582687455179,261.95924831840614,2.999020427111759,0.7497551067779398,0.8138476003742408,False,False,False,False
2025-10-21 09:45:00-04:00,264.4200134277344,264.5205078125,263.260009765625,263.67498779296875,263.67498779296875,1124030,263.493019794667,265.0946785962423,261.8913609930917,3.2033176031505946,0.8008294007876486,0.5568061056832943,False,False,False,False
2025-10-21 09:50:00-04:00,263.67608642578125,265.2900085449219,263.54998779296875,263.572998046875,263.572998046875,1984381,263.55441455659604,265.34391162840444,261.76491748478765,3.5789941436167965,0.8947485359041991,0.5051923779512466,False,False,False,False
2025-10-21 09:55:00-04:00,263.64990234375,264.0400085449219,262.94000244140625,263.80499267578125,263.80499267578125,1136614,263.5582799531777,265.3888285385084,261.727731367847,3.661097170661378,0.9152742926653445,0.5673876466816036,False,False,False,False
2025-10-21 10:00:00-04:00,263.7900085449219,264.6000061035156,263.54010009765625,264.2101135253906,264.2101135253906,1029508,263.6114666156231,265.4709415435926,261.75199168765363,3.718949855938945,0.9297374639847362,0.6609720305347812,False,False,False,False
2025-10-21 10:05:00-04:00,264.2200012207031,264.6000061035156,263.79998779296875,264.5,264.5,691944,263.6770410298966,265.51057212717853,261.84350993261467,3.6670621945638686,0.9167655486409672,0.7244191471100141,False,False,False,False
2025-10-21 10:10:00-04:00,264.4800109863281,264.6400146484375,263.6199951171875,263.7900085449219,263.7900085449219,754290,263.7093869099238,265.56356880372755,261.85520501612007,3.7083637876074818,0.9270909469018704,0.5217404870761295,False,False,False,False
2025-10-21 10:15:00-04:00,263.7900085449219,264.19000244140625,263.2200012207031,263.8500061035156,263.8500061035156,763185,263.7135725936017,265.5763365421657,261.8508086450378,3.725527897127904,0.931381974281976,0.5366212557471599,False,False,False,False
2025-10-21 10:20:00-04:00,263.8399963378906,264.25,263.5799865722656,264.0,264.0,429858,263.735454142537,265.5459443817914,261.92496390328256,3.620980478508841,0.9052451196272102,0.5730591780411814,False,False,False,False
2025-10-21 10:25:00-04:00,263.9601135253906,264.0281066894531,263.4100036621094,263.4999084472656,263.4999084472656,514275,263.7269352971788,265.47999711797655,261.973873476381,3.5061236415955364,0.8765309103988841,0.4352484757754163,False,False,True,False
2025-10-21 10:30:00-04:00,263.4599914550781,263.6700134277344,263.07000732421875,263.3900146484375,263.3900146484375,632901,263.6935775038091,265.39133436323016,261.995820644388,3.395513718842153,0.8488784297105383,0.41059884291231963,False,False,False,False
2025-10-21 10:35:00-04:00,263.3514099121094,263.8299865722656,263.3299865722656,263.4599914550781,263.4599914550781,324010,263.67894995105297,265.30693112453196,262.050968777574,3.255962346957972,0.813990586739493,0.43275152700109765,False,False,False,False
2025-10-21 10:40:00-04:00,263.4798889160156,263.6400146484375,262.7699890136719,262.9100036621094,262.9100036621094,406121,263.6244470136263,265.26363519671054,261.9852588305421,3.278376366168459,0.8195940915421147,0.2820740294220928,False,False,False,False
2025-10-21 10:45:00-04:00,262.92999267578125,263.19000244140625,262.7099914550781,263.0350036621094,263.0350036621094,439956,263.56291229990296,265.1341838619444,261.99164073786153,3.142543124082863,0.7856357810207157,0.3320122852895918,False,False,False,False
2025-10-21 10:50:00-04:00,263.03509521484375,263.239990234375,262.5299987792969,262.7200012207031,262.7200012207031,453467,263.4931108184638,265.0492535153167,261.93696812161085,3.1122853937058608,0.7780713484264652,0.2515942466831121,False,False,False,False
2025-10-21 10:55:00-04:00,262.7099914550781,263.1050109863281,262.7001037597656,263.0498962402344,263.0498962402344,411293,263.44154505754113,264.92305493002124,261.96003518506103,2.9630197449602065,0.7407549362400516,0.36782105722619174,False,False,False,False
2025-10-21 11:00:00-04:00,263.0799865722656,263.17999267578125,262.7250061035156,262.91400146484375,262.91400146484375,303440,263.39374712330357,264.8181033229888,261.96939092361833,2.84871239937047,0.7121780998426175,0.3315921050626812,False,False,False,False
2025-10-21 11:05:00-04:00,262.92999267578125,263.3598937988281,262.70001220703125,263.2200927734375,263.2200927734375,339254,263.36513624741104,264.7790331454871,261.95123934933497,2.82779379615215,0.7069484490380376,0.4487079028991051,False,False,False,False
2025-10-21 11:10:00-04:00,263.2200012207031,263.4200134277344,262.8699951171875,262.9849853515625,262.9849853515625,384324,263.339091331673,264.72160220205086,261.9565804612951,2.765021740755742,0.6912554351889355,0.3719337447185119,False,False,False,False
2025-10-21 11:15:00-04:00,263.0,263.1199951171875,262.510009765625,262.9027099609375,262.9027099609375,337535,263.29196246972793,264.6582193233805,261.9257056160754,2.7325137073050882,0.6831284268262721,0.3575478294034504,False,False,False,False
2025-10-21 11:20:00-04:00,262.9198913574219,262.9599914550781,262.70001220703125,262.75,262.75,246340,263.2454264777573,264.52705349565394,261.96379945986064,2.5632540357933067,0.6408135089483267,0.3067197121942847,False,False,False,False
2025-10-21 11:25:00-04:00,262.7300109863281,263.75299072265625,262.70001220703125,263.6619873046875,263.6619873046875,442624,263.2574490428717,264.6215090621037,261.8933890236397,2.7281200384639988,0.6820300096159997,0.6482846268170637,False,False,False,True
2025-10-21 11:30:00-04:00,263.6700134277344,264.02099609375,263.6700134277344,263.8799133300781,263.8799133300781,440995,263.31454668487004,264.61400245999135,262.0150909097487,2.598911550242633,0.6497278875606582,0.7175397793569791,False,False,False,False
2025-10-21 11:35:00-04:00,263.81500244140625,264.2799987792969,263.79998779296875,264.2101135253906,264.2101135253906,546704,263.38903747988735,264.65454987476215,262.12352508501255,2.5310247897496083,0.6327561974374021,0.8244045845890366,False,False,False,False
2025-10-21 11:40:00-04:00,264.2250061035156,264.5350036621094,263.7799987792969,263.90850830078125,263.90850830078125,565724,263.4543199656818,264.74428209763164,262.16435783373197,2.5799242638996702,0.6449810659749176,0.6760471582266215,False,False,False,False
2025-10-21 11:45:00-04:00,263.9100036621094,264.19989013671875,263.80670166015625,263.95001220703125,263.95001220703125,332748,263.5049118420901,264.74451545615744,262.2653082280228,2.479207228134669,0.6198018070336673,0.6795333443247621,False,False,False,False
2025-10-21 11:50:00-04:00,263.93231201171875,264.1700134277344,263.9200134277344,263.92999267578125,263.92999267578125,246228,263.552698635899,264.7183418885596,262.38705538323836,2.331286505321259,0.5828216263303148,0.6618394131399418,False,False,False,False
2025-10-21 11:55:00-04:00,263.9100036621094,264.2699890136719,263.8299865722656,264.1199951171875,264.1199951171875,1294770,263.60228196273795,264.7393613784137,262.4652025470622,2.274158831351542,0.5685397078378855,0.7276503942083382,False,False,False,False
2025-10-21 12:00:00-04:00,264.1099853515625,264.3869934082031,263.95001220703125,264.0199890136719,264.0199890136719,363244,263.651493033871,264.76226074821363,262.5407253195284,2.221535428685229,0.5553838571713072,0.665874455587207,False,False,False,False
2025-10-21 12:05:00-04:00,264.0000915527344,264.0299987792969,263.55999755859375,263.7200012207031,263.7200012207031,303591,263.66277933409265,264.7564705211416,262.5690881470437,2.187382374097865,0.5468455935244663,0.526159983406686,False,False,False,False
2025-10-21 12:10:00-04:00,263.69000244140625,263.70001220703125,263.5,263.6249084472656,263.6249084472656,261293,263.6575914817758,264.6859137942605,262.6292691692911,2.056644624969408,0.514161156242352,0.4841085649346652,False,False,True,False
2025-10-21 12:15:00-04:00,263.6300048828125,263.77301025390625,263.33099365234375,263.3450012207031,263.3450012207031,297819,263.64096388436707,264.6548572859158,262.62707048281834,2.027786803097456,0.506946700774364,0.35404645931620715,False,False,False,False
2025-10-21 12:20:00-04:00,263.3414001464844,263.57000732421875,263.17999267578125,263.25,263.25,621756,263.61166573664957,264.60217272773093,262.6211587455682,1.9810139821627217,0.49525349554068043,0.3174340313061644,False,False,False,False
2025-10-21 12:25:00-04:00,263.239990234375,263.29998779296875,263.0801086425781,263.1700134277344,263.1700134277344,239381,263.57087566215216,264.5063077842035,262.6354435401008,1.8708642441026768,0.4677160610256692,0.28573419440700665,False,False,False,False
2025-10-21 12:30:00-04:00,263.1600036621094,263.409912109375,263.1000061035156,263.2049865722656,263.2049865722656,201051,263.539201941476,264.4430720524941,262.6353318304579,1.8077402220361591,0.4519350555090398,0.3151198025378205,False,False,False,False
2025-10-21 12:35:00-04:00,263.20001220703125,263.3500061035156,263.0899963378906,263.31988525390625,263.31988525390625,215854,263.5119727945199,264.3774578475612,262.64648774147867,1.7309701060825091,0.4327425265206273,0.3890289670869024,False,False,False,False
2025-10-21 12:40:00-04:00,263.30999755859375,263.397705078125,263.17999267578125,263.2341003417969,263.2341003417969,139018,263.48898484887366,264.3114638770796,262.66650582066774,1.6449580564118378,0.41123951410295945,0.34505106006607666,False,False,False,False
2025-10-21 12:45:00-04:00,263.239990234375,263.3699951171875,263.1000061035156,263.14990234375,263.14990234375,317701,263.46209434150325,264.25632326962295,262.66786541338354,1.5884578562394154,0.39711446405985384,0.3034622092572587,False,False,False,False
2025-10-21 12:50:00-04:00,263.1499938964844,263.2950134277344,262.8500061035156,262.8800048828125,262.8800048828125,301052,263.4188797824414,264.22268728259286,262.61507228229,1.6076150003028715,0.4019037500757179,0.16479853725711732,False,False,False,False
2025-10-21 12:55:00-04:00,262.8699951171875,263.19879150390625,262.8599853515625,263.07000732421875,263.07000732421875,203995,263.3830748564847,264.17426283708977,262.59188687587965,1.5823759612101185,0.3955939903025296,0.30215350843263344,False,False,False,False
2025-10-21 13:00:00-04:00,263.06500244140625,263.28851318359375,262.8475036621094,263.25,263.25,236582,263.35884603985767,264.15911712669913,262.5585749530162,1.6005421736829248,0.4001355434207312,0.431994269412341,False,False,False,False
2025-10-21 13:05:00-04:00,263.2699890136719,263.6700134277344,263.2319030761719,263.6000061035156,263.6000061035156,300385,263.37235030931316,264.18021635778297,262.56448426084336,1.6157320969396096,0.4039330242349024,0.6408994688127256,False,False,False,True
2025-10-21 13:10:00-04:00,263.6199951171875,263.6799011230469,263.5150146484375,263.55499267578125,263.55499267578125,174421,263.3924410242124,264.1524977627571,262.63238428566774,1.5201134770893532,0.3800283692723383,0.6069338927775839,False,False,False,False
2025-10-21 13:15:00-04:00,263.5400085449219,263.5599060058594,263.3210144042969,263.3999938964844,263.3999938964844,220867,263.39572963481567,264.12755901981836,262.66390024981297,1.4636587700053951,0.3659146925013488,0.5029134261045648,False,False,False,False
2025-10-21 13:20:00-04:00,263.4100036621094,263.4753112792969,263.19000244140625,263.42999267578125,263.42999267578125,205434,263.392812729801,264.10852094388156,262.67710451572043,1.4314164281611284,0.3578541070402821,0.5259742345056213,False,False,False,False
2025-10-21 13:25:00-04:00,263.4309997558594,263.4599914550781,263.1210021972656,263.3265075683594,263.3265075683594,155246,263.3842115561915,264.0961468004265,262.67227631195647,1.4238704884700155,0.3559676221175039,0.45947385081763775,False,False,True,False
2025-10-21 13:30:00-04:00,263.3258056640625,263.5299987792969,263.2900085449219,263.4700012207031,263.4700012207031,194812,263.38857263163106,264.0773123983176,262.69983286494454,1.377479533373048,0.344369883343262,0.5591141916081077,False,False,False,True
2025-10-21 13:35:00-04:00,263.4700012207031,263.6000061035156,263.3699951171875,263.489990234375,263.489990234375,164761,263.3979146494147,264.0637826366982,262.7320466621312,1.331735974566982,0.3329339936417455,0.569139519183025,False,False,False,False
2025-10-21 13:40:00-04:00,263.48870849609375,263.8099060058594,263.4700012207031,263.6824951171875,263.6824951171875,223017,263.42231650324027,264.08957864882666,262.7550543576539,1.3345242911727837,0.3336310727931959,0.6949598187670205,False,False,False,False
2025-10-21 13:45:00-04:00,263.6817932128906,263.7499084472656,263.5299987792969,263.72900390625,263.72900390625,150270,263.44587084048123,264.0903887051027,262.80135297585974,1.2890357292429826,0.32225893231074565,0.7196471822662686,False,False,False,False
2025-10-21 13:50:00-04:00,263.739990234375,263.8092956542969,263.635009765625,263.75,263.75,323745,263.4730674404329,264.0879906963266,262.8581441845392,1.2298465117874002,0.30746162794685006,0.7251765215519734,False,False,False,False
2025-10-21 13:55:00-04:00,263.75,263.8999938964844,263.69000244140625,263.760009765625,263.760009765625,410931,263.5026167668525,264.0980459881725,262.9071875455325,1.1908584426399784,0.2977146106599946,0.716140717952921,False,False,False,False
2025-10-21 14:00:00-04:00,263.7782897949219,263.9549865722656,263.739990234375,263.8699951171875,263.8699951171875,182190,263.53617618346425,264.1150617502304,262.9572906166981,1.1577711335322647,0.28944278338306617,0.788328948662588,False,False,False,False
2025-10-21 14:05:00-04:00,263.8699951171875,264.04998779296875,263.8699951171875,263.9549865722656,263.9549865722656,282132,263.57638065749694,264.1333762027427,263.0193851122512,1.1139910904914814,0.27849777262287034,0.8398644010713292,False,False,False,False
2025-10-21 14:10:00-04:00,263.9599914550781,264.0299987792969,263.8349914550781,263.8349914550781,263.8349914550781,216376,263.60720096597197,264.1474984215369,263.06690351040703,1.0805949111298787,0.2701487277824697,0.7108010011522039,False,False,False,False
2025-10-21 14:15:00-04:00,263.8340148925781,263.8544921875,263.625,263.7200012207031,263.7200012207031,198608,263.6191974901081,264.1513636376165,263.0870313425997,1.0643322950168113,0.2660830737542028,0.5947107694345029,False,False,False,False
2025-10-21 14:20:00-04:00,263.7200012207031,263.8099060058594,262.1499938964844,263.489990234375,263.489990234375,1064914,263.5745085271365,264.3854404817691,262.76357657250395,1.6218639092651301,0.40546597731628253,0.4478881721957726,False,False,True,False
2025-10-21 14:25:00-04:00,263.5199890136719,263.70001220703125,263.3299865722656,263.44989013671875,263.44989013671875,306339,263.5667740298224,264.3706179159449,262.7629301436999,1.607687772244958,0.4019219430612395,0.4272968948812541,False,False,False,False
2025-10-21 14:30:00-04:00,263.4495849609375,263.70001220703125,263.4100036621094,263.5625,263.5625,211180,263.56589129266916,264.3473524991637,262.7844300861746,1.56292241298911,0.3907306032472775,0.49783015929582947,False,False,False,False
2025-10-21 14:35:00-04:00,263.56500244140625,263.5799865722656,263.3900146484375,263.4200134277344,263.4200134277344,168584,263.5561243330003,264.29743380361106,262.81481486238954,1.4826189412215172,0.3706547353053793,0.40819562499735607,False,False,False,False
2025-10-21 14:40:00-04:00,263.4150085449219,263.42999267578125,263.2449951171875,263.2799987792969,263.2799987792969,216547,263.53347714484994,264.23765518011834,262.82929910958154,1.4083560705367972,0.3520890176341993,0.3200182674993186,False,False,False,False
2025-10-21 14:45:00-04:00,263.2900085449219,263.7381896972656,263.2699890136719,263.6700134277344,263.6700134277344,405360,263.5359457386316,264.26334610709193,262.80854537017126,1.4548007369206744,0.3637001842301686,0.5921553623807991,False,False,False,True
2025-10-21 14:50:00-04:00,263.67999267578125,263.7200012207031,263.3551940917969,263.48919677734375,263.48919677734375,227640,263.5345665282808,264.2621882856763,262.80694477088525,1.45524351479105,0.3638108786977625,0.4688232584609445,False,False,True,False
2025-10-21 14:55:00-04:00,263.4599914550781,263.5400085449219,263.3699951171875,263.4200134277344,263.4200134277344,208431,263.5258781951062,264.21474046230907,262.83701592790334,1.3777245344057292,0.3444311336014323,0.42315969939702724,False,False,False,False
2025-10-21 15:00:00-04:00,263.43499755859375,263.54998779296875,263.3450012207031,263.4599914550781,263.4599914550781,226838,263.5188098104532,264.1797831653889,262.8578364555175,1.3219467098714404,0.3304866774678601,0.455506258356813,False,False,False,False
2025-10-21 15:05:00-04:00,263.4649963378906,263.54998779296875,263.3700866699219,263.5299987792969,263.5299987792969,259476,263.5154334234954,264.1462896675469,262.88457717944385,1.2617124881030577,0.3154281220257644,0.5115441163805811,False,False,False,True
2025-10-21 15:10:00-04:00,263.5299987792969,263.57000732421875,263.2225036621094,263.3349914550781,263.3349914550781,429635,263.50213825431825,264.1394096063865,262.86486690225,1.2745427041364792,0.3186356760341198,0.36885743514308267,False,False,True,False
2025-10-21 15:15:00-04:00,263.3349914550781,263.5,263.2900085449219,263.3599853515625,263.3599853515625,265707,263.4908233061763,264.10636581405333,262.8752807982993,1.2310850157540472,0.3077712539385118,0.3937214303321929,False,False,False,False
2025-10-21 15:20:00-04:00,263.3550109863281,263.45001220703125,263.1400146484375,263.1700134277344,263.1700134277344,417540,263.46820649235644,264.0841942611645,262.8522187235484,1.2319755376161083,0.3079938844040271,0.2579553688224385,False,False,False,False
2025-10-21 15:25:00-04:00,263.1700134277344,263.29998779296875,262.95001220703125,263.0849914550781,263.0849914550781,394042,263.4342500472139,264.05863415632865,262.8098659380991,1.248768218229543,0.31219205455738575,0.2203175200671584,False,False,False,False
2025-10-21 15:30:00-04:00,263.0950012207031,263.1499938964844,262.8699951171875,262.9599914550781,262.9599914550781,328840,263.3922573591856,264.01020281324827,262.7743119051229,1.2358909081253842,0.30897272703134604,0.1502394335410075,False,False,False,False
2025-10-21 15:35:00-04:00,262.9599914550781,263.158203125,262.9100036621094,263.07000732421875,263.07000732421875,287746,263.3592872650196,263.96507806625414,262.75349646378504,1.2115816024690957,0.30289540061727394,0.261237757150396,False,False,False,False
2025-10-21 15:40:00-04:00,263.05999755859375,263.2099914550781,262.94000244140625,262.9800109863281,262.9800109863281,362128,263.3291965693927,263.92840609323815,262.72998704554726,1.1984190476908907,0.2996047619227227,0.2086281432714281,False,False,False,False
2025-10-21 15:45:00-04:00,262.9800109863281,263.0799865722656,262.8299865722656,262.9100036621094,262.9100036621094,347712,263.2921294931534,263.8814180646143,262.70284092169254,1.1785771429217675,0.2946442857304419,0.17577359416903704,False,False,False,False
2025-10-21 15:50:00-04:00,262.9200134277344,263.1400146484375,262.5199890136719,262.6300048828125,262.6300048828125,675381,263.2417682253903,263.8961330666582,262.58740338412235,1.3087296825358408,0.3271824206339602,0.032551793742157845,False,False,False,False
2025-10-21 15:55:00-04:00,262.6199951171875,263.1600036621094,262.4700012207031,262.8399963378906,262.8399963378906,1491211,263.2019173220421,263.9288461674645,262.4749884766197,1.4538576908447567,0.3634644227111892,0.25106161598169263,False,False,False,False
2025-10-22 09:30:00-04:00,262.7900085449219,262.8500061035156,260.260009765625,260.29998779296875,260.29998779296875,2451021,263.0052268996924,264.1774621281507,261.8329916712341,2.3444704569166106,0.5861176142291527,0.0,False,True,False,False
2025-10-22 09:35:00-04:00,260.30999755859375,260.8067932128906,260.0299987792969,260.760009765625,260.760009765625,730916,262.76970693330304,263.9800775256343,261.5593363409718,2.420741184662461,0.6051852961656152,0.0,False,False,False,False
2025-10-22 09:40:00-04:00,260.760009765625,261.28851318359375,260.37298583984375,260.55499267578125,260.55499267578125,712158,262.5762901364557,263.8487291383038,261.30385113460767,2.5448780036961125,0.6362195009240281,0.0,False,False,False,False
2025-10-22 09:45:00-04:00,260.55499267578125,260.989990234375,260.2099914550781,260.2950134277344,260.2950134277344,492983,262.3783893335294,263.6795841910521,261.07719447600675,2.6023897150453195,0.6505974287613299,0.0,False,False,False,False
2025-10-22 09:50:00-04:00,260.2876892089844,261.1099853515625,260.1600036621094,260.44500732421875,260.44500732421875,585476,262.2063203918565,263.5673921015175,260.84524868219546,2.7221434193220375,0.6805358548305094,0.0,False,False,False,False
2025-10-22 09:55:00-04:00,260.4100036621094,260.6499938964844,259.92999267578125,260.3999938964844,260.3999938964844,984602,262.0273051313225,263.39626991415804,260.658340348487,2.7379295656710383,0.6844823914177596,0.0,False,False,False,False
2025-10-22 10:00:00-04:00,260.4125061035156,260.4599914550781,259.8900146484375,259.95001220703125,259.95001220703125,571259,261.84375284296,263.18981650884007,260.4976891770799,2.6921273317601617,0.6730318329400404,0.0,False,False,False,False
2025-10-22 10:05:00-04:00,259.93218994140625,260.7349853515625,259.7200012207031,260.30999755859375,260.30999755859375,660715,261.6924425446101,263.1068966700741,260.27798841914614,2.8289082509279524,0.7072270627319881,0.011315015054698086,False,False,False,False
2025-10-22 10:10:00-04:00,260.30999755859375,261.32000732421875,260.25,261.0387878417969,261.0387878417969,570496,261.61407643452077,263.1010866122821,260.12706625675946,2.9740203555226117,0.7435050888806529,0.3065619854767939,False,False,False,False
2025-10-22 10:15:00-04:00,261.0299987792969,261.3599853515625,260.9200134277344,261.25,261.25,356367,261.57241832263935,262.99872186739015,260.14611477788856,2.852607089501589,0.7131517723753973,0.3869741564388792,False,False,False,False
2025-10-22 10:20:00-04:00,261.2502136230469,261.3200988769531,260.8999938964844,261.1099853515625,261.1099853515625,397841,261.52838096254675,262.8960751489162,260.1606867761773,2.735388372738953,0.6838470931847382,0.3470434344336605,False,False,False,False
2025-10-22 10:25:00-04:00,261.19000244140625,261.3699951171875,259.9206848144531,260.0498962402344,260.0498962402344,641833,261.42537884458596,262.9461656728654,259.90459201630654,3.041573656558853,0.7603934141397133,0.047772712528103105,False,False,False,False
2025-10-22 10:30:00-04:00,260.0,260.2799987792969,259.7449951171875,260.0899963378906,260.0899963378906,592263,261.29327896206587,262.7689878399392,259.81757008419254,2.951417755746661,0.7378544389366652,0.09230352198283312,False,False,False,False
2025-10-22 10:35:00-04:00,260.1098937988281,260.639892578125,259.92999267578125,260.54998779296875,260.54998779296875,395888,261.20566106240483,262.6757790329596,259.73554309185005,2.940235941109563,0.7350589852773908,0.2769997773754693,False,False,False,False
2025-10-22 10:40:00-04:00,260.55999755859375,260.760009765625,260.3900146484375,260.6499938964844,260.6499938964844,375920,261.14797963774873,262.5450848346855,259.75087444081197,2.794210393873527,0.6985525984683818,0.3217794399604906,False,False,False,False
2025-10-22 10:45:00-04:00,260.5899963378906,261.07000732421875,260.1700134277344,261.068603515625,261.068603515625,474226,261.1119379029656,262.54933135950563,259.6745444464256,2.8747869130800154,0.7186967282700039,0.48492605238202036,False,False,False,False
2025-10-22 10:50:00-04:00,261.07000732421875,261.1300048828125,260.5190124511719,260.9700012207031,260.9700012207031,299673,261.0891825012447,262.5050350984588,259.6733299040306,2.8317051944281957,0.7079262986070489,0.45791183320351464,False,False,False,False
2025-10-22 10:55:00-04:00,260.9700012207031,261.1050109863281,260.6499938964844,260.739990234375,260.739990234375,240633,261.0646570286559,262.42992778411735,259.6993862731945,2.730541510922876,0.682635377730719,0.38109801920895037,False,False,False,False
2025-10-22 11:00:00-04:00,260.75,260.760009765625,260.2701110839844,260.31219482421875,260.31219482421875,345598,261.0058743171594,262.33259773340285,259.67915090091594,2.6534468324869067,0.6633617081217267,0.2385741879401049,False,False,False,False
2025-10-22 11:05:00-04:00,260.32000732421875,260.4299011230469,260.0400085449219,260.1499938964844,260.1499938964844,304753,260.9297562413808,262.2017858316249,259.6577266511367,2.544059180488148,0.636014795122037,0.19349677441591315,False,False,False,False
2025-10-22 11:10:00-04:00,260.1400146484375,260.1400146484375,259.3900146484375,259.67498779296875,259.67498779296875,602932,260.81597047521257,262.11279295604163,259.5191479943835,2.5936449616581285,0.6484112404145321,0.06008524716722173,False,False,False,False
2025-10-22 11:15:00-04:00,259.6600036621094,259.7099914550781,259.17498779296875,259.3999938964844,259.3999938964844,429752,260.6838137043838,261.95795466955184,259.40967273921575,2.5482819303360884,0.6370704825840221,0.0,False,True,False,False
2025-10-22 11:20:00-04:00,259.3900146484375,259.42999267578125,257.6401062011719,258.5199890136719,258.5199890136719,1274269,260.47869137985913,261.9833955434322,258.97398721628605,3.0094083271461614,0.7523520817865403,0.0,False,False,False,False
2025-10-22 11:25:00-04:00,258.5199890136719,258.7900085449219,258.1400146484375,258.4299011230469,258.4299011230469,594307,260.2857977346791,261.7700302611917,258.80156520816644,2.968465053025284,0.742116263256321,0.0,False,False,False,False
2025-10-22 11:30:00-04:00,258.45001220703125,258.7650146484375,258.1000061035156,258.54998779296875,258.54998779296875,541142,260.1130236185167,261.58183460136246,258.64421263567095,2.9376219656915055,0.7344054914228764,0.0,False,False,False,False
2025-10-22 11:35:00-04:00,258.5899963378906,258.739990234375,258.1000061035156,258.6650085449219,258.6650085449219,429051,259.95956120668376,261.4094879174168,258.5096344959507,2.899853421466105,0.7249633553665262,0.05357996642899789,False,False,False,False
2025-10-22 11:40:00-04:00,258.67999267578125,258.9991149902344,258.5609130859375,258.5799865722656,258.5799865722656,364515,259.840873302823,261.2334477233421,258.4482988823039,2.7851488410382217,0.6962872102595554,0.04728210141639448,False,False,False,False
2025-10-22 11:45:00-04:00,258.6000061035156,259.1796875,258.57110595703125,259.1593933105469,259.1593933105469,401345,259.7579389173979,261.13297220445884,258.38290563033695,2.750066574121888,0.687516643530472,0.2823523210371233,False,False,False,False
2025-10-22 11:50:00-04:00,259.1700134277344,259.3800048828125,259.0,259.25,259.25,312798,259.705754413608,261.0192853485254,258.39222347869065,2.6270618698347334,0.6567654674586834,0.3265155385789636,False,False,False,False
2025-10-22 11:55:00-04:00,259.260009765625,259.489990234375,259.1400146484375,259.30499267578125,259.30499267578125,231995,259.6682221697277,260.92039512834083,258.41604921111457,2.50434591722626,0.626086479306565,0.35496033457360754,False,False,False,False
2025-10-22 12:00:00-04:00,259.30499267578125,259.4100036621094,258.739990234375,259.1300048828125,259.1300048828125,230888,259.6134708132234,260.8744291615221,258.3525124649247,2.5219166965973727,0.6304791741493432,0.30829425053444864,False,False,False,False
2025-10-22 12:05:00-04:00,259.1449890136719,259.32501220703125,258.7691955566406,258.7900085449219,258.7900085449219,226493,259.55136934874474,260.7973951922917,258.3053435051978,2.4920516870938627,0.6230129217734657,0.19448434486094546,False,False,False,False
2025-10-22 12:10:00-04:00,258.7749938964844,258.7900085449219,258.5299987792969,258.57000732421875,258.57000732421875,277211,259.4636203519893,260.63704556430656,258.290195139672,2.3468504246345674,0.5867126061586418,0.11922881049836244,False,False,False,False
2025-10-22 12:15:00-04:00,258.55999755859375,258.7488098144531,258.510009765625,258.510009765625,258.510009765625,195077,259.3803812500761,260.48422395092723,258.27653854922494,2.2076854017022924,0.5519213504255731,0.1057538434688376,False,False,False,False
2025-10-22 12:20:00-04:00,258.5,258.5799865722656,258.04998779296875,258.17999267578125,258.17999267578125,307920,259.2746296085138,260.37408779513925,258.17517142188836,2.1989163732508814,0.5497290933127204,0.002192559003850326,False,False,False,False
2025-10-22 12:25:00-04:00,258.17999267578125,258.5799865722656,258.1400146484375,258.54998779296875,258.54998779296875,245486,259.19355342401,260.2710601767385,258.11604667128154,2.1550135054569637,0.5387533763642409,0.2013635276940858,False,False,False,False
2025-10-22 12:30:00-04:00,258.54998779296875,258.7699890136719,256.375,258.0320129394531,258.0320129394531,1381627,259.0537547472194,260.5025086274094,257.6050008670294,2.8975077603799946,0.7243769400949986,0.14737219284193917,False,False,False,False
2025-10-22 12:35:00-04:00,258.0400085449219,258.239990234375,257.79998779296875,257.9888000488281,257.9888000488281,452512,258.95431074196586,260.3461897224181,257.5624317615136,2.783757960904495,0.6959394902261238,0.15316284436452302,False,False,False,False
2025-10-22 12:40:00-04:00,258.0199890136719,258.2850036621094,257.5801086425781,257.6600036621094,257.6600036621094,278250,258.848348321042,260.2420184073553,257.4546782347287,2.787340172626614,0.6968350431566535,0.0736635698064746,False,False,False,False
2025-10-22 12:45:00-04:00,257.67498779296875,257.82989501953125,257.42010498046875,257.5950012207031,257.5950012207031,282086,258.73088661493335,260.0671477004278,257.3946255294389,2.672522170988941,0.6681305427472353,0.0749762503149205,False,False,False,False
2025-10-22 12:50:00-04:00,257.56048583984375,257.989990234375,257.0899963378906,257.84051513671875,257.84051513671875,346659,258.6270085788757,260.0096423351176,257.2443748226338,2.7652675124837742,0.6913168781209436,0.21558142617076956,False,False,False,False
2025-10-22 12:55:00-04:00,257.8999938964844,258.2099914550781,257.5799865722656,257.6700134277344,257.6700134277344,226372,258.5501503477154,259.9205217048956,257.17977899053517,2.740742714360408,0.685185678590102,0.1788691928762854,False,False,False,False
2025-10-22 13:00:00-04:00,257.6400146484375,257.70001220703125,257.3699951171875,257.45001220703125,257.45001220703125,179150,258.45077156955995,259.75010920899086,257.15143393012903,2.5986752788618332,0.6496688197154583,0.11489633942759889,False,False,False,False
2025-10-22 13:05:00-04:00,257.4750061035156,257.7900085449219,257.3706970214844,257.7900085449219,257.7900085449219,221813,258.37453028075515,259.6277964609305,257.1212641005798,2.5065323603506613,0.6266330900876653,0.2668006425612221,False,False,False,False
2025-10-22 13:10:00-04:00,257.7699890136719,257.8204040527344,257.1600036621094,257.1700134277344,257.1700134277344,242227,258.28014394108254,259.54016358136533,257.02012430079975,2.520039280565584,0.630009820141396,0.05947888514697447,False,False,False,False
2025-10-22 13:15:00-04:00,257.19000244140625,257.239990234375,256.9800109863281,257.0945129394531,257.0945129394531,273532,258.16821004701615,259.3542235728801,256.9821965211522,2.372027051727855,0.5930067629319637,0.04735039519009366,False,False,False,False
2025-10-22 13:20:00-04:00,257.1099853515625,257.17999267578125,256.4700927734375,256.80499267578125,256.80499267578125,412714,258.03965284015743,259.2490449939037,256.8302606864112,2.4187843074925013,0.6046960768731253,0.0,False,True,False,False
2025-10-22 13:25:00-04:00,256.80999755859375,256.8500061035156,256.29998779296875,256.69140625,256.69140625,382199,257.9038573362213,259.1023139367023,256.7054007357403,2.39691320096199,0.5992283002404974,0.0,False,False,False,False
2025-10-22 13:30:00-04:00,256.6700134277344,256.7184143066406,255.7899932861328,256.4200134277344,256.4200134277344,598550,257.7520112731052,259.01630641763967,256.48771612857075,2.528590289068916,0.632147572267229,0.0,False,False,False,False
2025-10-22 13:35:00-04:00,256.3999938964844,256.787109375,256.1000061035156,256.125,256.125,456726,257.6172837067306,258.8925699911085,256.3419974223527,2.550572568755797,0.6376431421889492,0.0,False,False,False,False
2025-10-22 13:40:00-04:00,256.19000244140625,256.20001220703125,255.67999267578125,255.74960327148438,255.74960327148438,466778,257.4514982157498,258.7032597779399,256.1997366535597,2.5035231243801945,0.6258807810950486,0.0,False,False,False,False
2025-10-22 13:45:00-04:00,255.72999572753906,256.1099853515625,255.7100067138672,255.99009704589844,255.99009704589844,424059,257.30723137333956,258.5138125068497,256.1006502398294,2.4131622670203114,0.6032905667550779,0.0,False,False,False,False
2025-10-22 13:50:00-04:00,255.99000549316406,256.0350036621094,255.42999267578125,255.50509643554688,255.50509643554688,380870,257.1500376797973,258.3569628972221,255.94311246237254,2.4138504348495644,0.6034626087123911,0.0,False,False,False,False
2025-10-22 13:55:00-04:00,255.5,256.3500061035156,255.49000549316406,256.3500061035156,256.3500061035156,366278,257.0465425896641,258.30477540741674,255.7883097719115,2.5164656355052273,0.6291164088763068,0.22320842521314216,False,False,False,False
2025-10-22 14:00:00-04:00,256.30999755859375,256.6400146484375,256.2200927734375,256.2974853515625,256.2974853515625,320253,256.9836208437735,258.20001475475084,255.76722693279615,2.4327878219546903,0.6081969554886726,0.21796328228094325,False,False,False,False
2025-10-22 14:05:00-04:00,256.2799987792969,256.8399963378906,256.2799987792969,256.70001220703125,256.70001220703125,256902,256.94772067846867,258.154474710067,255.7409666468703,2.4135080631967014,0.6033770157991754,0.3973657990977188,False,False,False,False
2025-10-22 14:10:00-04:00,256.70001220703125,256.80999755859375,256.44000244140625,256.510009765625,256.510009765625,211538,256.9133348921264,258.0734125440024,255.75325724025035,2.3201553037520455,0.5800388259380114,0.3261645994778309,False,False,False,False
2025-10-22 14:15:00-04:00,256.5,256.556396484375,256.260009765625,256.4703063964844,256.4703063964844,198778,256.86719863720907,257.9705458676475,255.76385140677064,2.206694460876861,0.5516736152192152,0.3201417333657575,False,False,False,False
2025-10-22 14:20:00-04:00,256.4700012207031,257.0798034667969,256.4700012207031,257.010009765625,257.010009765625,302965,256.865872241701,257.98084519831434,255.75089928508768,2.2299459132266577,0.5574864783066644,0.5646372286740468,False,False,False,True
2025-10-22 14:25:00-04:00,257.0199890136719,257.0530090332031,256.27398681640625,256.5509948730469,256.5509948730469,237346,256.8430269717821,258.0023070760935,255.68374686747072,2.318560208622756,0.579640052155689,0.3740459283096688,False,False,True,False
2025-10-22 14:30:00-04:00,256.54998779296875,256.6300048828125,256.1400146484375,256.3951110839844,256.3951110839844,289745,256.79972696225474,257.94107710300995,255.6583768214995,2.2827002815104436,0.5706750703776109,0.32274682245948744,False,False,False,False
2025-10-22 14:35:00-04:00,256.3923034667969,256.7449951171875,256.3699951171875,256.739990234375,256.739990234375,239058,256.7824507585083,257.884665885188,255.68023563182857,2.204430253359419,0.5511075633398548,0.4807385495328925,False,False,False,False
2025-10-22 14:40:00-04:00,256.739990234375,256.8699951171875,256.42999267578125,256.67999267578125,256.67999267578125,266680,256.7707881614678,257.8507822637608,255.6907940591748,2.1599882045859715,0.5399970511464929,0.45796482337553074,False,False,False,False
2025-10-22 14:45:00-04:00,256.69000244140625,256.9200134277344,256.6199951171875,256.7099914550781,256.7099914550781,208499,256.7688083365661,257.8008066907392,255.73680998239305,2.0639967083461386,0.5159991770865346,0.4715034034452852,False,False,False,False
2025-10-22 14:50:00-04:00,256.70001220703125,256.7099914550781,256.4100036621094,256.4649963378906,256.4649963378906,213407,256.74590568403846,257.73470176138795,255.75710960668894,1.9775921546990105,0.4943980386747526,0.3579538528809662,False,False,False,False
2025-10-22 14:55:00-04:00,256.4800109863281,257.0190124511719,256.4700012207031,256.9700012207031,256.9700012207031,221969,256.75293101230716,257.753650704578,255.75221132003634,2.0014393845416407,0.5003598461354102,0.608457048498463,False,False,False,True
2025-10-22 15:00:00-04:00,256.9599914550781,257.0599060058594,256.5,256.94219970703125,256.94219970703125,298104,256.76065522424267,257.7732841484583,255.74802630002708,2.0252578484312096,0.5063144621078024,0.5896401823250278,False,False,False,False
2025-10-22 15:05:00-04:00,256.9418029785156,257.57000732421875,256.8500061035156,257.4800109863281,257.4800109863281,315541,256.812022168412,257.86738844434666,255.75665589247734,2.1107325518693187,0.5276831379673297,0.8164725049246705,False,False,False,False
2025-10-22 15:10:00-04:00,257.4800109863281,257.6199951171875,257.385009765625,257.4849853515625,257.4849853515625,311452,256.8772260963212,257.8740528149749,255.8803993776675,1.9936534373074153,0.4984133593268538,0.8048469928966849,False,False,False,False
2025-10-22 15:15:00-04:00,257.4849853515625,257.67999267578125,257.3399963378906,257.5,257.5,258442,256.9371724685342,257.90231578290064,255.97202915416773,1.9302866287329152,0.4825716571832288,0.7915771798280896,False,False,False,False
2025-10-22 15:20:00-04:00,257.5150146484375,257.55999755859375,257.1400146484375,257.2799987792969,257.2799987792969,312500,256.97426750284296,257.92689306780403,256.0216419378819,1.905251129922135,0.47631278248053377,0.6604677050979662,False,False,False,False
2025-10-22 15:25:00-04:00,257.30999755859375,257.6000061035156,257.2850036621094,257.510009765625,257.510009765625,259744,257.0210045511833,257.942369024492,256.0996400778746,1.8427289466173988,0.4606822366543497,0.7653701269192875,False,False,False,False
2025-10-22 15:30:00-04:00,257.5199890136719,257.6914978027344,257.42999267578125,257.6000061035156,257.6000061035156,356602,257.0736548028811,257.9551838542495,256.19212575151266,1.7630581027368635,0.44076452568421587,0.79854450050027,False,False,False,False
2025-10-22 15:35:00-04:00,257.5899963378906,257.989990234375,257.5,257.9100036621094,257.9100036621094,488012,257.14283034217766,258.0342045352843,256.25145614907103,1.7827483862132567,0.4456870965533142,0.9303317988475484,False,False,False,False
2025-10-22 15:40:00-04:00,257.9100036621094,257.93499755859375,257.510009765625,257.6000061035156,257.6000061035156,376929,257.1941485136444,258.0813828460341,256.3069141812547,1.7744686647794197,0.4436171661948549,0.7287206294069347,False,False,False,False
2025-10-22 15:45:00-04:00,257.6099853515625,257.8999938964844,257.5299987792969,257.8900146484375,257.8900146484375,310447,257.24930920517727,258.1218191277655,256.37679928258905,1.7450198451764436,0.4362549612941109,0.8671622675416895,False,False,False,False
2025-10-22 15:50:00-04:00,257.9100036621094,258.69989013671875,257.9100036621094,258.4700012207031,258.4700012207031,817737,257.3550859481614,258.30231997614703,256.40785192017574,1.8944680559712879,0.47361701399282197,1.0,False,False,False,False
2025-10-22 15:55:00-04:00,258.4800109863281,258.80999755859375,258.2200012207031,258.42999267578125,258.42999267578125,1913795,257.4628552691326,258.4333651618978,256.4923453763674,1.9410197855304432,0.4852549463826108,0.9982625184237092,False,False,False,False
2025-10-23 09:30:00-04:00,259.8900146484375,260.1799011230469,258.7049865722656,259.17999267578125,259.17999267578125,1675929,257.64305573147215,258.86649632441396,256.41961513853033,2.446881185883626,0.6117202964709065,1.0,True,False,False,False
2025-10-23 09:35:00-04:00,259.1564025878906,259.30999755859375,258.37799072265625,258.7099914550781,258.7099914550781,519755,257.7531767645487,259.04067466538385,256.46567886371355,2.5749958016702976,0.6437489504175744,0.8715791264237321,False,False,False,False
2025-10-23 09:40:00-04:00,258.7373962402344,258.909912109375,258.1199951171875,258.5,258.5,460021,257.8252522227365,259.1419837319256,256.50852071354734,2.6334630183782792,0.6583657545945698,0.7562207149121227,False,False,False,False
2025-10-23 09:45:00-04:00,258.4849853515625,259.07000732421875,258.4849853515625,258.7449951171875,258.7449951171875,438348,257.91491035368125,259.2169731064827,256.6128476008798,2.6041255056029513,0.6510313764007378,0.8187575874205242,False,False,False,False
2025-10-23 09:50:00-04:00,258.739990234375,259.1199951171875,258.54998779296875,258.6099853515625,258.6099853515625,526774,257.9953940743376,259.28125201670264,256.7095361319725,2.5717158847301107,0.6429289711825277,0.7389810168666497,False,False,False,False
2025-10-23 09:55:00-04:00,258.6105041503906,259.1400146484375,258.0101013183594,258.3500061035156,258.3500061035156,484646,258.04345565679154,259.42671047093575,256.6602008426473,2.766509628288418,0.6916274070721045,0.6108076558236109,False,False,False,False
2025-10-23 10:00:00-04:00,258.3900146484375,258.8500061035156,258.3900146484375,258.489990234375,258.489990234375,375323,258.0942380065044,259.43916733923413,256.74930867377464,2.6898586654594965,0.6724646663648741,0.6471275174984006,False,False,False,False
2025-10-23 10:05:00-04:00,258.510009765625,258.5199890136719,258.2034912109375,258.2550048828125,258.2550048828125,380053,258.1163259775491,259.39006193755273,256.84259001754543,2.547471920007297,0.6368679800018242,0.5544378543191248,False,False,False,False
2025-10-23 10:10:00-04:00,258.260009765625,259.2298889160156,258.1199951171875,259.20001220703125,259.20001220703125,333343,258.18619640001214,259.55453752378105,256.8178552762432,2.7366822475378285,0.6841705618844571,0.8704543367909212,False,False,False,False
2025-10-23 10:15:00-04:00,259.17169189453125,259.3304138183594,258.6700134277344,258.7650146484375,258.7650146484375,468157,258.2562552157104,259.6198423052274,256.89266812619337,2.727174179034023,0.6817935447585057,0.6865518662644872,False,False,False,False
2025-10-23 10:20:00-04:00,258.760009765625,259.3800048828125,258.7200012207031,259.3550109863281,259.3550109863281,273041,258.34153303928855,259.70076215227573,256.98230392630137,2.7184582259743593,0.6796145564935898,0.872813507802321,False,False,False,False
2025-10-23 10:25:00-04:00,259.3800048828125,259.6300048828125,259.2699890136719,259.4798889160156,259.4798889160156,315617,258.4480499819754,259.74335935749195,257.1527406064588,2.590618751033162,0.6476546877582905,0.8982982573675672,False,False,False,False
2025-10-23 10:30:00-04:00,259.4200134277344,259.4200134277344,259.0199890136719,259.2637023925781,259.2637023925781,235746,258.52295648635817,259.78071490479186,257.2651980679245,2.5155168368673912,0.6288792092168478,0.7944706612031338,False,False,False,False
2025-10-23 10:35:00-04:00,259.2799987792969,259.5899963378906,259.1199951171875,259.30999755859375,259.30999755859375,205893,258.60076980555175,259.8267526262827,257.3747869848208,2.451965641461925,0.6129914103654812,0.789248650572094,False,False,False,False
2025-10-23 10:40:00-04:00,259.3349914550781,259.44000244140625,259.2030029296875,259.32501220703125,259.32501220703125,171278,258.66952244559843,259.82030688660006,257.5187380045968,2.3015688820032665,0.5753922205008166,0.7848012790572166,False,False,False,False
2025-10-23 10:45:00-04:00,259.32501220703125,259.5010986328125,259.1300048828125,259.3299865722656,259.3299865722656,189090,258.73150729483956,259.84143204174103,257.6215825479381,2.21984949380294,0.554962373450735,0.7696035380312111,False,False,False,False
2025-10-23 10:50:00-04:00,259.3299865722656,259.42999267578125,258.7300109863281,258.760009765625,258.760009765625,342925,258.754538772402,259.8934673825039,257.6156101623001,2.2778572202038276,0.5694643050509569,0.5024018156952456,False,False,False,False
2025-10-23 10:55:00-04:00,258.7550048828125,259.6600036621094,258.7300109863281,259.6221923828125,259.6221923828125,389311,258.81004958872086,260.02108387296886,257.59901530447286,2.4220685684960017,0.6055171421240004,0.8353095798588175,False,False,False,False
2025-10-23 11:00:00-04:00,259.6099853515625,259.67999267578125,259.25,259.2900085449219,259.2900085449219,295597,258.86687030156344,260.04279969254287,257.690940910584,2.3518587819588674,0.5879646954897169,0.6799165182043816,False,False,False,False
2025-10-23 11:05:00-04:00,259.2799987792969,259.4100036621094,259.2200012207031,259.340087890625,259.340087890625,153385,258.9103459164443,260.0066828566071,257.81400897628157,2.192673880325515,0.5481684700813787,0.6959899180797805,False,False,False,False
2025-10-23 11:10:00-04:00,259.3800048828125,259.41949462890625,258.9599914550781,259.0899963378906,259.0899963378906,191901,258.93378860446154,260.01239248537365,257.8551847235494,2.1572077618242247,0.5393019404560562,0.5724120023084791,False,False,False,False
2025-10-23 11:15:00-04:00,259.0849914550781,259.19000244140625,258.95001220703125,259.0899963378906,259.0899963378906,317571,258.9473963877296,259.9661379274255,257.9286548480337,2.037483079391791,0.5093707698479477,0.5699882868247333,False,False,False,False
2025-10-23 11:20:00-04:00,259.0950012207031,259.3949890136719,259.07000732421875,259.385009765625,259.385009765625,180026,258.9793905763114,259.9612542999283,257.9975268526945,1.9637274472338504,0.4909318618084626,0.7065557467687084,False,False,False,False
2025-10-23 11:25:00-04:00,259.3822937011719,259.42999267578125,259.19000244140625,259.3999938964844,259.3999938964844,180067,259.0137339821761,259.94540938030633,258.0820585840459,1.8633507962604199,0.46583769906510497,0.7072931812321352,False,False,False,False
2025-10-23 11:30:00-04:00,259.3999938964844,259.7699890136719,259.3800048828125,259.75,259.75,271098,259.0727432504287,259.9892479349178,258.1562385659396,1.833009368978196,0.458252342244549,0.8694780621600682,False,False,False,False
2025-10-23 11:35:00-04:00,259.7590026855469,259.85699462890625,259.0834045410156,259.31500244140625,259.31500244140625,448194,259.1056693412237,260.085241574842,258.1260971076054,1.9591444672365697,0.4897861168091424,0.6068492414333447,False,False,False,False
2025-10-23 11:40:00-04:00,259.2799987792969,259.70001220703125,259.239990234375,259.239990234375,259.239990234375,333034,259.13306567938594,260.10668508417365,258.1594462745982,1.947238809575424,0.486809702393856,0.5549108586287769,False,False,False,False
2025-10-23 11:45:00-04:00,259.239990234375,259.9700012207031,259.1499938964844,259.9100036621094,259.9100036621094,278689,259.18483716323163,260.2250960923843,258.14457823407895,2.0805178583053703,0.5201294645763426,0.8485509609941082,False,False,False,False
2025-10-23 11:50:00-04:00,259.8800048828125,260.3800048828125,259.8800048828125,260.3599853515625,260.3599853515625,432943,259.282154103787,260.3183871400244,258.24592106754955,2.0724660724748674,0.5181165181187168,1.0,True,False,False,False
2025-10-23 11:55:00-04:00,260.3500061035156,260.5299987792969,260.1700134277344,260.25,260.25,316775,259.3806794973003,260.3852863002265,258.37607269437416,2.009213605852324,0.502303401463081,0.9326670395659136,False,False,False,False
2025-10-23 12:00:00-04:00,260.2049865722656,260.45001220703125,260.17059326171875,260.3999938964844,260.3999938964844,187892,259.472062382168,260.43209229386406,258.512032470472,1.92005982339208,0.48001495584802,0.9832826055789359,False,False,False,False
2025-10-23 12:05:00-04:00,260.3999938964844,260.6199035644531,260.239990234375,260.40899658203125,260.40899658203125,202931,259.5626243896079,260.50263397615,258.6226148030658,1.8800191730841789,0.4700047932710447,0.9501933834190014,False,False,False,False
2025-10-23 12:10:00-04:00,260.3999938964844,260.5400085449219,260.20001220703125,260.3900146484375,260.3900146484375,167459,259.64015334934015,260.55416124480615,258.72614545387415,1.8280157909319996,0.4570039477329999,0.9102050446265763,False,False,False,False
2025-10-23 12:15:00-04:00,260.3764953613281,260.510009765625,260.239990234375,260.3500061035156,260.3500061035156,136096,259.70934528760984,260.58595629977924,258.83273427544043,1.753222024338811,0.43830550608470276,0.8654191009535148,False,False,False,False
2025-10-23 12:20:00-04:00,260.3500061035156,260.5400085449219,260.0299987792969,260.1199951171875,260.1199951171875,203272,259.7589315281996,260.64988339227705,258.8679796641221,1.78190372815493,0.4454759320387325,0.702628000201661,False,False,False,False
2025-10-23 12:25:00-04:00,260.1400146484375,260.1700134277344,259.92498779296875,260.0400085449219,260.0400085449219,189738,259.7861764545814,260.63703825920425,258.9353146499585,1.7017236092457324,0.4254309023114331,0.6491617610294559,False,False,False,False
2025-10-23 12:30:00-04:00,260.04998779296875,260.3900146484375,260.010009765625,260.20001220703125,260.20001220703125,213080,259.82558938338616,260.6673659841092,258.9838127826631,1.6835532014461023,0.4208883003615256,0.7224003514254715,False,False,False,False
2025-10-23 12:35:00-04:00,260.2099914550781,260.239990234375,260.05010986328125,260.07501220703125,260.07501220703125,152575,259.8537907851172,260.6493657999867,259.0582157702477,1.5911500297389694,0.39778750743474234,0.6390324091250713,False,False,False,False
2025-10-23 12:40:00-04:00,260.0450134277344,260.260009765625,259.95001220703125,260.20001220703125,260.20001220703125,194807,259.8807324303342,260.6587494554355,259.1027154052329,1.5560340502025838,0.38900851255064595,0.7051881683793979,False,False,False,False
2025-10-23 12:45:00-04:00,260.2300109863281,260.29998779296875,260.05670166015625,260.0899963378906,260.0899963378906,188735,259.9062717477949,260.65514429694855,259.15739919864126,1.4977450983072913,0.3744362745768228,0.6226674621091144,False,False,False,False
2025-10-23 12:50:00-04:00,260.07000732421875,260.239990234375,260.07000732421875,260.17999267578125,260.17999267578125,132160,259.93075349354064,260.6387353698102,259.22277161727106,1.4159637525391418,0.35399093813478544,0.6760208775074029,False,False,False,False
2025-10-23 12:55:00-04:00,260.1700134277344,260.2900085449219,260.0400085449219,260.260009765625,260.260009765625,179790,259.95607941020245,260.64326309884507,259.26889572155983,1.374367377285239,0.34359184432130974,0.721142003547042,False,False,False,False
2025-10-23 13:00:00-04:00,260.25,260.54998779296875,259.5199890136719,260.3699951171875,260.3699951171875,511241,259.9742296861777,260.7986947618154,259.14976461054,1.6489301512754082,0.41223253781885205,0.7400134600629937,False,False,False,False
2025-10-23 13:05:00-04:00,260.3599853515625,260.4079895019531,259.6199951171875,259.94000244140625,259.94000244140625,404223,259.9756677179877,260.8752851630147,259.07605027296063,1.7992348900540946,0.44980872251352366,0.4801775316949563,False,False,True,False
2025-10-23 13:10:00-04:00,259.95001220703125,260.30499267578125,259.93499755859375,260.02508544921875,260.02508544921875,165877,259.9864001792458,260.87005490320763,259.1027454552839,1.767309447923708,0.441827361980927,0.5218893584360236,False,False,False,True
2025-10-23 13:15:00-04:00,260.0249938964844,260.1099853515625,259.6650085449219,259.7550048828125,259.7550048828125,149575,259.97277472659687,260.85705933949066,259.0884901137031,1.7685692257875871,0.4421423064468968,0.37686665548113385,False,False,True,False
2025-10-23 13:20:00-04:00,259.7900085449219,259.889892578125,259.70001220703125,259.7637939453125,259.7637939453125,123797,259.9548501091581,260.7886823349813,259.1210178833349,1.667664451646374,0.4169161129115935,0.3854348885011188,False,False,False,False
2025-10-23 13:25:00-04:00,259.7622985839844,259.909912109375,259.72698974609375,259.8599853515625,259.8599853515625,158349,259.94317826406467,260.73021173996176,259.1561447881676,1.5740669517941797,0.3935167379485449,0.4471477929148161,False,False,False,False
2025-10-23 13:30:00-04:00,259.8800048828125,260.2200012207031,259.8299865722656,259.93499755859375,259.93499755859375,187201,259.9481132024573,260.7344462604522,259.1617801444624,1.5726661159898185,0.39316652899745463,0.49166024896816557,False,False,False,False
2025-10-23 13:35:00-04:00,259.94000244140625,260.42498779296875,259.9200134277344,260.3226013183594,260.3226013183594,231013,259.9742485336221,260.7829431588643,259.1655539083798,1.617389250484507,0.4043473126211268,0.7153796834206411,False,False,False,True
2025-10-23 13:40:00-04:00,260.3299865722656,260.3800048828125,260.1199951171875,260.2300109863281,260.2300109863281,151301,259.9998760061764,260.77970312201944,259.2200488903334,1.5596542316860678,0.38991355792151694,0.6475551282305243,False,False,False,False
2025-10-23 13:45:00-04:00,260.239990234375,260.32000732421875,260.17999267578125,260.2300109863281,260.2300109863281,171637,260.0230627670589,260.7529101010051,259.29321543311266,1.4596946678924496,0.3649236669731124,0.6417750052947951,False,False,False,False
2025-10-23 13:50:00-04:00,260.2300109863281,260.29998779296875,260.1499938964844,260.2099914550781,260.2099914550781,123966,260.0418178414511,260.7286792212996,259.3549564616026,1.3737227596969888,0.3434306899242472,0.6224218004978674,False,False,False,False
2025-10-23 13:55:00-04:00,260.239990234375,260.32000732421875,260.19000244140625,260.2099914550781,260.2099914550781,1472123,260.060692371494,260.7048685899201,259.41651615306785,1.2883524368522785,0.32208810921306963,0.6158837281737204,False,False,False,False
2025-10-23 14:00:00-04:00,260.2099914550781,260.3500061035156,260.1099853515625,260.30999755859375,260.30999755859375,138255,260.07935624130954,260.7071189882837,259.4515934943354,1.255525493948312,0.313881373487078,0.6837010227159155,False,False,False,False
2025-10-23 14:05:00-04:00,260.30999755859375,260.4200134277344,260.17999267578125,260.260986328125,260.260986328125,148191,260.09913159710993,260.7121222197773,259.48614097444255,1.225981245334765,0.30649531133369123,0.6320205603723351,False,False,False,False
2025-10-23 14:10:00-04:00,260.260009765625,260.2799987792969,259.8429870605469,260.1499938964844,260.1499938964844,216205,260.0983565159988,260.7374504201494,259.45926261184815,1.2781878083012543,0.3195469520753136,0.5403988992464488,False,False,False,False
2025-10-23 14:15:00-04:00,260.125,260.125,259.8699951171875,259.94000244140625,259.94000244140625,184384,260.08692565919233,260.71810992878727,259.4557413895974,1.262368539189879,0.3155921347974697,0.3836130549638307,False,False,True,False
2025-10-23 14:20:00-04:00,259.92999267578125,260.1000061035156,259.8901062011719,259.9800109863281,259.9800109863281,172831,260.0776985580316,260.6877443811358,259.4676527349274,1.2200916462084024,0.3050229115521006,0.4199342344429078,False,False,False,False
2025-10-23 14:25:00-04:00,259.9750061035156,260.0199890136719,259.8949890136719,259.9700012207031,259.9700012207031,123085,260.066647242919,260.6406884837128,259.49260600212517,1.1480824815876076,0.2870206203969019,0.41581961769662673,False,False,False,False
2025-10-23 14:30:00-04:00,259.9700012207031,260.0199890136719,259.8800048828125,259.8900146484375,259.8900146484375,174756,260.0536334910512,260.59826743393745,259.5089995481649,1.0892678857725286,0.27231697144313216,0.3497900794186681,False,False,False,False
2025-10-23 14:35:00-04:00,259.8900146484375,259.92999267578125,259.7900085449219,259.8106994628906,259.8106994628906,212101,260.03362714852545,260.551794523295,259.51545977375594,1.0363347495390371,0.2590836873847593,0.28488834256113893,False,False,False,False
2025-10-23 14:40:00-04:00,259.8450012207031,259.9599914550781,259.8450012207031,259.9150085449219,259.9150085449219,159015,260.0215357128152,260.5177447485453,259.5253266770851,0.9924180714601789,0.24810451786504473,0.39265898016490014,False,False,False,False
2025-10-23 14:45:00-04:00,259.9150085449219,259.96551513671875,259.6600036621094,259.7650146484375,259.7650146484375,209773,260.0001365480158,260.50782697509476,259.49244612093685,1.015380854157911,0.25384521353947775,0.2684396956910348,False,False,False,False
2025-10-23 14:50:00-04:00,259.760009765625,259.875,259.760009765625,259.7749938964844,259.7749938964844,122117,259.98139350097017,260.46131293221623,259.5014740697241,0.9598388624921199,0.23995971562302998,0.28496431791696664,False,False,False,False
2025-10-23 14:55:00-04:00,259.7699890136719,259.9100036621094,259.75,259.8500061035156,259.8500061035156,154058,259.96761030296113,260.43153852350446,259.5036820824178,0.9278564410866466,0.23196411027166164,0.3732517292138658,False,False,False,False
2025-10-23 15:00:00-04:00,259.8599853515625,259.9079895019531,259.739990234375,259.875,259.875,194210,259.9555515355784,260.40668678758306,259.5044162835738,0.902270504009266,0.2255676260023165,0.41072351892199827,False,False,False,False
2025-10-23 15:05:00-04:00,259.8800048828125,259.8800048828125,259.7200012207031,259.7300109863281,259.7300109863281,167397,259.9385154239311,260.37653788315714,259.5004929647051,0.8760449184520667,0.21901122961301667,0.2619934398210984,False,False,False,False
2025-10-23 15:10:00-04:00,259.7300109863281,259.8599853515625,259.7300109863281,259.7850036621094,259.7850036621094,154122,259.92452982800114,260.34474491435145,259.50431474165083,0.8404301727006214,0.21010754317515534,0.3339824408690426,False,False,False,False
2025-10-23 15:15:00-04:00,259.7850036621094,259.7998962402344,259.6199951171875,259.7099914550781,259.7099914550781,266181,259.90409469557244,260.31826849789707,259.4899208932478,0.8283476046492524,0.2070869011623131,0.2656741693887029,False,False,False,False
2025-10-23 15:20:00-04:00,259.7099914550781,259.8599853515625,259.69000244140625,259.760009765625,259.760009765625,218754,259.8913236946796,260.298076698803,259.4845706905562,0.8135060082468044,0.2033765020617011,0.3385827176155597,False,False,False,False
2025-10-23 15:25:00-04:00,259.760009765625,259.9136047363281,259.739990234375,259.8999938964844,259.8999938964844,204687,259.8875020370018,260.28830264110354,259.4867014329001,0.8016012082034649,0.20040030205086623,0.5155836335508555,False,False,False,True
2025-10-23 15:30:00-04:00,259.9100036621094,259.9100036621094,259.7101135253906,259.7900085449219,259.7900085449219,216369,259.87948996149123,260.2801885325265,259.47879139045597,0.8013971420705275,0.20034928551763187,0.38834322975227037,False,False,True,False
2025-10-23 15:35:00-04:00,259.7900085449219,259.94000244140625,259.69000244140625,259.875,259.875,285007,259.8752529773115,260.2858816912433,259.46462426337973,0.8212574278635429,0.20531435696588574,0.49969196344176464,False,False,False,False
2025-10-23 15:40:00-04:00,259.8599853515625,260.0199890136719,259.80999755859375,259.82000732421875,259.82000732421875,264786,259.87602234126547,260.2875864748197,259.46445820771123,0.8231282671084728,0.2057820667771182,0.4319486168984445,False,False,False,False
2025-10-23 15:45:00-04:00,259.82818603515625,260.04998779296875,259.7799987792969,259.7950134277344,259.7950134277344,277283,259.8759249754306,260.3003304983638,259.45151945249745,0.8488110458663414,0.21220276146658534,0.40467660842742276,False,False,False,False
2025-10-23 15:50:00-04:00,259.7799987792969,259.7799987792969,259.0799865722656,259.6300048828125,259.6300048828125,760036,259.8398048264809,260.36477516821446,259.3148344847473,1.0499406834671845,0.2624851708667961,0.30017924157814635,False,False,False,False
2025-10-23 15:55:00-04:00,259.6199951171875,259.69000244140625,259.2582092285156,259.5799865722656,259.5799865722656,1340375,259.8083376443458,260.36716959448415,259.2495056942074,1.1176639002767388,0.2794159750691847,0.29568896157098934,False,False,False,False
2025-10-24 09:30:00-04:00,261.19000244140625,261.6199951171875,259.69000244140625,260.1099853515625,260.1099853515625,1799788,259.8716700245718,260.7826204886807,258.9607195604629,1.821900928217815,0.4554752320544537,0.6308058650718221,False,False,False,True
2025-10-24 09:35:00-04:00,260.1159973144531,260.6000061035156,259.5899963378906,259.6199951171875,259.6199951171875,859822,259.87786010345684,260.89971747427984,258.85600273263384,2.0437147416459993,0.5109286854114998,0.3738253529151254,False,False,True,False
2025-10-24 09:40:00-04:00,259.5899963378906,260.3500061035156,259.3949890136719,260.32000732421875,260.32000732421875,550994,259.8915560441246,261.0022310958341,258.7808809924152,2.2213501034188994,0.5553375258547248,0.6928787719840694,False,False,False,True
2025-10-24 09:45:00-04:00,260.32000732421875,260.5199890136719,259.17999267578125,259.32000732421875,259.32000732421875,553979,259.8707725800389,261.1383793941555,258.60316576592226,2.5352136282332367,0.6338034070583092,0.28275390693448316,False,False,True,False
2025-10-24 09:50:00-04:00,259.30999755859375,259.8399963378906,259.2200012207031,259.7900085449219,259.7900085449219,519246,259.846572210623,261.11141736676547,258.5817270544805,2.52969031228497,0.6324225780712425,0.47764008288824344,False,False,False,False
2025-10-24 09:55:00-04:00,259.7774963378906,260.3299865722656,259.5400085449219,260.1700134277344,260.1700134277344,439333,259.86245449357705,261.15881073957405,258.56609824758004,2.592712491994007,0.6481781229985017,0.6186243885918835,False,False,False,True
2025-10-24 10:00:00-04:00,260.239990234375,260.3699951171875,259.8800048828125,260.260009765625,260.260009765625,625798,259.89174485182764,261.1564635200999,258.62702618355536,2.529437336544561,0.6323593341361402,0.6455916335529562,False,False,False,False
2025-10-24 10:05:00-04:00,260.2799987792969,260.3196105957031,260.0299987792969,260.1700134277344,260.1700134277344,341560,259.91855082793086,261.1147199926572,258.72238166320454,2.3923383294526275,0.5980845823631569,0.6051116377260286,False,False,False,False
2025-10-24 10:10:00-04:00,260.1600036621094,260.6499938964844,260.010009765625,260.55999755859375,260.55999755859375,420783,259.9650380894201,261.1695871638456,258.76048901499456,2.409098148851058,0.6022745372127645,0.7469635657880548,False,False,False,False
2025-10-24 10:15:00-04:00,260.5899963378906,260.9198913574219,260.4100036621094,260.87969970703125,260.87969970703125,384448,260.03851365952494,261.2245853655704,258.85244195347946,2.3721434120909635,0.5930358530227409,0.8546101147252456,False,False,False,False
2025-10-24 10:20:00-04:00,260.8699951171875,261.2099914550781,260.6700134277344,261.04998779296875,261.04998779296875,426370,260.1278613324521,261.3033214733618,258.9524011915424,2.3509202818194126,0.5877300704548531,0.8922406334437754,False,False,False,False
2025-10-24 10:25:00-04:00,261.0899963378906,261.29998779296875,260.82000732421875,260.94140625,260.94140625,365406,260.2128714076848,261.36678162825353,259.0589611871161,2.3078204411374372,0.5769551102843593,0.8156809036478233,False,False,False,False
2025-10-24 10:30:00-04:00,260.94000244140625,261.2998962402344,260.7900085449219,261.2749938964844,261.2749938964844,316665,260.2994201206558,261.4399168582301,259.15892338308146,2.280993475148648,0.570248368787162,0.9276968726379267,False,False,False,False
2025-10-24 10:35:00-04:00,261.2850036621094,261.3999938964844,261.04998779296875,261.21728515625,261.21728515625,310823,260.3873250883934,261.48377337291345,259.2908768038734,2.1928965690400446,0.5482241422600111,0.8784766137966534,False,False,False,False
2025-10-24 10:40:00-04:00,261.2200012207031,261.6400146484375,261.2099914550781,261.5400085449219,261.5400085449219,363179,260.48980252913174,261.56261062387165,259.4169944343918,2.1456161894798242,0.5364040473699561,0.989465926356916,False,False,False,False
2025-10-24 10:45:00-04:00,261.54998779296875,262.3500061035156,261.53009033203125,262.06988525390625,262.06988525390625,906150,260.63204297681614,261.76155341637894,259.50253253725333,2.2590208791256146,0.5647552197814036,1.0,True,False,False,False
2025-10-24 10:50:00-04:00,262.05499267578125,262.19488525390625,261.6000061035156,261.82501220703125,261.82501220703125,388217,260.7502580445623,261.88579327024695,259.6147228188777,2.271070451369269,0.5677676128423172,0.9732368217907754,False,False,False,False
2025-10-24 10:55:00-04:00,261.80999755859375,261.8399963378906,261.3399963378906,261.83099365234375,261.83099365234375,417546,260.8378838285127,261.9598655316289,259.7159021253965,2.2439634062324103,0.5609908515581026,0.9425695272359493,False,False,False,False
2025-10-24 11:00:00-04:00,261.8500061035156,262.13970947265625,261.760009765625,262.1000061035156,262.1000061035156,338910,260.9485528398225,262.0342763140333,259.86282936561173,2.1714469484215897,0.5428617371053974,1.0,True,False,False,False
2025-10-24 11:05:00-04:00,262.1099853515625,262.3699951171875,261.9700012207031,262.3599853515625,262.3599853515625,333292,261.07091230553635,262.12806221162293,260.0137623994498,2.114299812173158,0.5285749530432895,1.0,False,False,False,False
2025-10-24 11:10:00-04:00,262.3450012207031,262.92498779296875,262.2300109863281,262.8800048828125,262.8800048828125,605854,261.22400013872686,262.3144304155329,260.1335698619208,2.180860553612092,0.545215138403023,1.0,False,False,False,False
2025-10-24 11:15:00-04:00,262.8800048828125,263.1199951171875,262.7300109863281,262.7799987792969,262.7799987792969,681155,261.3813971059215,262.4407811812188,260.3220130306242,2.118768150594633,0.5296920376486582,1.0,False,False,False,False
2025-10-24 11:20:00-04:00,262.7850036621094,263.2099914550781,262.7799987792969,263.17999267578125,263.17999267578125,429482,261.54094604536255,262.5803902482864,260.5015018424387,2.0788884058476924,0.5197221014619231,1.0,False,False,False,False
2025-10-24 11:25:00-04:00,263.18499755859375,263.3599853515625,263.1099853515625,263.2799987792969,263.2799987792969,399647,261.70371211984934,262.6892119024808,260.7182123372179,1.9709995652629004,0.4927498913157251,1.0,False,False,False,False
2025-10-24 11:30:00-04:00,263.2900085449219,263.7799987792969,263.2799987792969,263.760009765625,263.760009765625,569549,261.8849461187278,262.8718959230961,260.8979963143595,1.9738996087365877,0.4934749021841469,1.0,False,False,False,False
2025-10-24 11:35:00-04:00,263.739990234375,263.760009765625,263.2200012207031,263.45001220703125,263.45001220703125,608762,262.0365392881619,263.0327958210778,261.04028275524604,1.9925130658317585,0.4981282664579396,1.0,False,False,False,False
2025-10-24 11:40:00-04:00,263.42999267578125,263.42999267578125,263.0450134277344,263.31500244140625,263.31500244140625,321491,262.15337708754083,263.1310077230245,261.1757464520572,1.9552612709672985,0.48881531774182463,1.0,False,False,False,False
2025-10-24 11:45:00-04:00,263.2799987792969,263.4670104980469,263.1600036621094,263.30999755859375,263.30999755859375,303698,262.2637542448782,263.205023184001,261.32248530575544,1.8825378782455573,0.4706344695613893,1.0,False,False,False,False
2025-10-24 11:50:00-04:00,263.29998779296875,263.54998779296875,263.1700134277344,263.2300109863281,263.2300109863281,328347,262.36403200590667,263.28716892416406,261.44089508764927,1.846273836514797,0.46156845912869926,0.9690414624821659,False,False,False,False
2025-10-24 11:55:00-04:00,263.239990234375,263.3599853515625,262.95001220703125,263.3371887207031,263.3371887207031,386721,262.4451459824647,263.3579638378026,261.5323281271268,1.8256357106757832,0.4564089276689458,0.9886203381222441,False,False,False,False
2025-10-24 12:00:00-04:00,263.3450012207031,263.6050109863281,263.3450012207031,263.4800109863281,263.4800109863281,275828,262.5433867839239,263.418487306853,261.66828626099476,1.7502010458582618,0.43755026146456544,1.0,True,False,False,False
2025-10-24 12:05:00-04:00,263.4700012207031,263.6300048828125,263.3002014160156,263.4798889160156,263.4798889160156,300978,262.6316386843389,263.48518984833447,261.7780875203433,1.7071023279911515,0.42677558199778787,0.9968947776404921,False,False,False,False
2025-10-24 12:10:00-04:00,263.489990234375,263.69000244140625,263.460205078125,263.6000061035156,263.6000061035156,275855,262.72228305164145,263.5364385718937,261.9081275313892,1.6283110405045136,0.4070777601261284,1.0,True,False,False,False
2025-10-24 12:15:00-04:00,263.5723876953125,263.86309814453125,263.5,263.79998779296875,263.79998779296875,392784,262.8174016796597,263.622761276793,262.0120420825264,1.6107191942666077,0.4026797985666519,1.0,False,False,False,False
2025-10-24 12:20:00-04:00,263.85009765625,264.0299987792969,263.4200134277344,263.55169677734375,263.55169677734375,438333,262.8983383128469,263.7451590205793,262.05151760511444,1.6936414154648674,0.42341035386621684,0.8857714263072287,False,False,False,False
2025-10-24 12:25:00-04:00,263.5799865722656,263.7699890136719,263.4403991699219,263.5799865722656,263.5799865722656,256320,262.9648576721268,263.792914277836,262.1368010664176,1.6561132114184147,0.4140283028546037,0.8714292573102372,False,False,False,False
2025-10-24 12:30:00-04:00,263.5899963378906,263.6083984375,263.1700134277344,263.18011474609375,263.18011474609375,272006,262.99863397672834,263.8315619238198,262.1657060296369,1.6658558941828687,0.4164639735457172,0.6089414576609743,False,False,False,False
2025-10-24 12:35:00-04:00,263.17169189453125,263.3699951171875,263.0299987792969,263.25,263.25,286192,263.01939880105533,263.83703322101576,262.2017643810949,1.6352688399208546,0.40881720998021365,0.6410173014461829,False,False,False,False
2025-10-24 12:40:00-04:00,263.2322082519531,263.25,262.8500061035156,263.0602111816406,263.0602111816406,252427,263.02263755921376,263.838507316475,262.20676780195254,1.631739514522451,0.40793487863061273,0.5230267282813572,False,False,False,False
2025-10-24 12:45:00-04:00,263.0299987792969,263.3399963378906,262.9599914550781,263.20001220703125,263.20001220703125,253339,263.0363546170664,263.84663837516405,262.2260708589688,1.6205675161952513,0.4051418790488128,0.6009878257643108,False,False,False,False
2025-10-24 12:50:00-04:00,263.2300109863281,263.2950134277344,263.1099853515625,263.20489501953125,263.20489501953125,198283,263.0522539804832,263.81851497800545,262.285992982961,1.5325219950444762,0.38313049876111904,0.599601206078354,False,False,False,False
2025-10-24 12:55:00-04:00,263.1700134277344,263.19000244140625,262.92999267578125,263.1098937988281,263.1098937988281,154037,263.05457547173927,263.7991908382593,262.30996010521926,1.4892307330400172,0.3723076832600043,0.5371455717784793,False,False,False,False
2025-10-24 13:00:00-04:00,263.1000061035156,263.4100036621094,263.0899963378906,263.29290771484375,263.29290771484375,278646,263.0745494812512,263.80870477596295,262.34039418653947,1.4683105894234814,0.36707764735587034,0.6487139268526803,False,False,False,False
2025-10-24 13:05:00-04:00,263.29998779296875,263.5199890136719,263.2099914550781,263.3999938964844,263.3999938964844,294799,263.1033217327268,263.8260610096861,262.38058245576747,1.4454785539186332,0.3613696384796583,0.7052414841806718,False,False,False,False
2025-10-24 13:10:00-04:00,263.4100036621094,263.7099914550781,263.3699951171875,263.57000732421875,263.57000732421875,332350,263.1458623263237,263.8643269431652,262.4273977094822,1.4369292336830313,0.3592323084207578,0.7951745903365778,False,False,False,False
2025-10-24 13:15:00-04:00,263.56500244140625,263.6300048828125,263.3399963378906,263.4800109863281,263.4800109863281,210451,263.17800280975416,263.8826226738959,262.4733829456124,1.4092397282835236,0.3523099320708809,0.7143057497689297,False,False,False,False
2025-10-24 13:20:00-04:00,263.489990234375,263.6400146484375,263.20001220703125,263.6400146484375,263.6400146484375,213565,263.2080356057746,263.93019397178347,262.4858772397658,1.4443167320176826,0.36107918300442066,0.7990888584800979,False,False,False,False
2025-10-24 13:25:00-04:00,263.63018798828125,263.67999267578125,263.5299987792969,263.6099853515625,263.6099853515625,184361,263.2459997324196,263.9259410411244,262.56605842371476,1.359882617409653,0.33997065435241325,0.7676595865577281,False,False,False,False
2025-10-24 13:30:00-04:00,263.6099853515625,263.7200012207031,263.4100036621094,263.6499938964844,263.6499938964844,165752,263.2790790842303,263.9530257737834,262.60513239467724,1.3478933791061536,0.3369733447765384,0.7751811218926133,False,False,False,False
2025-10-24 13:35:00-04:00,263.6400146484375,263.9150085449219,263.5400085449219,263.8341979980469,263.8341979980469,315646,263.3251736186811,264.0067256392789,262.6436215980833,1.3631040411955837,0.3407760102988959,0.8734303207840994,False,False,False,False
2025-10-24 13:40:00-04:00,263.8450012207031,263.95001220703125,263.75,263.8800048828125,263.8800048828125,230257,263.37611000705573,264.029509267,262.7227107471115,1.3067985198885026,0.32669962997212565,0.8855949238446977,False,False,False,False
2025-10-24 13:45:00-04:00,263.864990234375,264.05999755859375,263.8070068359375,263.9849853515625,263.9849853515625,284103,263.4308293634026,264.0694868418837,262.7921718849215,1.2773149569621864,0.3193287392405466,0.9338444368316409,False,False,False,False
2025-10-24 13:50:00-04:00,263.9800109863281,263.9800109863281,263.8500061035156,263.9150085449219,263.9150085449219,198700,263.47694166640446,264.0787292466468,262.8751540861621,1.203575160484661,0.30089379012116524,0.86397135210153,False,False,False,False
2025-10-24 13:55:00-04:00,263.9049987792969,264.0899963378906,263.8550109863281,263.90008544921875,263.90008544921875,252311,263.5218390560624,264.110444948593,262.9332331635318,1.1772117850612176,0.2943029462653044,0.8213070052103583,False,False,False,False
2025-10-24 14:00:00-04:00,263.8900146484375,263.9309997558594,263.7099914550781,263.7101135253906,263.7101135253906,196039,263.5467783439399,264.1207253073737,262.9728313805061,1.1478939268675958,0.28697348171689896,0.6422911800713689,False,False,False,False
2025-10-24 14:05:00-04:00,263.739990234375,263.8700866699219,263.7099914550781,263.79998779296875,263.79998779296875,198670,263.5702618641351,264.11883317419426,263.0216905540759,1.0971426201183476,0.2742856550295869,0.7093856574534301,False,False,False,False
2025-10-24 14:10:00-04:00,263.80029296875,263.81500244140625,263.6600036621094,263.6640930175781,263.6640930175781,198943,263.5838591190141,264.1085730539267,263.0591451841015,1.0494278698251946,0.26235696745629866,0.5764548959209387,False,False,False,False
2025-10-24 14:15:00-04:00,263.66461181640625,263.9150085449219,263.6000061035156,263.8399963378906,263.8399963378906,201340,263.60301574216606,264.13825877186866,263.06777271246347,1.070486059405198,0.2676215148512995,0.7213766294688934,False,False,False,False
2025-10-24 14:20:00-04:00,263.8500061035156,264.0899963378906,263.8500061035156,264.05999755859375,264.05999755859375,282783,263.64082376672167,264.172542493454,263.10910503998934,1.063437453464644,0.265859363366161,0.8941687313216484,False,False,False,False
2025-10-24 14:25:00-04:00,264.07000732421875,264.1300048828125,263.9100036621094,264.0199890136719,264.0199890136719,319324,263.6769357114337,264.1994828096335,263.15438861323395,1.045094196399532,0.261273549099883,0.8282510834143166,False,False,False,False
2025-10-24 14:30:00-04:00,264.0249938964844,264.1000061035156,263.8900146484375,264.07000732421875,264.07000732421875,205271,263.709609392128,264.2219000715234,263.1973187127326,1.0245813587907833,0.2561453396976958,0.8517514046088813,False,False,False,False
2025-10-24 14:35:00-04:00,264.05999755859375,264.0799865722656,263.8599853515625,263.8900146484375,263.8900146484375,238101,263.7318683888227,264.23693024441917,263.22680653322624,1.0101237111929322,0.25253092779823305,0.6565612784477941,False,False,False,False
2025-10-24 14:40:00-04:00,263.8999938964844,263.9049987792969,263.6499938964844,263.79058837890625,263.79058837890625,278325,263.7366295281313,264.2421861747306,263.231072881532,1.0111132931986049,0.2527783232996512,0.5533657812016943,False,False,False,False
2025-10-24 14:45:00-04:00,263.80999755859375,263.8699951171875,263.5299987792969,263.81500244140625,263.81500244140625,272870,263.73679167903595,264.25979192855345,263.21379142951844,1.0460004990350171,0.2615001247587543,0.5747712476642766,False,False,False,False
2025-10-24 14:50:00-04:00,263.80999755859375,263.9429016113281,263.5299987792969,263.54998779296875,263.54998779296875,203909,263.7308397154323,264.2841205064043,263.1775589244603,1.1065615819439927,0.27664039548599817,0.33656406890086693,False,False,True,False
2025-10-24 14:55:00-04:00,263.5400085449219,263.57989501953125,263.4200134277344,263.5199890136719,263.5199890136719,341295,263.70948664605584,264.23941567629004,263.17955761582164,1.0598580604684003,0.26496451511710006,0.32120470707161136,False,False,False,False
2025-10-24 15:00:00-04:00,263.510009765625,263.5299987792969,263.2099914550781,263.4049987792969,263.4049987792969,294701,263.6782653468655,264.21920293892003,263.13732775481094,1.0818751841090943,0.2704687960272736,0.24741396088714018,False,False,False,False
2025-10-24 15:05:00-04:00,263.3999938964844,263.56500244140625,263.3599853515625,263.489990234375,263.489990234375,265408,263.65858858454,264.1864358353578,263.13074133372214,1.055694501635685,0.2639236254089212,0.34029626951380404,False,False,False,False
2025-10-24 15:10:00-04:00,263.489990234375,263.5199890136719,263.32501220703125,263.37200927734375,263.37200927734375,257470,263.6345011161091,264.14855900317326,263.12044322904495,1.0281157741283096,0.2570289435320774,0.24468649798908992,False,False,False,False
2025-10-24 15:15:00-04:00,263.3900146484375,263.4700012207031,263.1499938964844,263.26019287109375,263.26019287109375,284754,263.60201491420287,264.12866847740435,263.0753613510014,1.0533071264029559,0.26332678160073897,0.17547732798842733,False,False,False,False
2025-10-24 15:20:00-04:00,263.26080322265625,263.4825134277344,263.1650085449219,263.401611328125,263.401611328125,244667,263.57798597954167,264.1154751629855,263.04049679609784,1.074978366887649,0.26874459172191223,0.3359272550504272,False,False,False,False
2025-10-24 15:25:00-04:00,263.41009521484375,263.5199890136719,263.3399963378906,263.5,263.5,300778,263.56611383392067,264.0858526341764,263.04637503366496,1.0394776005114181,0.25986940012785453,0.4363970576295828,False,False,False,False
2025-10-24 15:30:00-04:00,263.510009765625,263.6600036621094,263.4800109863281,263.510009765625,263.510009765625,335331,263.5645799581207,264.0683434135071,263.0608165027343,1.0075269107727536,0.2518817276931884,0.4458374839299839,False,False,False,False
2025-10-24 15:35:00-04:00,263.5,263.5450134277344,263.43499755859375,263.489990234375,263.489990234375,291519,263.5574771437188,264.0328674273947,263.0820868600429,0.9507805673517851,0.23769514183794627,0.42901946920120065,False,False,False,False
2025-10-24 15:40:00-04:00,263.489501953125,263.5299987792969,263.32501220703125,263.3299865722656,263.3299865722656,403188,263.54200305252635,264.01085162228776,263.07315448276495,0.9376971395228111,0.23442428488070277,0.27389663322570956,False,False,False,False
2025-10-24 15:45:00-04:00,263.3399963378906,263.42999267578125,263.2300109863281,263.4020080566406,263.4020080566406,414415,263.52409837192863,263.9860584226045,263.06213832125275,0.9239201013517686,0.23098002533794215,0.3678561976199266,False,False,False,False
2025-10-24 15:50:00-04:00,263.3999938964844,263.4100036621094,262.614990234375,262.635009765625,262.635009765625,887589,263.4633907067325,264.0381574378877,262.88862397557733,1.1495334623103872,0.2873833655775968,0.0,False,False,False,False
2025-10-24 15:55:00-04:00,262.6400146484375,262.94000244140625,262.1300048828125,262.739990234375,262.739990234375,2410442,263.3814804031895,264.0607699729479,262.70219083343113,1.3585791395167917,0.3396447848791979,0.02782274498731977,False,False,False,False
2025-10-27 09:30:00-04:00,264.8800048828125,266.6600036621094,264.7149963378906,266.0899963378906,266.0899963378906,3235932,263.61387897869184,265.0092422770213,262.2185156803624,2.790726596658942,0.6976816491647355,1.0,True,False,False,True
2025-10-27 09:35:00-04:00,266.0899963378906,266.20001220703125,265.1400146484375,265.43499755859375,265.43499755859375,705356,263.80224048592953,265.2700669661448,262.3344140057143,2.9356529604305024,0.7339132401076256,1.0,False,False,False,False
2025-10-27 09:40:00-04:00,265.4382019042969,265.83990478515625,264.65008544921875,265.7650146484375,265.7650146484375,723279,263.9561542454541,265.51516194483537,262.39714654607286,3.118015398762509,0.7795038496906272,1.0,False,False,False,False
2025-10-27 09:45:00-04:00,265.760009765625,266.239990234375,265.6499938964844,266.2099914550781,266.2099914550781,669876,264.1539800502025,265.67508624722376,262.63287385318125,3.042212394042508,0.760553098510627,1.0,False,False,False,False
2025-10-27 09:50:00-04:00,266.19000244140625,266.5799865722656,265.80999755859375,266.4690856933594,266.4690856933594,663664,264.35706353190443,265.8800569119579,262.83407015185094,3.0459867601069845,0.7614966900267461,1.0,False,False,False,False
2025-10-27 09:55:00-04:00,266.3999938964844,266.5,266.0899963378906,266.25,266.25,430999,264.5402002221323,265.9928949966023,263.0875054476623,2.9053895489399792,0.7263473872349948,1.0,False,False,False,False
2025-10-27 10:00:00-04:00,266.239990234375,266.79998779296875,266.2349853515625,266.6700134277344,266.6700134277344,693003,264.7333553302551,266.15378111555935,263.31292954495086,2.8408515706084927,0.7102128926521232,1.0,False,False,False,False
2025-10-27 10:05:00-04:00,266.68499755859375,267.04998779296875,266.364990234375,266.4800109863281,266.4800109863281,784135,264.9141465373315,266.32952925582407,263.4987638188389,2.830765436985189,0.7076913592462972,1.0,False,False,False,False
2025-10-27 10:10:00-04:00,266.489990234375,266.625,266.2099914550781,266.23968505859375,266.23968505859375,420980,265.05167786754345,266.40852402317114,263.69483171191575,2.713692311255386,0.6784230778138465,0.9377825688354172,False,False,False,False
2025-10-27 10:15:00-04:00,266.239990234375,266.348388671875,265.989990234375,266.25,266.25,372022,265.1606729565472,266.4535141841121,263.8678317289823,2.585682455129813,0.6464206137824533,0.9212918880629115,False,False,False,False
2025-10-27 10:20:00-04:00,266.239990234375,266.368408203125,265.8599853515625,265.9100036621094,265.9100036621094,322270,265.2450024278855,266.5102441030064,263.97976075276455,2.530483350241866,0.6326208375604665,0.7627961310871033,False,False,False,False
2025-10-27 10:25:00-04:00,265.90008544921875,265.9800109863281,265.6600036621094,265.7300109863281,265.7300109863281,297995,265.29690777236516,266.49962674481776,264.09418879991256,2.405437944905202,0.6013594862263005,0.680051709452864,False,False,False,False
2025-10-27 10:30:00-04:00,265.739990234375,265.8500061035156,265.4100036621094,265.57000732421875,265.57000732421875,386136,265.3267266222937,266.4971741857823,264.15627905880507,2.340895126977216,0.585223781744304,0.6039263566835734,False,False,False,False
2025-10-27 10:35:00-04:00,265.54998779296875,265.72900390625,265.4100036621094,265.5799865722656,265.5799865722656,271671,265.35018104368237,266.4673838996502,264.23297818771454,2.234405711935665,0.5586014279839162,0.6028486131035602,False,False,False,False
2025-10-27 10:40:00-04:00,265.55999755859375,265.9800109863281,265.54998779296875,265.94000244140625,265.94000244140625,417372,265.39524320525874,266.4867304143017,264.3037559962158,2.182974418085905,0.5457436045214763,0.7495490701284414,False,False,False,False
2025-10-27 10:45:00-04:00,265.95001220703125,266.4200134277344,265.5700988769531,265.5997009277344,265.5997009277344,480451,265.4398172883268,266.5921386866217,264.28749589003195,2.3046427965897465,0.5761606991474366,0.5693745857901009,False,False,False,False
2025-10-27 10:50:00-04:00,265.5849914550781,265.7799987792969,265.20001220703125,265.7565002441406,265.7565002441406,409313,265.4530572681836,266.60614384110215,264.2999706952651,2.3061731458370787,0.5765432864592697,0.6315785748805387,False,False,False,False
2025-10-27 10:55:00-04:00,265.739990234375,265.8399963378906,265.3599853515625,265.385009765625,265.385009765625,295493,265.46022614597814,266.5940062588704,264.32644603308586,2.267560225784564,0.566890056446141,0.46682937921654727,False,False,True,False
2025-10-27 11:00:00-04:00,265.3999938964844,265.7200012207031,265.3800048828125,265.3900146484375,265.3900146484375,278038,265.46369733055013,266.55209869973135,264.3752959613689,2.1768027383624258,0.5442006845906064,0.4661509603906217,False,False,False,False
2025-10-27 11:05:00-04:00,265.4049987792969,265.54998779296875,265.19500732421875,265.2200012207031,265.2200012207031,331154,265.450170484399,266.50072781041206,264.39961315838593,2.1011146520261264,0.5252786630065316,0.39045373441477077,False,False,False,False
2025-10-27 11:10:00-04:00,265.2099914550781,265.7099914550781,265.19500732421875,265.67498779296875,265.67498779296875,319184,265.45745540881387,266.50595382839754,264.4089569892302,2.096996839167332,0.524249209791833,0.6037351988767212,False,False,False,True
2025-10-27 11:15:00-04:00,265.67999267578125,265.7701110839844,265.5799865722656,265.7101135253906,265.7101135253906,245747,265.47929175659795,266.46096523656695,264.49761827662894,1.9633469599380078,0.49083673998450195,0.6175654499701714,False,False,False,False
2025-10-27 11:20:00-04:00,265.7099914550781,266.04998779296875,265.6842041015625,266.0350036621094,266.0350036621094,286240,265.5215558926883,266.47821876294165,264.56489302243494,1.913325740506707,0.47833143512667675,0.7683535576566803,False,False,False,False
2025-10-27 11:25:00-04:00,266.0199890136719,266.1000061035156,265.6449890136719,265.7099914550781,265.7099914550781,330053,265.5498199845677,266.5018199857645,264.5978199833709,1.904000002393559,0.47600000059838976,0.5841236713808114,False,False,False,False
2025-10-27 11:30:00-04:00,265.7099914550781,265.7799987792969,265.6499938964844,265.7200012207031,265.7200012207031,227962,265.5657099510052,266.4485109286448,264.6829089733656,1.7656019552791804,0.4414004888197951,0.5873873464155315,False,False,False,False
2025-10-27 11:35:00-04:00,265.7099914550781,265.7099914550781,265.29998779296875,265.3800048828125,265.3800048828125,311109,265.555959293159,266.43448285858153,264.67743572773645,1.7570471308450806,0.43926178271127014,0.39985788812513884,False,False,True,False
2025-10-27 11:40:00-04:00,265.3949890136719,265.6297912597656,265.38018798828125,265.4700012207031,265.4700012207031,250507,265.54999429599303,266.3906227802639,264.70936581172214,1.6812569685417884,0.4203142421354471,0.4524206728735307,False,False,False,False
2025-10-27 11:45:00-04:00,265.45001220703125,265.45001220703125,265.20001220703125,265.2950134277344,265.2950134277344,304132,265.52761508817775,266.33817852675594,264.71705164959957,1.621126877156371,0.40528171928909273,0.3565185342856156,False,False,False,False
2025-10-27 11:50:00-04:00,265.2950134277344,265.3900146484375,265.04998779296875,265.3500061035156,265.3500061035156,344296,265.50244566850756,266.2999581343217,264.70493320269344,1.5950249316282452,0.3987562329070613,0.404428098916095,False,False,False,False
2025-10-27 11:55:00-04:00,265.3550109863281,265.55999755859375,265.2850036621094,265.4101867675781,265.4101867675781,303795,265.49444093780147,266.26720093633105,264.7216809392719,1.5455199970591593,0.38637999926478983,0.4454849045087308,False,False,False,False
2025-10-27 12:00:00-04:00,265.4200134277344,266.010009765625,265.239990234375,265.9164123535156,265.9164123535156,527853,265.51612632002724,266.36561422495384,264.66663841510064,1.6989758098532093,0.4247439524633023,0.7356043159454809,False,False,False,True
2025-10-27 12:05:00-04:00,265.94000244140625,266.0,265.8299865722656,265.9200134277344,265.9200134277344,203032,265.5542730197072,266.35281481968804,264.75573121972633,1.5970835999617066,0.39927089999042664,0.7290051742037564,False,False,False,False
2025-10-27 12:10:00-04:00,265.9100036621094,266.0899963378906,265.86700439453125,265.9549865722656,265.9549865722656,308714,265.59392915448706,266.3572151631417,264.8306431458324,1.5265720173092632,0.3816430043273158,0.7365151553183635,False,False,False,False
2025-10-27 12:15:00-04:00,265.9599914550781,266.0,265.8399963378906,265.85150146484375,265.85150146484375,238704,265.62280884779733,266.3417669880084,264.9038507075863,1.4379162804220869,0.3594790701055217,0.6590444590969435,False,False,False,False
2025-10-27 12:20:00-04:00,265.8421936035156,265.9681091308594,265.7200012207031,265.8800048828125,265.8800048828125,255264,265.6450211871936,266.3417050954148,264.9483372789724,1.3933678164423782,0.34834195411059454,0.6686444116520983,False,False,False,False
2025-10-27 12:25:00-04:00,265.8940124511719,265.95001220703125,265.7749938964844,265.92999267578125,265.92999267578125,242527,265.6678762734703,266.32989545297875,265.0058570939619,1.3240383590168676,0.3310095897542169,0.697967378003735,False,False,False,False
2025-10-27 12:30:00-04:00,265.94000244140625,266.0899963378906,265.8299865722656,265.94000244140625,265.94000244140625,236024,265.6950621950942,266.3428814097768,265.04724298041157,1.2956384293652263,0.3239096073413066,0.6890498465934458,False,False,False,False
2025-10-27 12:35:00-04:00,265.9100036621094,265.9999084472656,265.8399963378906,265.8399963378906,265.8399963378906,142240,265.7139420216899,266.3289617367792,265.09892230660057,1.2300394301786355,0.30750985754465887,0.6024798986992068,False,False,False,False
2025-10-27 12:40:00-04:00,265.8599853515625,266.07818603515625,265.82000732421875,265.9800109863281,265.9800109863281,262698,265.73731910996395,266.34247259573186,265.13216562419603,1.2103069715358288,0.3025767428839572,0.700520927394321,False,False,False,False
2025-10-27 12:45:00-04:00,265.9750061035156,266.03009033203125,265.8699951171875,265.9700012207031,265.9700012207031,242988,265.75821210488556,266.33486928504544,265.1815549247257,1.1533143603197686,0.28832859007994216,0.6836352022520953,False,False,False,False
2025-10-27 12:50:00-04:00,265.9800109863281,266.125,265.8500061035156,265.8577880859375,265.8577880859375,207957,265.77593140249814,266.3499216439389,265.2019411610574,1.1479804828815077,0.2869951207203769,0.5713049434724615,False,False,False,False
2025-10-27 12:55:00-04:00,265.8544921875,265.8999938964844,265.55999755859375,265.5899963378906,265.5899963378906,238015,265.76711215124334,266.35170263611815,265.18252166636853,1.1691809697496183,0.29229524243740457,0.3485129180723465,False,False,True,False
2025-10-27 13:00:00-04:00,265.5920104980469,265.739990234375,265.55999755859375,265.68499755859375,265.68499755859375,180642,265.757069259111,266.3191992306546,265.1949392875674,1.1242599430871678,0.28106498577179195,0.4358940955244298,False,False,False,False
2025-10-27 13:05:00-04:00,265.68499755859375,265.760009765625,265.6300048828125,265.7300109863281,265.7300109863281,164662,265.7522698260136,266.2841877769653,265.2203518750619,1.063835901903417,0.26595897547585423,0.4790768109577181,False,False,False,False
2025-10-27 13:10:00-04:00,265.7349853515625,265.82989501953125,265.68011474609375,265.8265075683594,265.8265075683594,182423,265.7548002341388,266.2634824446829,265.24611802359476,1.017364421088132,0.254341105272033,0.5704834302578154,False,False,False,True
2025-10-27 13:15:00-04:00,265.8299865722656,265.885498046875,265.5950012207031,265.6882019042969,265.6882019042969,152297,265.7517621538042,266.2676755085282,265.23584879908014,1.0318267094480689,0.2579566773620172,0.4384002672878053,False,False,True,False
2025-10-27 13:20:00-04:00,265.70001220703125,265.7200012207031,265.510009765625,265.5902099609375,265.5902099609375,1165028,265.73795055018047,266.2442708604477,265.2316302399132,1.012640620534512,0.253160155133628,0.3541036313899909,False,False,False,False
2025-10-27 13:25:00-04:00,265.6099853515625,265.7049865722656,265.54998779296875,265.6199951171875,265.6199951171875,156173,265.7271923861132,266.2138804212131,265.24050435101327,0.9733760701998335,0.24334401754995838,0.38987065512748775,False,False,False,False
2025-10-27 13:30:00-04:00,265.6300048828125,265.83099365234375,265.510009765625,265.80999755859375,265.80999755859375,222706,265.72622171367584,266.2284377226095,265.2240057047422,1.004432017867316,0.251108004466829,0.5834061872059676,False,False,False,True
2025-10-27 13:35:00-04:00,265.80010986328125,265.8599853515625,265.69000244140625,265.75,265.75,165780,265.7300732264359,266.2160642165074,265.24408223636436,0.9719819801430276,0.2429954950357569,0.5205011759180871,False,False,False,False
2025-10-27 13:40:00-04:00,265.739990234375,266.0150146484375,265.7300109863281,265.97900390625,265.97900390625,287354,265.747019571252,266.24141219473825,265.25262694776575,0.9887852469724976,0.2471963117431244,0.7346154897722253,False,False,False,False
2025-10-27 13:45:00-04:00,265.9700012207031,265.989990234375,265.80499267578125,265.94500732421875,265.94500732421875,186002,265.76285866714466,266.244811540001,265.2809057942883,0.9639057457127365,0.24097643642818412,0.6889693654013952,False,False,False,False
2025-10-27 13:50:00-04:00,265.94000244140625,265.9800109863281,265.69000244140625,265.7300109863281,265.7300109863281,225963,265.76639671199,266.2581560065451,265.2746374174349,0.9835185891101901,0.24587964727754752,0.46300453690986554,False,False,True,False
2025-10-27 13:55:00-04:00,265.7200012207031,265.8949890136719,265.67840576171875,265.860107421875,265.860107421875,148900,265.7706605869518,266.25656060244205,265.28476057146156,0.9718000309804893,0.24295000774512232,0.5920424285569816,False,False,False,True
2025-10-27 14:00:00-04:00,265.8599853515625,265.8599853515625,265.70001220703125,265.75,265.75,153654,265.77059759640383,266.2399266533138,265.3012685394939,0.9386581138198835,0.23466452845497088,0.47805633797804253,False,False,True,False
2025-10-27 14:05:00-04:00,265.739990234375,265.7799987792969,265.6549987792969,265.7200012207031,265.7200012207031,118279,265.7656200087875,266.2130161600065,265.3182238575685,0.8947923024379634,0.22369807560949084,0.4490174558273747,False,False,False,False
2025-10-27 14:10:00-04:00,265.7101135253906,265.71759033203125,265.6000061035156,265.6449890136719,265.6449890136719,137338,265.7550081174496,266.18166367698416,265.3283525579151,0.8533111190690761,0.21332777976726902,0.37106800635884035,False,False,False,False
2025-10-27 14:15:00-04:00,265.6449890136719,265.7099914550781,265.6000061035156,265.614990234375,265.614990234375,154602,265.7442133060407,266.1502003799343,265.3382262321471,0.8119741477871685,0.20299353694679212,0.34085321925843215,False,False,False,False
2025-10-27 14:20:00-04:00,265.6199951171875,265.7051086425781,265.581787109375,265.6050109863281,265.6050109863281,192355,265.73339637969656,266.1234490528414,265.3433437065517,0.7801053462897016,0.1950263365724254,0.33542556915030397,False,False,False,False
2025-10-27 14:25:00-04:00,265.6099853515625,265.635009765625,265.5215148925781,265.5950012207031,265.5950012207031,178822,265.7191531015955,266.09289948203525,265.34540672115577,0.7474927608794815,0.18687319021987037,0.33390891873479783,False,False,False,False
2025-10-27 14:30:00-04:00,265.5899963378906,265.7300109863281,265.4700012207031,265.7200012207031,265.7200012207031,220468,265.7116151372447,266.09998883276546,265.3232414417239,0.7767473910415674,0.19418684776039186,0.5107964102038397,False,False,False,True
2025-10-27 14:35:00-04:00,265.7203063964844,265.8800048828125,265.658203125,265.7850036621094,265.7850036621094,211767,265.71759501845696,266.11149169598815,265.3236983409258,0.7877933550623766,0.19694833876559414,0.5855664029396086,False,False,False,False
2025-10-27 14:40:00-04:00,265.7799987792969,265.9200134277344,265.7650146484375,265.864990234375,265.864990234375,216929,265.73020559798636,266.1157123636238,265.3446988323489,0.7710135312748889,0.19275338281872223,0.6748148779772712,False,False,False,False
2025-10-27 14:45:00-04:00,265.8699951171875,266.05999755859375,265.864990234375,266.0400085449219,266.0400085449219,243944,265.75478907557147,266.14074662948894,265.368831521654,0.7719151078349569,0.19297877695873922,0.8694959024061382,False,False,False,False
2025-10-27 14:50:00-04:00,266.04998779296875,266.19000244140625,266.04998779296875,266.18011474609375,266.18011474609375,345687,265.79147916299223,266.1688397408148,265.41411858516966,0.754721155645143,0.18868028891128574,1.0,True,False,False,False
2025-10-27 14:55:00-04:00,266.17999267578125,266.3299865722656,266.1199951171875,266.2349853515625,266.2349853515625,343330,265.83308327575537,266.2147060868113,265.45146046469944,0.7632456221118673,0.19081140552796683,1.0,False,False,False,False
2025-10-27 15:00:00-04:00,266.2349853515625,266.30999755859375,266.03021240234375,266.30999755859375,266.30999755859375,337837,265.8696216151924,266.26903917639277,265.470204053992,0.7988351224007602,0.19970878060019004,1.0,False,False,False,False
2025-10-27 15:05:00-04:00,266.32000732421875,266.6499938964844,266.30999755859375,266.625,266.625,383033,265.93235579327177,266.35983086593023,265.5048807206133,0.8549501453169341,0.21373753632923354,1.0,False,False,False,False
2025-10-27 15:10:00-04:00,266.625,266.739990234375,266.5600891113281,266.614990234375,266.614990234375,336348,265.99959395835947,266.42030174836145,265.5788861683575,0.841415580003968,0.210353895000992,1.0,False,False,False,False
2025-10-27 15:15:00-04:00,266.614990234375,267.25,266.6000061035156,267.2250061035156,267.2250061035156,668468,266.0972520641358,266.60588785443446,265.5886162738371,1.0172715805973667,0.25431789514934167,1.0,False,False,False,False
2025-10-27 15:20:00-04:00,267.2200012207031,267.3999938964844,267.1099853515625,267.239990234375,267.239990234375,543073,266.20703661302514,266.72281053327833,265.69126269277194,1.0315478405063914,0.25788696012659784,1.0,False,False,False,False
2025-10-27 15:25:00-04:00,267.2300109863281,267.3599853515625,267.1405944824219,267.2749938964844,267.2749938964844,408305,266.307178323863,266.815253025919,265.79910362180703,1.0161494041119568,0.2540373510279892,1.0,False,False,False,False
2025-10-27 15:30:00-04:00,267.2699890136719,267.4200134277344,267.2099914550781,267.4100036621094,267.4100036621094,448221,266.4061774849212,266.90544911130286,265.9069058585396,0.9985432527632838,0.24963581319082095,1.0,False,False,False,False
2025-10-27 15:35:00-04:00,267.4150085449219,267.6099853515625,267.3500061035156,267.54998779296875,267.54998779296875,685879,266.5106678593112,267.012008172664,266.00932754595834,1.0026806267056827,0.2506701566764207,1.0,False,False,False,False
2025-10-27 15:40:00-04:00,267.55499267578125,267.760009765625,267.5000915527344,267.739990234375,267.739990234375,486486,266.62076589025725,267.12395581485293,266.11757596566156,1.0063798491913758,0.25159496229784395,1.0,False,False,False,False
2025-10-27 15:45:00-04:00,267.7301025390625,267.91839599609375,267.69000244140625,267.9100036621094,267.9100036621094,718456,266.73683269752195,267.23538234059555,266.23828305444835,0.9970992861472041,0.24927482153680103,1.0,False,False,False,False
2025-10-27 15:50:00-04:00,267.9100036621094,268.9200134277344,267.9100036621094,268.81500244140625,268.81500244140625,1782193,266.90935718763893,267.5600538195302,266.25866055574767,1.3013932637825292,0.3253483159456323,1.0,False,False,False,False
2025-10-27 15:55:00-04:00,268.8299865722656,269.0799865722656,268.54998779296875,268.739990234375,268.739990234375,2874857,267.0884649030895,267.780091627651,266.396838178528,1.3832534491230035,0.3458133622807509,1.0,False,False,False,False
2025-10-28 09:30:00-04:00,269.135009765625,269.8699951171875,268.8999938964844,269.18499755859375,269.18499755859375,3617005,267.3008328987402,268.1492979274081,266.45236787007235,1.6969300573357486,0.42423251433393716,1.0,False,False,False,False
2025-10-28 09:35:00-04:00,269.1861877441406,269.3599853515625,268.260009765625,268.2984924316406,268.2984924316406,1265782,267.4283246083468,268.4119382513354,266.44471096535824,1.9672272859771738,0.49180682149429344,0.9423321237441878,False,False,False,False
2025-10-28 09:40:00-04:00,268.3106994628906,269.75,268.2749938964844,269.489990234375,269.489990234375,957479,267.5943566815474,268.7746101809403,266.4141031821546,2.360506998785695,0.5901267496964238,1.0,True,False,False,False
2025-10-28 09:45:00-04:00,269.5199890136719,269.75,268.7500915527344,269.1099853515625,269.1099853515625,1029456,267.74759499455234,269.00980483345904,266.48538515564564,2.5244196778133983,0.6311049194533496,1.0,False,False,False,False
2025-10-28 09:50:00-04:00,269.1000061035156,269.3999938964844,268.3196105957031,268.4800109863281,268.4800109863281,840130,267.8414626293098,269.19352814448206,266.4893971141375,2.70413103034457,0.6760327575861425,0.7361380975451418,False,False,False,False
2025-10-28 09:55:00-04:00,268.4800109863281,269.25,268.44000244140625,268.989990234375,268.989990234375,587590,267.9416405590829,269.32049903445665,266.5627820837091,2.757716950747522,0.6894292376868805,0.8801512968935932,False,False,False,False
2025-10-28 10:00:00-04:00,268.9800109863281,269.05999755859375,268.29998779296875,268.70001220703125,268.70001220703125,620703,268.01259534896684,269.4055699299282,266.61962076800546,2.7859491619227583,0.6964872904806896,0.7467442218471712,False,False,False,False
2025-10-28 10:05:00-04:00,268.70001220703125,268.8299865722656,268.3399963378906,268.739990234375,268.739990234375,414738,268.0720298600028,269.423705029743,266.7203546902625,2.703350339480494,0.6758375848701235,0.7470861303535637,False,False,False,False
2025-10-28 10:10:00-04:00,268.7300109863281,268.8482971191406,268.2900085449219,268.6400146484375,268.6400146484375,586490,268.1216244864311,269.44978985404106,266.7934591188211,2.656330735219967,0.6640826838049918,0.6951527176692096,False,False,False,False
2025-10-28 10:15:00-04:00,268.6600036621094,268.7799987792969,268.42999267578125,268.595703125,268.595703125,1108204,268.1673648394719,269.432714891024,266.90201478791977,2.530700103104209,0.6326750257760523,0.6692568333176732,False,False,False,False
2025-10-28 10:20:00-04:00,268.6098937988281,268.7799987792969,268.43499755859375,268.57000732421875,268.57000732421875,480459,268.20809211387484,269.4159074044124,267.0002768233373,2.4156305810751064,0.6039076452687766,0.6498222506285851,False,False,False,False
2025-10-28 10:25:00-04:00,268.57000732421875,268.739990234375,268.25,268.6499938964844,268.6499938964844,324730,268.2403368055966,269.42536861395536,267.05530499723784,2.370063616717516,0.592515904179379,0.6728464535712093,False,False,False,False
2025-10-28 10:30:00-04:00,268.6423034667969,268.6499938964844,268.3550109863281,268.4150085449219,268.4150085449219,359077,268.26252737737263,269.3880525869268,267.1370021678185,2.25105041910831,0.5627626047770775,0.5677377842161533,False,False,False,False
2025-10-28 10:35:00-04:00,268.3902893066406,268.6000061035156,268.2401123046875,268.30999755859375,268.30999755859375,310948,268.27403638799734,269.3589878363617,267.189084939633,2.169902896728672,0.542475724182168,0.5165727096132381,False,False,False,False
2025-10-28 10:40:00-04:00,268.31500244140625,268.45001220703125,268.1499938964844,268.2799987792969,268.2799987792969,280083,268.275874347325,269.31233431296226,267.2394143816877,2.072919931274555,0.5182299828186387,0.5019896725916242,False,False,False,False
2025-10-28 10:45:00-04:00,268.2900085449219,269.0150146484375,268.25,268.94500732421875,268.94500732421875,376842,268.3197600276641,269.40557692642517,267.233943128903,2.1716337975221904,0.5429084493805476,0.7879156224535075,False,False,False,False
2025-10-28 10:50:00-04:00,268.95001220703125,269.1400146484375,268.739990234375,269.0299987792969,269.0299987792969,367538,268.38168776033444,269.4389278520319,267.324447668637,2.114480183394903,0.5286200458487258,0.8066053889053411,False,False,False,False
2025-10-28 10:55:00-04:00,269.0150146484375,269.04998779296875,268.75,268.82000732421875,268.82000732421875,338215,268.42851099322917,269.4400246343506,267.4169973521077,2.0230272822428788,0.5057568205607197,0.6935200451451848,False,False,False,False
2025-10-28 11:00:00-04:00,268.8699951171875,269.07000732421875,268.760009765625,268.8500061035156,268.8500061035156,272659,268.47278052382194,269.44514231255,267.5004187350939,1.9447235774561022,0.48618089436402556,0.6939738809497727,False,False,False,False
2025-10-28 11:05:00-04:00,268.8299865722656,268.8599853515625,268.5600891113281,268.6400146484375,268.6400146484375,206827,268.49315346159534,269.4282583194975,267.5580486036932,1.8702097158043216,0.4675524289510804,0.5785265874736397,False,False,False,False
2025-10-28 11:10:00-04:00,268.635009765625,268.6700134277344,268.30999755859375,268.364990234375,268.364990234375,280876,268.48888491670385,269.4024824626439,267.5752873707638,1.8271950918800712,0.4567987729700178,0.4321940591459378,False,False,True,False
2025-10-28 11:15:00-04:00,268.364990234375,268.5205078125,268.3399963378906,268.44049072265625,268.44049072265625,214045,268.4836258729875,269.3419659592554,267.6252857867196,1.7166801725358027,0.4291700431339507,0.47487292564955697,False,False,False,False
2025-10-28 11:20:00-04:00,268.46881103515625,268.6700134277344,268.30999755859375,268.6300048828125,268.6300048828125,280346,268.48867788092963,269.3331871323989,267.64416862946035,1.689018502938552,0.422254625734638,0.5836740400634988,False,False,False,True
2025-10-28 11:25:00-04:00,268.6199951171875,268.7799987792969,268.5299987792969,268.69720458984375,268.69720458984375,262928,268.5058578334899,269.3159161598123,267.6957995071676,1.6201166526446968,0.4050291631611742,0.6181067770900736,False,False,False,False
2025-10-28 11:30:00-04:00,268.69500732421875,268.82000732421875,268.3500061035156,268.7099914550781,268.7099914550781,451162,268.51736359165955,269.34041632949027,267.6943108538288,1.646105475661443,0.41152636891536076,0.6170203648956194,False,False,False,False
2025-10-28 11:35:00-04:00,268.7099914550781,268.9678039550781,268.5799865722656,268.93499755859375,268.93499755859375,200896,268.5469095380392,269.36522047864935,267.728598597429,1.6366218812203215,0.40915547030508037,0.7371274788683568,False,False,False,False
2025-10-28 11:40:00-04:00,268.92999267578125,269.0199890136719,268.7001037597656,268.7900085449219,268.7900085449219,323329,268.5745086715072,269.3749655688376,267.7740517741768,1.6009137946607552,0.4002284486651888,0.6346105418876333,False,False,False,False
2025-10-28 11:45:00-04:00,268.7900085449219,269.0199890136719,268.71820068359375,268.875,268.875,248842,268.6027519630229,269.38352083663585,267.82198308940997,1.5615377472258842,0.39038443680647106,0.6743461132852827,False,False,False,False
2025-10-28 11:50:00-04:00,268.875,269.0758056640625,268.8399963378906,269.0115966796875,269.0115966796875,224400,268.63828030564423,269.38813415713025,267.8884264541582,1.4997077029720458,0.37492692574301145,0.7489260895996269,False,False,False,False
2025-10-28 11:55:00-04:00,269.0,269.010009765625,268.7301940917969,268.9100036621094,268.9100036621094,189851,268.6616252771553,269.3927742610708,267.93047629323974,1.4622979678310912,0.3655744919577728,0.6698548383558884,False,False,False,False
2025-10-28 12:00:00-04:00,268.9118957519531,268.9800109863281,268.8500061035156,268.8877868652344,268.8877868652344,196936,268.684892836635,269.36892789872155,268.0008577745485,1.368070124173073,0.34201753104326826,0.6483067461340833,False,False,False,False
2025-10-28 12:05:00-04:00,268.8800048828125,269.010009765625,268.8800048828125,268.9800109863281,268.9800109863281,159684,268.71077687234487,269.35240940478525,268.0691443399045,1.2832650648807657,0.32081626622019144,0.7098039768644953,False,False,False,False
2025-10-28 12:10:00-04:00,268.9800109863281,268.9898986816406,268.80999755859375,268.8800048828125,268.8800048828125,185288,268.7281600630119,269.3416095668176,268.1147105592062,1.2268990076114505,0.30672475190286264,0.6237630961135224,False,False,False,False
2025-10-28 12:15:00-04:00,268.88018798828125,269.010009765625,268.7950134277344,268.9200134277344,268.9200134277344,176465,268.7453205846645,269.34042440566776,268.15021676366126,1.1902076420064986,0.29755191050162466,0.6467750978101259,False,False,False,False
2025-10-28 12:20:00-04:00,268.9100036621094,268.9100036621094,268.6600036621094,268.8399963378906,268.8399963378906,200100,268.7508457246047,269.3384411166326,268.16325033257675,1.1751907840558715,0.2937976960139679,0.5758605449391434,False,False,False,False
2025-10-28 12:25:00-04:00,268.8599853515625,269.05999755859375,268.8599853515625,268.9949951171875,268.9949951171875,201099,268.77187559297073,269.3447116899365,268.19903949600496,1.1456721939315457,0.28641804848288643,0.6947498816839588,False,False,False,False
2025-10-28 12:30:00-04:00,268.9800109863281,269.3999938964844,268.82000732421875,268.947998046875,268.947998046875,391534,268.79893503705534,269.43048483877766,268.16738523533303,1.2630996034446298,0.31577490086115745,0.6180136621159114,False,False,False,False
2025-10-28 12:35:00-04:00,268.9200134277344,269.0199890136719,268.82000732421875,268.9800109863281,268.9800109863281,196651,268.8123700279459,269.42076118738663,268.2039788685052,1.2167823188814282,0.30419557972035705,0.6377739927518983,False,False,False,False
2025-10-28 12:40:00-04:00,268.9599914550781,269.0,268.82000732421875,268.94000244140625,268.94000244140625,147726,268.82262081149474,269.4061713901476,268.23907023284187,1.1671011573057513,0.2917752893264378,0.6005753693043036,False,False,False,False
2025-10-28 12:45:00-04:00,268.95001220703125,269.3642883300781,268.8999938964844,269.30999755859375,269.30999755859375,300814,268.8577451718335,269.4757995793399,268.2396907643272,1.2361088150126989,0.3090272037531747,0.8658677790074457,False,False,False,False
2025-10-28 12:50:00-04:00,269.30999755859375,269.8699951171875,269.2900085449219,269.7799987792969,269.7799987792969,524855,268.9328806297988,269.60512691100763,268.2606343485899,1.344492562417713,0.33612314060442827,1.0,True,False,False,False
2025-10-28 12:55:00-04:00,269.7799987792969,269.8500061035156,269.5199890136719,269.5899963378906,269.5899963378906,383373,269.00149490172515,269.67251997278186,268.33046983066845,1.3420501421134077,0.3355125355283519,0.9385092759937596,False,False,False,False
2025-10-28 13:00:00-04:00,269.6000061035156,269.739990234375,269.52520751953125,269.5899963378906,269.5899963378906,247833,269.06024758066553,269.7071266875853,268.4133684737458,1.29375821383951,0.3234395534598775,0.9094650387980516,False,False,False,False
2025-10-28 13:05:00-04:00,269.5799865722656,269.6000061035156,269.3500061035156,269.4198913574219,269.4198913574219,265145,269.0979987178864,269.7301899141142,268.46580752165863,1.264382392455559,0.31609559811388976,0.7545848799035509,False,False,False,False
2025-10-28 13:10:00-04:00,269.4100036621094,269.5274963378906,268.94500732421875,269.0069885253906,269.0069885253906,322648,269.10388748086547,269.78935736020486,268.4184176015261,1.3709397586787873,0.3427349396696968,0.42931931920318217,False,False,True,False
2025-10-28 13:15:00-04:00,269.010009765625,269.55999755859375,269.0000915527344,269.5473937988281,269.5473937988281,244174,269.12915162269275,269.8580557152701,268.4002475301154,1.457808185154704,0.364452046288676,0.7868979474765366,False,False,False,True
2025-10-28 13:20:00-04:00,269.5201110839844,269.69000244140625,269.44000244140625,269.6700134277344,269.6700134277344,240594,269.1739949065806,269.8800085899002,268.467981223261,1.4120273666392222,0.35300684165980556,0.8512810961549105,False,False,False,False
2025-10-28 13:25:00-04:00,269.6700134277344,269.6700134277344,269.3500061035156,269.4949951171875,269.4949951171875,238517,269.20551966622173,269.9049334460531,268.50610588639034,1.3988275596627773,0.3497068899156943,0.7069414839349839,False,False,False,False
2025-10-28 13:30:00-04:00,269.4949951171875,269.4949951171875,269.1300048828125,269.260009765625,269.260009765625,244287,269.21404191279186,269.9165123615151,268.5115714640686,1.4049408974465223,0.35123522436163057,0.532718709318442,False,False,False,False
2025-10-28 13:35:00-04:00,269.2449951171875,269.3699951171875,269.19500732421875,269.2651062011719,269.2651062011719,318896,269.2200096240364,269.88723058648105,268.5527886615917,1.3344419248893473,0.33361048122233683,0.5337943347659999,False,False,False,False
2025-10-28 13:40:00-04:00,269.2650146484375,269.3399963378906,268.989990234375,269.06500244140625,269.06500244140625,315195,269.21159566027643,269.8820957471798,268.54109557337307,1.3410001738067194,0.33525004345167986,0.3906836690005465,False,False,True,False
2025-10-28 13:45:00-04:00,269.04998779296875,269.0625,268.79998779296875,268.92999267578125,268.92999267578125,270546,269.1848557710041,269.8413087789046,268.5284027631036,1.3129060158009906,0.32822650395024766,0.30587864465884435,False,False,False,False
2025-10-28 13:50:00-04:00,268.92999267578125,269.0199890136719,268.92999267578125,268.9750061035156,268.9750061035156,224013,269.1648691195741,269.77367609426267,268.5560621448856,1.217613949377096,0.304403487344274,0.34406961159107496,False,False,False,False
2025-10-28 13:55:00-04:00,268.9750061035156,269.0400085449219,268.8999938964844,268.92999267578125,268.92999267578125,197244,269.14504015952537,269.7209693664326,268.56911095261813,1.151858413814466,0.2879646034536165,0.313303891203113,False,False,False,False
2025-10-28 14:00:00-04:00,268.9034118652344,269.1000061035156,268.864990234375,269.0,269.0,226678,269.1301155836306,269.6954550436752,268.56477612358594,1.1306789200892808,0.2826697300223202,0.3849226059504942,False,False,False,False
2025-10-28 14:05:00-04:00,269.0050048828125,269.20001220703125,268.9649963378906,269.1300048828125,269.1300048828125,237840,269.12708912892714,269.68289781679545,268.57128044105883,1.1116173757366141,0.27790434393415353,0.5026229833655028,False,False,False,True
2025-10-28 14:10:00-04:00,269.14300537109375,269.20001220703125,269.0304870605469,269.1028137207031,269.1028137207031,226828,269.12556676707,269.6596996154483,268.5914339186917,1.0682656967566118,0.26706642418915294,0.47870094824167836,False,False,True,False
2025-10-28 14:15:00-04:00,269.1000061035156,269.29998779296875,269.0400085449219,269.1900939941406,269.1900939941406,339859,269.13043629185796,269.6631517050078,268.5977208787081,1.0654308262996892,0.2663577065749223,0.55599397052351,False,False,False,True
2025-10-28 14:20:00-04:00,269.20001220703125,269.25,269.0199890136719,269.1499938964844,269.1499938964844,330677,269.1313465786701,269.6567926477706,268.6059005095696,1.050892138200993,0.26272303455024826,0.5177442737807446,False,False,False,False
2025-10-28 14:25:00-04:00,269.1499938964844,269.1512145996094,269.05010986328125,269.0902099609375,269.0902099609375,249607,269.12809244177544,269.6212148512315,268.63497003231936,0.9862448189121551,0.24656120472803877,0.4615891712569691,False,False,True,False
2025-10-28 14:30:00-04:00,269.1050109863281,269.1600036621094,268.94000244140625,268.95001220703125,268.95001220703125,267991,269.1174810444809,269.605291457132,268.62967063182975,0.9756208253022578,0.24390520632556445,0.3283463891848054,False,False,False,False
2025-10-28 14:35:00-04:00,268.95001220703125,269.0299987792969,268.7799987792969,268.8500061035156,268.8500061035156,246207,269.09549883904174,269.5845282104277,268.60646946765576,0.9780587427719638,0.24451468569299095,0.24900000910952394,False,False,False,False
2025-10-28 14:40:00-04:00,268.864990234375,269.0450134277344,268.8500061035156,268.9700012207031,268.9700012207031,327708,269.0821186560204,269.56124655511155,268.6029907569292,0.9582557981823356,0.2395639495455839,0.38299842742415047,False,False,False,False
2025-10-28 14:45:00-04:00,268.9740905761719,269.1499938964844,268.9501037597656,269.125,269.125,284481,269.08144378897873,269.5526369255045,268.610250652453,0.9423862730515111,0.23559656826287778,0.5462190635271359,False,False,False,True
2025-10-28 14:50:00-04:00,269.125,269.2349853515625,269.06500244140625,269.0799865722656,269.0799865722656,257638,269.0857499159088,269.54382032081327,268.6276795110044,0.9161408098088941,0.22903520245222353,0.49370910717927974,False,False,True,False
2025-10-28 14:55:00-04:00,269.0799865722656,269.1499938964844,268.9700012207031,269.114990234375,269.114990234375,278281,269.0850431096814,269.53330500925165,268.63678121011117,0.896523799140482,0.2241309497851205,0.5334036025840064,False,False,False,True
2025-10-28 15:00:00-04:00,269.114990234375,269.260009765625,269.03009033203125,269.2250061035156,269.2250061035156,304934,269.0932963437172,269.5427159400492,268.6438767473852,0.8988391926640134,0.22470979816600334,0.6465331739797029,False,False,False,False
2025-10-28 15:05:00-04:00,269.2250061035156,269.4100036621094,269.1700134277344,269.28009033203125,269.28009033203125,380921,269.11171597516875,269.5641916587425,268.659240291595,0.9049513671475324,0.2262378417868831,0.6860590115391811,False,False,False,False
2025-10-28 15:10:00-04:00,269.2900085449219,269.3699951171875,269.1000061035156,269.2200012207031,269.2200012207031,318636,269.12298119789574,269.58420711584654,268.66175527994494,0.9224518359015974,0.23061295897539935,0.6051762477252358,False,False,False,False
2025-10-28 15:15:00-04:00,269.2099914550781,269.2099914550781,268.94000244140625,268.95001220703125,268.95001220703125,351189,269.114443499795,269.5855465818101,268.64334041777994,0.9422061640301536,0.2355515410075384,0.32548268198497654,False,False,True,False
2025-10-28 15:20:00-04:00,268.95001220703125,269.25,268.9200134277344,269.239990234375,269.239990234375,504387,269.11656010813545,269.6065501964021,268.6265700198688,0.9799801765333314,0.24499504413333284,0.6259516561612373,False,False,False,True
2025-10-28 15:25:00-04:00,269.25,269.44000244140625,269.05999755859375,269.20001220703125,269.20001220703125,597976,269.1276817552029,269.64467381120545,268.61068969920035,1.0339841120051005,0.25849602800127514,0.5699531559417162,False,False,False,False
2025-10-28 15:30:00-04:00,269.20001220703125,269.20001220703125,268.8194885253906,268.8500061035156,268.8500061035156,479650,269.11137894791176,269.65277653464216,268.56998136118136,1.082795173460795,0.27069879336519875,0.25861284682241104,False,False,True,False
2025-10-28 15:35:00-04:00,268.84619140625,269.010009765625,268.7699890136719,268.7900085449219,268.7900085449219,306655,269.0871208679271,269.6223828463751,268.55185888947915,1.0705239568959541,0.26763098922398854,0.22246083696553084,False,False,False,False
2025-10-28 15:40:00-04:00,268.79998779296875,268.8299865722656,268.6883850097656,268.8243103027344,268.8243103027344,465069,269.0579564006568,269.56801249375997,268.5479003075536,1.0201121862063474,0.25502804655158684,0.2709603893751002,False,False,False,False
2025-10-28 15:45:00-04:00,268.82000732421875,269.04998779296875,268.82000732421875,268.92498779296875,268.92498779296875,416482,269.0459282644087,269.5509748419516,268.5408816868658,1.0100931550857695,0.25252328877144237,0.3802680021827474,False,False,False,False
2025-10-28 15:50:00-04:00,268.8999938964844,269.1099853515625,268.6000061035156,269.1099853515625,269.1099853515625,955023,269.0358391219774,269.59237689137535,268.47930135257945,1.113075538795897,0.27826888469897426,0.5666138343721995,False,False,False,True
2025-10-28 15:55:00-04:00,269.1300048828125,269.3550109863281,268.7099914550781,269.0299987792969,269.0299987792969,2716774,269.0354417840336,269.66532968274174,268.40555388532545,1.259775797416296,0.314943949354074,0.4956793861670606,False,False,True,False
2025-10-29 09:30:00-04:00,269.2749938964844,269.7799987792969,268.70001220703125,269.6300048828125,269.6300048828125,3401481,269.0673049750507,269.8502013983412,268.28440855176024,1.5657928465809619,0.39144821164524046,0.859370595535983,False,False,False,True
2025-10-29 09:35:00-04:00,269.6000061035156,270.8599853515625,269.1099853515625,270.7276916503906,270.7276916503906,1948124,269.17828108388767,270.2328878648491,268.12367430292625,2.109213561922843,0.5273033904807107,1.0,True,False,False,False
2025-10-29 09:40:00-04:00,270.7200012207031,271.20001220703125,270.0,270.04998779296875,270.04998779296875,797400,269.2962225679619,270.4853711122334,268.10707402369036,2.378297088543036,0.594574272135759,0.8169348474746845,False,False,False,False
2025-10-29 09:45:00-04:00,270.0799865722656,270.6400146484375,269.860107421875,270.20001220703125,270.20001220703125,569429,269.3854754750558,270.61169061021263,268.15926033989894,2.452430270313698,0.6131075675784246,0.8321345123795407,False,False,False,False
2025-10-29 09:50:00-04:00,270.17999267578125,270.94000244140625,270.0799865722656,270.92498779296875,270.92498779296875,437698,269.5057469157375,270.78134371120683,268.2301501202682,2.551193590938624,0.637798397734656,1.0,True,False,False,False
2025-10-29 09:55:00-04:00,270.92498779296875,271.2900085449219,270.8200988769531,270.8900146484375,270.8900146484375,487233,269.64806060853437,270.8900796580505,268.4060415590182,2.4840380990323183,0.6210095247580796,0.9999738290596067,False,False,False,False
2025-10-29 10:00:00-04:00,270.94000244140625,271.4100036621094,270.82000732421875,271.1600036621094,271.1600036621094,449753,269.78919815846564,271.0250145706083,268.553381746323,2.4716328242852796,0.6179082060713199,1.0,True,False,False,False
2025-10-29 10:05:00-04:00,271.1700134277344,271.2799987792969,270.6400146484375,270.6700134277344,270.6700134277344,375144,269.8914975991029,271.13172919620314,268.6512660020026,2.4804631942005244,0.6201157985501311,0.8138590527977662,False,False,False,False
2025-10-29 10:10:00-04:00,270.6499938964844,271.0589904785156,270.45001220703125,270.82501220703125,270.82501220703125,560169,269.97592687196857,271.2139309636557,268.73792278028145,2.4760081833742333,0.6190020458435583,0.842925092398351,False,False,False,False
2025-10-29 10:15:00-04:00,270.8299865722656,270.8599853515625,270.3299865722656,270.67120361328125,270.67120361328125,479318,270.03730448851474,271.2575079268925,268.81710105013696,2.44040687675556,0.61010171918889,0.7597514089983481,False,False,False,False
2025-10-29 10:20:00-04:00,270.69000244140625,270.7200012207031,270.17999267578125,270.4800109863281,270.4800109863281,413513,270.07756135890423,271.2837461624286,268.87137655537987,2.4123696070487313,0.6030924017621828,0.6668275152563559,False,False,False,False
2025-10-29 10:25:00-04:00,270.4721984863281,270.4800109863281,270.25,270.4200134277344,270.4200134277344,289968,270.10668327437565,271.2382517948132,268.9751147539381,2.263137040875108,0.565784260218777,0.6384494830403915,False,False,False,False
2025-10-29 10:30:00-04:00,270.4100036621094,270.44500732421875,269.83758544921875,269.9100036621094,269.9100036621094,521821,270.10263713508743,271.2425331784812,268.96274109169366,2.279792086787552,0.569948021696888,0.41550392946161224,False,False,True,False
2025-10-29 10:35:00-04:00,269.8999938964844,270.0398864746094,269.6600036621094,269.7699890136719,269.7699890136719,349060,270.0760329365201,271.17791593807453,268.9741499349657,2.2037660031088535,0.5509415007772134,0.361126851754453,False,False,False,False
2025-10-29 10:40:00-04:00,269.7799987792969,269.80999755859375,269.4100036621094,269.75,269.75,473009,270.03609333052464,271.1077868112205,268.9643998498288,2.143386961391684,0.535846740347921,0.3665227811505963,False,False,False,False
2025-10-29 10:45:00-04:00,269.76300048828125,269.92999267578125,269.1600036621094,269.3399963378906,269.3399963378906,632543,269.9828143681185,271.1013363034792,268.86429243275785,2.2370438707213225,0.5592609676803306,0.2126484470684015,False,False,False,False
2025-10-29 10:50:00-04:00,269.35888671875,269.67999267578125,269.20001220703125,269.3500061035156,269.3500061035156,369375,269.92826096754624,271.0309268031208,268.8255951319717,2.2053316711491107,0.5513329177872777,0.23779233681920228,False,False,False,False
2025-10-29 10:55:00-04:00,269.3599853515625,269.3699951171875,268.614990234375,268.8500061035156,268.8500061035156,903739,269.8346167946078,270.9780170231874,268.69121656602823,2.2868004571591882,0.5717001142897971,0.06943742598541039,False,False,False,False
2025-10-29 11:00:00-04:00,268.8399963378906,269.2099914550781,268.3999938964844,268.5101013183594,268.5101013183594,619325,269.7271957243252,270.9182554417656,268.5361360068848,2.382119434880792,0.595529858720198,0.0,False,False,False,False
2025-10-29 11:05:00-04:00,268.5398864746094,268.8598937988281,268.4805908203125,268.75,268.75,479536,269.62906548452094,270.77687982592045,268.4812511431214,2.2956286827990198,0.5739071706997549,0.11706982879778845,False,False,False,False
2025-10-29 11:10:00-04:00,268.760009765625,268.8900146484375,268.510009765625,268.7699890136719,268.7699890136719,580038,269.54280570592323,270.6518395897453,268.43377182210116,2.218067767644129,0.5545169419110323,0.15158111779777422,False,False,False,False
2025-10-29 11:15:00-04:00,268.7799987792969,268.7799987792969,268.489990234375,268.5851135253906,268.5851135253906,299782,269.45476397326587,270.5108961776901,268.39863176884165,2.112264408848432,0.528066102212108,0.08828523350002286,False,False,False,False
2025-10-29 11:20:00-04:00,268.5885009765625,268.625,268.25,268.31500244140625,268.31500244140625,438929,269.35399287871377,270.37951186269555,268.328473894732,2.051037967963566,0.5127594919908915,0.0,False,False,False,False
2025-10-29 11:25:00-04:00,268.3172912597656,268.3299865722656,267.51220703125,267.6300048828125,267.6300048828125,580682,269.2082855723705,270.29480856615726,268.1217625785838,2.1730459875734596,0.5432614968933649,0.0,False,False,False,False
2025-10-29 11:30:00-04:00,267.6099853515625,267.6300048828125,267.17999267578125,267.5801086425781,267.5801086425781,496300,269.04210301630894,270.10997615212324,267.97422988049465,2.135746271628591,0.5339365679071477,0.0,False,False,False,False
2025-10-29 11:35:00-04:00,267.5799865722656,267.7200012207031,267.1099853515625,267.6099853515625,267.6099853515625,411422,268.89333040916296,269.97641940522396,267.81024141310195,2.166177992122016,0.541544498030504,0.0,False,False,False,False
2025-10-29 11:40:00-04:00,267.6199951171875,267.95001220703125,267.57000732421875,267.9226989746094,267.9226989746094,459739,268.79055984657157,269.84134091958896,267.7397787735542,2.10156214603478,0.525390536508695,0.08704011032951361,False,False,False,False
2025-10-29 11:45:00-04:00,267.9100036621094,268.11968994140625,267.8699951171875,268.0719909667969,268.0719909667969,304984,268.7172264016724,269.71286833223184,267.721584471113,1.991283861118859,0.49782096527971476,0.17597013792248234,False,False,False,False
2025-10-29 11:50:00-04:00,268.05950927734375,268.1700134277344,267.9519958496094,267.9700012207031,267.9700012207031,210518,268.6518400935146,269.59152134664305,267.7121588403861,1.879362506256939,0.46984062656423475,0.13719672466519034,False,False,False,False
2025-10-29 11:55:00-04:00,267.9599914550781,268.0199890136719,267.7200012207031,267.7699890136719,267.7699890136719,961605,268.5742038702607,269.47991455667005,267.66849318385135,1.8114213728186996,0.4528553432046749,0.056031043545978945,False,False,False,False
2025-10-29 12:00:00-04:00,267.7799987792969,268.2799987792969,267.70001220703125,268.07501220703125,268.07501220703125,226177,268.5212645554219,269.4524014876435,267.5901276232003,1.862273864443182,0.4655684661107955,0.26037232927387566,False,False,False,False
2025-10-29 12:05:00-04:00,268.0950012207031,268.6700134277344,267.97698974609375,268.6099853515625,268.6099853515625,291954,268.51152470967986,269.4881526850074,267.53489673435234,1.9532559506550342,0.48831398766375855,0.5504084689206346,False,False,False,True
2025-10-29 12:10:00-04:00,268.61529541015625,268.82000732421875,268.4800109863281,268.6600036621094,268.6600036621094,250907,268.5250309904296,269.4719954358025,267.57806654505674,1.8939288907457694,0.47348222268644236,0.5712659658655926,False,False,False,False
2025-10-29 12:15:00-04:00,268.66400146484375,268.7499084472656,268.42999267578125,268.67999267578125,268.67999267578125,618326,268.53407228654197,269.45032344167447,267.61782113140947,1.8325023102649993,0.45812557756624983,0.5796290342565394,False,False,False,False
2025-10-29 12:20:00-04:00,268.69000244140625,268.8599853515625,268.4309997558594,268.6400146484375,268.6400146484375,164063,268.5445098388033,269.45493299756316,267.6340866800435,1.8208463175196812,0.4552115793799203,0.5524507800110627,False,False,False,False
2025-10-29 12:25:00-04:00,268.6449890136719,268.80999755859375,268.4700012207031,268.6199951171875,268.6199951171875,199126,268.55296902547235,269.44034913593435,267.66558891501035,1.7747602209240085,0.44369005523100213,0.5377662801571319,False,False,False,False
2025-10-29 12:30:00-04:00,268.6029968261719,268.7882080078125,268.4700927734375,268.760009765625,268.760009765625,178615,268.56437865945514,269.4266438057459,267.70211351316436,1.7245302925815622,0.43113257314539055,0.6134402260206184,False,False,False,False
2025-10-29 12:35:00-04:00,268.7699890136719,269.0,268.75,268.79998779296875,268.79998779296875,216389,268.59158030436316,269.4176189360249,267.76554167270143,1.6520772633234628,0.4130193158308657,0.6261487541970868,False,False,False,False
2025-10-29 12:40:00-04:00,268.8299865722656,269.05999755859375,268.80999755859375,268.92999267578125,268.92999267578125,194243,268.62412782435933,269.4195645459799,267.8286911027388,1.5908734432410938,0.39771836081027345,0.6922622146478075,False,False,False,False
2025-10-29 12:45:00-04:00,268.9359130859375,269.1099853515625,268.80999755859375,268.9410095214844,268.9410095214844,218767,268.65551223574226,269.4314028437945,267.87962162769,1.551781216104473,0.38794530402611827,0.6839803722194877,False,False,False,False
2025-10-29 12:50:00-04:00,268.92999267578125,269.0398864746094,268.8399963378906,268.95001220703125,268.95001220703125,180540,268.6829204361329,269.4212000107237,267.94464086154215,1.4765591491815258,0.36913978729538144,0.6808879590407093,False,False,False,False
2025-10-29 12:55:00-04:00,268.9700012207031,269.0249938964844,268.6300048828125,268.8699951171875,268.8699951171875,259655,268.69803893099277,269.44148835085883,267.9545895111267,1.4868988397321345,0.37172470993303364,0.6156475353936735,False,False,False,False
2025-10-29 13:00:00-04:00,268.8682861328125,269.25,268.8682861328125,269.20208740234375,269.20208740234375,299330,268.73696771645876,269.48241496777575,267.9915204651418,1.490894502633978,0.3727236256584945,0.8119735736252661,False,False,False,False
2025-10-29 13:05:00-04:00,269.2099914550781,269.3299865722656,269.0799865722656,269.0799865722656,269.0799865722656,256207,268.7775726868531,269.4984752130384,268.0566701606678,1.4418050523705688,0.3604512630926422,0.7097467233280359,False,False,False,False
2025-10-29 13:10:00-04:00,269.07501220703125,269.29998779296875,269.0,269.25,269.25,192379,268.8162161704217,269.5250260025822,268.10740633826117,1.4176196643210233,0.3544049160802558,0.8059945064927414,False,False,False,False
2025-10-29 13:15:00-04:00,269.2699890136719,269.42999267578125,269.2235107421875,269.2699890136719,269.2699890136719,186902,268.86303661233836,269.54226184800154,268.1838113766752,1.358450471326364,0.339612617831591,0.7995710259028969,False,False,False,False
2025-10-29 13:20:00-04:00,269.2709045410156,269.7699890136719,269.0553894042969,269.71820068359375,269.71820068359375,461130,268.92508325565734,269.67930588962923,268.17086062168545,1.5084452679437845,0.37711131698594613,1.0,True,False,False,False
2025-10-29 13:25:00-04:00,269.7200012207031,269.93011474609375,269.510009765625,269.93011474609375,269.93011474609375,421924,269.00746387441416,269.7702852410826,268.2446425077457,1.5256427333368947,0.3814106833342237,1.0,False,False,False,False
2025-10-29 13:30:00-04:00,269.8900146484375,270.3182067871094,269.82501220703125,270.2300109863281,270.2300109863281,579216,269.11383969527844,269.89901784129563,268.32866154926126,1.5703562920343757,0.3925890730085939,1.0,False,False,False,False
2025-10-29 13:35:00-04:00,270.2550048828125,270.4800109863281,269.93011474609375,270.247802734375,270.247802734375,491135,269.2191225327693,270.0357621122317,268.4024829533069,1.633279158924779,0.40831978973119476,1.0,False,False,False,False
2025-10-29 13:40:00-04:00,270.2349853515625,270.33160400390625,269.7900085449219,270.17498779296875,270.17498779296875,360065,269.30290769922925,270.14620241254227,268.45961298591624,1.6865894266260284,0.4216473566565071,1.0,False,False,False,False
2025-10-29 13:45:00-04:00,270.1629943847656,270.6600036621094,269.79998779296875,270.5799865722656,270.5799865722656,477642,269.402312617631,270.33328103344087,268.4713442018212,1.861936831619687,0.46548420790492173,1.0,False,False,False,False
2025-10-29 13:50:00-04:00,270.5799865722656,270.6600036621094,270.1700134277344,270.3900146484375,270.3900146484375,418270,269.4979663917703,270.43383601287417,268.56209677066647,1.8717392422076955,0.4679348105519239,0.9765878903169332,False,False,False,False
2025-10-29 13:55:00-04:00,270.3800048828125,270.6600036621094,270.24700927734375,270.44500732421875,270.44500732421875,330345,269.5887003945754,270.51358193052204,268.6638188586288,1.8497630718932214,0.46244076797330536,0.9629278974452112,False,False,False,False
2025-10-29 14:00:00-04:00,270.4700012207031,270.7699890136719,270.2300109863281,270.67999267578125,270.67999267578125,465459,269.6812048863867,270.62159387420735,268.74081589856604,1.8807779756413083,0.4701944939103271,1.0,True,False,False,False
2025-10-29 14:05:00-04:00,270.67999267578125,270.69000244140625,270.1499938964844,270.3949890136719,270.3949890136719,500961,269.750772209955,270.705124007978,268.79642041193205,1.9087035960459389,0.4771758990114847,0.8375153717169156,False,False,False,False
2025-10-29 14:10:00-04:00,270.4049987792969,270.7298889160156,270.3984069824219,270.6600036621094,270.6600036621094,375626,269.83127960457983,270.7571762032693,268.90538300589037,1.8517931973789246,0.46294829934473114,0.9475251657164194,False,False,False,False
2025-10-29 14:15:00-04:00,270.6400146484375,270.6400146484375,270.0616149902344,270.4100036621094,270.4100036621094,220664,269.882638159724,270.8356228329195,268.92965348652854,1.9059693463909753,0.4764923365977438,0.7766914921186624,False,False,False,False
2025-10-29 14:20:00-04:00,270.3999938964844,270.4490051269531,270.2300109863281,270.3900146484375,270.3900146484375,209468,269.9277529623445,270.82923799634546,269.0262679283436,1.802970068001855,0.45074251700046375,0.7563889962994643,False,False,False,False
2025-10-29 14:25:00-04:00,270.3949890136719,270.8500061035156,270.34869384765625,270.80999755859375,270.80999755859375,534327,269.9984018075106,270.91000078928334,269.0868028257379,1.8231979635454536,0.4557994908863634,0.9451495489304272,False,False,False,False
2025-10-29 14:30:00-04:00,270.7850036621094,270.92999267578125,270.70001220703125,270.8599853515625,270.8599853515625,340375,270.0776013253469,270.94403650269237,269.21116614800144,1.732870354690931,0.43321758867273275,0.951495995703117,False,False,False,False
2025-10-29 14:35:00-04:00,270.8599853515625,270.8900146484375,269.3599853515625,269.42999267578125,269.42999267578125,838822,270.0600517602593,271.14584927924517,268.9742542412734,2.1715950379717697,0.5428987594929424,0.20986345360850603,False,False,True,False
2025-10-29 14:40:00-04:00,269.44000244140625,269.5400085449219,268.70001220703125,268.7099914550781,268.7099914550781,556811,269.95750753569587,271.1027245703613,268.8122905010304,2.2904340693308995,0.5726085173327249,0.0,False,False,False,False
2025-10-29 14:45:00-04:00,268.7200012207031,269.32000732421875,268.6000061035156,269.1400146484375,269.1400146484375,467693,269.8682219950319,271.0429175703714,268.6935264196924,2.3493911506790255,0.5873477876697564,0.19004422852962552,False,False,False,False
2025-10-29 14:50:00-04:00,269.1400146484375,269.79998779296875,269.1199951171875,269.510009765625,269.510009765625,445803,269.8309307788632,271.024155331825,268.6377062259014,2.386449105923589,0.5966122764808972,0.3655236298810552,False,False,False,False
2025-10-29 14:55:00-04:00,269.54998779296875,269.92999267578125,269.3599853515625,269.510009765625,269.510009765625,631617,269.8089369838276,270.996840546337,268.6210334213182,2.3758071250188095,0.5939517812547024,0.37417866751273404,False,False,False,False
2025-10-29 15:00:00-04:00,269.5299072265625,269.6300048828125,268.260009765625,268.39349365234375,268.39349365234375,379695,269.7091495980911,271.05226182778705,268.3660373683951,2.6862244593919513,0.6715561148479878,0.010221142858205908,False,False,False,False
2025-10-29 15:05:00-04:00,268.3800048828125,269.0899963378906,268.3800048828125,268.6536865234375,268.6536865234375,320561,269.6137921044361,270.96459140217803,268.2629928066941,2.7015985954839152,0.6753996488709788,0.14461575357511744,False,False,False,False
2025-10-29 15:10:00-04:00,268.6499938964844,268.82000732421875,268.4750061035156,268.6400146484375,268.6400146484375,268114,269.52152708103495,270.80624669314335,268.23680746892654,2.569439224216808,0.642359806054202,0.15692419408513508,False,False,False,False
2025-10-29 15:15:00-04:00,268.6600036621094,268.7900085449219,268.364990234375,268.7749938964844,268.7749938964844,284777,269.43788934873896,270.6791406617459,268.196638035732,2.482502626013911,0.6206256565034778,0.23297290995458805,False,False,False,False
2025-10-29 15:20:00-04:00,268.75,268.9599914550781,268.40008544921875,268.44500732421875,268.44500732421875,328342,269.3582517672246,270.5873591501027,268.1291443843465,2.4582147657562246,0.6145536914390561,0.12849281693053843,False,False,False,False
2025-10-29 15:25:00-04:00,268.45001220703125,268.80499267578125,268.2991027832031,268.30999755859375,268.30999755859375,293493,269.27378629788825,270.48116092099417,268.06641167478233,2.4147492462118407,0.6036873115529602,0.10087419395349125,False,False,False,False
2025-10-29 15:30:00-04:00,268.32000732421875,268.3900146484375,267.8699951171875,267.95001220703125,267.95001220703125,358498,269.1591406813483,270.34978174839364,267.9684996143029,2.381282134090725,0.5953205335226812,0.0,False,True,False,False
2025-10-29 15:35:00-04:00,267.95001220703125,268.5799865722656,267.79998779296875,268.5450134277344,268.5450134277344,337442,269.078111022584,270.3056877387842,267.8505343063838,2.4551534324003796,0.6137883581000949,0.2828658739554199,False,False,False,False
2025-10-29 15:40:00-04:00,268.5450134277344,269.2099914550781,268.53289794921875,269.20001220703125,269.20001220703125,574809,269.06885923031655,270.3090969760686,267.8286214845645,2.4804754915040803,0.6201188728760201,0.5528741272243635,False,False,False,True
2025-10-29 15:45:00-04:00,269.194091796875,269.70001220703125,269.194091796875,269.6000061035156,269.6000061035156,444262,269.10973327528393,270.327131328492,267.89233522207587,2.4347961064161154,0.6086990266040289,0.7013609381663379,False,False,False,False
2025-10-29 15:50:00-04:00,269.6099853515625,270.3800048828125,269.6099853515625,269.82000732421875,269.82000732421875,986326,269.18848875886306,270.4401467626097,267.93683075511643,2.503316007493254,0.6258290018733135,0.7522728107299864,False,False,False,False
2025-10-29 15:55:00-04:00,269.8299865722656,270.0199890136719,269.0433044433594,269.7300109863281,269.7300109863281,1624567,269.2274677482843,270.5492968657188,267.9056386308498,2.643658234869008,0.660914558717252,0.69009387500072,False,False,False,False
2025-10-30 09:30:00-04:00,271.989990234375,274.1400146484375,271.2377014160156,271.3599853515625,271.3599853515625,3290005,269.51493753149583,271.58658446960874,267.4432905933829,4.143293876225812,1.035823469056453,0.9453094265539642,False,False,False,False
2025-10-30 09:35:00-04:00,271.3999938964844,271.4100036621094,270.6499938964844,271.239990234375,271.239990234375,707556,269.66589547430476,271.6823796717314,267.64941127687814,4.032968394853242,1.0082420987133105,0.8903067433107219,False,False,False,False
2025-10-30 09:40:00-04:00,271.2157897949219,271.7300109863281,270.6099853515625,271.2149963378906,271.2149963378906,626395,269.8105718632847,271.84941276792176,267.7717309586476,4.077681809274168,1.019420452318542,0.8444173773960886,False,False,False,False
2025-10-30 09:45:00-04:00,271.215087890625,271.7099914550781,270.8299865722656,271.319091796875,271.319091796875,454079,269.95112279135975,271.9620805820956,267.9401650006239,4.021915581471717,1.0054788953679292,0.8401287217009851,False,False,False,False
2025-10-30 09:50:00-04:00,271.29998779296875,271.8699035644531,271.0400085449219,271.3999938964844,271.3999938964844,498051,270.09260017649564,272.0684411920642,268.1167591609271,3.951682031137125,0.9879205077842812,0.8308448680048598,False,False,False,False
2025-10-30 09:55:00-04:00,271.4049987792969,271.6199951171875,270.989990234375,271.05999755859375,271.05999755859375,383934,270.2002885060407,272.10454639661486,268.2960306154665,3.808515781148344,0.952128945287086,0.7257333570228343,False,False,False,False
2025-10-30 10:00:00-04:00,271.1094055175781,271.3799133300781,270.30499267578125,270.31500244140625,270.31500244140625,506061,270.24470256728335,272.1735187996595,268.3158863349072,3.857632464752328,0.964408116188082,0.5182235800754048,False,False,False,False
2025-10-30 10:05:00-04:00,270.2699890136719,270.8299865722656,270.1390075683594,270.1700134277344,270.1700134277344,364036,270.25755653129954,272.1316869412193,268.3834261213798,3.7482608198395155,0.9370652049598789,0.47664434046270143,False,False,True,False
2025-10-30 10:10:00-04:00,270.2051086425781,270.5437927246094,270.010009765625,270.2850036621094,270.2850036621094,387110,270.25965610458354,272.0531300653082,268.4661821438589,3.5869479214493367,0.8967369803623342,0.5070666087383816,False,False,False,True
2025-10-30 10:15:00-04:00,270.30999755859375,270.510009765625,269.9599914550781,270.2250061035156,270.2250061035156,358016,270.25699067634446,271.98112090310605,268.53286044958287,3.448260453523176,0.862065113380794,0.4907244324319663,False,False,True,False
2025-10-30 10:20:00-04:00,270.2250061035156,270.42449951171875,269.3900146484375,269.45001220703125,269.45001220703125,401186,270.20916700453984,271.9677811812815,268.45055282779816,3.517228353483347,0.8793070883708367,0.28416107195407314,False,False,False,False
2025-10-30 10:25:00-04:00,269.43499755859375,269.6449890136719,268.989990234375,269.0899963378906,269.0899963378906,411411,270.117023340169,271.8307758550959,268.4032708252421,3.427505029853819,0.8568762574634547,0.20035725890030992,False,False,False,False
2025-10-30 10:30:00-04:00,269.0899963378906,269.7148132324219,269.0299987792969,269.4200134277344,269.4200134277344,370014,270.04761875029425,271.72695890435347,268.36827859623503,3.358680308118437,0.8396700770296093,0.31313930919746774,False,False,False,False
2025-10-30 10:35:00-04:00,269.45989990234375,269.6182861328125,269.0799865722656,269.1000061035156,269.1000061035156,230203,269.97318772038034,271.59225377114296,268.3541216696177,3.2381321015252524,0.8095330253813131,0.23034404110523488,False,False,False,False
2025-10-30 10:40:00-04:00,269.1099853515625,269.75,269.1099853515625,269.57000732421875,269.57000732421875,304527,269.92589976846415,271.51305799344743,268.33874154348086,3.174316449966568,0.793579112491642,0.3878837539183761,False,False,False,False
2025-10-30 10:45:00-04:00,269.54998779296875,269.6199951171875,269.0450134277344,269.30999755859375,269.30999755859375,253664,269.86867141284904,271.4121101532246,268.3252326724735,3.0868774807511272,0.7717193701877818,0.31901651175370016,False,False,False,False
2025-10-30 10:50:00-04:00,269.3299865722656,269.3800048828125,268.4800109863281,268.90679931640625,268.90679931640625,335172,269.7785381095792,271.3476317552141,268.2094444639443,3.1381872912697872,0.7845468228174468,0.22221581688318837,False,False,False,False
2025-10-30 10:55:00-04:00,268.9200134277344,269.05999755859375,268.7301025390625,268.8999938964844,268.8999938964844,252102,269.6945533370523,271.17271662202995,268.21639005207464,2.9563265699553085,0.7390816424888271,0.2312342118618057,False,False,False,False
2025-10-30 11:00:00-04:00,268.8999938964844,269.7878112792969,268.8900146484375,269.69500732421875,269.69500732421875,355230,269.67198740818867,271.1818936908404,268.16208112553693,3.019812565303482,0.7549531413258705,0.5076229618667629,False,False,False,True
2025-10-30 11:05:00-04:00,269.6900939941406,270.3999938964844,269.55999755859375,270.3999938964844,270.3999938964844,394239,269.7146548090457,271.24156973101043,268.187739887081,3.0538298439294067,0.7634574609823517,0.724419539549988,False,False,False,False
2025-10-30 11:10:00-04:00,270.4200134277344,270.92999267578125,270.260009765625,270.9200134277344,270.9200134277344,358819,269.8088151722839,271.3170351840834,268.3005951604844,3.0164400235989888,0.7541100058997472,0.8683806894077286,False,False,False,False
2025-10-30 11:15:00-04:00,270.8999938964844,270.9800109863281,270.5799865722656,270.9599914550781,270.9599914550781,403444,269.9070229023417,271.3444257957737,268.46962000890966,2.8748057868640444,0.7187014467160111,0.8662746741180962,False,False,False,False
2025-10-30 11:20:00-04:00,270.9800109863281,271.1700134277344,270.5403137207031,270.6400146484375,270.6400146484375,433136,269.99049188932105,271.41009443481613,268.57088934382597,2.8392050909901627,0.7098012727475407,0.7287692288160599,False,False,False,False
2025-10-30 11:25:00-04:00,270.643310546875,270.8900146484375,270.5799865722656,270.7900085449219,270.7900085449219,196194,270.0631437654373,271.40279167161725,268.72349585925735,2.6792958123598964,0.6698239530899741,0.7712894843979011,False,False,False,False
2025-10-30 11:30:00-04:00,270.7799987792969,270.8399963378906,270.45001220703125,270.5400085449219,270.5400085449219,214972,270.11522585412087,271.3989057958547,268.831545912387,2.5673598834677023,0.6418399708669256,0.665455062820122,False,False,False,False
2025-10-30 11:35:00-04:00,270.5450134277344,270.9200134277344,270.42999267578125,270.5450134277344,270.5450134277344,334637,270.1644113134506,271.4177274114017,268.91109521549953,2.5066321959021707,0.6266580489755427,0.6518380378684863,False,False,False,False
2025-10-30 11:40:00-04:00,270.55560302734375,270.760009765625,270.2630920410156,270.7503967285156,270.7503967285156,208065,270.2050546339206,271.43242266699843,268.9776866008428,2.4547360661556468,0.6136840165389117,0.7221591567883192,False,False,False,False
2025-10-30 11:45:00-04:00,270.75,271.0393981933594,270.5799865722656,270.9200134277344,270.9200134277344,291487,270.2661414368285,271.46265499081727,269.0696278828397,2.3930271079775594,0.5982567769943898,0.773240528168733,False,False,False,False
2025-10-30 11:50:00-04:00,270.8941955566406,271.54998779296875,270.8800048828125,271.489990234375,271.489990234375,351884,270.36523853523073,271.5760973158519,269.1543797546096,2.4217175612423034,0.6054293903105759,0.9644437968923549,False,False,False,False
2025-10-30 11:55:00-04:00,271.5,271.74798583984375,271.1400146484375,271.17498779296875,271.17498779296875,399726,270.4594376677881,271.6708048086284,269.2480705269478,2.4227342816806186,0.6056835704201546,0.7953481653317234,False,False,False,False
2025-10-30 12:00:00-04:00,271.1700134277344,271.79998779296875,271.1700134277344,271.625,271.625,358527,270.56155475405285,271.777780053856,269.3453294542497,2.432450599606341,0.6081126499015852,0.9371908914077246,False,False,False,False
2025-10-30 12:05:00-04:00,271.63330078125,271.9100036621094,271.5199890136719,271.55999755859375,271.55999755859375,305330,270.6664857372978,271.83909143680813,269.4938800377875,2.345211399020627,0.5863028497551568,0.8809941490430527,False,False,False,False
2025-10-30 12:10:00-04:00,271.57000732421875,271.9700012207031,271.5599060058594,271.9599914550781,271.9599914550781,357009,270.7772934030041,271.91465757553215,269.639929230476,2.2747283450561326,0.5686820862640332,1.0,True,False,False,False
2025-10-30 12:15:00-04:00,271.9599914550781,272.1099853515625,271.8100891113281,272.0249938964844,272.0249938964844,399580,270.8919977887299,271.975604792052,269.80839078540777,2.167214006644258,0.5418035016610645,1.0,False,False,False,False
2025-10-30 12:20:00-04:00,272.018310546875,272.2799987792969,271.9408874511719,272.2721862792969,272.2721862792969,350379,271.01317490439897,272.05624347301386,269.97010633578407,2.086137137229798,0.5215342843074495,1.0,False,False,False,False
2025-10-30 12:25:00-04:00,272.260009765625,272.3900146484375,272.010009765625,272.010009765625,272.010009765625,298190,271.1201752049225,272.1349378932384,270.1054125166066,2.0295253766317956,0.5073813441579489,0.9384446585138522,False,False,False,False
2025-10-30 12:30:00-04:00,272.0,272.06781005859375,271.6499938964844,271.70001220703125,271.70001220703125,290979,271.1854860159492,272.1823356678554,270.188636364043,1.9936993038123774,0.49842482595309434,0.758076125170008,False,False,False,False
2025-10-30 12:35:00-04:00,271.6802978515625,271.739990234375,271.44000244140625,271.7349853515625,271.7349853515625,255632,271.2286136343459,272.18577587965524,270.27145138903654,1.9143244906186965,0.4785811226546741,0.7645171807068892,False,False,False,False
2025-10-30 12:40:00-04:00,271.739990234375,271.8699951171875,271.67999267578125,271.81500244140625,271.81500244140625,203453,271.2819199623249,272.18136647138454,270.3824734532652,1.7988930181193155,0.44972325452982886,0.7963391784346868,False,False,False,False
2025-10-30 12:45:00-04:00,271.81500244140625,271.9200134277344,271.30999755859375,271.42999267578125,271.42999267578125,272364,271.3077689710593,272.23927400304115,270.3762639390775,1.8630100639636566,0.46575251599091416,0.5656054989106686,False,False,False,False
2025-10-30 12:50:00-04:00,271.44000244140625,271.5050048828125,271.32000732421875,271.45001220703125,271.45001220703125,164120,271.31893460600804,272.1942886465104,270.44358056550567,1.7507080810047455,0.4376770202511864,0.5748711920881642,False,False,False,False
2025-10-30 12:55:00-04:00,271.44000244140625,271.57000732421875,271.25,271.29998779296875,271.29998779296875,153944,271.32411528217193,272.17593538346784,270.472295180876,1.7036402025918278,0.42591005064795695,0.48583768499564944,False,False,True,False
2025-10-30 13:00:00-04:00,271.3099060058594,271.43701171875,271.1570129394531,271.3575134277344,271.3575134277344,158535,271.32345471834407,272.14609256536977,270.50081687131836,1.6452756940514064,0.4113189235128516,0.5207009132350581,False,False,False,True
2025-10-30 13:05:00-04:00,271.37548828125,271.42999267578125,271.0799865722656,271.2650146484375,271.2650146484375,169746,271.31725248791395,272.1276277709402,270.5068772048877,1.620750566052493,0.40518764151312325,0.46776935293400634,False,False,True,False
2025-10-30 13:10:00-04:00,271.2698974609375,271.44000244140625,271.0400085449219,271.3900146484375,271.3900146484375,179405,271.3146578266766,272.12399436069705,270.5053212926561,1.6186730680409482,0.40466826701023706,0.5465546892999974,False,False,False,True
2025-10-30 13:15:00-04:00,271.3900146484375,271.5,271.29669189453125,271.4150085449219,271.4150085449219,146764,271.3231570952297,272.0922215969419,270.5540925935175,1.5381290034243875,0.3845322508560969,0.5597163498560132,False,False,False,False
2025-10-30 13:20:00-04:00,271.4299011230469,271.54998779296875,271.19000244140625,271.4704895019531,271.4704895019531,177398,271.33080815715476,272.09496327900825,270.5666530353013,1.5283102437069829,0.3820775609267457,0.5913959357228141,False,False,False,False
2025-10-30 13:25:00-04:00,271.4800109863281,271.9800109863281,271.4713134765625,271.95001220703125,271.95001220703125,237208,271.3755355285344,272.1651794350775,270.58589162199127,1.5792878130862391,0.3948219532715598,0.8637567983091216,False,False,False,False
2025-10-30 13:30:00-04:00,271.95001220703125,271.989990234375,271.57000732421875,271.6700134277344,271.6700134277344,232931,271.41056423966853,272.2052403375886,270.6158881417485,1.5893521958400925,0.3973380489600231,0.6632420987273405,False,False,False,False
2025-10-30 13:35:00-04:00,271.6549987792969,271.67999267578125,271.30108642578125,271.3900146484375,271.3900146484375,159647,271.4149896692239,272.205979407352,270.62399993109585,1.5819794762561514,0.39549486906403786,0.48421280354057883,False,False,True,False
2025-10-30 13:40:00-04:00,271.3999938964844,271.45001220703125,271.2799987792969,271.4200134277344,271.4200134277344,162272,271.4119755551411,272.15786900500325,270.666082105279,1.491786899724275,0.37294672493106873,0.5053880836430116,False,False,False,True
2025-10-30 13:45:00-04:00,271.4100036621094,271.75,271.4039001464844,271.6700134277344,271.6700134277344,269182,271.430641806214,272.17116588179306,270.69011773063494,1.4810481511581202,0.37026203778953004,0.6616231189601754,False,False,False,False
2025-10-30 13:50:00-04:00,271.6700134277344,271.8800048828125,271.6099853515625,271.8299865722656,271.8299865722656,267061,271.4632783582139,272.18375393248505,270.7428027839428,1.44095114854224,0.36023778713556,0.7544903860361152,False,False,False,False
2025-10-30 13:55:00-04:00,271.8500061035156,272.07000732421875,271.82000732421875,272.0,272.0,336837,271.5109031065884,272.2093311234324,270.8124750897444,1.3968560336879818,0.34921400842199546,0.8501412326081297,False,False,False,False
2025-10-30 14:00:00-04:00,272.0,272.14520263671875,271.95001220703125,272.1050109863281,272.1050109863281,358050,271.5638401386618,272.23146343975895,270.8962168375647,1.3352466021942746,0.33381165054856865,0.905296554791434,False,False,False,False
2025-10-30 14:05:00-04:00,272.1098937988281,272.20001220703125,271.67999267578125,271.92498779296875,271.92498779296875,297604,271.5991884643696,272.304053341607,270.8943235871322,1.4097297544748244,0.3524324386187061,0.7311076485155966,False,False,False,False
2025-10-30 14:10:00-04:00,271.92498779296875,272.29998779296875,271.8399963378906,272.17999267578125,272.17999267578125,386126,271.6475189854341,272.3738956659634,270.9211423049048,1.452753361058626,0.3631883402646565,0.8665272472397827,False,False,False,False
2025-10-30 14:15:00-04:00,272.1700134277344,272.17999267578125,271.7099914550781,271.7699890136719,271.7699890136719,345107,271.6702941025207,272.41803335913767,270.92255484590373,1.4954785132339339,0.37386962830848347,0.566664221698236,False,False,False,False
2025-10-30 14:20:00-04:00,271.7618103027344,271.7699890136719,271.4700012207031,271.67999267578125,271.67999267578125,369852,271.667408407365,272.400371296914,270.93444551781596,1.4659257790980291,0.3664814447745073,0.5085845194863953,False,False,False,False
2025-10-30 14:25:00-04:00,271.70001220703125,271.8699951171875,271.5299072265625,271.75,271.75,250386,271.6720965699572,272.39978074867633,270.9444123912381,1.4553683574382603,0.3638420893595651,0.5535283247327988,False,False,False,False
2025-10-30 14:30:00-04:00,271.760009765625,272.00799560546875,271.6099853515625,271.6300048828125,271.6300048828125,235895,271.6794520026547,272.4139698142832,270.9449341910263,1.4690356232569002,0.36725890581422505,0.46634042152592486,False,False,True,False
2025-10-30 14:35:00-04:00,271.6400146484375,271.6499938964844,271.2799987792969,271.3999938964844,271.3999938964844,261116,271.6569640840611,272.3920291379642,270.921899030158,1.4701301078061988,0.3675325269515497,0.32520581939500853,False,False,False,False
2025-10-30 14:40:00-04:00,271.4100036621094,271.760009765625,271.340087890625,271.7550048828125,271.7550048828125,270760,271.6532882201525,272.3988311436653,270.9077452966397,1.4910858470256017,0.3727714617564004,0.5682165033374257,False,False,False,True
2025-10-30 14:45:00-04:00,271.7550048828125,271.7799987792969,271.42999267578125,271.42999267578125,271.42999267578125,253113,271.6431332827049,272.38412313456956,270.9021434308403,1.4819797037292801,0.37049492593232003,0.35617845751374166,False,False,True,False
2025-10-30 14:50:00-04:00,271.4200134277344,271.4599914550781,271.17999267578125,271.3599853515625,271.3599853515625,288279,271.6136275568099,272.3365181793475,270.8907369342723,1.4457812450751817,0.3614453112687954,0.3245639123405571,False,False,False,False
2025-10-30 14:55:00-04:00,271.3598937988281,271.4599914550781,271.2200012207031,271.3599853515625,271.3599853515625,243884,271.58820201258493,272.28680161974376,270.8896024054261,1.3971992143176521,0.34929980357941304,0.33666133026428646,False,False,False,False
2025-10-30 15:00:00-04:00,271.3399963378906,271.6299133300781,271.2161865234375,271.489990234375,271.489990234375,304644,271.5745983316369,272.2860833394079,270.86311332386583,1.4229700155420915,0.35574250388552286,0.44054119458754315,False,False,False,False
2025-10-30 15:05:00-04:00,271.4800109863281,271.54998779296875,271.2699890136719,271.42999267578125,271.42999267578125,299143,271.55955625187534,272.25589251472866,270.863219989022,1.3926725257066437,0.3481681314266609,0.4069676656194932,False,False,False,False
2025-10-30 15:10:00-04:00,271.42999267578125,271.4849853515625,271.2099914550781,271.3599853515625,271.3599853515625,290882,271.53975604243334,272.22145745829823,270.85805462656845,1.3634028317297862,0.34085070793244654,0.3681455790708904,False,False,False,False
2025-10-30 15:15:00-04:00,271.364990234375,271.6000061035156,271.19000244140625,271.5899963378906,271.5899963378906,379266,271.5321603838782,272.22769239057845,270.83662837717793,1.3910640134005234,0.34776600335013086,0.541576773933681,False,False,False,True
2025-10-30 15:20:00-04:00,271.5799865722656,271.5899963378906,270.9949951171875,271.05999755859375,271.05999755859375,532730,271.5019542842603,272.24693333443116,270.75697523408945,1.4899581003417097,0.37248952508542743,0.2033764066484835,False,False,True,False
2025-10-30 15:25:00-04:00,271.05999755859375,271.4100036621094,271.0199890136719,271.3399963378906,271.3399963378906,471637,271.4785932100029,272.22707728484414,270.7301091351616,1.496968149682516,0.374242037420629,0.4074149492481495,False,False,False,False
2025-10-30 15:30:00-04:00,271.3399963378906,271.4800109863281,271.04998779296875,271.1000061035156,271.1000061035156,431233,271.45301305929826,272.2126533653273,270.6933727532692,1.5192806120580826,0.37982015301452066,0.26764861410004176,False,False,False,False
2025-10-30 15:35:00-04:00,271.1099853515625,271.4599914550781,271.1000061035156,271.3900146484375,271.3900146484375,414029,271.4400280760962,272.1957014218348,270.6843547303576,1.5113466914772289,0.3778366728693072,0.4669080377515317,False,False,False,False
2025-10-30 15:40:00-04:00,271.3949890136719,271.45001220703125,271.1499938964844,271.3800048828125,271.3800048828125,449498,271.42923210016096,272.16934177343506,270.68912242688685,1.4802193465482105,0.37005483663705263,0.46674329553707394,False,False,False,False
2025-10-30 15:45:00-04:00,271.3727111816406,271.4549865722656,271.1300048828125,271.26959228515625,271.26959228515625,549083,271.4154824950737,272.14657753891106,270.6843874512364,1.462190087674685,0.36554752191867124,0.40022486737721186,False,False,False,False
2025-10-30 15:50:00-04:00,271.260009765625,271.6700134277344,271.1600036621094,271.6000061035156,271.6000061035156,1022554,271.4213102953321,272.1812977879107,270.6613228027535,1.519974985157205,0.37999374628930127,0.6175649664820319,False,False,False,True
2025-10-30 15:55:00-04:00,271.5899963378906,271.6099853515625,271.0899963378906,271.260009765625,271.260009765625,2309222,271.4116614245093,272.1996479705644,270.6236748784542,1.575973092110189,0.3939932730275473,0.40377268517875087,False,False,True,False
2025-10-31 09:30:00-04:00,276.989990234375,277.32000732421875,272.3999938964844,273.0,273.0,6514494,271.68102704187993,273.6022144450483,269.7598396387116,3.842374806336693,0.9605937015841732,0.8432702494157709,False,False,False,True
2025-10-31 09:35:00-04:00,272.9750061035156,273.30999755859375,269.1600036621094,270.0299987792969,270.0299987792969,2427076,271.60029430773267,274.15936174988104,269.0412268655843,5.118134884296751,1.2795337210741877,0.1931898896893655,False,False,True,False
2025-10-31 09:40:00-04:00,270.03289794921875,271.0799865722656,269.17999267578125,270.7049865722656,270.7049865722656,1557009,271.4785191616093,274.16167863883976,268.79535968437887,5.366318954460894,1.3415797386152235,0.3558541533017398,False,False,False,False
2025-10-31 09:45:00-04:00,270.7200012207031,272.0599060058594,269.7699890136719,271.989990234375,271.989990234375,1369451,271.45897401142133,274.33180093936625,268.5861470834764,5.745653855889827,1.4364134639724568,0.5924205036141059,False,False,False,True
2025-10-31 09:50:00-04:00,272.0201110839844,272.05999755859375,270.79998779296875,271.2799987792969,271.2799987792969,896034,271.451452173218,274.2889983614934,268.6139059849426,5.675092376550765,1.4187730941376913,0.469788439985653,False,False,True,False
2025-10-31 09:55:00-04:00,271.29998779296875,271.32000732421875,270.07000732421875,270.43701171875,270.43701171875,662189,271.3712194699651,274.175011039413,268.56742790051726,5.607583138895734,1.4018957847239335,0.33340278189810413,False,False,False,False
2025-10-31 10:00:00-04:00,270.43499755859375,270.5799865722656,269.7900085449219,269.9049987792969,269.9049987792969,687014,271.24935710446,273.9307651224318,268.56794908648817,5.362816035943638,1.3407040089859095,0.2493185825967716,False,False,False,False
2025-10-31 10:05:00-04:00,269.9049987792969,270.7099914550781,269.8599853515625,270.26361083984375,270.26361083984375,580125,271.1568338134474,273.74010225032515,268.57356537656966,5.16653687375549,1.2916342184388725,0.3271137910307057,False,False,False,False
2025-10-31 10:10:00-04:00,270.260009765625,270.2799987792969,269.29998779296875,269.35009765625,269.35009765625,922987,271.01269358450054,273.53363737495613,268.49174979404495,5.04188758091118,1.260471895227795,0.17024335597144125,False,False,False,False
2025-10-31 10:15:00-04:00,269.4100036621094,270.27899169921875,269.1600036621094,269.9700012207031,269.9700012207031,611971,270.89748456318404,273.39013158201595,268.4048375443521,4.985294037663834,1.2463235094159586,0.313956140706288,False,False,False,False
2025-10-31 10:20:00-04:00,270.0299987792969,270.639892578125,269.6700134277344,270.4444885253906,270.4444885253906,599084,270.83595887561887,273.27331702264576,268.398600728592,4.874716294053769,1.2186790735134423,0.4196937161849263,False,False,False,False
2025-10-31 10:25:00-04:00,270.4599914550781,270.6099853515625,270.2699890136719,270.3800048828125,270.3800048828125,400744,270.7963430858154,273.0579646857177,268.5347214859131,4.523243199804597,1.1308107999511492,0.40795582182693735,False,False,False,False
2025-10-31 10:30:00-04:00,270.42999267578125,270.7900085449219,270.10009765625,270.57000732421875,270.57000732421875,434915,270.7668536974962,272.94029531514263,268.5934120798497,4.346883235292921,1.0867208088232303,0.4547155139389984,False,False,False,False
2025-10-31 10:35:00-04:00,270.5799865722656,271.2300109863281,270.3500061035156,271.0823059082031,271.0823059082031,506258,270.77833820243455,272.91043663487886,268.64623976999025,4.264196864888618,1.0660492162221544,0.5712836943039473,False,False,False,True
2025-10-31 10:40:00-04:00,271.1050109863281,271.5599060058594,270.5199890136719,270.7130126953125,270.7130126953125,623853,270.79287449156277,272.9197464792001,268.6660025039254,4.253743975274688,1.063435993818672,0.4812255282136219,False,False,True,False
2025-10-31 10:45:00-04:00,270.7099914550781,271.0,270.5801086425781,270.7900085449219,270.7900085449219,378357,270.7926044506997,272.7907675110577,268.79444139034166,3.9963261207160485,0.9990815301790121,0.4993504269422976,False,False,False,False
2025-10-31 10:50:00-04:00,270.7900085449219,270.93951416015625,270.4200134277344,270.5,270.5,327768,270.7761509343756,272.6783978351822,268.87390403356903,3.804493801613148,0.951123450403287,0.4274145395483319,False,False,False,False
2025-10-31 10:55:00-04:00,270.5249938964844,270.79998779296875,270.2799987792969,270.5899963378906,270.5899963378906,319863,270.75524712824955,272.5712671417098,268.9392271147893,3.6320400269205493,0.9080100067301373,0.45450193578977865,False,False,False,False
2025-10-31 11:00:00-04:00,270.625,271.04998779296875,270.3999938964844,270.9100036621094,270.9100036621094,330463,270.7582390002119,272.52265579162304,268.9938222088008,3.5288335828222444,0.8822083957055611,0.5430070328723416,False,False,False,True
2025-10-31 11:05:00-04:00,270.9200134277344,271.17999267578125,270.4800109863281,271.1369934082031,271.1369934082031,389901,270.7748193198842,272.5027907700449,269.04684786972354,3.455942900321361,0.8639857250803402,0.6047974746009928,False,False,False,False
2025-10-31 11:10:00-04:00,271.125,271.2200012207031,270.6499938964844,270.9403076171875,270.9403076171875,320451,270.7902429635262,272.45941873351455,269.1210671935379,3.3383515399766566,0.8345878849941641,0.5449517229879044,False,False,False,False
2025-10-31 11:15:00-04:00,270.92498779296875,271.3500061035156,270.8699951171875,271.260009765625,271.260009765625,296761,270.82545826815317,272.4237186584083,269.22719787789805,3.196520780510241,0.7991301951275602,0.6359451501524308,False,False,False,False
2025-10-31 11:20:00-04:00,271.29998779296875,271.3800048828125,270.7427978515625,271.34320068359375,271.34320068359375,328496,270.85687504953444,272.42275080701404,269.29099929205483,3.1317515149592055,0.7829378787398014,0.6552887040163681,False,False,False,False
2025-10-31 11:25:00-04:00,271.3699951171875,271.5199890136719,271.1499938964844,271.29998779296875,271.29998779296875,337980,270.901298717932,272.38458592310116,269.4180115127628,2.966574410338353,0.7416436025845883,0.6343937551835411,False,False,False,False
2025-10-31 11:30:00-04:00,271.2998962402344,271.364990234375,270.8739929199219,271.1499938964844,271.1499938964844,350952,270.9230473178363,272.3562052653791,269.48988937029344,2.866315895085677,0.7165789737714192,0.5791770994387598,False,False,False,False
2025-10-31 11:35:00-04:00,271.1400146484375,271.1455078125,270.2200012207031,270.3999938964844,270.3999938964844,372240,270.8911857615245,272.36702644946934,269.4153450735797,2.9516813758896205,0.7379203439724051,0.33358913023188086,False,False,True,False
2025-10-31 11:40:00-04:00,270.4100036621094,271.07000732421875,270.28009033203125,271.0199890136719,271.0199890136719,347321,270.8815517737578,272.36779179134567,269.3953117561699,2.9724800351757494,0.7431200087939374,0.5465729755207247,False,False,False,True
2025-10-31 11:45:00-04:00,271.0199890136719,271.25,270.5899963378906,270.68499755859375,270.68499755859375,342841,270.87775299836767,272.3473697466186,269.40813625011674,2.9392334965018563,0.7348083741254641,0.4344198274811009,False,False,True,False
2025-10-31 11:50:00-04:00,270.7099914550781,271.1499938964844,270.6000061035156,271.0400085449219,271.0400085449219,294946,270.8827291745524,272.315381806572,269.4500765425328,2.8653052640391934,0.7163263160097983,0.5548909647929576,False,False,False,True
2025-10-31 11:55:00-04:00,271.0249938964844,271.5400085449219,270.92999267578125,271.4599914550781,271.4599914550781,282641,270.92342140160395,272.3348119442497,269.5120308589582,2.822781085291467,0.7056952713228668,0.69008560609608,False,False,False,False
2025-10-31 12:00:00-04:00,271.44000244140625,271.5,270.739990234375,271.1448059082031,271.1448059082031,336164,270.9429303520092,272.3651837935154,269.520676910503,2.8445068830124,0.7111267207531,0.5709703173507903,False,False,False,False
2025-10-31 12:05:00-04:00,271.1499938964844,271.760009765625,271.1059875488281,271.1300048828125,271.1300048828125,332377,270.9799846739533,272.39081721466823,269.5691521332384,2.821665081429842,0.7054162703574605,0.5531672627791702,False,False,False,False
2025-10-31 12:10:00-04:00,271.1499938964844,271.6000061035156,271.0,271.5205078125,271.5205078125,246119,271.0174627658313,272.40721327317783,269.62771225848473,2.7795010146930963,0.6948752536732741,0.6809839406460018,False,False,False,False
2025-10-31 12:15:00-04:00,271.5307922363281,272.05999755859375,271.4100036621094,271.4800109863281,271.4800109863281,575227,271.0777047947055,272.4584790306143,269.6969305587967,2.761548471817605,0.6903871179544012,0.6456813797506337,False,False,False,False
2025-10-31 12:20:00-04:00,271.4757995605469,272.4700012207031,271.42010498046875,272.42999267578125,272.42999267578125,404851,271.1757043024146,272.6283803627794,269.7230282420498,2.905352120729617,0.7263380301824043,0.9317164740264463,False,False,False,False
2025-10-31 12:25:00-04:00,272.4100036621094,272.8584899902344,272.3323059082031,272.43499755859375,272.43499755859375,415563,271.305821145265,272.71846641599956,269.8931758745304,2.825290541469144,0.706322635367286,0.8996673604908596,False,False,False,False
2025-10-31 12:30:00-04:00,272.42999267578125,272.9800109863281,272.17999267578125,272.760009765625,272.760009765625,501641,271.43288622437416,272.86427063014463,270.0015018186037,2.8627688115409455,0.7156922028852364,0.9635804106502367,False,False,False,False
2025-10-31 12:35:00-04:00,272.7300109863281,273.14300537109375,272.6499938964844,273.0400085449219,273.0400085449219,361191,271.5768338161004,272.9636820762157,270.1899855559851,2.773696520230601,0.6934241300576502,1.0,True,False,False,False
2025-10-31 12:40:00-04:00,273.0450134277344,273.1700134277344,272.3900146484375,272.6300048828125,272.6300048828125,470387,271.686660213265,273.0908234032281,270.28249702330186,2.8083263799262568,0.7020815949815642,0.835909912854319,False,False,False,False
2025-10-31 12:45:00-04:00,272.6400146484375,272.79998779296875,272.3599853515625,272.68951416015625,272.68951416015625,274709,271.7752159804044,273.1269633396525,270.42346862115636,2.703494718496131,0.6758736796240328,0.8381912209765365,False,False,False,False
2025-10-31 12:50:00-04:00,272.6499938964844,272.6700134277344,272.0,272.17999267578125,272.17999267578125,263434,271.8236083030172,273.1780837583717,270.46913284766265,2.7089509107090635,0.6772377276772659,0.6315580770973755,False,False,False,False
2025-10-31 12:55:00-04:00,272.17999267578125,272.32000732421875,271.4800109863281,271.6199951171875,271.6199951171875,286499,271.8219952401182,273.2090224175154,270.434968062721,2.77405435479443,0.6935135886986075,0.4271823486149096,False,False,True,False
2025-10-31 13:00:00-04:00,271.6400146484375,271.7900085449219,271.0400085449219,271.2300109863281,271.2300109863281,391707,271.77736166411245,273.17568612376994,270.37903720445496,2.7966489193149755,0.6991622298287439,0.30428337858067883,False,False,False,False
2025-10-31 13:05:00-04:00,271.2300109863281,271.45550537109375,271.0299987792969,271.30108642578125,271.30108642578125,300629,271.72829834931355,273.07189168136466,270.38470501726243,2.687186664102228,0.671796666025557,0.34101888817797243,False,False,False,False
2025-10-31 13:10:00-04:00,271.32501220703125,271.39990234375,270.92999267578125,271.1499938964844,271.1499938964844,327116,271.6741711705223,272.97738710296204,270.37095523808256,2.6064318648794824,0.6516079662198706,0.2988908587632841,False,False,False,False
2025-10-31 13:15:00-04:00,271.1600036621094,271.3900146484375,270.9100036621094,271.0450134277344,271.0450134277344,240392,271.62091778089416,272.88981431735556,270.35202124443276,2.5377930729227955,0.6344482682306989,0.2730688292499309,False,False,False,False
2025-10-31 13:20:00-04:00,271.0299987792969,271.1099853515625,270.2799987792969,270.55999755859375,270.55999755859375,327707,271.5284488395218,272.83645303679015,270.2204446422534,2.6160083945367205,0.6540020986341801,0.12979809890879832,False,False,False,False
2025-10-31 13:25:00-04:00,270.5849914550781,270.7550048828125,270.1499938964844,270.3487854003906,270.3487854003906,260115,271.42268495574785,272.720890930555,270.1244789809407,2.596411949614321,0.6491029874035803,0.0863909209335022,False,False,False,False
2025-10-31 13:30:00-04:00,270.3299865722656,270.84100341796875,270.1099853515625,270.385009765625,270.385009765625,303613,271.32960380234823,272.64419279295595,270.0150148117405,2.6291779812154346,0.6572944953038586,0.14072647668890123,False,False,False,False
2025-10-31 13:35:00-04:00,270.3868103027344,270.739990234375,270.260009765625,270.6400146484375,270.6400146484375,210155,271.2550388258845,272.53416501118147,269.9759126405876,2.558252370593891,0.6395630926484728,0.2595920619417818,False,False,False,False
2025-10-31 13:40:00-04:00,270.67999267578125,271.04998779296875,270.5899963378906,271.04998779296875,271.04998779296875,196272,271.2209072527472,272.4641191105301,269.97769539496437,2.4864237155657065,0.6216059288914266,0.43125891668886884,False,False,False,False
2025-10-31 13:45:00-04:00,271.0299987792969,271.4599914550781,270.989990234375,271.2200012207031,271.2200012207031,168680,271.2211377655064,272.4340286816516,270.00824684936117,2.425781832290454,0.6064454580726135,0.4995314727861572,False,False,False,False
2025-10-31 13:50:00-04:00,271.239990234375,271.5899963378906,271.19000244140625,271.4049987792969,271.4049987792969,168124,271.23769599604844,272.409296599876,270.0660953922209,2.3432012076550564,0.5858003019137641,0.5713992390844908,False,False,False,True
2025-10-31 13:55:00-04:00,271.4049987792969,271.50469970703125,271.2300109863281,271.3699951171875,271.3699951171875,170359,271.25012830787074,272.35950659545614,270.14075002028534,2.2187565751708007,0.5546891437927002,0.5540243173397847,False,False,False,False
2025-10-31 14:00:00-04:00,271.3599853515625,272.0599060058594,271.3599853515625,271.7900085449219,271.7900085449219,204444,271.29646211671934,272.4348867064056,270.15803752703306,2.2768491793725616,0.5692122948431404,0.7167672908130626,False,False,False,False
2025-10-31 14:05:00-04:00,271.7799987792969,271.79998779296875,271.3900146484375,271.5,271.5,185958,271.3218785005685,272.4284552601924,270.21530174094465,2.213153519247726,0.5532883798119315,0.5804831196220085,False,False,False,False
2025-10-31 14:10:00-04:00,271.5299987792969,271.6000061035156,271.3699951171875,271.42999267578125,271.42999267578125,132194,271.33566765595833,272.37758893688545,270.2937463750312,2.083842561854226,0.5209606404635565,0.5452649454184229,False,False,False,False
2025-10-31 14:15:00-04:00,271.3999938964844,271.5,271.2204895019531,271.489990234375,271.489990234375,189111,271.34212723590923,272.335758488353,270.34849598346545,1.9872625048875534,0.49681562622188835,0.574405368240033,False,False,False,False
2025-10-31 14:20:00-04:00,271.44000244140625,271.8500061035156,271.44000244140625,271.6499938964844,271.6499938964844,194541,271.3711310687244,272.3473999283457,270.39486220910317,1.952537719242514,0.4881344298106285,0.6428207122514059,False,False,False,False
2025-10-31 14:25:00-04:00,271.6700134277344,271.8299865722656,271.5,271.80999755859375,271.80999755859375,273209,271.4037212568097,272.348360544922,270.45908196869743,1.8892785762245694,0.47231964405614235,0.7150430894081871,False,False,False,False
2025-10-31 14:30:00-04:00,271.7900085449219,272.1199951171875,271.6600036621094,271.9800109863281,271.9800109863281,213205,271.4528909709429,272.39506462125956,270.51071732062627,1.8843473006332943,0.47108682515832356,0.7797361267787803,False,False,False,False
2025-10-31 14:35:00-04:00,271.9800109863281,272.05999755859375,271.8299865722656,271.93389892578125,271.93389892578125,150954,271.49940557868297,272.3933640612336,270.6054470961323,1.7879169651013171,0.4469792412753293,0.7430165133947709,False,False,False,False
2025-10-31 14:40:00-04:00,271.9800109863281,272.0299987792969,271.7099914550781,271.8555908203125,271.8555908203125,155873,271.5342425411794,272.4028066403187,270.66567844204013,1.7371281982785831,0.4342820495696458,0.6849882348645989,False,False,False,False
2025-10-31 14:45:00-04:00,271.8550109863281,271.92498779296875,271.5299987792969,271.6874084472656,271.6874084472656,190101,271.5513748394649,272.4120803314247,270.69066934750515,1.7214109839195544,0.4303527459798886,0.5790244799594326,False,False,False,False
2025-10-31 14:50:00-04:00,271.7049865722656,271.79998779296875,271.2699890136719,271.2699890136719,271.2699890136719,207163,271.5414015474623,272.4220362460855,270.66076684883916,1.7612693972463376,0.4403173493115844,0.34589947783411545,False,False,True,False
2025-10-31 14:55:00-04:00,271.32000732421875,271.79998779296875,271.2699890136719,271.6700134277344,271.6700134277344,287671,271.5450772805413,272.4436482651615,270.6465062959211,1.7971419692404424,0.4492854923101106,0.5695193531348401,False,False,False,True
2025-10-31 15:00:00-04:00,271.70001220703125,271.84991455078125,271.3930969238281,271.53900146484375,271.53900146484375,212769,271.5497369979327,272.4498144094815,270.6496595863839,1.800154823097614,0.4500387057744035,0.494036327902903,False,False,True,False
2025-10-31 15:05:00-04:00,271.5262145996094,271.6600036621094,271.3800048828125,271.42999267578125,271.42999267578125,186612,271.54404779878683,272.41011722504015,270.6779783725335,1.7321388525066368,0.4330347131266592,0.4341535911855266,False,False,False,False
2025-10-31 15:10:00-04:00,271.42999267578125,271.9599914550781,271.42999267578125,271.8999938964844,271.8999938964844,291853,271.56493143786565,272.450393677353,270.6794691983783,1.7709244789747345,0.4427311197436836,0.6892020030197474,False,False,False,True
2025-10-31 15:15:00-04:00,271.8999938964844,272.0,271.42999267578125,271.625,271.625,401601,271.57636630650643,272.4872837868888,270.6654488261241,1.8218349607647042,0.45545874019117605,0.5266948952791843,False,False,False,False
2025-10-31 15:20:00-04:00,271.625,272.05499267578125,271.5899963378906,272.0,272.0,302997,271.6054421825113,272.51826718243353,270.69261718258906,1.8256499998444724,0.4564124999611181,0.7161190904731551,False,False,False,False
2025-10-31 15:25:00-04:00,272.0299987792969,272.17498779296875,271.94000244140625,272.1050109863281,272.1050109863281,300934,271.65000328324686,272.5185428534894,270.7814637130043,1.7370791404850934,0.43426978512127334,0.7619383840820286,False,False,False,False
2025-10-31 15:30:00-04:00,272.1300048828125,272.5899963378906,272.010009765625,272.5199890136719,272.5199890136719,448187,271.71889170443563,272.616574632107,270.82120877676425,1.7953658553427658,0.44884146383569146,0.9462028209193594,False,False,False,False
2025-10-31 15:35:00-04:00,272.5199890136719,272.6499938964844,272.3299865722656,272.46099853515625,272.46099853515625,397262,271.7914092882642,272.66332538801225,270.9194931885162,1.7438321994960688,0.4359580498740172,0.8839757329205917,False,False,False,False
2025-10-31 15:40:00-04:00,272.4700012207031,272.5050048828125,272.2200012207031,272.32000732421875,272.32000732421875,384372,271.8444500997862,272.68617532198124,271.0027248775911,1.6834504443901324,0.4208626110975331,0.7824895891752007,False,False,False,False
2025-10-31 15:45:00-04:00,272.32000732421875,272.3500061035156,271.6199951171875,271.68499755859375,271.68499755859375,582954,271.84831195629215,272.75186685353333,270.94475705905097,1.8071097944823578,0.45177744862058944,0.4096267431026895,False,False,True,False
2025-10-31 15:50:00-04:00,271.70001220703125,272.5899963378906,270.42999267578125,270.5050048828125,270.5050048828125,1115543,271.78418681431145,273.0293869542504,270.5389866743725,2.4904002798779175,0.6226000699694794,0.0,False,True,False,False
2025-10-31 15:55:00-04:00,270.46649169921875,270.92999267578125,269.9599914550781,270.25,270.25,3672250,271.65045423297573,272.9651346030614,270.33577386289005,2.6293607401713643,0.6573401850428411,0.0,False,False,False,False
