Date,Open,High,Low,Close,Adj Close,Volume,KC_Middle,KC_Upper,KC_Lower,KC_Width,KC_ATR,KC_PercentB,long_entry,short_entry,long_exit,short_exit
2020-11-02 00:00:00-05:00,109.11000061035156,110.68000030517578,107.31999969482422,108.7699966430664,105.80250549316406,122866900,,,,,,,False,False,False,False
2020-11-03 00:00:00-05:00,109.66000366210938,111.48999786376953,108.7300033569336,110.44000244140625,107.42695617675781,107624400,,,,,,,False,False,False,False
2020-11-04 00:00:00-05:00,114.13999938964844,115.58999633789062,112.3499984741211,114.94999694824219,111.81389617919922,138235500,,,,,,,False,False,False,False
2020-11-05 00:00:00-05:00,117.94999694824219,119.62000274658203,116.87000274658203,119.02999877929688,115.78260040283203,126387100,,,,,,,False,False,False,False
2020-11-06 00:00:00-05:00,118.31999969482422,119.19999694824219,116.12999725341797,118.69000244140625,115.65104675292969,114457900,,,,,,,False,False,False,False
2020-11-09 00:00:00-05:00,120.5,121.98999786376953,116.05000305175781,116.31999969482422,113.34172821044922,154515300,,,,,,,False,False,False,False
2020-11-10 00:00:00-05:00,115.55000305175781,117.58999633789062,114.12999725341797,115.97000122070312,113.00070190429688,138023400,,,,,,,False,False,False,False
2020-11-11 00:00:00-05:00,117.19000244140625,119.62999725341797,116.44000244140625,119.48999786376953,116.43057250976562,112295000,,,,,,,False,False,False,False
2020-11-12 00:00:00-05:00,119.62000274658203,120.52999877929688,118.56999969482422,119.20999908447266,116.15773010253906,103162300,,,,,,,False,False,False,False
2020-11-13 00:00:00-05:00,119.44000244140625,119.66999816894531,117.87000274658203,119.26000213623047,116.20646667480469,81581900,,,,,,,False,False,False,False
2020-11-16 00:00:00-05:00,118.91999816894531,120.98999786376953,118.1500015258789,120.30000305175781,117.21984100341797,91183000,,,,,,,False,False,False,False
2020-11-17 00:00:00-05:00,119.55000305175781,120.66999816894531,118.95999908447266,119.38999938964844,116.33313751220703,74271000,,,,,,,False,False,False,False
2020-11-18 00:00:00-05:00,118.61000061035156,119.81999969482422,118.0,118.02999877929688,115.00794982910156,76322100,,,,,,,False,False,False,False
2020-11-19 00:00:00-05:00,117.58999633789062,119.05999755859375,116.80999755859375,118.63999938964844,115.60234832763672,74113000,,,,,,,False,False,False,False
2020-11-20 00:00:00-05:00,118.63999938964844,118.7699966430664,117.29000091552734,117.33999633789062,114.33563232421875,73604300,,,,,,,False,False,False,False
2020-11-23 00:00:00-05:00,117.18000030517578,117.62000274658203,113.75,113.8499984741211,110.93498229980469,127959300,,,,,,,False,False,False,False
2020-11-24 00:00:00-05:00,113.91000366210938,115.8499984741211,112.58999633789062,115.16999816894531,112.22119140625,113874200,,,,,,,False,False,False,False
2020-11-25 00:00:00-05:00,115.55000305175781,116.75,115.16999816894531,116.02999877929688,113.05915832519531,76499200,,,,,,,False,False,False,False
2020-11-27 00:00:00-05:00,116.56999969482422,117.48999786376953,116.22000122070312,116.58999633789062,113.60481262207031,46691300,,,,,,,False,False,False,False
2020-11-30 00:00:00-05:00,116.97000122070312,120.97000122070312,116.80999755859375,119.05000305175781,116.0018539428711,169410200,116.07263963339184,121.77067584424788,110.37460342253581,11.396072421712063,2.8490181054280157,0.7612622409009464,False,False,False,False
2020-12-01 00:00:00-05:00,121.01000213623047,123.47000122070312,120.01000213623047,122.72000122070312,119.57787322998047,127728200,116.64349949616839,122.65573171972788,110.6312672726089,12.024464447118987,3.006116111779747,1.0,False,False,False,False
2020-12-02 00:00:00-05:00,122.0199966430664,123.37000274658203,120.88999938964844,123.08000183105469,119.92865753173828,89004200,117.19618220978046,123.10319188237072,111.2891725371902,11.814019345180526,2.9535048362951315,0.9980370735277748,False,False,False,False
2020-12-03 00:00:00-05:00,123.5199966430664,123.77999877929688,122.20999908447266,122.94000244140625,119.79224395751953,78967600,117.74670454869585,123.37701319299192,112.11639590439977,11.260617288592158,2.8151543221480395,0.9611912259882592,False,False,False,False
2020-12-04 00:00:00-05:00,122.5999984741211,122.86000061035156,121.5199966430664,122.25,119.11991119384766,78260400,118.17178021876984,123.52305915830428,112.8205012792354,10.702557879068877,2.6756394697672192,0.8810509438314728,False,False,False,False
2020-12-07 00:00:00-05:00,122.30999755859375,124.56999969482422,122.25,123.75,120.5815200805664,86712000,118.68145193427824,123.96160291882408,113.4013009497324,10.560301969091682,2.6400754922729206,0.9799624177941679,False,False,False,False
2020-12-08 00:00:00-05:00,124.37000274658203,124.9800033569336,123.08999633789062,124.37999725341797,121.19537353515625,82225500,119.20226593889436,124.3324032287942,114.07212864899451,10.260274579799699,2.5650686449499247,1.0,False,False,False,False
2020-12-09 00:00:00-05:00,124.52999877929688,125.94999694824219,121.0,121.77999877929688,118.66194152832031,115089200,119.55538333288979,125.1625062834481,113.94826038233148,11.214245901116612,2.803561475279153,0.6983740561802357,False,True,False,False
2020-12-10 00:00:00-05:00,120.5,123.87000274658203,120.1500015258789,123.23999786376953,120.0845718383789,81312200,119.8282040356695,125.61861493531259,114.03779313602641,11.580821799286184,2.895205449821546,0.7946072297140714,False,False,False,False
2020-12-11 00:00:00-05:00,122.43000030517578,122.76000213623047,120.55000305175781,122.41000366210938,119.27581787109375,86939800,120.02615313862471,125.77552191070583,114.27678436654358,11.498737544162253,2.8746843860405633,0.7073141085557618,False,False,False,False
2020-12-14 00:00:00-05:00,122.5999984741211,123.3499984741211,121.54000091552734,121.77999877929688,118.66194152832031,79184500,120.23540833713491,125.77183974372669,114.69897693054314,11.072862813183548,2.768215703295887,0.6394933241946197,False,False,False,False
2020-12-15 00:00:00-05:00,124.33999633789062,127.9000015258789,124.12999725341797,127.87999725341797,124.60575866699219,157243700,120.84505186162096,127.05184067686996,114.63826304637196,12.413577630497997,3.1033944076244993,1.0,False,False,False,False
2020-12-16 00:00:00-05:00,127.41000366210938,128.3699951171875,126.55999755859375,127.80999755859375,124.53754425048828,98208600,121.4864751838277,127.43458462927055,115.53836573838484,11.896218890885706,2.9740547227214265,1.0,False,False,False,False
2020-12-17 00:00:00-05:00,128.89999389648438,129.5800018310547,128.0399932861328,128.6999969482422,125.40475463867188,94359800,122.18046142236568,127.88776077775643,116.47316206697494,11.41459871078149,2.8536496776953726,1.0,False,False,False,False
2020-12-18 00:00:00-05:00,128.9600067138672,129.10000610351562,126.12000274658203,126.66000366210938,123.41698455810547,192541500,122.66740200157551,128.3999720928139,116.93483191033711,11.465140182476787,2.866285045619197,0.8482383640311809,False,False,False,False
2020-12-21 00:00:00-05:00,125.0199966430664,128.30999755859375,123.44999694824219,128.22999572753906,124.9468002319336,121251600,123.04796658029451,129.17927978447938,116.91665337610965,12.262626408369727,3.0656566020924316,0.9225872153870406,False,False,False,False
2020-12-22 00:00:00-05:00,131.61000061035156,134.41000366210938,129.64999389648438,131.8800048828125,128.5033416748047,168904800,123.89863650729524,130.65281997797567,117.14445303661479,13.508366941360876,3.377091735340219,1.0,False,False,False,False
2020-12-23 00:00:00-05:00,132.16000366210938,132.42999267578125,130.77999877929688,130.9600067138672,127.60690307617188,88223700,124.61209963894792,131.0208635418572,118.20333573603865,12.817527805818557,3.204381951454639,0.9952520619489199,False,False,False,False
2020-12-24 00:00:00-05:00,131.32000732421875,133.4600067138672,131.10000610351562,131.97000122070312,128.59104919433594,54930100,125.33253503962229,131.60042255224064,119.06464752700394,12.535775025236703,3.1339437563091757,1.0,False,False,False,False
2020-12-28 00:00:00-05:00,133.99000549316406,137.33999633789062,133.50999450683594,136.69000244140625,133.19020080566406,124486200,126.33388069572597,133.04897848052,119.61878291093196,13.430195569588037,3.357548892397009,1.0,False,False,False,False
2020-12-29 00:00:00-05:00,138.0500030517578,138.7899932861328,134.33999633789062,134.8699951171875,131.41676330566406,121047300,127.25446300220321,134.18805039816627,120.32087560624016,13.867174791926104,3.466793697981526,1.0,False,False,False,False
2020-12-30 00:00:00-05:00,135.5800018310547,135.99000549316406,133.39999389648438,133.72000122070312,130.2962188720703,96452100,127.93213321184582,134.6903641875485,121.17390223614314,13.516461951405375,3.379115487851344,0.9282088041727153,False,False,False,False
2020-12-31 00:00:00-05:00,134.0800018310547,134.74000549316406,131.72000122070312,132.69000244140625,129.2926025390625,99116600,128.41954938707553,135.10595811970015,121.73314065445093,13.372817465249213,3.343204366312303,0.8193383193502766,False,False,False,False
2021-01-04 00:00:00-05:00,133.52000427246094,133.61000061035156,126.76000213623047,129.41000366210938,126.09656524658203,143301900,128.56308456953474,135.9508521237211,121.17531701534838,14.775535108372708,3.693883777093177,0.5573190132447198,False,True,False,False
2021-01-05 00:00:00-05:00,128.88999938964844,131.74000549316406,128.42999267578125,131.00999450683594,127.65562438964844,97664900,128.7373937430959,136.0483871053402,121.42640038085162,14.621986724488579,3.6554966811221448,0.6554235280445118,False,False,False,False
2021-01-06 00:00:00-05:00,127.72000122070312,131.0500030517578,126.37999725341797,126.5999984741211,123.35852813720703,155088000,128.66811810976287,136.1820132954507,121.15422292407504,15.027790371375659,3.7569475928439147,0.36238032441675183,False,False,False,True
2021-01-07 00:00:00-05:00,128.36000061035156,131.6300048828125,127.86000061035156,130.9199981689453,127.56790924072266,109578200,128.80797999334447,136.5764869422018,121.03947304448715,15.537013897714644,3.884253474428661,0.6359346261453429,False,False,True,False
2021-01-08 00:00:00-05:00,132.42999267578125,132.6300048828125,130.22999572753906,132.0500030517578,128.66900634765625,105158200,129.07737884039452,136.5490369254208,121.60572075536824,14.943316170052569,3.735829042513142,0.6989266758151469,False,False,False,False
2021-01-11 00:00:00-05:00,129.19000244140625,130.1699981689453,128.5,128.97999572753906,125.67758178710938,100384500,129.09064415389614,136.52513704077134,121.65615126702092,14.868985773750424,3.717246443437606,0.4925584415749187,False,False,False,True
2021-01-12 00:00:00-05:00,128.5,129.69000244140625,126.86000061035156,128.8000030517578,125.50220489501953,91951100,129.02963061871606,136.2866745831147,121.77258665431742,14.514087928797267,3.6285219821993167,0.48417898747170734,False,False,False,False
2021-01-13 00:00:00-05:00,128.75999450683594,131.4499969482422,128.49000549316406,130.88999938964844,127.5386962890625,88636800,129.14839601474483,136.27173387371923,122.02505815577044,14.24667571794879,3.5616689294871975,0.6222462986722883,False,False,True,False
2021-01-14 00:00:00-05:00,130.8000030517578,131.0,128.75999450683594,128.91000366210938,125.60939025878906,90221800,129.18727887584674,136.0462840475565,122.32827370413698,13.718010343419522,3.4295025858548804,0.47978750512676427,False,False,False,True
2021-01-15 00:00:00-05:00,128.77999877929688,130.22000122070312,127.0,127.13999938964844,123.88469696044922,111598500,129.08563328799949,135.9027381866789,122.26852838932007,13.634209797358835,3.408552449339709,0.35729764120778396,False,False,False,False
2021-01-19 00:00:00-05:00,127.77999877929688,128.7100067138672,126.94000244140625,127.83000183105469,124.55705261230469,90757300,128.96573205378775,135.4551273170914,122.47633679048408,12.978790526607327,3.2446976316518317,0.4124933698248121,False,False,False,False
2021-01-20 00:00:00-05:00,128.66000366210938,132.49000549316406,128.5500030517578,132.02999877929688,128.6494903564453,104319500,129.16169431292602,135.93415078232118,122.38923784353085,13.544912938790333,3.386228234697583,0.711762488200018,False,False,True,False
2021-01-21 00:00:00-05:00,133.8000030517578,139.6699981689453,133.58999633789062,136.8699951171875,133.36557006835938,120150900,129.88058023944174,137.50379093982707,122.2573695390564,15.246421400770672,3.811605350192668,0.9584298632459723,False,False,False,False
2021-01-22 00:00:00-05:00,136.27999877929688,139.85000610351562,135.02000427246094,139.07000732421875,135.50926208496094,114459400,130.65195411188205,138.4788441084398,122.82506411532431,15.653779993115492,3.913444998278873,1.0,False,False,False,False
2021-01-25 00:00:00-05:00,143.07000732421875,145.08999633789062,136.5399932861328,142.9199981689453,139.2606658935547,157611700,131.68668825338435,140.44088986063787,122.93248664613081,17.508403214507055,4.377100803626764,1.0,False,False,False,False
2021-01-26 00:00:00-05:00,143.60000610351562,144.3000030517578,141.3699951171875,143.16000366210938,139.49453735351562,98390600,132.7587497476987,141.22353278114093,124.29396671425644,16.92956606688449,4.232391516721123,1.0,False,False,False,False
2021-01-27 00:00:00-05:00,143.42999267578125,144.3000030517578,140.41000366210938,142.05999755859375,138.42269897460938,140843800,133.66331339942457,142.05961800745226,125.26700879139686,16.792609216055396,4.198152304013849,1.0,False,False,False,False
2021-01-28 00:00:00-05:00,139.52000427246094,141.99000549316406,136.6999969482422,137.08999633789062,133.57994079589844,142621100,134.1328390686634,142.76151333795866,125.50416479936816,17.257348538590506,4.3143371346476265,0.6713564086982705,False,True,False,False
2021-01-29 00:00:00-05:00,135.8300018310547,136.74000549316406,130.2100067138672,131.9600067138672,128.58132934570312,177523800,134.0220930913589,143.1638978585293,124.88028832418848,18.283609534340826,4.5709023835852065,0.3872166694646023,False,False,False,True
2021-02-01 00:00:00-05:00,133.75,135.3800048828125,130.92999267578125,134.13999938964844,130.70547485351562,106239800,133.9707825413324,143.088409273192,124.85315580947278,18.235253463719232,4.558813365929808,0.5092796543054755,False,False,True,False
2021-02-02 00:00:00-05:00,135.72999572753906,136.30999755859375,134.61000061035156,134.99000549316406,131.5337371826172,83305400,134.09769225682803,142.73755594929074,125.45782856436531,17.279727384925422,4.319931846231356,0.5516393121522553,False,False,False,False
2021-02-03 00:00:00-05:00,135.75999450683594,135.77000427246094,133.61000061035156,133.94000244140625,130.51060485839844,89880900,134.13029322678787,142.3381712824262,125.92241517114955,16.41575611127665,4.1039390278191625,0.4884080401723982,False,False,False,True
2021-02-04 00:00:00-05:00,136.3000030517578,137.39999389648438,134.58999633789062,137.38999938964844,133.8722686767578,84183100,134.3521697329358,142.43125827402594,126.27308119184569,16.158177082180245,4.039544270545061,0.6880057163170245,False,False,True,False
2021-02-05 00:00:00-05:00,137.35000610351562,137.4199981689453,135.86000061035156,136.75999450683594,133.45751953125,75693800,134.57386764046996,142.15704683916982,126.9906884417701,15.16635839739972,3.79158959934993,0.6441431627213021,False,False,False,False
2021-02-08 00:00:00-05:00,136.02999877929688,136.9600067138672,134.9199981689453,136.91000366210938,133.60389709472656,71297200,134.73476940629573,141.96763239410996,127.50190641848148,14.465725975628473,3.6164314939071183,0.6503715927896354,False,False,False,False
2021-02-09 00:00:00-05:00,136.6199951171875,137.8800048828125,135.85000610351562,136.00999450683594,132.7256317138672,76774200,134.91050582770134,141.82608227259354,127.99492938280915,13.831152889784391,3.457788222446098,0.5794936393152498,False,False,False,False
2021-02-10 00:00:00-05:00,136.47999572753906,136.99000549316406,134.39999389648438,135.38999938964844,132.12062072753906,73046600,134.97553697996142,141.71755809970034,128.2335158602225,13.484042239477844,3.371010559869461,0.5307372523999946,False,False,False,False
2021-02-11 00:00:00-05:00,135.89999389648438,136.38999938964844,133.77000427246094,135.1300048828125,131.8668975830078,64280000,134.98707341186739,141.5788914430699,128.39525538066488,13.183636062405014,3.2959090156012536,0.5108415819633176,False,False,False,False
2021-02-12 00:00:00-05:00,134.35000610351562,135.52999877929688,133.69000244140625,135.3699951171875,132.10110473632812,60145100,134.97528852622574,141.27592402188614,128.67465303056534,12.601270991320803,3.1503177478302007,0.5313227603178772,False,False,False,False
2021-02-16 00:00:00-05:00,135.49000549316406,136.00999450683594,132.7899932861328,133.19000244140625,129.97369384765625,80576300,134.88208613434313,141.1966583245781,128.56751394410816,12.629144380469938,3.1572860951174846,0.3660175509947007,False,False,False,True
2021-02-17 00:00:00-05:00,131.25,132.22000122070312,129.47000122070312,130.83999633789062,127.68048858642578,97918500,134.49744297168496,140.92455818703706,128.07032775633286,12.854230430704206,3.2135576076760515,0.21546747559013793,False,False,False,False
2021-02-18 00:00:00-05:00,129.1999969482422,130.0,127.41000366210938,129.7100067138672,126.5777816772461,96856700,133.97768682758723,140.44808905656038,127.50728459861409,12.940804457946285,3.2352011144865713,0.17021523835023383,False,False,False,False
2021-02-19 00:00:00-05:00,130.24000549316406,130.7100067138672,128.8000030517578,129.8699951171875,126.73388671875,87668800,133.57917712600155,139.78453986449927,127.37381438750384,12.410725476995424,3.102681369248856,0.20113092778585667,True,False,False,False
2021-02-22 00:00:00-05:00,128.00999450683594,129.72000122070312,125.5999984741211,126.0,122.95734405517578,103916400,132.96274754875773,139.40157334201896,126.52392175549652,12.877651586522447,3.2194128966306117,0.0,False,False,False,False
2021-02-23 00:00:00-05:00,123.76000213623047,126.70999908447266,118.38999938964844,125.86000061035156,122.82073211669922,158273000,132.0761366420339,139.53507979493384,124.61719348913397,14.917886305799868,3.729471576449967,0.08330986680964372,False,False,False,False
2021-02-24 00:00:00-05:00,124.94000244140625,125.55999755859375,122.2300033569336,125.3499984741211,122.32304382324219,111039900,131.34317122817825,138.7822195164718,123.90412293988472,14.878096576587083,3.719524144146771,0.09718148600484827,False,False,False,False
2021-02-25 00:00:00-05:00,124.68000030517578,126.45999908447266,120.54000091552734,120.98999786376953,118.06835174560547,148199500,130.51651993228094,138.3956630255342,122.6373768390277,15.758286186506496,3.939571546626624,0.0,False,False,False,False
2021-02-26 00:00:00-05:00,122.58999633789062,124.8499984741211,121.19999694824219,121.26000213623047,118.33181762695312,164560400,129.74701001995558,137.6102389259538,121.88378111395734,15.726457811996468,3.931614452999117,0.0,False,False,False,False
2021-03-01 00:00:00-05:00,123.75,127.93000030517578,122.79000091552734,127.79000091552734,124.70413970947266,116307900,129.40634246682427,137.81724811601174,120.9954368176368,16.82181129837494,4.205452824593735,0.4039139410954472,True,False,False,False
2021-03-02 00:00:00-05:00,128.41000366210938,128.72000122070312,125.01000213623047,125.12000274658203,122.09860229492188,102260900,129.10891321930183,137.42072812046507,120.79709831813857,16.623629802326505,4.155907450581626,0.26004575894961685,False,False,False,False
2021-03-03 00:00:00-05:00,124.80999755859375,125.70999908447266,121.83999633789062,122.05999755859375,119.11251068115234,112966300,128.546476816859,136.80111077722236,120.29184285649568,16.509267920726685,4.127316980181671,0.10710073339340685,False,False,False,False
2021-03-04 00:00:00-05:00,121.75,123.5999984741211,118.62000274658203,120.12999725341797,117.22909545898438,178155000,127.8071297699874,136.23229947982222,119.38196006015258,16.850339419669638,4.212584854917409,0.0443930044751618,False,False,False,False
2021-03-05 00:00:00-05:00,120.9800033569336,121.94000244140625,117.56999969482422,121.41999816894531,118.48794555664062,153766600,127.0931174206291,135.54977070879684,118.63646413246136,16.913306576335486,4.228326644083872,0.1645765731213423,False,False,False,False
2021-03-08 00:00:00-05:00,120.93000030517578,121.0,116.20999908447266,116.36000061035156,113.55012512207031,154376600,126.21345543437313,134.86644321061863,117.56046765812764,17.30597555249099,4.326493888122748,0.0,False,False,False,False
2021-03-09 00:00:00-05:00,119.02999877929688,122.05999755859375,118.79000091552734,121.08999633789062,118.16590881347656,129525800,125.6832849108459,134.6109732991153,116.75559652257651,17.85537677653879,4.463844194134698,0.24275039779666438,True,False,False,False
2021-03-10 00:00:00-05:00,121.69000244140625,122.16999816894531,119.44999694824219,119.9800033569336,117.08274841308594,111943300,125.19281328359459,133.77173307717766,116.61389349001152,17.157839587166137,4.289459896791534,0.19618494798377087,False,False,False,False
2021-03-11 00:00:00-05:00,122.54000091552734,123.20999908447266,121.26000213623047,121.95999908447266,119.0149154663086,103026500,124.90238663135307,133.26941359108565,116.53535967162048,16.73405391946517,4.183513479866292,0.3241676786126639,True,False,False,False
2021-03-12 00:00:00-05:00,120.4000015258789,121.16999816894531,119.16000366210938,121.02999877929688,118.10736083984375,88105100,124.47866728901313,132.56899063724512,116.38834394078116,16.180646696463967,4.045161674115992,0.28686460594495783,False,False,False,False
2021-03-15 00:00:00-04:00,121.41000366210938,124.0,120.41999816894531,123.98999786376953,120.99588012695312,92403800,124.31911154824093,132.31640292786065,116.3218201686212,15.99458275923945,3.9986456898098623,0.47942342795523823,False,False,False,False
2021-03-16 00:00:00-04:00,125.69999694824219,127.22000122070312,124.72000122070312,125.56999969482422,122.53773498535156,115227900,124.46364067495546,132.3072035879999,116.62007776191099,15.687125826088916,3.921781456522229,0.5705265599405601,False,False,True,False
2021-03-17 00:00:00-04:00,124.05000305175781,125.86000061035156,122.33999633789062,124.76000213623047,121.74729919433594,111932600,124.44996058160962,132.2131680578418,116.6867531053774,15.526414952464407,3.8816037381161017,0.5199686505590686,False,False,False,False
2021-03-18 00:00:00-04:00,122.87999725341797,123.18000030517578,120.31999969482422,120.52999877929688,117.61945343017578,121229700,124.15409128111654,132.02897849800678,116.2792040642263,15.749774433780473,3.9374436084451183,0.2698955932951883,False,False,False,True
2021-03-19 00:00:00-04:00,119.9000015258789,121.43000030517578,119.68000030517578,119.98999786376953,117.09248352050781,185549500,123.79338412653784,131.23078262173905,116.35598563133664,14.874796990402416,3.718699247600604,0.2443066775820637,False,False,False,False
2021-03-22 00:00:00-04:00,120.33000183105469,123.87000274658203,120.26000213623047,123.38999938964844,120.4103775024414,111912300,123.67083974218379,131.14049936442737,116.20118011994019,14.93931924448718,3.734829811121795,0.48120126172154887,False,False,False,False
2021-03-23 00:00:00-04:00,123.33000183105469,124.23999786376953,122.13999938964844,122.54000091552734,119.58091735839844,95467100,123.60441050225978,130.74710385710324,116.46171714741634,14.285386709686904,3.571346677421726,0.42548962038173804,False,False,False,False
2021-03-24 00:00:00-04:00,122.81999969482422,122.9000015258789,120.06999969482422,120.08999633789062,117.19007110595703,88530500,123.35827609120626,130.3527004767763,116.36385170563622,13.988848771140084,3.497212192785021,0.26636535237564973,False,False,False,False
2021-03-25 00:00:00-04:00,119.54000091552734,121.66000366210938,119.0,120.58999633789062,117.67798614501953,98844700,123.07812281267869,129.9051054921136,116.25114013324377,13.653965358869826,3.4134913397174564,0.31777260968574755,False,False,False,False
2021-03-26 00:00:00-04:00,120.3499984741211,121.4800033569336,118.91999816894531,121.20999908447266,118.28302764892578,94071200,122.83607938957759,129.49236483866667,116.17979394048851,13.312570898178166,3.3281427245445414,0.3778537731335226,False,False,False,False
2021-03-29 00:00:00-04:00,121.6500015258789,122.58000183105469,120.7300033569336,121.38999938964844,118.45866394042969,80819200,122.71518308509835,129.07583968410273,116.35452648609396,12.721313198008772,3.180328299502193,0.39582964629332956,False,False,False,False
2021-03-30 00:00:00-04:00,120.11000061035156,120.4000015258789,118.86000061035156,119.9000015258789,117.00465393066406,85671900,122.42992766944165,128.660518364405,116.19933697447833,12.461181389926665,3.1152953474816663,0.2969754179481017,False,False,False,False
2021-03-31 00:00:00-04:00,121.6500015258789,123.5199966430664,121.1500015258789,122.1500015258789,119.20033264160156,118323800,122.4150139134575,128.746544562362,116.08348326455301,12.663061297808994,3.1657653244522486,0.4790720125768913,False,False,False,False
2021-04-01 00:00:00-04:00,123.66000366210938,124.18000030517578,122.48999786376953,123.0,120.02979278564453,75089100,122.4919966572217,128.59637399709513,116.38761931734828,12.208754679746846,3.0521886699367116,0.5416097592345781,False,False,True,False
2021-04-05 00:00:00-04:00,123.87000274658203,126.16000366210938,123.06999969482422,125.9000015258789,122.85977935791016,88651200,122.7349812575756,128.86092159588355,116.60904091926764,12.251880676615912,3.062970169153978,0.7583293415797058,False,False,False,False
2021-04-06 00:00:00-04:00,126.5,127.12999725341797,125.6500015258789,126.20999908447266,123.16228485107422,80171300,123.07736392713251,128.88670937711748,117.26801847714754,11.618690899969948,2.904672724992487,0.7696203199061135,False,False,False,False
2021-04-07 00:00:00-04:00,125.83000183105469,127.91999816894531,125.13999938964844,127.9000015258789,124.81147766113281,83466700,123.44967844469045,129.2340891055363,117.6652677838446,11.5688213216917,2.892205330422925,0.8846824976753717,False,False,False,False
2021-04-08 00:00:00-04:00,128.9499969482422,130.38999938964844,128.52000427246094,130.36000061035156,127.2120590209961,88844600,124.05034412527424,129.7543132927894,118.34637495775907,11.407938335030323,2.851984583757581,1.0,False,False,False,False
2021-04-09 00:00:00-04:00,129.8000030517578,133.0399932861328,129.47000122070312,133.0,129.78831481933594,106686700,124.79189847863974,130.63946914248933,118.94432781479014,11.69514132769919,2.9237853319247975,1.0,False,False,False,False
2021-04-12 00:00:00-04:00,132.52000427246094,132.85000610351562,130.6300048828125,131.24000549316406,128.07083129882812,91420000,125.43774994034047,131.1745625612426,119.70093731943834,11.473625241804257,2.868406310451064,1.0,False,False,False,False
2021-04-13 00:00:00-04:00,132.44000244140625,134.66000366210938,131.92999267578125,134.42999267578125,131.18380737304688,91266500,126.22209086709127,132.06922185969225,120.37495987449029,11.694261985201962,2.9235654963004905,1.0,False,False,False,False
2021-04-14 00:00:00-04:00,134.94000244140625,135.0,131.66000366210938,132.02999877929688,128.84173583984375,87222800,126.85776483027009,132.7881819911891,120.92734766935108,11.860834321838027,2.9652085804595067,0.9360767386745912,False,False,False,False
2021-04-15 00:00:00-04:00,133.82000732421875,135.0,133.63999938964844,134.5,131.25210571289062,89347100,127.57416816039193,133.50554384935967,121.6427924714242,11.862751377935467,2.965687844483867,1.0,False,False,False,False
2021-04-16 00:00:00-04:00,134.3000030517578,134.6699981689453,133.27999877929688,134.16000366210938,130.9203338623047,84922400,128.18964422798481,133.80588222598547,122.57340622998417,11.232475996001298,2.8081189990003246,1.0,False,False,False,False
2021-04-19 00:00:00-04:00,133.50999450683594,135.47000122070312,133.33999633789062,134.83999633789062,131.58387756347656,94264200,128.79539220298577,134.27600737774884,123.31477702822268,10.961230349526161,2.7403075873815403,1.0,False,False,False,False
2021-04-20 00:00:00-04:00,135.02000427246094,135.52999877929688,131.80999755859375,133.11000061035156,129.89566040039062,94812300,129.2418626899472,134.9184165913746,123.5653087885198,11.353107802854808,2.838276950713702,0.8407118110365949,False,False,False,False
2021-04-21 00:00:00-04:00,132.36000061035156,133.75,131.3000030517578,133.5,130.2762451171875,68847100,129.58549491159533,135.18439281252844,123.98659701066224,11.197795801866206,2.7994489504665516,0.8495781810695525,False,False,False,False
2021-04-22 00:00:00-04:00,133.0399932861328,134.14999389648438,131.41000366210938,131.94000244140625,128.75390625,84566500,129.86306682477672,135.45007298249152,124.27606066706194,11.174012315429579,2.7935030788573947,0.6858719641611272,False,True,False,False
2021-04-23 00:00:00-04:00,132.16000366210938,135.1199951171875,132.16000366210938,134.32000732421875,131.07644653320312,78657500,130.24436224157625,135.9086663186758,124.5800581644767,11.328608154199117,2.832152038549779,0.8597657388416067,False,False,False,False
2021-04-26 00:00:00-04:00,134.8300018310547,135.05999755859375,133.55999755859375,134.72000122070312,131.466796875,66905100,130.64458159437504,136.04245526376465,125.24670792498544,10.795747338779208,2.698936834694802,0.877502316276784,False,False,False,False
2021-04-27 00:00:00-04:00,135.00999450683594,135.41000366210938,134.11000061035156,134.38999938964844,131.14471435546875,66015800,131.02478028894598,136.14286720174817,125.90669337614378,10.236173825604396,2.559043456401099,0.8287575179980652,False,False,False,False
2021-04-28 00:00:00-04:00,134.30999755859375,135.02000427246094,133.0800018310547,133.5800018310547,130.3542938232422,107760100,131.297976068874,136.29225477867723,126.30369735907075,9.98855741960648,2.49713935490162,0.7284639979844657,False,True,False,False
2021-04-29 00:00:00-04:00,136.47000122070312,137.07000732421875,132.4499969482422,133.47999572753906,130.25672912597656,151101000,131.5870577131082,137.00591062712644,126.16820479908998,10.837705828036462,2.7094264570091156,0.6746622435104247,False,False,False,False
2021-04-30 00:00:00-04:00,131.77999877929688,133.55999755859375,131.07000732421875,131.4600067138672,128.28549194335938,109839500,131.62924306096076,137.00420873045215,126.25427739146936,10.74993133898279,2.6874828347456976,0.48425698343952583,False,False,False,True
2021-05-03 00:00:00-04:00,132.0399932861328,134.07000732421875,131.8300018310547,132.5399932861328,129.33941650390625,75135100,131.74201364059644,137.10148286520902,126.38254441598386,10.718938449225163,2.679734612306291,0.5744457717820047,False,False,True,False
2021-05-04 00:00:00-04:00,131.19000244140625,131.49000549316406,126.69999694824219,127.8499984741211,124.76266479492188,137564700,131.45039332293734,137.44191489266677,125.4588717532079,11.983043139458871,2.995760784864718,0.19954252797767782,False,False,False,True
2021-05-05 00:00:00-04:00,129.1999969482422,130.4499969482422,127.97000122070312,128.10000610351562,125.00665283203125,84000900,131.20178457067223,137.11415367825296,125.28941546309152,11.824738215161446,2.9561845537903615,0.23768734573932687,True,False,False,False
2021-05-06 00:00:00-04:00,127.88999938964844,129.75,127.12999725341797,129.74000549316406,126.60707092285156,78128300,130.98002739716637,136.82516014330542,125.13489465102731,11.690265492278115,2.922566373069529,0.39392696814102396,False,False,False,False
2021-05-07 00:00:00-04:00,130.85000610351562,131.25999450683594,129.47999572753906,130.2100067138672,127.28150177001953,78973300,130.91685008785663,136.53346931524115,125.30023086047211,11.233238454769037,2.808309613692259,0.43707572603968403,False,False,False,False
2021-05-10 00:00:00-04:00,129.41000366210938,129.5399932861328,126.80999755859375,126.8499984741211,123.99710083007812,88071200,130.61365767691308,136.34861681261384,124.87869854121232,11.469918271401525,2.8674795678503813,0.17186695547987563,False,False,False,False
2021-05-11 00:00:00-04:00,123.5,126.2699966430664,122.7699966430664,125.91000366210938,123.07823181152344,126142800,130.07743621397665,136.05489980231826,124.09997262563503,11.954927176683228,2.988731794170807,0.1514046057933844,False,False,False,False
2021-05-12 00:00:00-04:00,123.4000015258789,124.63999938964844,122.25,122.7699966430664,120.00884246826172,112172300,129.42434692479523,135.53606488672457,123.3126289628659,12.223435923858673,3.0558589809646683,0.0,False,False,False,False
2021-05-13 00:00:00-04:00,124.58000183105469,126.1500015258789,124.26000213623047,124.97000122070312,122.15937805175781,105861300,129.0150441980786,135.1915913403775,122.83849705577971,12.353094284597788,3.088273571149447,0.17254819851743844,False,False,False,False
2021-05-14 00:00:00-04:00,126.25,127.88999938964844,125.8499984741211,127.44999694824219,124.58360290527344,81918000,128.82916680816672,134.9720588700248,122.68627474630864,12.285784123716155,3.071446030929039,0.38774262627143047,True,False,False,False
2021-05-17 00:00:00-04:00,126.81999969482422,126.93000030517578,125.16999816894531,126.2699966430664,123.4301528930664,74244600,128.57146822698218,134.55607083851382,122.58686561545053,11.969205223063284,2.992301305765821,0.30771725933137994,False,False,False,False
2021-05-18 00:00:00-04:00,126.55999755859375,126.98999786376953,124.77999877929688,124.8499984741211,122.04206085205078,63342900,128.28275681225966,134.11089897953266,122.45461464498666,11.656284334546001,2.9140710836365002,0.20550149261846473,False,False,False,False
2021-05-19 00:00:00-04:00,123.16000366210938,124.91999816894531,122.86000061035156,124.69000244140625,121.88568878173828,92612000,127.88979588476519,133.54712334702964,122.23246842250073,11.31465492452891,2.8286637311322274,0.217199201857925,False,False,False,False
2021-05-20 00:00:00-04:00,125.2300033569336,127.72000122070312,125.0999984741211,127.30999755859375,124.44673919677734,76857100,127.77743428473732,133.4750287566347,122.07983981283994,11.395188943794778,2.8487972359486946,0.45897946682155577,False,False,False,False
2021-05-21 00:00:00-04:00,127.81999969482422,128.0,125.20999908447266,125.43000030517578,122.6090316772461,79295400,127.62847226998929,133.3143074778024,121.94263706217617,11.371670415626227,2.8429176039065567,0.30667114993127953,False,False,False,False
2021-05-24 00:00:00-04:00,126.01000213623047,127.94000244140625,125.94000244140625,127.0999984741211,124.2414779663086,63092900,127.56798295401995,133.18723506829784,121.94873083974205,11.238504228555783,2.8096260571389458,0.45835882868560424,False,False,False,False
2021-05-25 00:00:00-04:00,127.81999969482422,128.32000732421875,126.31999969482422,126.9000015258789,124.04596710205078,72009500,127.5310324677616,132.98836089649063,122.07370403903259,10.914656857458041,2.7286642143645103,0.44218499489963176,False,False,False,False
2021-05-26 00:00:00-04:00,126.95999908447266,127.38999938964844,126.41999816894531,126.8499984741211,123.99710083007812,56575900,127.4696641702832,132.57526000027994,122.36406834028645,10.211191659993489,2.552797914998372,0.43931504600095844,False,False,False,False
2021-05-27 00:00:00-04:00,126.44000244140625,127.63999938964844,125.08000183105469,125.27999877929688,122.46240234375,94625600,127.32969615406574,132.43673191278157,122.22266039534993,10.214071517431634,2.5535178793579085,0.29932611874992243,False,False,False,False
2021-05-28 00:00:00-04:00,125.56999969482422,125.80000305175781,124.55000305175781,124.61000061035156,121.80744934082031,71311100,127.1065507017378,131.95288288458204,122.26021851889357,9.692664365688472,2.423166091422118,0.2424289135375514,False,False,False,False
2021-06-01 00:00:00-04:00,125.08000183105469,125.3499984741211,123.94000244140625,124.27999877929688,121.48489379882812,67637100,126.86052999029687,131.50422816139965,122.21683181919408,9.287396342205568,2.321849085551392,0.2221469703760732,False,False,False,False
2021-06-02 00:00:00-04:00,124.27999877929688,125.23999786376953,124.05000305175781,125.05999755859375,122.2473373413086,59278900,126.66270168881212,131.08002900520697,122.24537437241727,8.834654632789693,2.2086636581974233,0.31858893224077406,False,False,False,False
2021-06-03 00:00:00-04:00,124.68000030517578,124.8499984741211,123.12999725341797,123.54000091552734,120.76155090332031,76229200,126.39387284997497,130.7554674957655,122.03227820418445,8.723189291581036,2.180797322895259,0.17284076510847166,False,False,False,False
2021-06-04 00:00:00-04:00,124.06999969482422,126.16000366210938,123.8499984741211,125.88999938964844,123.05870056152344,75169300,126.2896945317513,130.73913026227916,121.84025880122343,8.898871461055734,2.2247178652639334,0.4550847381207776,True,False,False,False
2021-06-07 00:00:00-04:00,126.16999816894531,126.31999969482422,124.83000183105469,125.9000015258789,123.06844329833984,71057600,126.2319459430689,130.53443767329787,121.9294542128399,8.604983460457973,2.1512458651144932,0.4614241655762214,False,False,False,False
2021-06-08 00:00:00-04:00,126.5999984741211,128.4600067138672,126.20999908447266,126.73999786376953,123.88955688476562,74403800,126.3181099377642,130.70235353256794,121.93386634296046,8.768487189607484,2.192121797401871,0.5481141064453352,False,False,True,False
2021-06-09 00:00:00-04:00,127.20999908447266,127.75,126.5199966430664,127.12999725341797,124.27078247070312,56877900,126.39575006738934,130.58756997409944,122.20393016067925,8.383639813420189,2.095909953355047,0.5875809555717402,False,False,False,False
2021-06-10 00:00:00-04:00,127.0199966430664,128.19000244140625,125.94000244140625,126.11000061035156,123.27372741699219,71186400,126.4291708702781,130.6518087863172,122.20653295423901,8.445275832078181,2.1113189580195453,0.46220724269132646,False,False,False,True
2021-06-11 00:00:00-04:00,126.52999877929688,127.44000244140625,126.0999984741211,127.3499984741211,124.48583984375,53522400,126.48004346643093,130.54841838432313,122.41166854853873,8.1367498357844,2.0341874589461,0.6069167696251657,False,False,True,False
2021-06-14 00:00:00-04:00,127.81999969482422,130.5399932861328,127.06999969482422,130.47999572753906,127.54546356201172,96906500,126.75464214291357,131.11017828727827,122.39910599854886,8.711072288729412,2.177768072182353,0.9276572919094523,False,False,False,False
2021-06-15 00:00:00-04:00,129.94000244140625,130.60000610351562,129.38999938964844,129.63999938964844,126.72431945800781,62746300,127.05197796685235,131.21396183955403,122.88999409415068,8.323967745403351,2.080991936350838,0.8109119955714912,False,False,False,False
2021-06-16 00:00:00-04:00,130.3699951171875,130.88999938964844,128.4600067138672,130.14999389648438,127.22286987304688,91815000,127.31686895413625,131.548652974724,123.0850849335485,8.463568041175506,2.1158920102938765,0.8347435654283023,False,False,False,False
2021-06-17 00:00:00-04:00,129.8000030517578,132.5500030517578,129.64999389648438,131.7899932861328,128.82601928710938,96721700,127.69907160086534,132.087679050449,123.31046415128168,8.77721489916732,2.19430372479183,0.9660842570523793,False,False,False,False
2021-06-18 00:00:00-04:00,130.7100067138672,131.50999450683594,130.24000549316406,130.4600067138672,127.52590942382812,108953300,127.98836658217553,132.2481108453946,123.72862231895648,8.51948852643811,2.1298721316095275,0.7901160232825634,False,True,False,False
2021-06-21 00:00:00-04:00,130.3000030517578,132.41000366210938,129.2100067138672,132.3000030517578,129.3245086669922,79663300,128.30439558792816,132.77816481447374,123.83062636138257,8.94753845309117,2.2368846132727924,0.9465594067884968,False,False,False,False
2021-06-22 00:00:00-04:00,132.1300048828125,134.0800018310547,131.6199951171875,133.97999572753906,130.96669006347656,74783600,128.7731830771979,133.29157672386236,124.25478943053344,9.036787293328928,2.259196823332232,1.0,False,False,False,False
2021-06-23 00:00:00-04:00,133.77000427246094,134.32000732421875,133.22999572753906,133.6999969482422,130.69302368164062,60214200,129.24716564127428,133.53172224260823,124.96260903994033,8.569113202667893,2.1422783006669732,1.0,False,False,False,False
2021-06-24 00:00:00-04:00,134.4499969482422,134.63999938964844,132.92999267578125,133.41000366210938,130.40956115722656,68711000,129.66743544456688,133.86553772854086,125.46933316059288,8.396204567947976,2.099051141986994,0.9457452396800267,False,False,False,False
2021-06-25 00:00:00-04:00,133.4600067138672,133.88999938964844,132.80999755859375,133.11000061035156,130.11630249023438,70783700,130.01053675329365,134.00482917508117,126.01624433150612,7.988584843575055,1.9971462108937637,0.8879865980957456,False,False,False,False
2021-06-28 00:00:00-04:00,133.41000366210938,135.25,133.35000610351562,134.77999877929688,131.74874877929688,62111300,130.4342953127518,134.45715837029027,126.41143225521333,8.045726115076945,2.0114315287692364,1.0,False,False,False,False
2021-06-29 00:00:00-04:00,134.8000030517578,136.49000549316406,134.35000610351562,136.3300018310547,133.26390075683594,64556100,130.93801364575114,134.98659027546546,126.88943701603684,8.097153259428623,2.0242883148571558,1.0,False,False,False,False
2021-06-30 00:00:00-04:00,136.1699981689453,137.41000366210938,135.8699951171875,136.9600067138672,133.87969970703125,63261400,131.4912188697483,135.44293954547555,127.53949819402105,7.903441351454504,1.975860337863626,1.0,False,False,False,False
2021-07-01 00:00:00-04:00,136.60000610351562,137.3300018310547,135.75999450683594,137.27000427246094,134.18276977539062,52485800,131.99554725073583,135.8660973237341,128.12499717773755,7.7411001459965405,1.9352750364991351,1.0,False,False,False,False
2021-07-02 00:00:00-04:00,137.89999389648438,140.0,137.75,139.9600067138672,136.81224060058594,78852600,132.68517788443933,136.7146720956456,128.65568367323306,8.05898842241254,2.014747105603135,1.0,False,False,False,False
2021-07-06 00:00:00-04:00,140.07000732421875,143.14999389648438,140.07000732421875,142.02000427246094,138.825927734375,108181800,133.5481769904662,137.81271921707528,129.28363476385712,8.529084453218161,2.1322711133045402,1.0,False,False,False,False
2021-07-07 00:00:00-04:00,143.5399932861328,144.88999938964844,142.66000366210938,144.57000732421875,141.3185577392578,104911600,134.5473985588655,138.95948558625116,130.13531153147983,8.824174054771333,2.2060435136928334,1.0,False,False,False,False
2021-07-08 00:00:00-04:00,141.5800018310547,144.05999755859375,140.6699981689453,143.24000549316406,140.01846313476562,105575500,135.31970984598,140.07059000168178,130.5688296902782,9.501760311403586,2.3754400778508966,1.0,False,False,False,False
2021-07-09 00:00:00-04:00,142.75,145.64999389648438,142.64999389648438,145.11000061035156,141.846435546875,99890800,136.1911656829762,141.0669578231078,131.31537354284458,9.751584280263216,2.437896070065804,1.0,False,False,False,False
2021-07-12 00:00:00-04:00,146.2100067138672,146.32000732421875,144.0,144.5,141.25015258789062,76299700,137.0243882313981,141.87660262236028,132.1721738404359,9.704428781924378,2.4261071954810944,1.0,False,False,False,False
2021-07-13 00:00:00-04:00,144.02999877929688,147.4600067138672,143.6300048828125,145.63999938964844,142.36451721191406,100827100,137.83889128829122,142.97188460636815,132.7058979702143,10.265986636153855,2.5664966590384637,1.0,False,False,False,False
2021-07-14 00:00:00-04:00,148.10000610351562,149.57000732421875,147.67999267578125,149.14999389648438,145.79554748535156,127050800,138.88280620992967,144.28850178311296,133.47711063674637,10.811391146366589,2.702847786591647,1.0,False,False,False,False
2021-07-15 00:00:00-04:00,149.24000549316406,150.0,147.08999633789062,148.47999572753906,145.140625,106820300,139.8009513983627,145.24807814664953,134.3538246500759,10.89425349657364,2.72356337414341,1.0,False,False,False,False
2021-07-16 00:00:00-04:00,148.4600067138672,149.75999450683594,145.8800048828125,146.38999938964844,143.0976104736328,93251400,140.51927344865504,146.1976854469179,134.8408614503922,11.35682399652569,2.8392059991314227,1.0,False,False,False,False
2021-07-19 00:00:00-04:00,143.75,144.07000732421875,141.6699981689453,142.4499969482422,139.24624633789062,121434600,140.72981891200237,146.78438995457955,134.6752478694252,12.10914208515436,3.02728552128859,0.6420561443695281,False,True,False,False
2021-07-20 00:00:00-04:00,143.4600067138672,147.10000610351562,142.9600067138672,146.14999389648438,142.86300659179688,96350000,141.17491573669633,147.5540315060705,134.79579996732218,12.758231538748305,3.1895578846870762,0.8899504523552595,False,False,False,False
2021-07-21 00:00:00-04:00,145.52999877929688,146.1300048828125,144.6300048828125,145.39999389648438,142.12986755371094,74993500,141.57603498914142,147.62123698431253,135.5308329939703,12.090403990342224,3.022600997585556,0.8162804907427015,False,False,False,False
2021-07-22 00:00:00-04:00,145.94000244140625,148.1999969482422,145.80999755859375,146.8000030517578,143.49838256835938,77338200,142.08657126187694,148.0872536678825,136.0858888558714,12.001364812011104,3.000341203002776,0.8927413143181527,False,False,False,False
2021-07-23 00:00:00-04:00,147.5500030517578,148.72000122070312,146.9199981689453,148.55999755859375,145.2188262939453,71447400,142.65610406069,148.44071785988407,136.87149026149595,11.569227598388125,2.892306899597031,1.0,False,False,False,False
2021-07-26 00:00:00-04:00,148.27000427246094,149.8300018310547,147.6999969482422,148.99000549316406,145.63916015625,72434100,143.24504666673417,148.87720006257132,137.61289327089702,11.2643067916743,2.816076697918575,1.0,False,False,False,False
2021-07-27 00:00:00-04:00,149.1199951171875,149.2100067138672,145.5500030517578,146.77000427246094,143.46908569335938,104818600,143.61948711238125,149.42042590105657,137.81854832370593,11.601877577350649,2.9004693943376623,0.7715523534078804,False,True,False,False
2021-07-28 00:00:00-04:00,144.80999755859375,146.97000122070312,142.5399932861328,144.97999572753906,141.71932983398438,118931200,143.7347737440394,149.84162024076124,137.62792724731753,12.213692993443715,3.0534232483609287,0.6019529461046801,False,False,False,False
2021-07-29 00:00:00-04:00,144.69000244140625,146.5500030517578,144.5800018310547,145.63999938964844,142.36451721191406,56699500,143.91146209452646,149.80162418571675,138.02130000333617,11.780324182380582,2.9450810455951455,0.6467308767026373,False,False,False,False
2021-07-30 00:00:00-04:00,144.3800048828125,146.3300018310547,144.11000061035156,145.86000061035156,142.57955932617188,70440600,144.05640230938928,149.80154843560118,138.3112561831774,11.490292252423785,2.8725730631059463,0.656967138984809,False,False,False,False
2021-08-02 00:00:00-04:00,146.36000061035156,146.9499969482422,145.25,145.52000427246094,142.24720764160156,62880000,144.2326180012158,149.74324890445493,138.72198709797667,11.021261806478265,2.755315451619566,0.6168093357956906,False,False,False,False
2021-08-03 00:00:00-04:00,145.80999755859375,148.0399932861328,145.17999267578125,147.36000061035156,144.0458221435547,64786600,144.4828444319656,150.01441236695112,138.95127649698006,11.063135869971063,2.765783967492766,0.7600669658406265,False,False,False,False
2021-08-04 00:00:00-04:00,147.27000427246094,147.7899932861328,146.27999877929688,146.9499969482422,143.64501953125,56368300,144.72320810554575,150.0036181483999,139.4427980626916,10.560820085708315,2.6402050214270787,0.7108537807314691,False,False,False,False
2021-08-05 00:00:00-04:00,146.97999572753906,147.83999633789062,146.1699981689453,147.05999755859375,143.7525634765625,46397700,144.94226739915823,150.02863607151605,139.8558987268004,10.172737344715642,2.5431843361789106,0.708177021353609,False,False,False,False
2021-08-06 00:00:00-04:00,146.35000610351562,147.11000061035156,145.6300048828125,146.13999938964844,143.06729125976562,54126800,145.07094050028007,149.9446714509099,140.19720954965024,9.747461901259669,2.4368654753149173,0.6096756160934785,False,False,False,False
2021-08-09 00:00:00-04:00,146.1999969482422,146.6999969482422,145.52000427246094,146.08999633789062,143.018310546875,48908700,145.16926354973256,149.79161994045566,140.54690715900946,9.244712781446196,2.311178195361549,0.5995956077733361,False,False,False,False
2021-08-10 00:00:00-04:00,146.44000244140625,147.7100067138672,145.3000030517578,145.60000610351562,142.53866577148438,69023100,145.26774689004822,149.9098683741209,140.62562540597554,9.28424296814535,2.3210607420363374,0.5357874319540544,False,False,False,False
2021-08-11 00:00:00-04:00,146.0500030517578,146.72000122070312,145.52999877929688,145.86000061035156,142.79322814941406,48493500,145.34097736434052,149.75688718828718,140.92506754039385,8.831819647893326,2.2079549119733315,0.5587674190261402,False,False,False,False
2021-08-12 00:00:00-04:00,146.19000244140625,149.0500030517578,145.83999633789062,148.88999938964844,145.75946044921875,72282600,145.5872334496191,150.20355363394452,140.9709132652937,9.232640368650834,2.3081600921627086,0.8577271298515838,False,False,False,False
2021-08-13 00:00:00-04:00,148.97000122070312,149.44000244140625,148.27000427246094,149.10000610351562,145.9650421142578,59375000,145.90622749623896,150.2949152959209,141.517539696557,8.777375599363893,2.1943438998409732,0.8638648672512234,False,False,False,False
2021-08-16 00:00:00-04:00,148.5399932861328,151.19000244140625,146.47000122070312,151.1199951171875,147.9425811767578,103296000,146.2573803943526,151.15119965820696,141.36356113049823,9.787638527708737,2.446909631927184,0.9968118416989836,False,False,False,False
2021-08-17 00:00:00-04:00,150.22999572753906,151.67999267578125,149.08999633789062,150.19000244140625,147.0321502685547,92229700,146.64429627600404,151.5667328810511,141.72185967095697,9.844873210094136,2.461218302523534,0.8601576261811811,False,False,False,False
2021-08-18 00:00:00-04:00,149.8000030517578,150.72000122070312,146.14999389648438,146.36000061035156,143.2826690673828,86326000,146.7489663363065,152.09316074569261,141.40477192692038,10.68838881877224,2.67209720469306,0.46360857257814353,False,True,False,True
2021-08-19 00:00:00-04:00,145.02999877929688,148.0,144.5,146.6999969482422,143.61550903320312,86960300,146.71573135025326,152.22550631870075,141.20595638180578,11.019549936894975,2.754887484223744,0.49857213751004514,False,False,False,False
2021-08-20 00:00:00-04:00,147.44000244140625,148.5,146.77999877929688,148.19000244140625,145.0741424560547,60549600,146.8212172921562,152.14001537411053,141.50241921020188,10.637596163908654,2.6593990409771635,0.6286742914620197,False,False,True,False
2021-08-23 00:00:00-04:00,148.30999755859375,150.19000244140625,147.88999938964844,149.7100067138672,146.562255859375,60131800,147.05380004353566,152.3007189276461,141.80688115942522,10.493837768220885,2.6234594420552213,0.7531206150694912,False,False,False,False
2021-08-24 00:00:00-04:00,149.4499969482422,150.86000061035156,149.14999389648438,149.6199951171875,146.47410583496094,48606400,147.32264415443777,152.3868724929106,142.25841581596492,10.128456676945689,2.532114169236422,0.7268214236408735,False,False,False,False
2021-08-25 00:00:00-04:00,149.80999755859375,150.32000732421875,147.8000030517578,148.36000061035156,145.2406005859375,58991300,147.46588474247,152.52769110158775,142.40407838335224,10.123612718235506,2.5309031795588766,0.5883198412233817,False,False,False,False
2021-08-26 00:00:00-04:00,148.35000610351562,149.1199951171875,147.50999450683594,147.5399932861328,144.4378662109375,48597200,147.52214914509688,152.39977499037315,142.6445232998206,9.75525169055254,2.438812922638135,0.5018291830494971,False,False,False,False
2021-08-27 00:00:00-04:00,147.47999572753906,148.75,146.8300018310547,148.60000610351562,145.47555541992188,55802400,147.57337328793116,152.34723618246886,142.79951039339346,9.5477257890754,2.38693144726885,0.6075264244349315,False,False,False,False
2021-08-30 00:00:00-04:00,149.0,153.49000549316406,148.61000061035156,153.1199951171875,149.90049743652344,90956700,147.97019491830923,153.24467140132288,142.6957184352956,10.548952966027286,2.6372382415068216,0.9881811697770486,False,False,False,False
2021-08-31 00:00:00-04:00,152.66000366210938,152.8000030517578,151.2899932861328,151.8300018310547,148.63763427734375,86453100,148.35144613780187,153.46447533872507,143.23841693687868,10.226058401846387,2.556514600461597,0.8401658348269102,False,False,False,False
2021-09-01 00:00:00-04:00,152.8300018310547,154.97999572753906,152.33999633789062,152.50999450683594,149.3033447265625,80313700,148.82051433332123,154.05223939344899,143.58878927319347,10.463450120255516,2.615862530063879,0.8526064664247296,False,False,False,False
2021-09-02 00:00:00-04:00,153.8699951171875,154.72000122070312,152.39999389648438,153.64999389648438,150.4193878173828,71115500,149.2747507147088,154.44730473366752,144.10219669575008,10.345108037917441,2.5862770094793603,0.9229287085005975,False,False,False,False
2021-09-03 00:00:00-04:00,153.75999450683594,154.6300048828125,153.08999633789062,154.3000030517578,151.0557098388672,57808700,149.7254095124337,154.68870983848095,144.76210918638648,9.926600652094464,2.481650163023616,0.9608419034525059,False,False,False,False
2021-09-07 00:00:00-04:00,154.97000122070312,157.25999450683594,154.38999938964844,156.69000244140625,153.39549255371094,82278300,150.33378309340483,155.39275167786298,145.2748145089467,10.117937168916285,2.5294842922290712,1.0,False,False,False,False
2021-09-08 00:00:00-04:00,156.97999572753906,157.0399932861328,153.97999572753906,155.11000061035156,151.8486785888672,74420200,150.8140573900337,155.97912862776477,145.64898615230263,10.33014247546214,2.582535618865535,0.9158648567067008,False,False,False,False
2021-09-09 00:00:00-04:00,155.49000549316406,156.11000061035156,153.9499969482422,154.07000732421875,150.83055114746094,57305700,151.18509969837373,156.26566454475358,146.1045348519939,10.161129692759687,2.5402824231899217,0.7839160322794283,False,True,False,False
2021-09-10 00:00:00-04:00,155.0,155.47999572753906,148.6999969482422,148.97000122070312,145.83775329589844,140893200,151.17223286667098,157.10074098427222,145.24372474906974,11.85701623520248,2.96425405880062,0.3142676367913188,False,False,False,True
2021-09-13 00:00:00-04:00,150.6300048828125,151.4199981689453,148.75,149.5500030517578,146.40557861328125,102404300,151.05170279113733,156.9213597307675,145.18204585150716,11.73931387926035,2.9348284698150877,0.37207942859143195,False,False,False,False
2021-09-14 00:00:00-04:00,150.35000610351562,151.07000732421875,146.91000366210938,148.1199951171875,145.00564575195312,109296300,150.82773129050568,156.94242326859472,144.71303931241664,12.229383956178083,3.0573459890445207,0.2785876882252701,False,False,False,False
2021-09-15 00:00:00-04:00,148.55999755859375,149.44000244140625,146.3699951171875,149.02999877929688,145.89649963378906,83281300,150.585090098962,156.7023143440859,144.46786585383813,12.234448490247757,3.0586121225619394,0.3728924053336183,False,False,False,False
2021-09-16 00:00:00-04:00,148.44000244140625,148.97000122070312,147.22000122070312,148.7899932861328,145.6615447998047,68034100,150.37000201739545,156.2375033497257,144.5025006850652,11.735002664660499,2.9337506661651247,0.365359320622843,False,False,False,False
2021-09-17 00:00:00-04:00,148.82000732421875,148.82000732421875,145.75999450683594,146.05999755859375,142.9889373779297,129868800,150.03762085350533,155.93037461607912,144.14486709093154,11.78550752514758,2.946376881286895,0.16249876923634882,False,False,False,False
2021-09-20 00:00:00-04:00,143.8000030517578,144.83999633789062,141.27000427246094,142.94000244140625,139.93455505371094,123478900,149.3689586468781,155.63043569042105,143.10748160333515,12.522954087085907,3.1307385217714767,0.0,False,False,False,False
2021-09-21 00:00:00-04:00,143.92999267578125,144.60000610351562,142.77999877929688,143.42999267578125,140.4142608642578,75834000,148.8198513966546,154.819182200687,142.8205205926222,11.998661608064822,2.9996654020162055,0.050795005565404845,False,False,False,False
2021-09-22 00:00:00-04:00,144.4499969482422,146.42999267578125,143.6999969482422,145.85000610351562,142.78334045410156,76404300,148.48716700102207,154.48656472465126,142.48776927739289,11.998795447258374,2.9996988618145934,0.2802145299419187,True,False,False,False
2021-09-23 00:00:00-04:00,146.64999389648438,147.0800018310547,145.63999938964844,146.8300018310547,143.74276733398438,64838200,148.29950039939325,153.98695883894075,142.61204195984575,11.374916879094997,2.843729219773749,0.3708123686565804,False,False,False,False
2021-09-24 00:00:00-04:00,145.66000366210938,147.47000122070312,145.55999755859375,146.9199981689453,143.8308868408203,53477900,148.14240502637938,153.643118354394,142.64169169836475,11.001426656029253,2.750356664007313,0.38888651484449654,False,False,False,False
2021-09-27 00:00:00-04:00,145.47000122070312,145.9600067138672,143.82000732421875,145.3699951171875,142.31349182128906,74150700,147.84789055260592,153.4185307167644,142.27725038844744,11.141280328316952,2.785320082079238,0.2775932960666524,False,False,False,False
2021-09-28 00:00:00-04:00,143.25,144.75,141.69000244140625,141.91000366210938,138.9262237548828,108972300,147.36555196358046,153.11512664647935,141.61597728068156,11.499149365797791,2.874787341449448,0.025569402750984575,False,False,False,False
2021-09-29 00:00:00-04:00,142.47000122070312,144.4499969482422,142.02999877929688,142.8300018310547,139.82688903808594,74602000,146.95962630224244,152.642242174078,141.27701043040688,11.365231743671131,2.841307935917783,0.13664405932704493,False,False,False,False
2021-09-30 00:00:00-04:00,143.66000366210938,144.3800048828125,141.27999877929688,141.5,138.5248260498047,89056700,146.52410645320697,152.2584619585621,140.78975094785184,11.468711010710251,2.867177752677563,0.06192928320234758,False,False,False,False
2021-10-01 00:00:00-04:00,141.89999389648438,142.9199981689453,139.11000061035156,142.64999389648438,139.65066528320312,94639600,146.05133417752953,151.9742536440679,140.12841471099117,11.84583893307672,2.96145973326918,0.21286623933846444,True,False,False,False
2021-10-04 00:00:00-04:00,141.75999450683594,142.2100067138672,138.27000427246094,139.13999938964844,136.21446228027344,98322000,145.462953474145,151.66957891883422,139.25632802945577,12.413250889378446,3.1033127223446115,0.0,False,False,False,False
2021-10-05 00:00:00-04:00,139.49000549316406,142.24000549316406,139.36000061035156,141.11000061035156,138.14305114746094,80861100,145.02870415006348,151.2346682709869,138.82274002914005,12.411928241846852,3.102982060461713,0.1842792301602266,False,False,False,False
2021-10-06 00:00:00-04:00,139.47000122070312,142.14999389648438,138.3699951171875,142.0,139.0143280029297,83221100,144.6297795965232,150.97114706121366,138.28841213183276,12.6827349293809,3.170683732345225,0.2926488560104616,True,False,False,False
2021-10-07 00:00:00-04:00,143.05999755859375,144.22000122070312,142.72000122070312,143.2899932861328,140.27716064453125,61732700,144.51360997550634,150.66484093786838,138.3623790131443,12.30246192472407,3.0756154811810177,0.40053887613222805,False,False,False,False
2021-10-08 00:00:00-04:00,144.02999877929688,144.17999267578125,142.55999755859375,142.89999389648438,139.89540100097656,58773200,144.38977360104096,150.24988049060428,138.52966671147763,11.720213779126652,2.930053444781663,0.37288800932882,False,False,False,False
2021-10-11 00:00:00-04:00,142.27000427246094,144.80999755859375,141.80999755859375,142.80999755859375,139.80731201171875,64452200,144.27106477160154,150.14516097220854,138.39696857099455,11.748192401213998,2.9370481003034996,0.3756347220822826,False,False,False,False
2021-10-12 00:00:00-04:00,143.22999572753906,143.25,141.0399932861328,141.50999450683594,138.53460693359375,73035900,144.04842329471785,149.7771112180376,138.3197353713981,11.45737584663948,2.86434396165987,0.27844588308356405,False,False,False,False
2021-10-13 00:00:00-04:00,141.24000549316406,141.39999389648438,139.1999969482422,140.91000366210938,137.94725036621094,78762700,143.71079550496174,149.32861414766825,138.09297686225523,11.23563728541302,2.808909321353255,0.250722476019356,False,False,False,False
2021-10-14 00:00:00-04:00,142.11000061035156,143.8800048828125,141.50999450683594,143.75999450683594,140.73731994628906,69907100,143.6478624059649,149.2978994285414,137.9978253833884,11.300074045152996,2.825018511288249,0.5099231297443696,False,False,True,False
2021-10-15 00:00:00-04:00,143.77000427246094,144.89999389648438,143.50999450683594,144.83999633789062,141.79464721679688,67940300,143.72108137495906,149.0841145732076,138.35804817671053,10.72606639649706,2.681516599124265,0.6043173631012565,False,False,False,False
2021-10-18 00:00:00-04:00,143.4499969482422,146.83999633789062,143.16000366210938,146.5500030517578,143.4686279296875,85589200,143.89208959486004,149.45481800843996,138.32936118128012,11.125456827159837,2.7813642067899593,0.7389037590267022,False,False,False,False
2021-10-19 00:00:00-04:00,147.00999450683594,149.1699981689453,146.5500030517578,148.75999450683594,145.6322021484375,76378900,144.29855711685875,149.82901171251817,138.76810252119932,11.060909191318842,2.7652272978297106,0.9033517781231539,False,False,False,False
2021-10-20 00:00:00-04:00,148.6999969482422,149.75,148.1199951171875,149.25999450683594,146.12168884277344,58418800,144.75044023665072,150.0538503493067,139.44703012399472,10.606820225311992,2.651705056327998,0.9251560952662959,False,False,False,False
2021-10-21 00:00:00-04:00,148.80999755859375,149.63999938964844,147.8699951171875,149.47999572753906,146.33705139160156,61421000,145.15484244377524,150.2819123996578,140.02777248789266,10.25413991176515,2.5635349779412877,0.9217958132989129,False,False,False,False
2021-10-22 00:00:00-04:00,149.69000244140625,150.17999267578125,148.63999938964844,148.69000244140625,145.56370544433594,58883400,145.53723822712476,150.45959984464565,140.61487660960387,9.844723235041783,2.461180808760446,0.8202491465742164,False,False,False,False
2021-10-25 00:00:00-04:00,148.67999267578125,149.3699951171875,147.6199951171875,148.63999938964844,145.5147247314453,50720600,145.82353266974854,150.60365812551734,141.04340721397975,9.560250911537594,2.3900627278843984,0.794601757418406,False,True,False,False
2021-10-26 00:00:00-04:00,149.3300018310547,150.83999633789062,149.00999450683594,149.32000732421875,146.18043518066406,60893400,146.1949421986279,150.93705449846826,141.45282989878754,9.484224599680715,2.3710561499201788,0.8295013833493626,False,False,False,False
2021-10-27 00:00:00-04:00,149.36000061035156,149.72999572753906,148.49000549316406,148.85000610351562,145.72032165527344,56094900,146.46431301540042,150.98021213213173,141.94841389866912,9.03179823346261,2.2579495583656524,0.7641437537074582,False,True,False,False
2021-10-28 00:00:00-04:00,149.82000732421875,153.1699981689453,149.72000122070312,152.57000732421875,149.36207580566406,100077900,146.9743786556438,151.9026862737879,142.04607103749967,9.856615236288235,2.4641538090720587,1.0,False,False,False,False
2021-10-29 00:00:00-04:00,147.22000122070312,149.94000244140625,146.41000366210938,149.8000030517578,146.65032958984375,124953200,147.14031113781337,152.80778872656495,141.4728335490618,11.334955177503161,2.8337387943757903,0.7346451196581011,False,True,False,False
2021-11-01 00:00:00-04:00,148.99000549316406,149.6999969482422,147.8000030517578,148.9600067138672,145.8279571533203,74588300,147.3002817187793,152.80101154865574,141.79955188890287,11.001459659752868,2.750364914938217,0.6508640713522525,False,False,False,False
2021-11-02 00:00:00-04:00,148.66000366210938,151.57000732421875,148.64999389648438,150.02000427246094,146.86569213867188,69122000,147.56501696756743,153.09967650000308,142.03035743513178,11.069319064871308,2.767329766217827,0.7217830465005255,False,False,False,False
2021-11-03 00:00:00-04:00,150.38999938964844,151.97000122070312,149.82000732421875,151.49000549316406,148.30482482910156,54511500,147.90104754329388,153.31223990178285,142.48985518480492,10.822384716977922,2.7055961792444805,0.8316235786960982,False,False,False,False
2021-11-04 00:00:00-04:00,151.5800018310547,152.42999267578125,150.63999938964844,150.9600067138672,147.78590393066406,60394600,148.22888424644992,153.45695602631656,143.00081246658328,10.456143559733277,2.6140358899333194,0.7611978739403357,False,True,False,False
2021-11-05 00:00:00-04:00,151.88999938964844,152.1999969482422,150.05999755859375,151.27999877929688,148.31536865234375,65463900,148.50994267650654,153.6432071563162,143.37667819669687,10.266528959619336,2.566632239904834,0.769814278388111,False,False,False,False
2021-11-08 00:00:00-05:00,151.41000366210938,151.57000732421875,150.16000366210938,150.44000244140625,147.49183654785156,55020900,148.72074221295782,153.62268097720838,143.81880344870726,9.803877528501118,2.4509693821252796,0.6753653310590964,False,False,False,False
2021-11-09 00:00:00-05:00,150.1999969482422,151.42999267578125,150.05999755859375,150.80999755859375,147.8545379638672,56787900,148.91559177340528,153.6013356846683,144.22984786214226,9.371487822526035,2.3428719556315087,0.7021456807141047,False,False,False,False
2021-11-10 00:00:00-05:00,150.02000427246094,150.1300048828125,147.85000610351562,147.9199981689453,145.02120971679688,65187100,148.88871030785154,153.6978781190039,144.0795424966992,9.618335622304699,2.4045839055761746,0.3992848475093959,False,False,False,True
2021-11-11 00:00:00-05:00,148.9600067138672,149.42999267578125,147.67999267578125,147.8699951171875,144.97218322753906,41000000,148.83518172198472,153.51343275202183,144.15693069194762,9.356502060074206,2.3391255150185515,0.39684322211440093,False,False,False,False
2021-11-12 00:00:00-05:00,148.42999267578125,150.39999389648438,147.47999572753906,149.99000549316406,147.05064392089844,63804000,148.87849759345247,153.6729231542749,144.08407203263002,9.588851121644893,2.3972127804112233,0.6159166917507555,False,False,True,False
2021-11-15 00:00:00-05:00,150.3699951171875,151.8800048828125,149.42999267578125,150.0,147.06044006347656,59222800,149.02689457053933,153.83188001668577,144.22190912439288,9.609970892292893,2.402492723073223,0.6012599767852674,False,False,False,False
2021-11-16 00:00:00-05:00,149.94000244140625,151.49000549316406,149.33999633789062,151.0,148.0408477783203,59256200,149.17766657433097,153.93215530691748,144.42317784174446,9.508977465173018,2.3772443662932545,0.6916434687476538,False,False,False,False
2021-11-17 00:00:00-05:00,151.0,155.0,150.99000549316406,153.49000549316406,150.48204040527344,88807000,149.55693677316702,154.63797553386206,144.475898012472,10.162077521390074,2.5405193803475186,0.8870339221205855,False,False,False,False
2021-11-18 00:00:00-05:00,153.7100067138672,158.6699981689453,153.0500030517578,157.8699951171875,154.7761993408203,137827700,150.22103791660797,155.917971824671,144.52410400854492,11.39386781612609,2.8484669540315224,1.0,False,False,False,False
2021-11-19 00:00:00-05:00,157.64999389648438,161.02000427246094,156.52999877929688,160.5500030517578,157.40371704101562,117305600,151.0920503722807,157.11729198817025,145.06680875639117,12.050483231779083,3.0126208079447707,1.0,False,False,False,False
2021-11-22 00:00:00-05:00,161.67999267578125,165.6999969482422,161.0,161.02000427246094,157.86447143554688,117467900,152.18550593113346,158.63822216473093,145.732789697536,12.905432467194942,3.2263581167987354,1.0,False,False,False,False
2021-11-23 00:00:00-05:00,161.1199951171875,161.8000030517578,159.05999755859375,161.41000366210938,158.24681091308594,96041900,153.00180708919888,159.3572527980694,146.64636138032836,12.710891417741038,3.1777228544352596,1.0,False,False,False,False
2021-11-24 00:00:00-05:00,160.75,162.13999938964844,159.63999938964844,161.94000244140625,158.76644897460938,69463600,153.78639692898005,160.00629806696352,147.56649579099658,12.43980227596694,3.109950568991735,1.0,False,False,False,False
2021-11-26 00:00:00-05:00,159.57000732421875,160.4499969482422,156.36000061035156,156.80999755859375,153.7369842529297,76959800,154.17562881247997,160.88954020287605,147.4617174220839,13.427822780792155,3.356955695198039,0.6961873335029499,False,True,False,False
2021-11-29 00:00:00-05:00,159.3699951171875,161.19000244140625,158.7899932861328,160.24000549316406,157.09976196289062,88748200,154.73731499607564,161.6558362239946,147.81879376815667,13.837042455837945,3.4592606139594864,0.8976782260118599,False,False,False,False
2021-11-30 00:00:00-05:00,159.99000549316406,165.52000427246094,159.9199981689453,165.3000030517578,162.0606231689453,174048100,155.57947564702602,162.9261459728562,148.23280532119583,14.693340651660378,3.6733351629150945,1.0,False,False,False,False
2021-12-01 00:00:00-05:00,167.47999572753906,170.3000030517578,164.52999877929688,164.77000427246094,161.54098510742188,152052500,156.6227003823415,164.38870453008084,148.85669623460214,15.532008295478704,3.883002073869676,1.0,False,False,False,False
2021-12-02 00:00:00-05:00,158.74000549316406,164.1999969482422,157.8000030517578,163.75999450683594,160.55076599121094,136739200,157.12720493344662,165.51060891055266,148.74380095634058,16.766807954212084,4.191701988553021,0.8955904780148124,False,False,False,False
2021-12-03 00:00:00-05:00,164.02000427246094,164.9600067138672,159.72000122070312,161.83999633789062,158.66839599609375,118023100,157.60778872621236,166.20085340424063,149.0147240481841,17.18612935605654,4.296532339014135,0.7462571719318984,False,True,False,False
2021-12-06 00:00:00-05:00,164.2899932861328,167.8800048828125,164.27999877929688,165.32000732421875,162.08021545410156,107497000,158.39053935502795,167.33229927423776,149.44877943581815,17.883519838419602,4.4708799596049005,0.8874778584864513,False,False,False,False
2021-12-07 00:00:00-05:00,169.0800018310547,171.5800018310547,168.33999633789062,171.17999267578125,167.82534790039062,120405400,159.53112261787376,168.83070544652978,150.23153978921775,18.599165657312028,4.649791414328007,1.0,False,False,False,False
2021-12-08 00:00:00-05:00,172.1300048828125,175.9600067138672,170.6999969482422,175.0800018310547,171.6489715576172,116998900,160.90085714611322,170.32248364502863,151.47923064719782,18.843252997830803,4.710813249457701,1.0,False,False,False,False
2021-12-09 00:00:00-05:00,174.91000366210938,176.75,173.9199981689453,174.55999755859375,171.1391143798828,108923700,162.25093410767514,171.29639832290994,153.20546989244033,18.090928430469603,4.522732107617401,1.0,False,False,False,False
2021-12-10 00:00:00-05:00,175.2100067138672,179.6300048828125,174.69000244140625,179.4499969482422,175.93331909179688,115402700,163.7435436933715,172.89846295192658,154.5886244348164,18.309838517110165,4.577459629277541,1.0,False,False,False,False
2021-12-13 00:00:00-05:00,181.1199951171875,182.1300048828125,175.52999877929688,175.74000549316406,172.29600524902344,153237000,165.0822541084559,174.64168266185862,155.5228255550532,19.11885710680542,4.779714276701355,1.0,False,False,False,False
2021-12-14 00:00:00-05:00,175.25,177.74000549316406,172.2100067138672,174.3300018310547,170.9136505126953,139380400,166.00394463901839,175.7134300929402,156.29445918509657,19.41897090784363,4.854742726960907,0.9287589302002237,False,False,False,False
2021-12-15 00:00:00-05:00,175.11000061035156,179.5,172.30999755859375,179.3000030517578,175.78623962402344,131063300,167.05468008959923,177.23121748641012,156.87814269278834,20.353074793621772,5.088268698405443,1.0,False,False,False,False
2021-12-16 00:00:00-05:00,179.27999877929688,181.13999938964844,170.75,172.25999450683594,168.8842010498047,150185800,167.78439290317658,179.02127643823604,156.54750936811712,22.473767070118924,5.618441767529731,0.6991478148587785,False,True,False,False
2021-12-17 00:00:00-05:00,169.92999267578125,173.47000122070312,169.69000244140625,171.13999938964844,167.78614807128906,195432700,168.1319111362632,179.0011060736761,157.26271619885028,21.738389874825828,5.434597468706457,0.6383767735654038,False,False,False,False
2021-12-20 00:00:00-05:00,168.27999877929688,170.5800018310547,167.4600067138672,169.75,166.4233856201172,107499100,168.2396659024896,178.75793988131747,157.72139192366174,21.036547957655728,5.259136989413932,0.5717957195520165,False,False,False,False
2021-12-21 00:00:00-05:00,171.55999755859375,173.1999969482422,169.1199951171875,172.99000549316406,169.5998992919922,91185900,168.57588811998562,178.85833506714164,158.2934411728296,20.564893894312036,5.141223473578009,0.7146433332388515,False,False,False,False
2021-12-22 00:00:00-05:00,173.0399932861328,175.86000061035156,172.14999389648438,175.63999938964844,172.19796752929688,92135300,169.14485096241506,179.1410545576289,159.14864736720122,19.992407190427684,4.998101797606921,0.8248807592486029,False,False,False,False
2021-12-23 00:00:00-05:00,175.85000610351562,176.85000610351562,175.27000427246094,176.27999877929688,172.82545471191406,68356600,169.81042100266993,179.12300460457334,160.4978374007665,18.625167203806825,4.656291800951706,0.8473567622686696,False,False,False,False
2021-12-27 00:00:00-05:00,177.08999633789062,180.4199981689453,177.07000732421875,180.3300018310547,176.79608154296875,74919600,170.71165098096228,179.92097610060503,161.50232586131952,18.418650239285512,4.604662559821378,1.0,False,False,False,False
2021-12-28 00:00:00-05:00,180.16000366210938,181.3300018310547,178.52999877929688,179.2899932861328,175.7764129638672,79144300,171.56927132869552,180.41766454672558,162.72087811066547,17.69678643606011,4.424196609015027,0.9362781901297658,False,False,False,False
2021-12-29 00:00:00-05:00,179.3300018310547,180.6300048828125,178.13999938964844,179.3800048828125,175.8647003173828,62348900,172.31346800073322,180.77502299559308,163.85191300587337,16.923109989719705,4.230777497429926,0.9175672725859485,False,False,False,False
2021-12-30 00:00:00-05:00,179.47000122070312,180.57000732421875,178.08999633789062,178.1999969482422,174.70779418945312,59773000,172.94583614702375,181.05723783966323,164.83443445438428,16.22280338527895,4.055700846319738,0.8238750218711405,False,False,False,False
2021-12-31 00:00:00-05:00,178.08999633789062,179.22999572753906,177.25999450683594,177.57000732421875,174.0901641845703,64062300,173.42908976980226,181.12335153731843,165.7348280022861,15.388523535032334,3.8471308837580835,0.7690912838382183,False,True,False,False
2022-01-03 00:00:00-05:00,177.8300018310547,182.8800048828125,177.7100067138672,182.00999450683594,178.443115234375,104487900,174.1374306204089,182.1242657228922,166.1505955179256,15.973670204966595,3.9934175512416488,0.9928462767422895,False,False,False,False
2022-01-04 00:00:00-05:00,182.6300048828125,182.94000244140625,179.1199951171875,179.6999969482422,176.1783905029297,99310400,174.7516434028092,182.70379645988794,166.79949034573048,15.904306114157464,3.976076528539366,0.8111329416017795,False,False,False,False
2022-01-05 00:00:00-05:00,179.61000061035156,180.1699981689453,174.63999938964844,174.9199981689453,171.49208068847656,94537600,174.92545500659054,183.18839251382076,166.66251749936032,16.52587501446044,4.13146875361511,0.49966980038028536,False,True,False,True
2022-01-06 00:00:00-05:00,172.6999969482422,175.3000030517578,171.63999938964844,172.0,168.62930297851562,96904000,174.74017365489638,182.90881814382544,166.57152916596732,16.337288977858123,4.084322244464531,0.3322748860836011,False,False,False,False
2022-01-07 00:00:00-05:00,172.88999938964844,174.13999938964844,171.02999877929688,172.1699981689453,168.7959747314453,86709100,174.52174430166468,182.49552446377118,166.5479641395582,15.947560324212986,3.9868900810532466,0.3525325451098158,False,False,False,False
2022-01-10 00:00:00-05:00,169.0800018310547,172.5,168.1699981689453,172.19000244140625,168.81556701660156,106765600,174.18189565739033,182.2242981694971,166.13949314528355,16.08480502421355,4.021201256053388,0.376163048729186,False,False,False,False
2022-01-11 00:00:00-05:00,172.32000732421875,175.17999267578125,170.82000732421875,175.0800018310547,171.6489715576172,76138300,174.13536597037074,182.24552530157933,166.02520663916215,16.220318662417185,4.055079665604296,0.5582378114970507,False,False,True,False
2022-01-12 00:00:00-05:00,176.1199951171875,177.17999267578125,174.82000732421875,175.52999877929688,172.0901336669922,74805200,174.29802948999566,182.0691699583959,166.52688902159542,15.542280936800466,3.8855702342001166,0.5792656685534622,False,False,False,False
2022-01-13 00:00:00-05:00,175.77999877929688,176.6199951171875,171.7899932861328,172.19000244140625,168.81556701660156,84505800,174.22520099395564,182.18522778172678,166.2651742061845,15.920053575542283,3.980013393885571,0.37216132515558675,False,False,False,True
2022-01-14 00:00:00-05:00,171.33999633789062,173.77999877929688,171.08999633789062,173.07000732421875,169.67832946777344,80440800,174.07486446886165,181.77688906613693,166.37283987158636,15.404049194550566,3.8510122986376416,0.43476668816414954,False,False,False,False
2022-01-18 00:00:00-05:00,171.50999450683594,172.5399932861328,169.41000366210938,169.8000030517578,166.472412109375,90956700,173.74233769404944,181.40616056401907,166.0785148240798,15.327645739939271,3.831911434984818,0.242795814231335,False,False,False,False
2022-01-19 00:00:00-05:00,170.0,171.0800018310547,165.94000244140625,166.22999572753906,162.97238159179688,94815000,173.17163886604473,181.0970793269471,165.24619840514237,15.85088092180473,3.9627202304511826,0.062065782163776735,False,False,False,False
2022-01-20 00:00:00-05:00,166.97999572753906,169.67999267578125,164.17999267578125,164.50999450683594,161.2860870361328,91420500,172.50037103303723,180.73326744784936,164.2674746182251,16.465792829624263,4.116448207406066,0.014728710067001214,False,False,False,False
2022-01-21 00:00:00-05:00,164.4199981689453,166.3300018310547,162.3000030517578,162.41000366210938,159.22723388671875,122848900,171.66033596782484,179.8759424970151,163.44472943863457,16.431213058380536,4.107803264595134,0.0,False,False,False,False
2022-01-24 00:00:00-05:00,160.02000427246094,162.3000030517578,154.6999969482422,161.6199951171875,158.45269775390625,162294600,170.5060181015935,179.4420653206382,161.5699708825488,17.87209443808939,4.468023609522348,0.002799013557811422,False,False,False,False
2022-01-25 00:00:00-05:00,158.97999572753906,162.75999450683594,157.02000427246094,159.77999877929688,156.6487579345703,115798400,169.49147661758755,178.68191716160277,160.30103607357233,18.380881088030435,4.595220272007609,0.0,False,False,False,False
2022-01-26 00:00:00-05:00,163.5,164.38999938964844,157.82000732421875,159.69000244140625,156.56053161621094,108275300,168.64784421449264,178.23323911719228,159.062449311793,19.170789805399295,4.792697451349824,0.032734860482196516,False,False,False,False
2022-01-27 00:00:00-05:00,162.4499969482422,163.83999633789062,158.27999877929688,159.22000122070312,156.09974670410156,121954600,167.86677956987083,177.60563449401926,158.1279246457224,19.477709848296854,4.8694274620742135,0.05606801741510772,False,False,False,False
2022-01-28 00:00:00-05:00,165.7100067138672,170.35000610351562,162.8000030517578,170.3300018310547,166.99205017089844,179935700,167.8629596421475,178.85393005044358,156.87198923385142,21.981940816592157,5.495485204148039,0.6122304081105087,True,False,True,False
2022-01-31 00:00:00-05:00,170.16000366210938,175.0,169.50999450683594,174.77999877929688,171.3548126220703,115541600,168.36140771705828,179.35128218315756,157.371533250959,21.97974893219856,5.49493723304964,0.7920229472155559,False,False,False,False
2022-02-01 00:00:00-05:00,174.00999450683594,174.83999633789062,172.30999755859375,174.61000061035156,171.18812561035156,86213900,168.89079728390467,179.2876840592534,158.49391050855596,20.793773550697438,5.198443387674359,0.7750440324120517,False,False,False,False
2022-02-02 00:00:00-05:00,174.75,175.8800048828125,173.3300018310547,175.83999633789062,172.39405822753906,84914300,169.4742135124775,179.34141222064292,159.60701480431206,19.734397416330864,4.933599354082716,0.8225729517408644,False,False,False,False
2022-02-03 00:00:00-05:00,174.47999572753906,176.24000549316406,172.1199951171875,172.89999389648438,169.5116729736328,89418100,169.8817485591252,179.5862294716694,160.17726764658102,19.408961825088397,4.852240456272099,0.6555078197669346,False,True,False,False
2022-02-04 00:00:00-05:00,171.67999267578125,174.10000610351562,170.67999267578125,172.38999938964844,169.22698974609375,82465400,170.1206295906036,179.53866509744026,160.70259408376697,18.83607101367329,4.709017753418323,0.620479998052538,False,False,False,False
2022-02-07 00:00:00-05:00,172.86000061035156,173.9499969482422,170.9499969482422,171.66000366210938,168.5103759765625,77251200,170.3173949489142,179.39362690506718,161.24116299276122,18.15246391230596,4.53811597807649,0.5739628911910406,False,False,False,False
2022-02-08 00:00:00-05:00,171.72999572753906,175.35000610351562,171.42999267578125,174.8300018310547,171.62222290039062,74829200,170.6557383064891,179.60834975257367,161.70312686040452,17.90522289216915,4.476305723042287,0.7331310562121628,False,False,False,False
2022-02-09 00:00:00-05:00,176.0500030517578,176.64999389648438,174.89999389648438,176.27999877929688,173.04562377929688,71285000,171.15931835895887,179.5806670735209,162.73796964439683,16.842697429124087,4.210674357281022,0.8040297103172688,False,False,False,False
2022-02-10 00:00:00-05:00,174.13999938964844,175.47999572753906,171.5500030517578,172.1199951171875,168.96192932128906,90865900,171.33938308339086,179.8645960720045,162.8141700947772,17.05042597722729,4.262606494306823,0.545782553165489,False,True,False,False
2022-02-11 00:00:00-05:00,172.3300018310547,173.0800018310547,168.0399932861328,168.63999938964844,165.54579162597656,98670700,171.2042035677294,179.88489696646604,162.52351016899274,17.3613867974733,4.340346699368325,0.35230418468332614,False,False,False,True
2022-02-14 00:00:00-05:00,167.3699951171875,169.5800018310547,166.55999755859375,168.8800048828125,165.7813720703125,86185500,170.93142241119838,179.34804732455356,162.5147974978432,16.833249826710357,4.208312456677589,0.3781330076186018,False,False,False,False
2022-02-15 00:00:00-05:00,170.97000122070312,172.9499969482422,170.25,172.7899932861328,169.61965942382812,62527400,171.03287393503268,179.42183477013828,162.6439130999271,16.777921670211185,4.194480417552796,0.6047280697596684,False,False,True,False
2022-02-16 00:00:00-05:00,171.85000610351562,173.33999633789062,170.0500030517578,172.5500030517578,169.38404846191406,61177400,171.1230764949155,179.3311399037371,162.9150130860939,16.416126817643203,4.104031704410801,0.5869222425419333,False,False,False,False
2022-02-17 00:00:00-05:00,171.02999877929688,171.91000366210938,168.47000122070312,168.8800048828125,165.7813720703125,69589300,170.99262507526086,179.19588250941123,162.7893676411105,16.406514868300746,4.101628717075187,0.37123284808462376,False,False,False,True
2022-02-18 00:00:00-05:00,169.82000732421875,170.5399932861328,166.19000244140625,167.3000030517578,164.2303924560547,82772700,170.70856550553114,178.9614953652118,162.4556356458505,16.505859719361297,4.126464929840324,0.2934937948263852,False,False,False,False
2022-02-22 00:00:00-05:00,164.97999572753906,166.69000244140625,162.14999389648438,164.32000732421875,161.30503845214844,91162800,170.1064800180872,178.5641187228545,161.64884131331993,16.915277409534553,4.228819352383638,0.15791440756349479,False,False,False,False
2022-02-23 00:00:00-05:00,165.5399932861328,166.14999389648438,159.75,160.07000732421875,157.13307189941406,90009200,169.333481959879,178.22535557346643,160.4416083462916,17.783747227174842,4.445936806793711,0.0,False,False,False,False
2022-02-24 00:00:00-05:00,152.5800018310547,162.85000610351562,152.0,162.74000549316406,159.7540740966797,141147500,168.36807134772164,178.54075882065345,158.19538387478983,20.345374945863625,5.086343736465906,0.22337369699338935,True,False,False,False
2022-02-25 00:00:00-05:00,163.83999633789062,165.1199951171875,160.8699951171875,164.85000610351562,161.82534790039062,91974200,167.9152390396177,177.92065776525632,157.90982031397905,20.01083745127727,5.002709362819317,0.3468213564991797,False,False,False,False
2022-02-28 00:00:00-05:00,163.05999755859375,165.4199981689453,162.42999267578125,165.1199951171875,162.0903778076172,95056600,167.5731523362228,177.17603028793036,157.97027438451522,19.205755903415138,4.8014389758537845,0.37226968668288274,False,False,False,False
2022-03-01 00:00:00-05:00,164.6999969482422,166.60000610351562,161.97000122070312,163.1999969482422,160.20558166503906,83474400,167.2255506620575,176.7941417951568,157.65695952895817,19.137182266198636,4.784295566549659,0.2896475218859414,False,False,False,False
2022-03-02 00:00:00-05:00,164.38999938964844,167.36000061035156,162.9499969482422,166.55999755859375,163.50393676757812,79724800,167.0729583805024,176.56669113271366,157.57922562829114,18.987465504422516,4.746866376105629,0.47298423942947143,False,False,False,False
2022-03-03 00:00:00-05:00,168.47000122070312,168.91000366210938,165.5500030517578,166.22999572753906,163.18002319335938,76678400,167.0561687709754,176.27252837003584,157.83980917191496,18.43271919812088,4.60817979953022,0.4551789926078532,False,False,False,False
2022-03-04 00:00:00-05:00,164.49000549316406,165.5500030517578,162.10000610351562,163.1699981689453,160.17617797851562,83737200,166.7276449935561,175.8483665575152,157.60692342959703,18.24144312791816,4.56036078197954,0.30496900384126446,False,False,False,False
2022-03-07 00:00:00-05:00,163.36000061035156,165.02000427246094,159.0399932861328,159.3000030517578,156.37716674804688,96418800,166.19358358497462,175.59823518980343,156.7889319801458,18.809303209657628,4.702325802414407,0.1335015467411201,False,False,False,False
2022-03-08 00:00:00-05:00,158.82000732421875,162.8800048828125,155.8000030517578,157.44000244140625,154.55128479003906,131148300,165.4805442078652,175.36073101842206,155.60035739730833,19.76037362111373,4.940093405278432,0.09309768526503373,False,False,False,False
2022-03-09 00:00:00-05:00,161.47999572753906,163.41000366210938,159.41000366210938,162.9499969482422,159.960205078125,91454900,165.1417623554482,175.22793072909002,155.0555939818064,20.172336747283623,5.043084186820906,0.39134796654130016,True,False,False,False
2022-03-10 00:00:00-05:00,160.1999969482422,160.38999938964844,155.97999572753906,158.52000427246094,155.6114959716797,105342000,164.4898484609499,174.96140024136815,154.01829668053165,20.943103560836505,5.235775890209126,0.2149494022627792,False,False,False,False
2022-03-11 00:00:00-05:00,158.92999267578125,159.27999877929688,154.5,154.72999572753906,151.89102172851562,96970100,163.69748176647326,174.07787812470906,153.31708540823746,20.7607927164716,5.1901981791179,0.06805666520530307,False,False,False,False
2022-03-14 00:00:00-04:00,151.4499969482422,154.1199951171875,150.10000610351562,150.6199951171875,147.85641479492188,108732100,162.54661037086916,172.81496501808607,152.27825572365225,20.53670929443382,5.134177323608455,0.0,False,False,False,False
2022-03-15 00:00:00-04:00,150.89999389648438,155.57000732421875,150.3800048828125,155.08999633789062,152.244384765625,92964300,161.70217155919661,171.98169122997308,151.42265188842015,20.559039341552932,5.139759835388233,0.178381119299588,False,False,False,False
2022-03-16 00:00:00-04:00,157.0500030517578,160.0,154.4600067138672,159.58999633789062,156.66184997558594,102300200,161.35117119012259,171.71073755104797,150.9916048291972,20.71913272185077,5.179783180462692,0.4149976557476948,True,False,False,False
2022-03-17 00:00:00-04:00,158.61000061035156,161.0,157.6300048828125,160.6199951171875,157.67291259765625,75615400,161.1986786958252,171.19628744409556,151.20106994755486,19.995217496540704,4.998804374135176,0.4710589005226963,False,False,False,False
2022-03-18 00:00:00-04:00,160.50999450683594,164.47999572753906,159.75999450683594,163.97999572753906,160.9713134765625,123511700,161.3454707553312,171.28731887291514,151.40362263774728,19.88369623516786,4.970924058791965,0.6324967421071456,False,False,True,False
2022-03-21 00:00:00-04:00,163.50999450683594,166.35000610351562,163.00999450683594,165.3800048828125,162.34561157226562,95811400,161.68526736571755,171.30093299087903,152.06960174055607,19.231331250322967,4.807832812580742,0.6921207361571967,False,False,False,False
2022-03-22 00:00:00-04:00,165.50999450683594,169.4199981689453,164.91000366210938,168.82000732421875,165.7224884033203,81532000,162.25968663740395,171.81578460141645,152.70358867339144,19.112195928025017,4.778048982006254,0.8432531097693035,False,False,False,False
2022-03-23 00:00:00-04:00,167.99000549316406,172.63999938964844,167.64999389648438,170.2100067138672,167.0869903564453,98062700,163.01273235447658,172.61122162072067,153.4142430882325,19.196978532488174,4.7992446331220435,0.8749170395336034,False,False,False,False
2022-03-24 00:00:00-04:00,171.05999755859375,174.13999938964844,170.2100067138672,174.07000732421875,170.87615966796875,90131400,163.9454884295339,173.37012730430982,154.52084955475797,18.849277749551845,4.712319437387961,1.0,False,False,False,False
2022-03-25 00:00:00-04:00,173.8800048828125,175.27999877929688,172.75,174.72000122070312,171.51425170898438,80546200,164.926870483864,173.91504522702172,155.9386957407063,17.976349486315428,4.494087371578857,1.0,False,False,False,False
2022-03-28 00:00:00-04:00,172.1699981689453,175.72999572753906,172.0,175.60000610351562,172.37811279296875,90371900,165.83320033718027,174.66855675153002,156.99784392283053,17.670712828699493,4.417678207174873,1.0,False,False,False,False
2022-03-29 00:00:00-04:00,176.69000244140625,179.00999450683594,176.33999633789062,178.9600067138672,175.67645263671875,100589400,167.00178435454703,175.63560280812587,158.3679659009682,17.26763690715768,4.31690922678942,1.0,False,False,False,False
2022-03-30 00:00:00-04:00,178.5500030517578,179.61000061035156,176.6999969482422,177.77000427246094,174.50828552246094,92633200,168.0517732043062,176.40421054494902,159.69933586366335,16.704874681285673,4.176218670321418,1.0,False,False,False,False
2022-03-31 00:00:00-04:00,177.83999633789062,178.02999877929688,174.39999389648438,174.61000061035156,171.40626525878906,103049300,168.77827078123363,177.02146536437468,160.53507619809258,16.486389166282095,4.121597291570524,0.8537299629590793,False,False,False,False
2022-04-01 00:00:00-04:00,174.02999877929688,174.8800048828125,171.94000244140625,174.30999755859375,171.1117401123047,78751300,169.24795943326893,177.2548350463771,161.24108382016075,16.013751226216357,4.003437806554089,0.8161057052664636,False,False,False,False
2022-04-04 00:00:00-04:00,174.57000732421875,178.49000549316406,174.44000244140625,178.44000244140625,175.16598510742188,76468400,169.99799537219496,178.04018501090638,161.95580573348354,16.08437927742284,4.02109481935571,1.0,False,False,False,False
2022-04-05 00:00:00-04:00,177.5,178.3000030517578,174.4199981689453,175.05999755859375,171.8479766845703,73401800,170.56263069482074,178.6046022241532,162.52065916548827,16.083943058664943,4.020985764666236,0.7796184273575958,False,True,False,False
2022-04-06 00:00:00-04:00,172.36000061035156,173.6300048828125,170.1300048828125,171.8300018310547,168.67727661132812,89058800,170.6865075047324,178.91028041628786,162.46273459317692,16.447545823110943,4.111886455777736,0.5695237051545732,False,False,False,False
2022-04-07 00:00:00-04:00,171.16000366210938,173.36000061035156,169.85000610351562,172.13999938964844,168.98158264160156,77594700,170.7909673012187,178.89436182298581,162.68757277945159,16.20678904353423,4.051697260883557,0.5832387022997587,False,False,False,False
2022-04-08 00:00:00-04:00,171.77999877929688,171.77999877929688,169.1999969482422,170.08999633789062,166.96920776367188,76575500,170.74960508413216,178.63066064200382,162.8685495262605,15.762111115743323,3.940527778935831,0.4581522588314513,False,False,False,True
2022-04-11 00:00:00-04:00,168.7100067138672,169.02999877929688,165.5,165.75,162.70884704589844,72246700,170.3696426564147,178.38059192607733,162.35869338675207,16.021898539325264,4.005474634831316,0.2116669634952484,False,False,False,False
2022-04-12 00:00:00-04:00,168.02000427246094,169.8699951171875,166.63999938964844,167.66000366210938,164.58377075195312,79265200,170.14935917069093,178.18321253682478,162.11550580455707,16.06770673226771,4.016926683066927,0.34507088970062255,False,False,False,False
2022-04-13 00:00:00-04:00,167.38999938964844,171.0399932861328,166.77000427246094,170.39999389648438,167.2734832763672,70618900,170.07830881967521,178.16277465193005,161.99384298742038,16.16893166450967,4.042232916127418,0.5198952586035879,False,False,True,False
2022-04-14 00:00:00-04:00,170.6199951171875,171.27000427246094,165.0399932861328,165.2899932861328,162.2572479248047,75329400,169.80418387953873,178.3262053258337,161.28216243324374,17.04404289258997,4.261010723147493,0.2351455507443898,False,False,False,True
2022-04-18 00:00:00-04:00,163.9199981689453,166.60000610351562,163.57000732421875,165.07000732421875,162.04129028320312,69023900,169.3542622640891,177.63008132161397,161.07844320656423,16.55163811504974,4.137909528762435,0.2411582521264255,False,False,False,False
2022-04-19 00:00:00-04:00,165.02000427246094,167.82000732421875,163.91000366210938,167.39999389648438,164.32855224609375,67723800,169.0706818860112,177.30091977020544,160.84044400181693,16.460475768388505,4.115118942097126,0.39850305586334983,False,False,False,False
2022-04-20 00:00:00-04:00,168.75999450683594,168.8800048828125,166.10000610351562,167.22999572753906,164.1616668701172,67929800,168.9118869988948,176.875100850529,160.9486731472606,15.926427703268416,3.981606925817104,0.3943962009126139,False,False,False,False
2022-04-21 00:00:00-04:00,168.91000366210938,171.52999877929688,165.91000366210938,166.4199981689453,163.3665313720703,87227800,168.82059619297945,177.11148768288774,160.52970470307116,16.58178297981658,4.145445744954145,0.35522678550574704,False,False,False,False
2022-04-22 00:00:00-04:00,166.4600067138672,167.8699951171875,161.5,161.7899932861328,158.82147216796875,84882400,168.33482475883284,177.0706261231878,159.59902339447788,17.47160272870991,4.367900682177478,0.12540176912646123,False,False,False,False
2022-04-25 00:00:00-04:00,161.1199951171875,163.1699981689453,158.4600067138672,162.8800048828125,159.89146423339844,96046400,167.6842068378527,176.48842635678778,158.87998731891764,17.60843903787014,4.402109759467535,0.22716480179146456,True,False,False,False
2022-04-26 00:00:00-04:00,162.25,162.33999633789062,156.72000122070312,156.8000030517578,153.9230194091797,95623200,166.82094906314774,175.97674736261118,157.6651507636843,18.311596598926883,4.577899149731721,0.0,False,False,False,False
2022-04-27 00:00:00-04:00,155.91000366210938,159.7899932861328,155.3800048828125,156.57000732421875,153.69728088378906,88063200,165.9091128188214,175.03132896900257,156.78689666864022,18.244432300362348,4.561108075090587,0.0,False,False,False,False
2022-04-28 00:00:00-04:00,159.25,164.52000427246094,158.92999267578125,163.63999938964844,160.63751220703125,130216800,165.57141941823176,175.37141334304323,155.77142549342028,19.59998784962295,4.899996962405737,0.4014581007191556,True,False,False,False
2022-04-29 00:00:00-04:00,161.83999633789062,166.1999969482422,157.25,157.64999389648438,154.75743103027344,131747600,165.07572838934385,175.68572231132262,154.46573446736508,21.21998784395754,5.304996960989385,0.1500594370050981,False,False,False,False
2022-05-02 00:00:00-04:00,156.7100067138672,158.22999572753906,153.27000427246094,157.9600067138672,155.06175231933594,123055300,164.2577227241323,174.79871554492883,153.71672990333576,21.081985641593064,5.270496410398266,0.20127500713973462,True,False,False,False
2022-05-03 00:00:00-04:00,158.14999389648438,160.7100067138672,156.32000732421875,159.47999572753906,156.55384826660156,88966500,163.74143198106015,174.1063253977067,153.37653856441358,20.729786833293133,5.182446708323283,0.2944293258878576,False,False,False,False
2022-05-04 00:00:00-04:00,159.6699981689453,166.47999572753906,159.25999450683594,166.02000427246094,162.97386169433594,108256500,163.75843828466824,174.53084260379077,152.98603396554572,21.54480863824506,5.386202159561265,0.6049703446322607,False,False,True,False
2022-05-05 00:00:00-04:00,163.85000610351562,164.0800018310547,154.9499969482422,156.77000427246094,153.8936004638672,130525300,163.26715854491437,175.1763238969684,151.35799319286033,23.818330704108064,5.954582676027016,0.2272204188796139,False,False,False,True
2022-05-06 00:00:00-04:00,156.00999450683594,159.44000244140625,154.17999267578125,157.27999877929688,154.62107849121094,116124600,162.66711150560457,174.43736227557818,150.89686073563095,23.54050153994723,5.885125384986807,0.2711555670483065,False,False,False,False
2022-05-09 00:00:00-04:00,154.92999267578125,155.8300018310547,151.49000549316406,152.05999755859375,149.48934936523438,131577900,161.75849786642993,173.50972221663275,150.00727351622712,23.502448700405637,5.875612175101409,0.08734085833069835,False,False,False,False
2022-05-10 00:00:00-04:00,155.52000427246094,156.74000549316406,152.92999267578125,154.50999450683594,151.8979034423828,115366700,161.0887994244138,172.6009029265104,149.57669592231719,23.024207004193215,5.756051751048304,0.21426573274034105,True,False,False,False
2022-05-11 00:00:00-04:00,153.5,155.4499969482422,145.80999755859375,146.5,144.0233154296875,142689800,159.96161200325807,172.2505050330747,147.67271897344145,24.57778605963324,6.14444651490831,0.0,False,False,False,False
2022-05-12 00:00:00-04:00,142.77000427246094,146.1999969482422,138.8000030517578,142.55999755859375,140.14990234375,182602000,158.3005060206809,170.9005091371643,145.7005029041975,25.200006232966814,6.3000015582417035,0.0,False,False,False,False
2022-05-13 00:00:00-04:00,144.58999633789062,148.10000610351562,143.11000061035156,147.11000061035156,144.6230010986328,113990900,157.13918821948013,169.58719273329956,144.6911837056607,24.896009027638854,6.2240022569097135,0.09715681344771179,False,False,False,False
2022-05-16 00:00:00-04:00,145.5500030517578,147.52000427246094,144.17999267578125,145.5399932861328,143.0795440673828,86643800,156.05418585681142,167.92539223858486,144.18297947503797,23.742412763546895,5.935603190886724,0.05715568272734046,False,False,False,False
2022-05-17 00:00:00-04:00,148.86000061035156,149.77000427246094,146.67999267578125,149.24000549316406,146.71701049804688,78336300,155.34077140827085,166.87085934913256,143.81068346740915,23.06017588172341,5.7650439704308525,0.2354414837771459,True,False,False,False
2022-05-18 00:00:00-04:00,146.85000610351562,147.36000061035156,139.89999389648438,140.82000732421875,138.4393310546875,109742900,154.13625355450077,166.38133502061225,141.89117208838928,24.490162932222972,6.122540733055743,0.0,False,False,False,False
2022-05-19 00:00:00-04:00,139.8800048828125,141.66000366210938,136.60000610351562,137.35000610351562,135.02801513671875,136095600,152.65057911658454,164.68315194780362,140.61800628536545,24.06514566243817,6.016286415609542,0.0,False,False,False,False
2022-05-20 00:00:00-04:00,139.08999633789062,140.6999969482422,132.61000061035156,137.58999633789062,135.263916015625,137426100,151.15687297521092,163.60418779088621,138.70955815953562,24.894629631350597,6.223657407837649,0.0,False,False,False,False
2022-05-23 00:00:00-04:00,137.7899932861328,143.25999450683594,137.64999389648438,143.11000061035156,140.69064331054688,117726300,150.22193234308517,162.55851531098202,137.88534937518833,24.67316593579369,6.168291483948423,0.21175439133993604,True,False,False,False
2022-05-24 00:00:00-04:00,140.80999755859375,141.97000122070312,137.3300018310547,140.36000061035156,137.9871063232422,104132700,149.23762144254084,161.49654586950737,136.9786970155743,24.51784885393306,6.129462213483265,0.13791191939071093,False,False,False,False
2022-05-25 00:00:00-04:00,138.42999267578125,141.7899932861328,138.33999633789062,140.52000427246094,138.14443969726562,92482700,148.3784826986952,160.1015140726135,136.6554513247769,23.446062747836606,5.861515686959152,0.16482737375769554,False,False,False,False
2022-05-26 00:00:00-04:00,137.38999938964844,144.33999633789062,137.13999938964844,143.77999877929688,141.3492889404297,90601500,147.74751591808408,159.738243544259,135.75678829190915,23.98145525234986,5.995363813087465,0.33455894994535673,True,False,False,False
2022-05-27 00:00:00-04:00,145.38999938964844,149.67999267578125,145.25999450683594,149.63999938964844,147.11024475097656,90978500,147.7899742932591,159.7616279361134,135.8183206504048,23.943307285708613,5.985826821427153,0.57726689860818,False,False,True,False
2022-05-31 00:00:00-04:00,149.07000732421875,150.66000366210938,146.83999633789062,148.83999633789062,146.32376098632812,103718400,147.8842623395484,159.422752082961,136.3457725961358,23.076979486825223,5.769244871706306,0.5414150386920377,False,False,False,False
2022-06-01 00:00:00-04:00,149.89999389648438,151.74000549316406,147.67999267578125,148.7100067138672,146.19595336914062,74286600,148.02639623999815,159.22303957254607,136.82975290745023,22.393286665095843,5.598321666273961,0.530527473885045,False,False,False,False
2022-06-02 00:00:00-04:00,147.8300018310547,151.27000427246094,146.86000061035156,151.2100067138672,148.6536865234375,72348100,148.19340649005167,159.15238622176668,137.23442675833667,21.91795946343001,5.479489865857502,0.6376314354832482,False,False,False,False
2022-06-03 00:00:00-04:00,146.89999389648438,147.97000122070312,144.4600067138672,145.3800048828125,142.92225646972656,88570300,147.9784792947256,159.19156105326908,136.7653975361821,22.42616351708699,5.606540879271748,0.38413201348802917,False,False,False,True
2022-06-06 00:00:00-04:00,147.02999877929688,148.57000732421875,144.89999389648438,146.13999938964844,143.6693878173828,71598400,147.84116382571526,158.6669400939513,137.01538755747922,21.65155253647208,5.41288813411802,0.4214299097858593,False,False,False,False
2022-06-07 00:00:00-04:00,144.35000610351562,149.0,144.10000610351562,148.7100067138672,146.19595336914062,67808200,147.7867676777863,158.5099650984956,137.06357025707698,21.446394841418623,5.361598710354656,0.5430486822101159,False,False,True,False
2022-06-08 00:00:00-04:00,148.5800018310547,149.8699951171875,147.4600067138672,147.9600067138672,145.45864868164062,53950200,147.84802817021688,157.9809035295193,137.71515281091445,20.265750718604863,5.066437679651216,0.5055255068122153,False,False,False,False
2022-06-09 00:00:00-04:00,147.0800018310547,147.9499969482422,142.52999877929688,142.63999938964844,140.22857666015625,69473000,147.51710469740854,157.7226941076948,137.3115152871223,20.411178820572502,5.1027947051431255,0.26105714664336527,False,False,False,True
2022-06-10 00:00:00-04:00,140.27999877929688,140.75999450683594,137.05999755859375,137.1300048828125,134.81170654296875,91437900,146.64087240712334,156.9419032425919,136.33984157165477,20.602061670937132,5.150515417734283,0.038353603817835015,False,False,False,False
2022-06-13 00:00:00-04:00,132.8699951171875,135.1999969482422,131.44000244140625,131.8800048828125,129.65048217773438,122207100,145.32650374207861,155.73543198228157,134.91757550187566,20.817856480405908,5.204464120101477,0.0,False,False,False,False
2022-06-14 00:00:00-04:00,133.1300048828125,133.88999938964844,131.47999572753906,132.75999450683594,130.51559448242188,84784300,144.12493162772265,153.9749677763272,134.2748954791181,19.70007229720909,4.9250180743022725,0.0,False,False,False,False
2022-06-15 00:00:00-04:00,134.2899932861328,137.33999633789062,132.16000366210938,135.42999267578125,133.1404571533203,91533000,143.25366806558338,153.1546991344837,133.35263699668306,19.802062137800647,4.950515534450162,0.1049060276976242,False,False,False,False
2022-06-16 00:00:00-04:00,132.0800018310547,132.38999938964844,129.0399932861328,130.05999755859375,127.86123657226562,108123900,142.038715241381,152.227643081321,131.849787401441,20.377855679879985,5.094463919969996,0.0,False,False,False,False
2022-06-17 00:00:00-04:00,130.07000732421875,133.0800018310547,129.80999755859375,131.55999755859375,129.33587646484375,134520300,141.0334406770667,150.85747658750486,131.20940476662852,19.64807182087634,4.912017955219085,0.017843623290948938,False,False,False,False
2022-06-21 00:00:00-04:00,133.4199981689453,137.05999755859375,133.32000732421875,135.8699951171875,133.57302856445312,81000500,140.49850981893337,150.44014213832773,130.556877499539,19.883264638788717,4.970816159697179,0.26721555610558734,True,False,False,False
2022-06-22 00:00:00-04:00,134.7899932861328,137.75999450683594,133.91000366210938,135.35000610351562,133.06182861328125,73409200,140.03896933689086,149.75643659329108,130.32150208049063,19.434934512800453,4.858733628200113,0.2587353211667919,False,False,False,False
2022-06-23 00:00:00-04:00,136.82000732421875,138.58999633789062,135.6300048828125,138.27000427246094,135.93246459960938,72433800,139.79684544744615,149.19056402508136,130.40312686981093,18.787437155270425,4.696859288817606,0.418730736802125,False,False,False,False
2022-06-24 00:00:00-04:00,139.89999389648438,141.91000366210938,139.77000427246094,141.66000366210938,139.26515197753906,89116800,139.92222561425064,149.104572212052,130.73987901644927,18.36469319560274,4.591173298900685,0.5946260321013604,False,False,True,False
2022-06-27 00:00:00-04:00,142.6999969482422,143.49000549316406,140.97000122070312,141.66000366210938,139.26515197753906,70207900,140.1239187422895,148.89203153480292,131.35580594977608,17.53622558502684,4.38405639625671,0.5875949566440023,False,False,False,False
2022-06-28 00:00:00-04:00,142.1300048828125,143.4199981689453,137.32000732421875,137.44000244140625,135.1165008544922,67083400,140.0543394314229,149.1656391136303,130.9430397492155,18.222599364414805,4.555649841103701,0.35653325643969624,False,False,False,True
2022-06-29 00:00:00-04:00,137.4600067138672,140.6699981689453,136.6699981689453,139.22999572753906,136.87620544433594,66242400,139.94027510669787,148.94044482068452,130.94010539271122,18.0003394279733,4.500084856993325,0.46054077857804165,False,False,False,False
2022-06-30 00:00:00-04:00,137.25,138.3699951171875,133.77000427246094,136.72000122070312,134.4086456298828,98964500,139.5923124174997,148.7844634511033,130.4001613838961,18.384302067207216,4.596075516801804,0.34376283710437805,False,False,False,False
2022-07-01 00:00:00-04:00,136.0399932861328,139.0399932861328,135.66000366210938,138.92999267578125,136.58126831054688,71051600,139.42891725469096,148.3778511097389,130.479983399643,17.89786771009591,4.474466927523977,0.47212379781820196,False,False,False,False
2022-07-05 00:00:00-04:00,137.77000427246094,141.61000061035156,136.92999267578125,141.55999755859375,139.16683959960938,73353800,139.48648040010855,148.47652245656576,130.49643834365133,17.980084112914426,4.4950210282286065,0.6153229954578395,False,False,True,False
2022-07-06 00:00:00-04:00,141.35000610351562,144.1199951171875,141.0800018310547,142.9199981689453,140.50384521484375,74064300,139.7931646514375,148.49220115947557,131.09412814339944,17.398073016076125,4.349518254019031,0.679722979356309,False,False,False,False
2022-07-07 00:00:00-04:00,143.2899932861328,146.5500030517578,143.27999877929688,146.35000610351562,143.8758544921875,66253700,140.32651430160442,148.88164813540118,131.77138046780766,17.11026766759352,4.27756691689838,0.8520396009537344,False,False,False,False
2022-07-08 00:00:00-04:00,145.25999450683594,147.5500030517578,145.0,147.0399932861328,144.55416870117188,64547800,140.91732234709895,149.12694340786757,132.70770128633032,16.419242121537252,4.104810530384313,0.8728960748439607,False,False,False,False
2022-07-11 00:00:00-04:00,145.6699981689453,146.63999938964844,143.77999877929688,144.8699951171875,142.4208984375,63141600,141.3153549263001,149.35601278235907,133.27469707024113,16.08131571211794,4.020328928029485,0.7210416270982621,False,True,False,False
2022-07-12 00:00:00-04:00,145.75999450683594,148.4499969482422,145.0500030517578,145.86000061035156,143.39413452148438,77588800,141.80468622253665,149.75727865920064,133.85209378587265,15.905184873327983,3.9762962183319956,0.75496807614072,False,False,False,False
2022-07-13 00:00:00-04:00,142.99000549316406,146.4499969482422,142.1199951171875,145.49000549316406,143.03042602539062,71185600,142.07916047304408,150.10249403225262,134.05582691383555,16.046667118417076,4.011666779604269,0.7125578473678988,False,False,False,False
2022-07-14 00:00:00-04:00,144.0800018310547,148.9499969482422,143.25,148.47000122070312,145.95997619628906,78140700,142.5373356079588,150.8983352008949,134.17633601502268,16.72199918587222,4.180499796468055,0.8547820775973134,False,False,False,False
2022-07-15 00:00:00-04:00,149.77999877929688,150.86000061035156,148.1999969482422,150.1699981689453,147.63125610351562,76259900,143.22362096997983,151.28052133604422,135.16672060391545,16.113800732128766,4.0284501830321915,0.931082481063287,False,False,False,False
2022-07-18 00:00:00-04:00,150.74000549316406,151.57000732421875,146.6999969482422,147.07000732421875,144.5836944580078,81420900,143.72105426162238,151.94626666627565,135.49584185696912,16.450424809306526,4.112606202326631,0.7035785155348545,False,True,False,False
2022-07-19 00:00:00-04:00,147.9199981689453,151.22999572753906,146.91000366210938,151.0,148.44725036621094,82982400,144.291747487171,152.55843706444486,136.02505790989713,16.53337915454773,4.133344788636933,0.9057399549192465,False,False,False,False
2022-07-20 00:00:00-04:00,151.1199951171875,153.72000122070312,150.3699951171875,153.0399932861328,150.4527587890625,64823400,145.06173946058402,153.17176130083362,136.95171762033442,16.220043680499202,4.055010920124801,0.9918762231904942,False,False,False,False
2022-07-21 00:00:00-04:00,154.5,155.57000732421875,151.94000244140625,155.35000610351562,152.7237091064453,65086600,145.94030446018365,153.9653250929708,137.9152838273965,16.050041265574293,4.012510316393573,1.0,False,False,False,False
2022-07-22 00:00:00-04:00,155.38999938964844,156.27999877929688,153.41000366210938,154.08999633789062,151.48501586914062,66675400,146.7644024093502,154.56092000229614,138.96788481640425,15.593035185891893,3.898258796472973,0.9697991020483558,False,False,False,False
2022-07-25 00:00:00-04:00,154.00999450683594,155.0399932861328,152.27999877929688,152.9499969482422,150.3642578125,53623900,147.39858595810009,154.96745069311862,139.82972122308155,15.137729470037073,3.784432367509268,0.8667267935478904,False,False,False,False
2022-07-26 00:00:00-04:00,152.25999450683594,153.08999633789062,150.8000030517578,151.60000610351562,149.037109375,55138700,147.82062556504815,155.09060248379137,140.55064864630492,14.53995383748645,3.6349884593716126,0.7599307109712824,False,True,False,False
2022-07-27 00:00:00-04:00,152.5800018310547,157.3300018310547,152.16000366210938,156.7899932861328,154.13934326171875,78620700,148.54501039311648,156.23398876549322,140.85603202073975,15.377956744753476,3.844489186188369,1.0,False,False,False,False
2022-07-28 00:00:00-04:00,156.97999572753906,157.63999938964844,154.41000366210938,157.35000610351562,154.68988037109375,81378700,149.2994541383839,156.8655338190308,141.73337445773703,15.132159361293759,3.7830398403234398,1.0,False,False,False,False
2022-07-29 00:00:00-04:00,161.24000549316406,163.6300048828125,159.5,162.50999450683594,159.76266479492188,101786900,150.4976013439235,158.56307281236505,142.43212987548193,16.130942936883116,4.032735734220779,1.0,False,False,False,False
2022-08-01 00:00:00-04:00,161.00999450683594,163.58999633789062,160.88999938964844,161.50999450683594,158.77955627441406,67829400,151.59275011226015,159.39167382350598,143.79382640101431,15.597847422491668,3.899461855622917,1.0,False,False,False,False
2022-08-02 00:00:00-04:00,160.10000610351562,162.41000366210938,159.6300048828125,160.00999450683594,157.30491638183594,59907000,152.45852003971973,160.03355113570035,144.8834889437391,15.15006219196124,3.78751554799031,0.9984451133885832,False,False,False,False
2022-08-03 00:00:00-04:00,160.83999633789062,166.58999633789062,160.75,166.1300048828125,163.3214874267578,82507500,153.6043753127846,161.73790366537813,145.4708469601911,16.26705670518703,4.066764176296758,1.0,False,False,False,False
2022-08-04 00:00:00-04:00,166.00999450683594,167.19000244140625,164.42999267578125,165.80999755859375,163.00686645507812,55474100,154.76681552667122,162.63899299713037,146.89463805621207,15.7443549409183,3.936088735229575,1.0,False,False,False,False
2022-08-05 00:00:00-04:00,163.2100067138672,165.85000610351562,163.0,165.35000610351562,162.7804412841797,56697000,155.71600808625908,163.37096903037545,148.0610471421427,15.309921888232736,3.827480472058184,1.0,False,False,False,False
2022-08-08 00:00:00-04:00,166.3699951171875,167.80999755859375,164.1999969482422,164.8699951171875,162.3079071044922,60276900,156.6598800026161,164.27134497439113,149.04841503084106,15.22292994355007,3.8057324858875177,1.0,False,False,False,False
2022-08-09 00:00:00-04:00,164.02000427246094,165.82000732421875,163.25,164.9199981689453,162.3571014404297,63135500,157.42211382754675,164.78643376698804,150.05779388810546,14.728639878882575,3.6821599697206437,1.0,False,False,False,False
2022-08-10 00:00:00-04:00,167.67999267578125,169.33999633789062,166.89999389648438,169.24000549316406,166.61001586914062,70170500,158.47651554960703,165.98840312889325,150.9646279703208,15.023775158572448,3.755943789643112,1.0,False,False,False,False
2022-08-11 00:00:00-04:00,170.05999755859375,170.99000549316406,168.19000244140625,168.49000549316406,165.87164306640625,57149200,159.5000224314773,166.82072186318646,152.17932299976815,14.641398863418317,3.6603497158545792,1.0,False,False,False,False
2022-08-12 00:00:00-04:00,169.82000732421875,172.1699981689453,169.39999389648438,172.10000610351562,169.42556762695312,68039400,160.61652817352535,167.94115619721984,153.29190014983087,14.649256047388974,3.6623140118472435,1.0,False,False,False,False
2022-08-15 00:00:00-04:00,171.52000427246094,173.38999938964844,171.35000610351562,173.19000244140625,170.49859619140625,54091700,161.7619384406363,168.7621023191879,154.7617745620847,14.000327757103207,3.500081939275802,1.0,False,False,False,False
2022-08-16 00:00:00-04:00,172.77999877929688,173.7100067138672,171.66000366210938,173.02999877929688,170.34104919433594,56377100,162.81318268931454,169.52333079036256,156.10303458826652,13.42029620209604,3.35507405052401,1.0,False,False,False,False
2022-08-17 00:00:00-04:00,172.77000427246094,176.14999389648438,172.57000732421875,174.5500030517578,171.8374481201172,79542000,163.91891145771194,170.6740420631083,157.1637808523156,13.510261210792692,3.377565302698173,1.0,False,False,False,False
2022-08-18 00:00:00-04:00,173.75,174.89999389648438,173.1199951171875,174.14999389648438,171.4436798095703,62290100,164.88441141126813,171.3200287119842,158.44879411055206,12.87123460143215,3.2178086503580374,1.0,False,False,False,False
2022-08-19 00:00:00-04:00,173.02999877929688,173.74000549316406,171.30999755859375,171.52000427246094,168.8545684814453,70346300,165.580181985567,171.9402368237896,159.2201271473444,12.72010967644519,3.1800274191112976,0.9669631345941266,False,False,False,False
2022-08-22 00:00:00-04:00,169.69000244140625,169.86000061035156,167.13999938964844,167.57000732421875,164.9659423828125,69026800,165.82873631469457,172.4287866456574,159.22868598373174,13.20010066192566,3.300025165481415,0.6319134644591539,False,True,False,False
2022-08-23 00:00:00-04:00,167.0800018310547,168.7100067138672,166.64999389648438,167.22999572753906,164.63124084472656,54147100,165.99076131132335,172.34280917266648,159.63871344998023,12.704095722686247,3.176023930671562,0.5975460546950032,False,False,False,False
2022-08-24 00:00:00-04:00,167.32000732421875,168.11000061035156,166.25,167.52999877929688,164.9265594482422,53841500,166.11513323055124,172.20397642783036,160.02629003327212,12.177686394558236,3.044421598639559,0.61618508663336,False,False,False,False
2022-08-25 00:00:00-04:00,168.77999877929688,170.13999938964844,168.35000610351562,170.02999877929688,167.38772583007812,51218200,166.43813655057687,172.44009555019838,160.43617755095536,12.003917999243015,3.0009794998107537,0.799224155725365,False,False,False,False
2022-08-26 00:00:00-04:00,170.57000732421875,171.0500030517578,163.55999755859375,163.6199951171875,161.07733154296875,78961000,166.40371071171364,173.30347491000583,159.50394651342145,13.799528396584378,3.4498820991460946,0.29827458486080144,False,False,False,True
2022-08-29 00:00:00-04:00,161.14999389648438,162.89999389648438,159.82000732421875,161.3800048828125,158.8721466064453,73314000,165.9239924249954,172.8937777620521,158.95420708793867,13.93957067411344,3.48489266852836,0.17402241802028176,False,False,False,False
2022-08-30 00:00:00-04:00,162.1300048828125,162.55999755859375,157.72000122070312,158.91000366210938,156.44053649902344,77906200,165.3340884620246,172.57489453295375,158.09328239109544,14.481612141858307,3.6204030354645766,0.0563971236774975,False,False,False,False
2022-08-31 00:00:00-04:00,160.30999755859375,160.5800018310547,157.13999938964844,157.22000122070312,154.77679443359375,87991100,164.66544519393992,171.8701711460574,157.46071924182243,14.40945190423497,3.6023629760587426,0.0,False,False,False,False
2022-09-01 00:00:00-04:00,156.63999938964844,158.4199981689453,154.6699981689453,157.9600067138672,155.50531005859375,74229900,163.93699019298558,171.17124354989133,156.70273683607982,14.468506713811507,3.617126678452877,0.08689700344730025,False,False,False,False
2022-09-02 00:00:00-04:00,159.75,160.36000061035156,154.97000122070312,155.80999755859375,153.38870239257812,76957800,163.28076888538848,170.86959678453334,155.69194098624362,15.17765579828972,3.79441394957243,0.0077783139846556906,False,False,False,False
2022-09-06 00:00:00-04:00,156.47000122070312,157.08999633789062,153.69000244140625,154.52999877929688,152.12860107421875,73714800,162.50196542197352,170.01190931050078,154.99202153344626,15.019887777054521,3.7549719442636302,0.0,False,False,False,False
2022-09-07 00:00:00-04:00,154.82000732421875,156.6699981689453,153.61000061035156,155.9600067138672,153.53636169433594,87449600,161.82685777839396,169.19780678978722,154.4559087670007,14.741898022786529,3.6854745056966323,0.10202878520402274,False,False,False,False
2022-09-08 00:00:00-04:00,154.63999938964844,156.36000061035156,152.67999267578125,154.4600067138672,152.05967712402344,84923800,161.1290617994993,168.49891749666733,153.7592061023313,14.739711394336041,3.6849278485840102,0.04754507010260662,False,False,False,False
2022-09-09 00:00:00-04:00,155.47000122070312,157.82000732421875,154.75,157.3699951171875,154.9244384765625,68028800,160.70216710244878,168.0070373519703,153.39729685292727,14.609740499043028,3.652435124760757,0.2719212065758767,True,False,False,False
2022-09-12 00:00:00-04:00,159.58999633789062,164.25999450683594,159.3000030517578,163.42999267578125,160.89027404785156,104956000,160.85719849695764,168.8095815994567,152.90481539445858,15.904766204998111,3.976191551249528,0.6617624645130028,False,False,True,False
2022-09-13 00:00:00-04:00,159.89999389648438,160.5399932861328,153.3699951171875,153.83999633789062,151.4493408203125,122656600,160.38667117157155,169.55581547553945,151.21752686760365,18.338288607935795,4.584572151983949,0.14300513675807858,False,False,False,True
2022-09-14 00:00:00-04:00,154.7899932861328,157.10000610351562,153.61000061035156,155.30999755859375,152.8964385986328,87965400,159.90603595753174,168.85626692973565,150.95580498532783,17.900461944407823,4.475115486101956,0.24324470434273832,True,False,False,False
2022-09-15 00:00:00-04:00,154.64999389648438,155.24000549316406,151.3800048828125,152.3699951171875,150.0021514892578,90481100,159.2480009613593,168.0892073714991,150.40679455121952,17.68241282027958,4.420603205069895,0.11102560413680806,False,False,False,False
2022-09-16 00:00:00-04:00,151.2100067138672,151.35000610351562,148.3699951171875,150.6999969482422,148.3580780029297,162278800,158.380572240244,167.1376580093698,149.62348647111818,17.514171538251617,4.378542884562904,0.061465109826797315,False,False,False,False
2022-09-19 00:00:00-04:00,149.30999755859375,154.55999755859375,149.10000610351562,154.47999572753906,152.07936096191406,81474200,157.84083518211435,166.81421066534318,148.8674596988855,17.94675096645767,4.486687741614418,0.31273270795049946,True,False,False,False
2022-09-20 00:00:00-04:00,153.39999389648438,158.0800018310547,153.0800018310547,156.89999389648438,154.46173095703125,107689800,157.6674222301223,166.74346016502827,148.59138429521633,18.152075869811938,4.5380189674529845,0.45772228261153286,False,False,False,False
2022-09-21 00:00:00-04:00,157.33999633789062,158.74000549316406,153.60000610351562,153.72000122070312,151.33114624023438,101696800,157.44703321828155,166.6434672376266,148.2505991989365,18.392868038690096,4.598217009672524,0.2973653706567965,False,False,False,False
2022-09-22 00:00:00-04:00,152.3800048828125,154.47000122070312,150.91000366210938,152.74000549316406,150.3664093017578,86652500,156.99557006657145,165.98436019570073,148.00677993744216,17.97758025825857,4.494395064564642,0.263284907519606,False,False,False,False
2022-09-23 00:00:00-04:00,151.19000244140625,151.47000122070312,148.55999755859375,150.42999267578125,148.09228515625,96029900,156.34392820166238,165.2698409047928,147.41801549853196,17.851825406260843,4.462956351565211,0.1687209631902941,False,False,False,False
2022-09-26 00:00:00-04:00,149.66000366210938,153.77000427246094,149.63999938964844,150.77000427246094,148.42703247070312,93339400,155.87244322799836,164.73176563737826,147.01312081861846,17.7186448187598,4.42966120468995,0.21202995445028827,True,False,False,False
2022-09-27 00:00:00-04:00,152.74000549316406,154.72000122070312,149.9499969482422,151.75999450683594,149.401611328125,84442700,155.51728967218205,164.44468069511612,146.58989864924797,17.85478204586815,4.463695511467037,0.2895636499121758,False,False,False,False
2022-09-28 00:00:00-04:00,147.63999938964844,150.63999938964844,144.83999633789062,149.83999633789062,147.511474609375,146691400,154.84326183246407,164.2619133868938,145.42461027803432,18.837303108859487,4.709325777214872,0.23439587048847113,False,False,False,False
2022-09-29 00:00:00-04:00,146.10000610351562,146.72000122070312,140.67999267578125,142.47999572753906,140.26583862304688,128138200,153.74326831267456,164.0520554440832,143.4344811812659,20.6175742628173,5.154393565704325,0.0,False,False,False,False
2022-09-30 00:00:00-04:00,141.27999877929688,143.10000610351562,138.0,138.1999969482422,136.0523681640625,124925300,152.41216349088836,162.71007312985927,142.11425385191745,20.595819277941814,5.1489548194854535,0.0,False,False,False,False
2022-10-03 00:00:00-04:00,138.2100067138672,143.07000732421875,137.69000244140625,142.4499969482422,140.23631286621094,114311700,151.33195765727572,161.67607730891203,140.98783800563942,20.68823930327261,5.1720598258181525,0.07067585216744256,False,False,False,False
2022-10-04 00:00:00-04:00,145.02999877929688,146.22000122070312,144.25999450683594,146.10000610351562,143.82960510253906,87830100,150.77907285915597,160.84278140012086,140.7153643181911,20.127417081929764,5.031854270482441,0.26752770926373964,True,False,False,False
2022-10-05 00:00:00-04:00,144.07000732421875,147.3800048828125,143.00999450683594,146.39999389648438,144.12490844726562,79471000,150.28551015149452,160.2168499135582,140.35417038943083,19.862679524127373,4.965669881031843,0.3043810629733831,False,False,False,False
2022-10-06 00:00:00-04:00,145.80999755859375,147.5399932861328,145.22000122070312,145.42999267578125,143.16998291015625,68402200,149.88339766667337,159.28560186561663,140.48119346773012,18.804408397886505,4.701102099471626,0.2631722893556886,False,False,False,False
2022-10-07 00:00:00-04:00,142.5399932861328,143.10000610351562,139.4499969482422,140.08999633789062,137.9129638671875,85925600,149.02593120285206,158.68391412740883,139.3679482782953,19.315965849113525,4.828991462278381,0.03738089336228872,False,False,False,False
2022-10-10 00:00:00-04:00,140.4199981689453,141.88999938964844,138.57000732421875,140.4199981689453,138.2378692626953,74899000,148.19425537028877,157.55043841547578,138.83807232510176,18.71236609037402,4.678091522593505,0.0845390602237801,False,False,False,False
2022-10-11 00:00:00-04:00,139.89999389648438,141.35000610351562,138.22000122070312,138.97999572753906,136.8202362060547,77033700,147.36781844777738,156.4143841650082,138.32125273054658,18.09313143446161,4.523282858615403,0.036408456953879904,False,False,False,False
2022-10-12 00:00:00-04:00,139.1300048828125,140.36000061035156,138.16000366210938,138.33999633789062,136.19020080566406,70433700,146.56643893244467,155.14834746760084,137.9845303972885,17.163817070312348,4.290954267578087,0.020710191628467486,False,False,False,False
2022-10-13 00:00:00-04:00,134.99000549316406,143.58999633789062,134.3699951171875,142.99000549316406,140.76791381835938,113224000,145.9712224292989,155.5389403550801,136.40350450351772,19.135435851562363,4.783858962890591,0.3442043881696359,True,False,False,False
2022-10-14 00:00:00-04:00,144.30999755859375,144.52000427246094,138.19000244140625,138.3800048828125,136.2295684814453,88598000,145.43713812164123,155.31408462105523,135.56019162222722,19.753892998828007,4.938473249707002,0.14274721751062316,False,False,False,False
2022-10-17 00:00:00-04:00,141.07000732421875,142.89999389648438,140.27000427246094,142.41000366210938,140.19692993164062,85250900,145.09645835866124,154.88970801086822,135.30320870645426,19.586499304413962,4.896624826103491,0.3628415085922756,True,False,False,False
2022-10-18 00:00:00-04:00,145.49000549316406,146.6999969482422,140.61000061035156,143.75,141.51611328125,99136600,144.96219240572822,154.99411636029262,134.9302684511638,20.06384790912881,5.015961977282203,0.4395832538594611,False,False,False,False
2022-10-19 00:00:00-04:00,141.69000244140625,144.9499969482422,141.5,143.86000061035156,141.62440490722656,61758300,144.81690416259835,154.53563511135474,135.09817321384196,19.437461897512776,4.859365474378194,0.45077013875102534,False,False,False,False
2022-10-20 00:00:00-04:00,143.02000427246094,145.88999938964844,142.64999389648438,143.38999938964844,141.1616973876953,64522000,144.7368813114233,154.13174026393688,135.34202235890973,18.789717905027146,4.6974294762567865,0.4283181403476786,False,False,False,False
2022-10-21 00:00:00-04:00,142.8699951171875,147.85000610351562,142.64999389648438,147.27000427246094,144.98141479492188,86548600,144.84987687771508,154.34525237638354,135.3545013790466,18.99075099733693,4.747687749334233,0.6274371611257099,False,False,True,False
2022-10-24 00:00:00-04:00,147.19000244140625,150.22999572753906,146.0,149.4499969482422,147.12753295898438,75981900,145.20322170446542,154.59505879877486,135.81138461015598,18.783674188618875,4.695918547154719,0.7260886342646377,False,False,False,False
2022-10-25 00:00:00-04:00,150.08999633789062,152.49000549316406,149.36000061035156,152.33999633789062,149.97262573242188,74732300,145.7930736831324,154.8717280445734,136.71441932169142,18.157308722881965,4.539327180720491,0.8605667973529437,False,False,False,False
2022-10-26 00:00:00-04:00,150.9600067138672,151.99000549316406,148.0399932861328,149.35000610351562,147.02908325195312,88194300,146.17405094768526,155.20484048333373,137.1432614120368,18.061579071296933,4.515394767824233,0.675840392653017,False,True,False,False
2022-10-27 00:00:00-04:00,148.07000732421875,149.0500030517578,144.1300048828125,144.8000030517578,142.5498046875,109180200,146.15684009509073,155.32855092131496,136.9851292688665,18.343421652448455,4.585855413112114,0.4260314095679195,False,False,False,True
2022-10-28 00:00:00-04:00,148.1999969482422,157.5,147.82000732421875,155.74000549316406,153.31979370117188,164762400,146.87396684214184,157.6685059753921,136.0794277088916,21.589078266500508,5.397269566625127,0.9106724030353598,False,False,True,False
2022-10-31 00:00:00-04:00,153.16000366210938,154.24000549316406,151.9199981689453,153.33999633789062,150.9570770263672,97943200,147.4732715873347,157.95235827210365,136.99418490256573,20.958173369537917,5.239543342384479,0.779925385056841,False,True,False,False
2022-11-01 00:00:00-04:00,155.0800018310547,155.4499969482422,149.1300048828125,150.64999389648438,148.30889892578125,80379300,147.87994399893898,158.575120428317,137.18476756956096,21.390352858756046,5.3475882146890115,0.6294999627091932,False,False,False,False
2022-11-02 00:00:00-04:00,148.9499969482422,152.1699981689453,145.0,145.02999877929688,142.77621459960938,93604600,147.83423494977788,158.89389337000716,136.7745765295486,22.119316840458566,5.529829210114642,0.3732222974738641,False,False,False,True
2022-11-03 00:00:00-04:00,142.05999755859375,142.8000030517578,138.75,138.8800048828125,136.7218017578125,97918500,147.10176838105522,158.31146071512094,135.8920760469895,22.419384668131443,5.604846167032861,0.13327434628793625,False,False,False,False
2022-11-04 00:00:00-04:00,142.08999633789062,142.6699981689453,134.3800048828125,138.3800048828125,136.45555114746094,140814800,146.28033037443316,158.0270521323189,134.53360861654744,23.493443515771446,5.8733608789428615,0.16372211522261204,False,False,False,False
2022-11-07 00:00:00-05:00,137.11000061035156,139.14999389648438,135.6699981689453,138.9199981689453,136.988037109375,83374600,145.4834732033562,156.75152193096116,134.21542447575123,22.536097455209926,5.634024363802482,0.20875724834543027,True,False,False,False
2022-11-08 00:00:00-05:00,140.41000366210938,141.42999267578125,137.49000549316406,139.5,137.55996704101562,89908500,144.91107887189196,155.84032016325986,133.98183758052406,21.858482582735803,5.464620645683951,0.25244947349795815,False,False,False,False
2022-11-09 00:00:00-05:00,138.5,138.5500030517578,134.58999633789062,134.8699951171875,132.9943389892578,74917800,144.06272197954783,154.8810398742008,133.24440408489485,21.636635789305956,5.409158947326489,0.07513141359508882,False,False,False,False
2022-11-10 00:00:00-05:00,141.24000549316406,146.8699951171875,139.5,146.8699951171875,144.8274383544922,118854000,144.0961132270314,156.23259933221908,131.9596271218437,24.27297221037537,6.068243052593843,0.6142786250531949,True,False,True,False
2022-11-11 00:00:00-05:00,145.82000732421875,150.00999450683594,144.3699951171875,149.6999969482422,147.61810302734375,93979700,144.47045122357653,156.52128859617514,132.41961385097792,24.101674745197215,6.025418686299304,0.7169785203705712,False,False,False,False
2022-11-14 00:00:00-05:00,148.97000122070312,150.27999877929688,147.42999267578125,148.27999877929688,146.21786499023438,73374100,144.86977301924782,156.2855278752897,133.45401816320594,22.831509712083744,5.707877428020936,0.6493648822637502,False,False,False,False
2022-11-15 00:00:00-05:00,152.22000122070312,153.58999633789062,148.55999755859375,150.0399932861328,147.953369140625,89868300,145.42788946765648,156.7640683498129,134.09171058550007,22.672357764312835,5.668089441078209,0.7034240931808141,False,False,False,False
2022-11-16 00:00:00-05:00,149.1300048828125,149.8699951171875,147.2899932861328,148.7899932861328,146.72079467773438,64218300,145.73475655611628,156.48731755005707,134.9821955621755,21.50512198788158,5.376280496970395,0.6420701882899431,False,False,False,False
2022-11-17 00:00:00-05:00,146.42999267578125,151.47999572753906,146.14999389648438,150.72000122070312,148.62393188476562,80389400,146.088588974414,156.83189423517163,135.34528371365636,21.486610521515274,5.371652630378819,0.7155487596171365,False,False,False,False
2022-11-18 00:00:00-05:00,152.30999755859375,152.6999969482422,149.97000122070312,151.2899932861328,149.18600463867188,74829600,146.58681832463103,156.8017922048207,136.37184444444134,20.429947760379378,5.107486940094844,0.7302098378647274,False,False,False,False
2022-11-21 00:00:00-05:00,150.16000366210938,150.3699951171875,147.72000122070312,148.00999450683594,145.95162963867188,58724100,146.7880734316416,156.69554833689827,136.88059852638494,19.814949810513326,4.9537374526283315,0.5616666247898346,False,False,False,False
2022-11-22 00:00:00-05:00,148.1300048828125,150.4199981689453,146.92999267578125,150.17999267578125,148.0914764404297,51804100,147.0155579784855,156.63028649184932,137.4008294651217,19.22945702672763,4.8073642566819075,0.6645618330719062,False,False,False,False
2022-11-23 00:00:00-05:00,149.4499969482422,151.8300018310547,149.33999633789062,151.07000732421875,148.9690704345703,58301400,147.37090183746034,156.52215859812057,138.2196450768001,18.302513521320463,4.575628380330116,0.7021091519724518,False,False,False,False
2022-11-25 00:00:00-05:00,148.30999755859375,148.8800048828125,147.1199951171875,148.11000061035156,146.05023193359375,35195900,147.4343080310467,156.46044155704718,138.40817450504622,18.052267052000957,4.513066763000239,0.5374297908045832,False,False,False,False
2022-11-28 00:00:00-05:00,145.13999938964844,146.63999938964844,143.3800048828125,144.22000122070312,142.21434020996094,69246000,147.1783423612062,156.24786168011443,138.10882304229798,18.13903863781644,4.53475965945411,0.3369075010218291,False,False,False,True
2022-11-29 00:00:00-05:00,144.2899932861328,144.80999755859375,140.35000610351562,141.1699981689453,139.20675659179688,83763800,146.69564314683907,155.75020882487212,137.64107746880603,18.109131356066086,4.527282839016522,0.19486968373870592,False,False,False,False
2022-11-30 00:00:00-05:00,141.39999389648438,148.72000122070312,140.5500030517578,148.02999877929688,145.97132873535156,111380900,146.60716929322766,156.39027803724645,136.82406054920887,19.56621748803758,4.891554372009395,0.5727186788626422,True,False,True,False
2022-12-01 00:00:00-05:00,148.2100067138672,149.1300048828125,146.61000061035156,148.30999755859375,146.2474365234375,71250400,146.7414072351983,156.0502059593074,137.4326085110892,18.61759744821819,4.654399362054548,0.5842531012800246,False,False,False,False
2022-12-02 00:00:00-05:00,145.9600067138672,148.0,145.64999389648438,147.80999755859375,145.75439453125,65447400,146.78063802089616,155.69055760501624,137.8707184367761,17.81983916824015,4.454959792060038,0.5577648051690718,False,False,False,False
2022-12-05 00:00:00-05:00,147.77000427246094,150.9199981689453,145.77000427246094,146.6300048828125,144.59083557128906,68826400,146.87518066411934,155.92410706912426,137.82625425911442,18.09785281000984,4.52446320250246,0.486452769625177,False,False,False,True
2022-12-06 00:00:00-05:00,147.07000732421875,147.3000030517578,141.9199981689453,142.91000366210938,140.9225311279297,64727200,146.60548107334012,155.82551581440705,137.38544633227318,18.44006948213388,4.61001737053347,0.2995952556029577,False,False,False,False
2022-12-07 00:00:00-05:00,142.19000244140625,143.3699951171875,140.0,140.94000244140625,138.97996520996094,69721100,146.11321295710434,155.0852432475021,137.14118266670658,17.944060580795508,4.486015145198877,0.2117034635273871,False,False,False,False
2022-12-08 00:00:00-05:00,142.36000061035156,143.52000427246094,141.10000610351562,142.64999389648438,140.66616821289062,62128300,145.7617959857122,154.3526236132811,137.1709683581433,17.181655255137798,4.2954138137844495,0.3188881081002181,False,False,False,False
2022-12-09 00:00:00-05:00,142.33999633789062,145.57000732421875,140.89999389648438,142.16000366210938,140.1829833984375,76097000,145.48702191986064,154.15276947021954,136.82127436950174,17.331495100717802,4.332873775179451,0.30803628086226265,False,False,False,False
2022-12-12 00:00:00-05:00,142.6999969482422,144.5,141.05999755859375,144.49000549316406,142.4805908203125,70462700,145.28349611961224,153.7706694032165,136.796322836008,16.9743465672085,4.243586641802125,0.453253539197729,False,False,False,False
2022-12-13 00:00:00-05:00,149.5,149.97000122070312,144.24000549316406,145.47000122070312,143.44696044921875,93886200,145.40506816963554,154.18952327038718,136.6206130688839,17.568910201503286,4.3922275503758215,0.5036959065942536,False,False,True,False
2022-12-14 00:00:00-05:00,145.35000610351562,146.66000366210938,141.16000366210938,143.2100067138672,141.21835327148438,82291200,145.24045894833966,154.24646853901615,136.23444935766318,18.01201918135297,4.503004795338242,0.38727236996424513,False,False,False,True
2022-12-15 00:00:00-05:00,141.11000061035156,141.8000030517578,136.02999877929688,136.5,134.60169982910156,98931900,144.56136767805506,154.10277789657795,135.01995745953218,19.08282043704577,4.770705109261442,0.07755889887191894,False,False,False,False
2022-12-16 00:00:00-05:00,136.69000244140625,137.64999389648438,133.72999572753906,134.50999450683594,132.63938903808594,160156900,143.67901469699774,153.0502835274574,134.30774586653808,18.74253766091931,4.685634415229828,0.01079088883036198,False,False,False,False
2022-12-19 00:00:00-05:00,135.11000061035156,135.1999969482422,131.32000732421875,132.3699951171875,130.5291290283203,79592600,142.65847359536775,151.86861346758613,133.44833372314937,18.420279744436755,4.605069936109189,0.0,False,False,False,False
2022-12-20 00:00:00-05:00,131.38999938964844,133.25,129.88999938964844,132.3000030517578,130.46009826660156,77432800,141.62560317172657,150.58672917879343,132.6644771646597,17.922252014133733,4.480563003533433,0.0,False,False,False,False
2022-12-21 00:00:00-05:00,132.97999572753906,136.80999755859375,132.75,135.4499969482422,133.5662841796875,85928000,140.99491063177913,149.9619229395065,132.02789832405176,17.934024615454746,4.4835061538636864,0.1908159879094519,False,False,False,False
2022-12-22 00:00:00-05:00,134.35000610351562,134.55999755859375,130.3000030517578,132.22999572753906,130.3910675048828,77852100,140.1728555347173,149.2731653909688,131.07254567846581,18.200619712503,4.55015492812575,0.06359399115834127,False,False,False,False
2022-12-23 00:00:00-05:00,130.9199981689453,132.4199981689453,129.63999938964844,131.86000061035156,130.02621459960938,63814900,139.32845653677424,148.07473516325996,130.58217791028852,17.492557252971437,4.373139313242859,0.07304950794692862,False,False,False,False
2022-12-27 00:00:00-05:00,131.3800048828125,131.41000366210938,128.72000122070312,130.02999877929688,128.22164916992188,69007800,138.4451115860373,146.94476222780415,129.94546094427048,16.99930128353367,4.249825320883417,0.004973018220947883,False,False,False,False
2022-12-28 00:00:00-05:00,129.6699981689453,131.02999877929688,125.87000274658203,126.04000091552734,124.28716278076172,85438400,137.41668833788793,146.09837312202106,128.7350035537548,17.36336956826625,4.340842392066563,0.0,False,False,False,False
2022-12-29 00:00:00-05:00,127.98999786376953,130.47999572753906,127.7300033569336,129.61000061035156,127.80751037597656,75703700,136.64113070871844,145.3426459768406,127.93961544059627,17.40303053624433,4.3507576340610825,0.09598243054716667,False,False,False,False
2022-12-30 00:00:00-05:00,128.41000366210938,129.9499969482422,127.43000030517578,129.92999267578125,128.123046875,77034200,135.92324492468808,144.2586079946113,127.58788185476486,16.67072613984645,4.167681534961613,0.14049242974595247,False,False,False,False
2023-01-03 00:00:00-05:00,130.27999877929688,130.89999389648438,124.16999816894531,125.06999969482422,123.33063507080078,112117500,135.04611022583697,143.8939361342757,126.19828431739825,17.695651816877444,4.423912954219361,0.0,False,False,False,False
2023-01-04 00:00:00-05:00,126.88999938964844,128.66000366210938,125.08000183105469,126.36000061035156,124.60269927978516,89113600,134.25124277904348,142.93228689009536,125.5701986679916,17.36208822210375,4.340522055525938,0.04549003162847989,False,False,False,False
2023-01-05 00:00:00-05:00,127.12999725341797,127.7699966430664,124.76000213623047,125.0199966430664,123.28133392333984,80962700,133.45112427381278,141.86606287512666,125.0361856724989,16.829877202627756,4.207469300656939,0.0,False,False,False,False
2023-01-06 00:00:00-05:00,126.01000213623047,130.2899932861328,124.88999938964844,129.6199951171875,127.8173828125,87754700,132.95736601894072,141.61080953942007,124.30392249846136,17.306887040958713,4.326721760239678,0.3071651537416896,True,False,False,False
2023-01-09 00:00:00-05:00,130.47000122070312,133.41000366210938,129.88999938964844,130.14999389648438,128.33999633789062,70790800,132.78523582501754,141.33133670243333,124.23913494760174,17.092201754831592,4.273050438707898,0.34582197388418745,False,False,False,False
2023-01-10 00:00:00-05:00,130.25999450683594,131.25999450683594,128.1199951171875,130.72999572753906,128.91192626953125,63896200,132.52346686871627,140.84295753632017,124.20397620111235,16.638981335207816,4.159745333801954,0.3922126838749291,False,False,False,False
2023-01-11 00:00:00-05:00,131.25,133.50999450683594,130.4600067138672,133.49000549316406,131.633544921875,69458900,132.51996230070733,140.6175014601446,124.42242314127006,16.19507831887455,4.048769579718638,0.5598974066909076,False,False,True,False
2023-01-12 00:00:00-05:00,133.8800048828125,134.25999450683594,131.44000244140625,133.41000366210938,131.55467224121094,71379600,132.56917225969875,140.42095591627822,124.71738860311926,15.703567313158956,3.925891828289739,0.5535439741584101,False,False,False,False
2023-01-13 00:00:00-05:00,132.02999877929688,134.9199981689453,131.66000366210938,134.75999450683594,132.88584899902344,57809700,132.68448907108905,140.40309326337777,124.96588487880032,15.437208384577445,3.8593020961443614,0.6344482359790146,False,False,False,False
2023-01-17 00:00:00-05:00,134.8300018310547,137.2899932861328,134.1300048828125,135.94000244140625,134.0494842529297,63646600,132.9799345757584,140.5586760294823,125.40119312203448,15.157482907447829,3.789370726861957,0.695287560851768,False,False,False,False
2023-01-18 00:00:00-05:00,136.82000732421875,138.61000061035156,135.02999877929688,135.2100067138672,133.32965087890625,69672800,133.29454417500412,140.83141184956656,125.75767650044166,15.073735349124902,3.7684338372812256,0.6270728518511688,False,False,False,False
2023-01-19 00:00:00-05:00,134.0800018310547,136.25,133.77000427246094,135.27000427246094,133.38877868652344,58280400,133.46617515976317,140.7453552123772,126.18699510714914,14.558360105228061,3.6395900263070153,0.6239033173832531,False,False,False,False
2023-01-20 00:00:00-05:00,135.27999877929688,138.02000427246094,134.22000122070312,137.8699951171875,135.95262145996094,80223600,133.77447595757468,141.08573861527887,126.46321329987049,14.622525315408382,3.6556313288520954,0.7800828906958497,False,False,False,False
2023-01-23 00:00:00-05:00,138.1199951171875,143.32000732421875,137.89999389648438,141.11000061035156,139.1475830078125,81760300,134.4413513213312,142.11149015467123,126.77121248799119,15.340277666680038,3.8350694166700094,0.9347150314954885,False,False,False,False
2023-01-24 00:00:00-05:00,140.30999755859375,143.16000366210938,140.3000030517578,142.52999877929688,140.54786682128906,66435100,135.16090533813028,142.63603041020662,127.68578026605395,14.950250144152662,3.7375625360381655,0.9929077018854289,False,False,False,False
2023-01-25 00:00:00-05:00,140.88999938964844,142.42999267578125,138.80999755859375,141.86000061035156,139.8871612548828,65799300,135.72018390417267,143.191796713182,128.24857109516336,14.94322561801863,3.7358064045046575,0.9108762634738957,False,False,False,False
2023-01-26 00:00:00-05:00,143.1699981689453,144.25,141.89999389648438,143.9600067138672,141.95794677734375,54105100,136.44873783743722,143.6511892434753,129.24628643139914,14.404902812076159,3.6012257030190398,1.0,False,False,False,False
2023-01-27 00:00:00-05:00,143.16000366210938,147.22999572753906,143.0800018310547,145.92999267578125,143.90054321289062,70555800,137.30250852702653,144.61471357175768,129.9903034822954,14.624410089462287,3.656102522365572,1.0,False,False,False,False
2023-01-30 00:00:00-05:00,144.9600067138672,145.5500030517578,142.85000610351562,143.0,141.0112762451172,64015300,137.9213175293819,145.11829938409304,130.72433567467075,14.39396370942228,3.59849092735557,0.8528341861313435,False,False,False,False
2023-01-31 00:00:00-05:00,142.6999969482422,144.33999633789062,142.27999877929688,144.2899932861328,142.28335571289062,65874500,138.46563612668902,145.3549193076478,131.57635294573024,13.77856636191757,3.4446415904793923,0.92271140599516,False,False,False,False
2023-02-01 00:00:00-05:00,143.97000122070312,146.61000061035156,141.32000732421875,145.42999267578125,143.40748596191406,77663600,139.03589302288853,146.294246542978,131.77753950279907,14.516707040178915,3.6291767600447287,0.9404648819594774,False,False,False,False
2023-02-02 00:00:00-05:00,148.89999389648438,151.17999267578125,148.1699981689453,150.82000732421875,148.72254943847656,118339000,140.08549045464343,147.76800862272395,132.4029722865629,15.36503633616104,3.84125908404026,1.0,False,False,False,False
2023-02-03 00:00:00-05:00,148.02999877929688,157.3800048828125,147.8300018310547,154.5,152.3513641357422,154357300,141.33798364035573,150.16225060197976,132.5137166787317,17.648533923248067,4.412133480812017,1.0,False,False,False,False
2023-02-06 00:00:00-05:00,152.57000732421875,153.10000610351562,150.77999877929688,151.72999572753906,149.61988830566406,69858300,142.34103283684095,151.0268733464432,133.6551923272387,17.371681019204516,4.342920254801129,1.0,False,False,False,False
2023-02-07 00:00:00-05:00,150.63999938964844,155.22999572753906,150.63999938964844,154.64999389648438,152.49928283691406,83322600,143.40442618614728,152.13968191236742,134.66917045992713,17.47051145244029,4.367627863110073,1.0,False,False,False,False
2023-02-08 00:00:00-05:00,153.8800048828125,154.5800018310547,151.1699981689453,151.9199981689453,149.8072509765625,64120100,144.2760680785442,152.83379737765014,135.71833877943826,17.115458598211887,4.278864649552972,0.9466097152196495,False,False,False,False
2023-02-09 00:00:00-05:00,153.77999877929688,154.3300018310547,150.4199981689453,150.8699951171875,148.77183532714844,56007100,144.99961699541893,153.48357409703615,136.5156598938017,16.967914203234443,4.241978550808611,0.8459693425753856,False,False,False,False
2023-02-10 00:00:00-05:00,149.4600067138672,151.33999633789062,149.22000122070312,151.00999450683594,149.1372528076172,57450700,145.5256849661863,153.58524538107932,137.4661245512933,16.119120829786027,4.029780207446507,0.840236269618089,False,False,False,False
2023-02-13 00:00:00-05:00,150.9499969482422,154.25999450683594,150.9199981689453,153.85000610351562,151.94204711914062,62199000,146.2384768354161,154.16008047639792,138.31687319443427,15.843207281963657,3.9608018204909143,0.9804285604951155,False,False,False,False
2023-02-14 00:00:00-05:00,152.1199951171875,153.77000427246094,150.86000061035156,153.1999969482422,151.3000946044922,61707600,146.84528862350518,154.57273299902164,139.11784424798873,15.454888751032911,3.8637221877582277,0.9111778756293082,False,False,False,False
2023-02-15 00:00:00-05:00,153.11000061035156,155.5,152.8800048828125,155.3300018310547,153.40365600585938,65573800,147.58097563440523,155.05967459580756,140.1022766730029,14.95739792280466,3.739349480701165,1.0,False,False,False,False
2023-02-16 00:00:00-05:00,153.50999450683594,156.3300018310547,153.35000610351562,153.7100067138672,151.80377197265625,68167900,148.23643873742813,155.56326694819802,140.90961052665824,14.653656421539779,3.6634141053849447,0.8735291601619184,False,False,False,False
2023-02-17 00:00:00-05:00,152.35000610351562,153.0,150.85000610351562,152.5500030517578,150.65817260742188,59144100,148.60757184672937,155.7737173584926,141.44142633496614,14.332291023526466,3.5830727558816164,0.7750733430235918,False,True,False,False
2023-02-21 00:00:00-05:00,150.1999969482422,151.3000030517578,148.41000366210938,148.47999572753906,146.6386260986328,58867200,148.6827238118474,155.960254650364,141.40519297333083,14.555061677033166,3.6387654192582914,0.48607164374794526,False,False,False,True
2023-02-22 00:00:00-05:00,148.8699951171875,149.9499969482422,147.16000366210938,148.91000366210938,147.06332397460938,51011300,148.68182961619402,155.7896060280855,141.57405320430254,14.215552823782957,3.5538882059457393,0.5160510145995597,False,False,True,False
2023-02-23 00:00:00-05:00,150.08999633789062,150.33999633789062,147.24000549316406,149.39999389648438,147.54722595214844,48394200,148.71149650124028,155.72849344088792,141.69449956159264,14.03399387929528,3.50849846982382,0.5490592628987716,False,False,False,False
2023-02-24 00:00:00-05:00,147.11000061035156,147.19000244140625,145.72000122070312,146.7100067138672,144.8905792236328,55469600,148.50468764004202,155.55598342088115,141.4533918592029,14.102591561678253,3.525647890419563,0.3727410548390539,False,False,False,True
2023-02-27 00:00:00-05:00,147.7100067138672,149.1699981689453,147.4499969482422,147.9199981689453,146.0855712890625,44998500,148.47376479451844,155.3119292882893,141.6356003007476,13.676328987541694,3.4190822468854236,0.45950911782850645,False,False,False,False
2023-02-28 00:00:00-05:00,147.0500030517578,149.0800018310547,146.8300018310547,147.41000366210938,145.58189392089844,50547000,148.4070572688252,155.01140531321897,141.80270922443145,13.20869608878752,3.30217402219688,0.4245153647253488,False,False,False,False
2023-03-01 00:00:00-05:00,146.8300018310547,147.22999572753906,145.00999450683594,145.30999755859375,143.5079345703125,55479000,148.16352761760277,154.58744268861184,141.7396125465937,12.847830142018154,3.2119575355045384,0.27789789968683526,False,False,False,False
2023-03-02 00:00:00-05:00,144.3800048828125,146.7100067138672,143.89999389648438,145.91000366210938,144.10049438476562,52238100,147.91049337695682,154.25401950434156,141.5669672495721,12.687052254769469,3.1717630636923673,0.34232036924925574,False,False,False,False
2023-03-03 00:00:00-05:00,148.0399932861328,151.11000061035156,147.3300018310547,151.02999877929688,149.15701293945312,70732300,148.09266864964994,154.84184155394462,141.34349574535526,13.498345808589363,3.3745864521473408,0.7176066735360888,False,False,True,False
2023-03-06 00:00:00-05:00,153.7899932861328,156.3000030517578,153.4600067138672,153.8300018310547,151.92230224609375,87558000,148.7057481940223,155.83400466237973,141.57749172566488,14.256512936714842,3.5641282341787104,0.8594324684990728,False,False,False,False
2023-03-07 00:00:00-05:00,153.6999969482422,154.02999877929688,151.1300048828125,151.60000610351562,149.71995544433594,56182000,149.0436137554051,156.03904335622363,142.04818415458655,13.990859201637079,3.4977148004092697,0.6827187530992671,False,True,False,False
2023-03-08 00:00:00-05:00,152.80999755859375,153.47000122070312,151.8300018310547,152.8699951171875,150.97418212890625,47204800,149.3940631808886,156.06394884506278,142.7241775167144,13.339771328348377,3.334942832087094,0.7605690795397816,False,False,False,False
2023-03-09 00:00:00-05:00,153.55999755859375,154.5399932861328,150.22999572753906,150.58999633789062,148.72247314453125,53833600,149.62192971450438,156.4868263239799,142.75703310502885,13.729793218951045,3.432448304737761,0.5705084634523149,False,False,False,False
2023-03-10 00:00:00-05:00,150.2100067138672,150.94000244140625,147.61000061035156,148.5,146.65841674804688,68572400,149.5642857115915,156.4086930263304,142.7198783968526,13.688814629477804,3.422203657369451,0.4222514337143808,False,False,False,True
2023-03-13 00:00:00-04:00,147.80999755859375,153.13999938964844,147.6999969482422,150.47000122070312,148.6039581298828,84457100,149.6473695345699,156.89533660611616,142.39940246302362,14.49593414309254,3.623983535773135,0.5567491324127757,False,False,True,False
2023-03-14 00:00:00-04:00,151.27999877929688,153.39999389648438,150.10000610351562,152.58999633789062,150.6976776123047,73695900,149.87428660549625,157.05745452848163,142.69111868251088,14.366335845970752,3.591583961492688,0.6890328725091049,False,False,False,False
2023-03-15 00:00:00-04:00,151.19000244140625,153.25,149.9199981689453,152.99000549316406,151.0926971435547,77167900,150.0818149815477,157.21266647844547,142.95096348464992,14.261702993795552,3.565425748448888,0.703916076003094,False,False,False,False
2023-03-16 00:00:00-04:00,152.16000366210938,156.4600067138672,151.63999938964844,155.85000610351562,153.917236328125,76161100,150.5168806089251,157.89864842097685,143.13511279687336,14.763535624103497,3.6908839060258742,0.8612363346001929,False,False,False,False
2023-03-17 00:00:00-04:00,156.0800018310547,156.74000549316406,154.27999877929688,155.0,153.07777404785156,98944600,150.97622544847067,158.1118178220907,143.84063307485064,14.271184747240056,3.567796186810014,0.7819509818417492,False,True,False,False
2023-03-20 00:00:00-04:00,155.07000732421875,157.82000732421875,154.14999389648438,157.39999389648438,155.447998046875,73641400,151.4981720761461,158.65420789795098,144.3421362543412,14.312071643609784,3.578017910902446,0.9123667046463813,False,False,False,False
2023-03-21 00:00:00-04:00,157.32000732421875,159.39999389648438,156.5399932861328,159.27999877929688,157.3046875,73938300,152.1561234962564,159.16855585795113,145.1436911345617,14.024864723389442,3.5062161808473604,1.0,False,False,False,False
2023-03-22 00:00:00-04:00,159.3000030517578,162.13999938964844,157.80999755859375,157.8300018310547,155.8726806640625,75701800,152.83268312452714,160.00987261626332,145.65549363279095,14.354378983472373,3.588594745868093,0.8481389694588294,False,False,False,False
2023-03-23 00:00:00-04:00,158.8300018310547,161.5500030517578,157.67999267578125,158.92999267578125,156.9590301513672,67622100,153.45687166515378,160.69034428291167,146.2233990473959,14.466945235515766,3.6167363088789415,0.8783190522620612,False,False,False,False
2023-03-24 00:00:00-04:00,158.86000061035156,160.33999633789062,157.85000610351562,160.25,158.26268005371094,59196500,154.0305030126441,161.03862641550117,147.022379609787,14.016246805714161,3.5040617014285402,0.9437348366911132,False,False,False,False
2023-03-27 00:00:00-04:00,159.94000244140625,160.77000427246094,157.8699951171875,158.27999877929688,156.31712341308594,52390300,154.5012486993429,161.38856159296898,147.61393580571684,13.774625787252148,3.443656446813037,0.7743268774278459,False,True,False,False
2023-03-28 00:00:00-04:00,157.97000122070312,158.49000549316406,155.97999572753906,157.64999389648438,155.69491577148438,45992200,154.77478041423686,161.4753639716253,148.0741968568484,13.40116711477691,3.3502917786942277,0.7145494834608203,False,False,False,False
2023-03-29 00:00:00-04:00,159.3699951171875,161.0500030517578,159.35000610351562,160.77000427246094,158.77621459960938,51305700,155.30956365820586,162.02009069091017,148.59903662550155,13.421054065408612,3.355263516352153,0.9068563160272786,False,False,False,False
2023-03-30 00:00:00-04:00,161.52999877929688,162.47000122070312,161.27000427246094,162.36000061035156,160.3465118408203,49501700,155.94992286864706,162.32939658772938,149.57044914956475,12.758947438164626,3.1897368595411564,1.0,False,False,False,False
2023-03-31 00:00:00-04:00,162.44000244140625,165.0,161.91000366210938,164.89999389648438,162.85499572753906,68749800,156.71056505762016,163.07009067237237,150.35103944286794,12.71905122950443,3.1797628073761075,1.0,False,False,False,False
2023-04-03 00:00:00-04:00,164.27000427246094,166.2899932861328,164.22000122070312,166.1699981689453,164.10923767089844,56976200,157.55336815295098,163.6909396193139,151.41579668658807,12.275142932725828,3.068785733181457,1.0,False,False,False,False
2023-04-04 00:00:00-04:00,166.60000610351562,166.83999633789062,165.11000061035156,165.6300048828125,163.57598876953125,46278300,158.34447600603676,164.2142894712712,152.4746625408023,11.739626930468887,2.934906732617222,1.0,False,False,False,False
2023-04-05 00:00:00-04:00,164.74000549316406,165.0500030517578,161.8000030517578,163.75999450683594,161.72915649414062,51511700,158.8389703740444,164.88780285896635,152.79013788912246,12.09766496984389,3.0244162424609726,0.9067747077686704,False,False,False,False
2023-04-06 00:00:00-04:00,162.42999267578125,164.9600067138672,162.0,164.66000366210938,162.61798095703125,45390100,159.3184338424204,165.3543844216236,153.28248326321722,12.071901158406376,3.017975289601594,0.9424795854105649,False,False,False,False
2023-04-10 00:00:00-04:00,161.4199981689453,162.02999877929688,160.0800018310547,162.02999877929688,160.02059936523438,47716900,159.51477345709935,165.86312934459315,153.16641756960556,12.696711774987591,3.1741779437468978,0.698100529237223,False,True,False,False
2023-04-11 00:00:00-04:00,162.35000610351562,162.36000061035156,160.50999450683594,160.8000030517578,158.8058624267578,47644200,159.6774933871834,165.76101490663095,153.59397186773586,12.167043038895088,3.041760759723772,0.5922582143406593,False,False,False,False
2023-04-12 00:00:00-04:00,161.22000122070312,162.05999755859375,159.77999877929688,160.10000610351562,158.11453247070312,50133100,159.769795681782,165.70096480514417,153.83862655841983,11.862338246724335,2.9655845616810836,0.527836874557578,False,False,False,False
2023-04-13 00:00:00-04:00,161.6300048828125,165.8000030517578,161.4199981689453,165.55999755859375,163.5068359375,68445600,160.19743414952646,166.67548575020083,153.71938254885208,12.956103201348753,3.2390258003371883,0.9139024925726926,False,False,False,False
2023-04-14 00:00:00-04:00,164.58999633789062,166.32000732421875,163.82000732421875,165.2100067138672,163.1611785888672,49386500,160.6659331626606,166.99617960326754,154.33568672205365,12.660492881213884,3.165123220303471,0.8589175866880555,False,False,False,False
2023-04-17 00:00:00-04:00,165.08999633789062,165.38999938964844,164.02999877929688,165.22999572753906,163.180908203125,41516200,161.0675901280099,167.03681204662647,155.09836820939333,11.938443837233137,2.9846109593082844,0.8486556251617672,False,False,False,False
2023-04-18 00:00:00-04:00,166.10000610351562,167.41000366210938,165.64999389648438,166.47000122070312,164.40554809570312,49923000,161.58591483897075,167.39421615263973,155.77761352530177,11.616602627337954,2.9041506568344886,0.9204401698512438,False,False,False,False
2023-04-19 00:00:00-04:00,165.8000030517578,168.16000366210938,165.5399932861328,167.6300048828125,165.55116271972656,47720200,162.11201824576892,167.86349150326632,156.36054498827153,11.50294651499479,2.8757366287486974,0.9797020163356012,False,False,False,False
2023-04-20 00:00:00-04:00,166.08999633789062,167.8699951171875,165.55999755859375,166.64999389648438,164.5832977294922,52456400,162.5483335421168,168.1866589855832,156.91000809865042,11.27665088693277,2.8191627217331927,0.8637303660008234,False,False,False,False
2023-04-21 00:00:00-04:00,165.0500030517578,166.4499969482422,164.49000549316406,165.02000427246094,162.97352600097656,58337300,162.81230198933955,168.31879256912336,157.30581140955573,11.01298115956763,2.7532452898919075,0.7004636393301582,False,True,False,False
2023-04-24 00:00:00-04:00,165.0,165.60000610351562,163.88999938964844,165.3300018310547,163.27967834472656,41949600,163.0149401276316,168.3127829922105,157.71709726305272,10.595685729157765,2.648921432289441,0.7184909747797045,False,False,False,False
2023-04-25 00:00:00-04:00,165.19000244140625,166.30999755859375,163.72999572753906,163.77000427246094,161.739013671875,48714100,163.16621559352683,168.45027453785875,157.8821566491949,10.568117888663835,2.6420294721659587,0.5571330378119437,False,False,False,False
2023-04-26 00:00:00-04:00,163.05999755859375,165.27999877929688,162.8000030517578,163.75999450683594,161.72915649414062,45498800,163.24054415090174,168.49219634630828,157.9888919554952,10.50330439081307,2.6258260977032677,0.5494558985064305,False,False,False,False
2023-04-27 00:00:00-04:00,165.19000244140625,168.55999755859375,165.19000244140625,168.41000366210938,166.3214569091797,64902300,163.63541307818443,169.32190066440188,157.94892549196697,11.372975172434906,2.8432437931087264,0.9198189577954321,False,False,False,False
2023-04-28 00:00:00-04:00,168.49000549316406,169.85000610351562,167.8800048828125,169.67999267578125,167.57571411132812,55275900,164.15934210763064,169.67118117936698,158.6475030358943,11.023678143472694,2.7559195358681734,1.0,False,False,False,False
2023-05-01 00:00:00-04:00,169.27999877929688,170.4499969482422,168.63999938964844,169.58999633789062,167.48683166503906,52472900,164.6736902458176,169.99634492209904,159.35103556953615,10.64530935256289,2.6613273381407225,0.961828391195547,False,False,False,False
2023-05-02 00:00:00-04:00,170.08999633789062,170.35000610351562,167.5399932861328,168.5399932861328,166.44984436035156,48425700,165.0676242756058,170.42001604773566,159.71523250347593,10.704783544259726,2.6761958860649315,0.8243754529150682,False,False,False,False
2023-05-03 00:00:00-04:00,169.5,170.9199981689453,167.16000366210938,167.4499969482422,165.3733673095703,65136000,165.3954695439385,170.96462104022257,159.82631804765444,11.138302992568129,2.784575748142032,0.6844560527465035,False,True,False,False
2023-05-04 00:00:00-04:00,164.88999938964844,167.0399932861328,164.30999755859375,165.7899932861328,163.73397827148438,81235400,165.4257417820034,171.06597800658875,159.78550555741805,11.280472449170702,2.8201181122926755,0.5322904475650921,False,False,False,False
2023-05-05 00:00:00-04:00,170.97999572753906,174.3000030517578,170.75999450683594,173.57000732421875,171.41746520996094,113453200,166.1353538307908,172.9135683860426,159.35713927553897,13.556429110503643,3.389107277625911,1.0,False,False,False,False
2023-05-08 00:00:00-04:00,172.47999572753906,173.85000610351562,172.11000061035156,173.5,171.34832763671875,55962800,166.80373304417157,173.252127242531,160.35533884581213,12.896788396718875,3.224197099179719,1.0,False,False,False,False
2023-05-09 00:00:00-04:00,173.0500030517578,173.5399932861328,171.60000610351562,171.77000427246094,169.63980102539062,45326900,167.32750461653967,173.5190568315866,161.13595240149274,12.383104430093852,3.095776107523463,0.8587549213527547,False,False,False,False
2023-05-10 00:00:00-04:00,173.02000427246094,174.02999877929688,171.89999389648438,173.55999755859375,171.40760803222656,53724500,167.88329751764303,173.90769341255248,161.85890162273358,12.048791789818893,3.012197947454723,0.9711426788657328,False,False,False,False
2023-05-11 00:00:00-04:00,173.85000610351562,174.58999633789062,172.1699981689453,173.75,171.59524536132812,49514700,168.4185388495131,174.32449478872067,162.51258291030555,11.811911878415117,2.9529779696037792,0.9513630989941186,False,False,False,False
2023-05-12 00:00:00-04:00,173.6199951171875,174.05999755859375,171.0,172.57000732421875,170.6656494140625,45533100,168.81137657441067,174.7387364314162,162.88401671740513,11.854719714011082,2.9636799285027706,0.8170577491904557,False,False,False,False
2023-05-15 00:00:00-04:00,173.16000366210938,173.2100067138672,171.47000122070312,172.07000732421875,170.171142578125,37266700,169.1388650041109,174.8214899740487,163.4562400341731,11.365249939875582,2.8413124849688955,0.7579039031797958,False,True,False,False
2023-05-16 00:00:00-04:00,171.99000549316406,173.13999938964844,171.8000030517578,172.07000732421875,170.171142578125,42110300,169.44341785342178,174.82577959394393,164.06105611289962,10.764723481044314,2.6911808702610784,0.7439997158702826,False,False,False,False
2023-05-17 00:00:00-04:00,171.7100067138672,172.92999267578125,170.4199981689453,172.69000244140625,170.78427124023438,57951600,169.68817149551282,175.03429596334993,164.3420470276757,10.692248935674229,2.6730622339185572,0.7807483218874517,False,False,False,False
2023-05-18 00:00:00-04:00,173.0,175.24000549316406,172.5800018310547,175.0500030517578,173.1182403564453,65496700,170.12644120628863,175.46995395976393,164.78292845281334,10.68702550695059,2.6717563767376475,0.9607046031907579,False,False,False,False
2023-05-19 00:00:00-04:00,176.38999938964844,176.38999938964844,174.94000244140625,175.16000366210938,173.22706604003906,55809500,170.63789142452032,175.7370522922965,165.53873055674413,10.198321735552383,2.549580433888096,0.9434172950069337,False,False,False,False
2023-05-22 00:00:00-04:00,173.97999572753906,174.7100067138672,173.4499969482422,174.1999969482422,172.27761840820312,43570900,170.9695208320375,175.9007669558095,166.03827470826548,9.862492247544026,2.4656230618860064,0.8275517014483998,False,False,False,False
2023-05-23 00:00:00-04:00,173.1300048828125,173.3800048828125,171.27999877929688,171.55999755859375,169.666748046875,50747300,171.0746458709134,176.09676701609726,166.05252472572954,10.04424229036772,2.51106057259193,0.5483213838982951,False,True,False,False
2023-05-24 00:00:00-04:00,171.08999633789062,172.4199981689453,170.52000427246094,171.83999633789062,169.94366455078125,45143500,171.1240446381057,176.02395244806806,166.22413682814332,9.799815619924743,2.449953904981186,0.5730576704248682,False,False,False,False
2023-05-25 00:00:00-04:00,172.41000366210938,173.89999389648438,171.69000244140625,172.99000549316406,171.08102416992188,56058300,171.28937377831957,176.1412890983013,166.43745845833783,9.703830639963485,2.425957659990871,0.6752536475482934,False,False,False,False
2023-05-26 00:00:00-04:00,173.32000732421875,175.77000427246094,173.11000061035156,175.42999267578125,173.49404907226562,54835000,171.6208619124032,176.54358545624615,166.69813836856025,9.845447087685898,2.4613617719214744,0.8868926143681464,False,False,False,False
2023-05-30 00:00:00-04:00,176.9600067138672,178.99000549316406,176.57000732421875,177.3000030517578,175.34341430664062,55964400,172.19220890071847,177.33466265365368,167.04975514778326,10.284907505870422,2.5712268764676054,0.9966300521539854,False,False,False,False
2023-05-31 00:00:00-04:00,177.3300018310547,179.35000610351562,176.75999450683594,177.25,175.29400634765625,99625300,172.7250144216136,177.87122511859124,167.57880372463595,10.292421393955294,2.5731053484888236,0.939642471405603,False,False,False,False
2023-06-01 00:00:00-04:00,177.6999969482422,180.1199951171875,176.92999267578125,180.08999633789062,178.10260009765625,68901800,173.32707603640785,178.59666615196898,168.05748592084672,10.539180231122259,2.6347950577805648,1.0,False,False,False,False
2023-06-02 00:00:00-04:00,181.02999877929688,181.77999877929688,179.25999450683594,180.9499969482422,178.95314025878906,61996900,174.02576689752377,179.27239885602097,168.77913493902656,10.493263916994408,2.623315979248602,1.0,False,False,False,False
2023-06-05 00:00:00-04:00,182.6300048828125,184.9499969482422,178.0399932861328,179.5800018310547,177.59828186035156,121946500,174.67632852840816,180.7802980234775,168.5723590333388,12.2079389901387,3.051984747534675,0.9016790472665044,False,False,False,False
2023-06-06 00:00:00-04:00,179.97000122070312,180.1199951171875,177.42999267578125,179.2100067138672,177.23236083984375,64848400,175.08048754179265,181.11206057563632,169.04891450794898,12.063146067687342,3.0157865169218354,0.8423252233624176,False,False,False,False
2023-06-07 00:00:00-04:00,178.44000244140625,181.2100067138672,177.32000732421875,177.82000732421875,175.8577117919922,61944600,175.43314020010777,181.63955580849677,169.22672459171878,12.412831216777988,3.103207804194497,0.6922903068950726,False,True,False,False
2023-06-08 00:00:00-04:00,177.89999389648438,180.83999633789062,177.4600067138672,180.57000732421875,178.57733154296875,50214900,175.832206542192,182.0939785145468,169.57043456983723,12.523543944709559,3.1308859861773897,0.8783115069459371,False,False,False,False
2023-06-09 00:00:00-04:00,181.5,182.22999572753906,180.6300048828125,180.9600067138672,178.9630584716797,48900000,176.35040932624418,182.31800178202752,170.38281687046083,11.935184911566694,2.9837962278916734,0.8862191848536618,False,False,False,False
2023-06-12 00:00:00-04:00,181.27000427246094,183.88999938964844,180.97000122070312,183.7899932861328,181.76177978515625,54274900,176.97259237125218,182.92942411661346,171.0157606258909,11.91366349072257,2.9784158726806425,1.0,False,False,False,False
2023-06-13 00:00:00-04:00,182.8000030517578,184.14999389648438,182.44000244140625,183.30999755859375,181.28709411621094,54929100,177.57520242784673,183.2783492896875,171.87205556600597,11.406293723681529,2.851573430920382,1.0,False,False,False,False
2023-06-14 00:00:00-04:00,183.3699951171875,184.38999938964844,182.02000427246094,183.9499969482422,181.92002868652344,57462900,178.1350244382217,183.7418556373159,172.52819323912752,11.213662398188376,2.803415599547094,1.0,False,False,False,False
2023-06-15 00:00:00-04:00,183.9600067138672,186.52000427246094,183.77999877929688,186.00999450683594,183.95730590820312,65433200,178.8304188586639,184.4245680364815,173.2362696808463,11.188298355635197,2.7970745889087993,1.0,False,False,False,False
2023-06-16 00:00:00-04:00,186.72999572753906,186.99000549316406,184.27000427246094,184.9199981689453,182.87933349609375,101256200,179.45545858433306,185.0341930885095,173.8767240801566,11.157469008352905,2.7893672520882262,0.9897651591522497,False,False,False,False
2023-06-20 00:00:00-04:00,184.41000366210938,186.10000610351562,184.41000366210938,185.00999450683594,182.9683380126953,49799100,180.00001821987152,185.35887976191157,174.64115667783148,10.717723084080092,2.679430771020023,0.9674478196218881,False,False,False,False
2023-06-21 00:00:00-04:00,184.89999389648438,185.41000366210938,182.58999633789062,183.9600067138672,181.92994689941406,49515700,180.37969923746687,185.76667609014666,174.99272238478707,10.773953705359588,2.693488426339897,0.8323113848743632,False,False,False,False
2023-06-22 00:00:00-04:00,183.74000549316406,187.0500030517578,183.6699981689453,187.0,184.93637084960938,51245300,180.90607712661932,186.43035727059365,175.381796982645,11.048560287948646,2.7621400719871616,1.0,False,False,False,False
2023-06-23 00:00:00-04:00,185.5500030517578,187.55999755859375,185.00999450683594,186.67999267578125,184.6199188232422,53117000,181.4308946936464,186.91274743357485,175.94904195371794,10.963705479856912,2.740926369964228,0.9787704295576684,False,False,False,False
2023-06-26 00:00:00-04:00,186.8300018310547,188.0500030517578,185.22999572753906,185.27000427246094,183.22547912597656,48088700,181.8835079943073,187.38117692508666,176.38583906352795,10.99533786155871,2.7488344653896775,0.8079938352775233,False,False,False,False
2023-06-27 00:00:00-04:00,185.88999938964844,188.38999938964844,185.6699981689453,188.05999755859375,185.9846954345703,50730800,182.40634834777603,187.97824940891496,176.8344472866371,11.143802122277862,2.7859505305694654,1.0,False,False,False,False
2023-06-28 00:00:00-04:00,187.92999267578125,189.89999389648438,187.60000610351562,189.25,187.16152954101562,51216800,183.02637866386087,188.50108717747966,177.55167015024207,10.949417027237587,2.7373542568093967,1.0,False,False,False,False
2023-06-29 00:00:00-04:00,189.0800018310547,190.07000732421875,188.94000244140625,189.58999633789062,187.497802734375,46347300,183.64608882614445,188.79932746496385,178.49285018732505,10.306477277638805,2.5766193194097013,1.0,False,False,False,False
2023-06-30 00:00:00-04:00,191.6300048828125,194.47999572753906,191.25999450683594,193.97000122070312,191.8294677734375,85213200,184.55947692064112,190.17539157350828,178.94356226777396,11.231829305734323,2.8079573264335806,1.0,False,False,False,False
2023-07-03 00:00:00-04:00,193.77999877929688,193.8800048828125,191.75999450683594,192.4600067138672,190.3361358642578,31458200,185.33476502672343,190.8310895570773,179.83844049636957,10.99264906070772,2.74816226517693,1.0,False,False,False,False
2023-07-05 00:00:00-04:00,191.57000732421875,192.97999572753906,190.6199951171875,191.3300018310547,189.21859741210938,46920300,185.93558082340948,191.35427302279828,180.51688862402068,10.837384398777601,2.7093460996944003,0.9977604197793029,False,False,False,False
2023-07-06 00:00:00-04:00,189.83999633789062,192.02000427246094,189.1999969482422,191.80999755859375,189.6933135986328,45094300,186.41885880147515,191.85968324576882,180.97803435718149,10.881648888587335,2.720412222146834,0.9954339927998246,False,False,False,False
2023-07-07 00:00:00-04:00,191.41000366210938,192.6699981689453,190.24000549316406,190.67999267578125,188.5757598876953,46815000,186.87388800571213,192.2566285407327,181.49114747069157,10.765481070041119,2.6913702675102797,0.8535471053551887,False,False,False,False
2023-07-10 00:00:00-04:00,189.25999450683594,189.99000549316406,187.0399932861328,188.61000061035156,186.52859497070312,59922200,187.03320023976013,192.60566659920832,181.46073388031195,11.14493271889637,2.7862331797240927,0.6414813718810473,False,True,False,False
2023-07-11 00:00:00-04:00,189.16000366210938,189.3000030517578,186.60000610351562,188.0800018310547,186.00445556640625,46638100,187.12464183553942,192.6798609486912,181.56942272238763,11.110438226303586,2.7776095565758965,0.5859876069742671,False,False,False,False
2023-07-12 00:00:00-04:00,189.67999267578125,191.6999969482422,188.47000122070312,189.77000427246094,187.67579650878906,60750200,187.39658078585015,193.12027701112427,181.67288456057602,11.44739245054825,2.8618481126370625,0.7073331107379934,False,False,False,False
2023-07-13 00:00:00-04:00,190.5,191.19000244140625,189.77999877929688,190.5399932861328,188.4373016357422,41342300,187.6924618064624,193.1277880429982,182.25713556992662,10.870652473071573,2.717663118267893,0.7619466942508024,False,False,False,False
2023-07-14 00:00:00-04:00,190.22999572753906,191.17999267578125,189.6300048828125,190.69000244140625,188.58566284179688,41616200,187.95984639632312,193.16163756779906,182.75805522484717,10.403582342951893,2.600895585737973,0.7624246105893256,False,False,False,False
2023-07-17 00:00:00-04:00,191.89999389648438,194.32000732421875,191.80999755859375,193.99000549316406,191.8492431640625,50520200,188.47541691019634,193.8830299410872,183.0678038793055,10.815226061781686,2.7038065154454216,1.0,False,False,False,False
2023-07-18 00:00:00-04:00,193.35000610351562,194.3300018310547,192.4199981689453,193.72999572753906,191.5921173095703,48288200,188.9533135767662,194.20216603698984,183.70446111654255,10.49770492044729,2.6244262301118226,0.9550215677589596,False,False,False,False
2023-07-19 00:00:00-04:00,193.10000610351562,198.22999572753906,192.64999389648438,195.10000610351562,192.94700622558594,80507300,189.56029944969447,195.40026703010668,183.72033186928226,11.679935160824414,2.9199837902061034,0.9742925861782047,False,False,False,False
2023-07-20 00:00:00-04:00,195.08999633789062,196.47000122070312,192.5,193.1300048828125,190.99874877929688,59581200,189.9863028704701,196.03627393698173,183.93633180395847,12.099942133023262,3.0249855332558155,0.7598113261849893,False,True,False,False
2023-07-21 00:00:00-04:00,194.10000610351562,194.97000122070312,191.22999572753906,191.94000244140625,189.82186889648438,71951700,190.2460200380332,196.43899509652647,184.05304497953995,12.385950116986521,3.0964875292466303,0.6367664480619744,False,False,False,False
2023-07-24 00:00:00-04:00,193.41000366210938,194.91000366210938,192.25,192.75,190.62290954589844,45377800,190.53719284908115,196.70487064586573,184.36951505229658,12.335355593569147,3.083838898392287,0.6793873824012387,False,False,False,False
2023-07-25 00:00:00-04:00,193.3300018310547,194.44000244140625,192.9199981689453,193.6199951171875,191.4833221435547,37283200,190.8346029182969,196.72351342368427,184.94569241290952,11.777821010774744,2.944455252693686,0.7364946959494829,False,False,False,False
2023-07-26 00:00:00-04:00,193.6699981689453,195.63999938964844,193.32000732421875,194.5,192.35360717773438,47471900,191.1824187265184,196.94643659445296,185.41840085858382,11.528035735869139,2.8820089339672847,0.7877837429978685,False,False,False,False
2023-07-27 00:00:00-04:00,196.02000427246094,197.1999969482422,192.5500030517578,193.22000122070312,191.08773803710938,47460200,191.48155348972944,197.59916835016742,185.36393862929145,12.235229720875964,3.058807430218991,0.6420854181436021,False,False,False,False
2023-07-28 00:00:00-04:00,194.6699981689453,196.6300048828125,194.13999938964844,195.8300018310547,193.66891479492188,48291400,191.8674374781208,198.05529158493684,185.67958337130474,12.375708213632095,3.0939270534080237,0.8201888962256763,False,False,False,False
2023-07-31 00:00:00-04:00,196.05999755859375,196.49000549316406,195.25999450683594,196.4499969482422,194.28208923339844,38824100,192.2673639706249,198.08243486402498,186.45229307722482,11.630141786800152,2.907535446700038,0.8596373160613094,False,False,False,False
2023-08-01 00:00:00-04:00,196.24000549316406,196.72999572753906,195.27999877929688,195.61000061035156,193.4513702392578,35175100,192.61078946920625,198.13435266291475,187.08722627549776,11.047126387416995,2.7617815968542487,0.7714924258096205,False,True,False,False
2023-08-02 00:00:00-04:00,195.0399932861328,195.17999267578125,191.85000610351562,192.5800018310547,190.45480346679688,50389300,192.66722223754698,198.39042801325184,186.94401646184212,11.44641155140971,2.8616028878524276,0.49238010916342156,False,False,False,True
2023-08-03 00:00:00-04:00,191.57000732421875,192.3699951171875,190.69000244140625,191.1699981689453,189.06036376953125,61235200,192.54748665071835,198.0763717267824,187.0186015746543,11.057770152128114,2.7644425380320286,0.3754280055723586,False,False,False,False
2023-08-04 00:00:00-04:00,185.52000427246094,187.3800048828125,181.9199981689453,181.99000549316406,179.98167419433594,115956800,191.71090089175857,198.5368974602162,184.88490432330093,13.65199313691528,3.41299828422882,0.0,False,False,False,False
2023-08-07 00:00:00-04:00,182.1300048828125,183.1300048828125,177.35000610351562,178.85000610351562,176.87632751464844,97576100,190.57430769857024,197.8737043660415,183.27491103109898,14.598793334942513,3.6496983337356284,0.0,False,False,False,False
2023-08-08 00:00:00-04:00,179.69000244140625,180.27000427246094,177.5800018310547,179.8000030517578,177.81582641601562,67823000,189.49262789093729,196.60008537994267,182.3851704019319,14.214914978010768,3.553728744502692,0.0,False,False,False,False
2023-08-09 00:00:00-04:00,180.8699951171875,180.92999267578125,177.00999450683594,178.19000244140625,176.22360229492188,60378500,188.46571061954717,195.64642199344107,181.28499924565327,14.361422747787799,3.5903556869469497,0.0,False,False,False,False
2023-08-10 00:00:00-04:00,179.47999572753906,180.75,177.60000610351562,177.97000122070312,176.00604248046875,54686900,187.54262730099407,194.63526631679545,180.4499882851927,14.185278031602763,3.546319507900691,0.0,False,False,False,False
2023-08-11 00:00:00-04:00,177.32000732421875,178.6199951171875,176.5500030517578,177.7899932861328,176.06544494628906,52036700,186.6007895089971,193.3981630363043,179.8034159816899,13.594747054614402,3.3986867636536005,0.0,False,False,False,False
2023-08-14 00:00:00-04:00,177.97000122070312,179.69000244140625,177.30999755859375,179.4600067138672,177.71923828125,43675600,185.85976214985033,192.4533993009893,179.26612499871135,13.187274302277956,3.296818575569489,0.014702182627864858,False,False,False,False
2023-08-15 00:00:00-04:00,178.8800048828125,179.47999572753906,177.0500030517578,177.4499969482422,175.72872924804688,43622600,185.1105783174055,191.53085028858683,178.69030634622416,12.840543942362672,3.210135985590668,0.0,False,False,False,False
2023-08-16 00:00:00-04:00,177.1300048828125,178.5399932861328,176.5,176.57000732421875,174.85728454589844,46964900,184.3575073859177,190.54375081720744,178.17126395462796,12.372486862579478,3.0931217156448696,0.0,False,False,False,False
2023-08-17 00:00:00-04:00,177.13999938964844,177.50999450683594,173.47999572753906,174.0,172.3122100830078,66062900,183.4659984359692,189.83961727998934,177.09237959194905,12.747237688040286,3.1868094220100716,0.0,False,False,False,False
2023-08-18 00:00:00-04:00,172.3000030517578,175.10000610351562,171.9600067138672,174.49000549316406,172.79747009277344,61172200,182.5501896424022,188.91444647995002,176.18593280485436,12.728513675095655,3.182128418773914,0.0,False,False,False,False
2023-08-21 00:00:00-04:00,175.07000732421875,176.1300048828125,173.74000549316406,175.83999633789062,174.1343536376953,46311900,181.85366385785173,188.05949488957447,175.647832826129,12.411662063445476,3.102915515861369,0.015482496282878181,False,False,False,False
2023-08-22 00:00:00-04:00,177.05999755859375,177.67999267578125,176.25,177.22999572753906,175.51087951660156,42038900,181.39648915403475,187.34973635016334,175.44324195790617,11.906494392257173,2.976623598064293,0.1500654777778106,False,False,False,False
2023-08-23 00:00:00-04:00,178.52000427246094,181.5500030517578,178.3300018310547,181.1199951171875,179.3631591796875,52722800,181.29523621872985,187.51716016008933,175.07331227737038,12.443847882718956,3.110961970679739,0.4859174506797278,True,False,False,False
2023-08-24 00:00:00-04:00,180.6699981689453,181.10000610351562,176.00999450683594,176.3800048828125,174.6691131591797,54945800,180.96521389609413,187.58694556538796,174.3434822268003,13.243463338587674,3.3108658346469184,0.15377568570589564,False,False,False,False
2023-08-25 00:00:00-04:00,177.3800048828125,179.14999389648438,175.82000732421875,178.61000061035156,176.87747192382812,51449600,180.669479297452,187.29503511426958,174.04392348063442,13.251111633635162,3.3127779084087905,0.34458068545186177,True,False,False,False
2023-08-28 00:00:00-04:00,180.08999633789062,180.58999633789062,178.5500030517578,180.19000244140625,178.44219970703125,43820700,180.5844495812202,186.9554484735826,174.21345068885782,12.741997784724788,3.185499446181197,0.4690435403868278,False,False,False,False
2023-08-29 00:00:00-04:00,179.6999969482422,184.89999389648438,179.5,184.1199951171875,182.3340606689453,53003900,180.79926355804596,187.613161340469,173.98536577562294,13.627795564846053,3.4069488912115133,0.7436734204985888,False,False,True,False
2023-08-30 00:00:00-04:00,184.94000244140625,187.85000610351562,184.74000549316406,187.64999389648438,185.8297882080078,60813900,181.3656830761103,188.24419327755663,174.48717287466394,13.757020402892692,3.439255100723173,0.9568075525317011,False,False,False,False
2023-08-31 00:00:00-04:00,187.83999633789062,189.1199951171875,187.47999572753906,187.8699951171875,186.0476837158203,60794500,182.0124429724145,188.5311020316459,175.4937839131831,13.037318118462792,3.259329529615698,0.9492911879229077,False,False,False,False
2023-09-01 00:00:00-04:00,189.49000549316406,189.9199981689453,188.27999877929688,189.4600067138672,187.62225341796875,45766500,182.69887709129915,188.97567085495896,176.42208332763934,12.553587527319621,3.1383968818299053,1.0,False,False,False,False
2023-09-05 00:00:00-04:00,188.27999877929688,189.97999572753906,187.61000061035156,189.6999969482422,187.85992431640625,45280000,183.30819017105267,189.43130358178402,177.18507676032132,12.246226821462699,3.0615567053656747,1.0,False,False,False,False
2023-09-06 00:00:00-04:00,188.39999389648438,188.85000610351562,181.47000122070312,182.91000366210938,181.13575744628906,81755800,183.41312478924857,190.56992600441458,176.25632357408256,14.313602430332026,3.5784006075830064,0.46485013960755056,False,True,False,True
2023-09-07 00:00:00-04:00,175.17999267578125,178.2100067138672,173.5399932861328,177.55999755859375,175.83766174316406,112488800,182.74870012864056,191.0638232974853,174.43357695979583,16.63024633768947,4.157561584422368,0.18799604860406965,False,False,False,False
2023-09-08 00:00:00-04:00,178.35000610351562,180.24000549316406,177.7899932861328,178.17999267578125,176.45166015625,65551300,182.3666014324233,190.38621387129763,174.34698899354896,16.039224877748666,4.009806219437166,0.23897686524427014,True,False,False,False
2023-09-11 00:00:00-04:00,180.07000732421875,180.3000030517578,177.33999633789062,179.36000061035156,177.62020874023438,58953100,182.04597272457346,189.85562526233377,174.23632018681315,15.619305075520629,3.904826268880157,0.32803510775703526,False,False,False,False
2023-09-12 00:00:00-04:00,179.49000549316406,180.1300048828125,174.82000732421875,176.3000030517578,174.58990478515625,90370200,181.57334088600422,189.66402768170727,173.48265409030117,16.1813735914061,4.045343397851525,0.17411061833174252,False,False,False,False
2023-09-13 00:00:00-04:00,176.50999450683594,177.3000030517578,173.97999572753906,174.2100067138672,172.52017211914062,84267900,180.9628641506122,188.9084837315887,173.01724456963572,15.891239161952967,3.972809790488242,0.07505784363797093,False,False,False,False
2023-09-14 00:00:00-04:00,174.0,176.10000610351562,173.5800018310547,175.74000549316406,174.03533935546875,60895800,180.408306086355,188.06336456372603,172.75324760898397,15.310116954742057,3.827529238685514,0.1950839365244035,False,False,False,False
2023-09-15 00:00:00-04:00,176.47999572753906,176.5,173.82000732421875,175.00999450683594,173.31240844726562,109259500,179.9037055648309,187.32925672962105,172.47815440004072,14.851102329580328,3.712775582395082,0.17048162827296076,False,False,False,False
2023-09-18 00:00:00-04:00,176.47999572753906,179.3800048828125,176.1699981689453,177.97000122070312,176.24371337890625,67257600,179.70716231333782,187.2641604368443,172.15016418983134,15.113996247012949,3.7784990617532372,0.38506275479736096,True,False,False,False
2023-09-19 00:00:00-04:00,177.52000427246094,179.6300048828125,177.1300048828125,179.07000732421875,177.33303833007812,51826900,179.60267120698322,186.90396951813904,172.3013728958274,14.602596622311637,3.6506491555779093,0.4635226599390825,False,False,False,False
2023-09-20 00:00:00-04:00,179.25999450683594,179.6999969482422,175.39999389648438,175.49000549316406,173.78775024414062,58436200,179.34178176942578,186.77295085981757,171.910612679034,14.862338180783581,3.7155845451958953,0.2408364532276683,False,False,False,False
2023-09-21 00:00:00-04:00,174.5500030517578,176.3000030517578,173.86000061035156,173.92999267578125,172.2428741455078,63149100,178.89938973861987,186.07544240825374,171.723337068986,14.352105339267723,3.588026334816931,0.15375135247633476,False,False,False,False
2023-09-22 00:00:00-04:00,174.6699981689453,177.0800018310547,174.0500030517578,174.7899932861328,173.09454345703125,56725400,178.55722557840036,185.64567481212555,171.46877634467518,14.176898467450371,3.544224616862593,0.23426964290412497,True,False,False,False
2023-09-25 00:00:00-04:00,174.1999969482422,176.97000122070312,174.14999389648438,176.0800018310547,174.37203979492188,46172700,178.28828336294134,185.23188913813775,171.34467758774494,13.887211550392806,3.4718028875982014,0.34098452566424736,False,False,False,False
2023-09-26 00:00:00-04:00,174.82000732421875,175.1999969482422,171.66000366210938,171.9600067138672,170.29202270507812,64588900,177.7789232751761,184.91216810664193,170.6456784437103,14.266489662931633,3.5666224157329083,0.0921269563298313,False,False,False,False
2023-09-27 00:00:00-04:00,172.6199951171875,173.0399932861328,169.0500030517578,170.42999267578125,168.77684020996094,66921800,177.11807309067274,184.335991485867,169.90015469547848,14.435836790388521,3.6089591975971302,0.03670296277217145,False,False,False,False
2023-09-28 00:00:00-04:00,169.33999633789062,172.02999877929688,167.6199951171875,170.69000244140625,169.03431701660156,56294400,176.45095490228772,183.8290821903844,169.07282761419103,14.756254576193385,3.689063644048346,0.10959249983557816,False,False,False,False
2023-09-29 00:00:00-04:00,172.02000427246094,173.07000732421875,170.33999633789062,171.2100067138672,169.5492706298828,51861100,175.98324524098973,183.1695619975424,168.79692848443707,14.372633513105313,3.5931583782763283,0.16789395118367206,False,False,False,False
2023-10-02 00:00:00-04:00,171.22000122070312,174.3000030517578,170.92999267578125,173.75,172.06463623046875,52164500,175.69849159034115,182.84017874643385,168.55680443424845,14.283374312185401,3.5708435780463503,0.3635832438642418,True,False,False,False
2023-10-03 00:00:00-04:00,172.25999450683594,173.6300048828125,170.82000732421875,172.39999389648438,170.72772216796875,49594600,175.37323861676947,182.38675559240914,168.3597216411298,14.02703395127935,3.5067584878198375,0.28803468141503163,False,False,False,False
2023-10-04 00:00:00-04:00,171.08999633789062,174.2100067138672,170.97000122070312,173.66000366210938,171.9755096435547,53020300,175.14213689443204,182.10230327114056,168.18197051772353,13.920332753417028,3.480083188354257,0.3935274566652261,False,False,False,False
2023-10-05 00:00:00-04:00,173.7899932861328,175.4499969482422,172.67999267578125,174.91000366210938,173.21339416503906,48527900,175.0663776119824,181.88452820551225,168.24822701845255,13.6363011870597,3.409075296764925,0.48853252449268125,False,False,False,False
2023-10-06 00:00:00-04:00,173.8000030517578,177.99000549316406,173.17999267578125,177.49000549316406,175.7683563232422,57266700,175.17624652709867,182.2745846247521,168.07790842944524,14.19667619530685,3.5491690488267125,0.6629789208568607,False,False,True,False
2023-10-09 00:00:00-04:00,176.80999755859375,179.0500030517578,175.8000030517578,178.99000549316406,177.25381469726562,42390800,175.44009643234895,182.47860072023704,168.40159214446086,14.077008575776176,3.519252143944044,0.7521778005395139,False,False,False,False
2023-10-10 00:00:00-04:00,178.10000610351562,179.72000122070312,177.9499969482422,178.38999938964844,176.65963745117188,43698000,175.7492935200171,182.43794823360855,169.06063880642563,13.377309427182922,3.3443273567957306,0.6974018679918839,False,False,False,False
2023-10-11 00:00:00-04:00,178.1999969482422,179.85000610351562,177.60000610351562,179.8000030517578,178.0559539794922,47551100,176.0668216056913,182.53661084792364,169.59703236345896,12.939578484464676,3.234894621116169,0.7885087370155517,False,False,False,False
2023-10-12 00:00:00-04:00,180.07000732421875,182.33999633789062,179.0399932861328,180.7100067138672,178.95712280273438,56743100,176.50775911428866,182.99057004264932,170.024948185928,12.965621856721327,3.241405464180332,0.8241069071746913,False,False,False,False
2023-10-13 00:00:00-04:00,181.4199981689453,181.92999267578125,178.13999938964844,178.85000610351562,177.1151885986328,51427100,176.80606771194198,183.39859620469312,170.21353921919084,13.185056985502285,3.2962642463755714,0.6550193066151381,False,True,False,False
2023-10-16 00:00:00-04:00,176.75,179.0800018310547,176.50999450683594,178.72000122070312,176.98641967773438,52517000,176.9296167412362,183.37689384955598,170.48233963291642,12.894554216639563,3.2236385541598906,0.6388481097823879,False,False,False,False
2023-10-17 00:00:00-04:00,176.64999389648438,178.4199981689453,174.8000030517578,177.14999389648438,175.43162536621094,57549400,176.91631975372758,183.50286878500444,170.32977072245072,13.17309806255372,3.29327451563843,0.5177387385751759,False,False,False,False
2023-10-18 00:00:00-04:00,175.5800018310547,177.5800018310547,175.11000061035156,175.83999633789062,174.1343536376953,54764400,176.84587656382644,183.26777093611625,170.42398219153662,12.843788744579626,3.2109471861449066,0.42168352766154643,False,False,False,True
2023-10-19 00:00:00-04:00,176.0399932861328,177.83999633789062,175.19000244140625,175.4600067138672,173.75804138183594,59302900,176.78087262102278,183.0905763353805,170.47116890666507,12.61940742871542,3.154851857178855,0.39533059181923497,False,False,False,False
2023-10-20 00:00:00-04:00,175.30999755859375,175.4199981689453,172.63999938964844,172.8800048828125,171.20309448242188,64244000,176.48237689335096,182.72511170111665,170.23964208558527,12.485469615531372,3.121367403882843,0.2114748486466806,False,False,False,False
2023-10-23 00:00:00-04:00,170.91000366210938,174.00999450683594,169.92999267578125,173.0,171.32191467285156,55980100,176.08532471882918,182.51978641202925,169.65086302562912,12.868923386400127,3.2172308466000317,0.2602499738175647,False,False,False,False
2023-10-24 00:00:00-04:00,173.0500030517578,173.6699981689453,171.4499969482422,173.44000244140625,171.75765991210938,43816600,175.77751593794366,182.01253170596434,169.542500169923,12.470031536041347,3.1175078840103367,0.312549512021566,False,False,False,False
2023-10-25 00:00:00-04:00,171.8800048828125,173.05999755859375,170.64999389648438,171.10000610351562,169.4403533935547,57157000,175.37997465999962,181.5494905602026,169.21045875979664,12.339031800405962,3.0847579501014906,0.1531357868497284,False,False,False,False
2023-10-26 00:00:00-04:00,170.3699951171875,171.3800048828125,165.6699981689453,166.88999938964844,165.27117919921875,70625300,174.67521524607605,181.36978089903218,167.98064959311992,13.389131305912258,3.3472828264780645,0.0,False,False,False,False
2023-10-27 00:00:00-04:00,166.91000366210938,168.9600067138672,166.8300018310547,168.22000122070312,166.58827209472656,58499100,174.03979823107275,180.49090829529575,167.58868816684975,12.902220128446004,3.225555032111501,0.048930575324900576,False,False,False,False
2023-10-30 00:00:00-04:00,169.02000427246094,171.1699981689453,168.8699951171875,170.2899932861328,168.63816833496094,51131000,173.66553130659807,180.06152975404723,167.2695328591489,12.791996894898318,3.1979992237245796,0.23612110382770005,True,False,False,False
2023-10-31 00:00:00-04:00,169.35000610351562,170.89999389648438,167.89999389648438,170.77000427246094,169.11355590820312,44846000,173.30278204138014,179.65918064408436,166.94638343867592,12.712797205408435,3.178199301352109,0.30076943508218024,False,False,False,False
2023-11-01 00:00:00-04:00,171.0,174.22999572753906,170.1199951171875,173.97000122070312,172.28250122070312,56934900,173.25235810300836,179.79511696751248,166.70959923850424,13.085517729008245,3.2713794322520613,0.5548425467418746,False,False,True,False
2023-11-02 00:00:00-04:00,175.52000427246094,177.77999877929688,175.4600067138672,177.57000732421875,175.84759521484375,77334800,173.60324503978163,180.25372752955408,166.95276255000917,13.300964979544915,3.3252412448862287,0.798231165222784,False,False,False,False
2023-11-03 00:00:00-04:00,174.24000549316406,176.82000732421875,173.35000610351562,176.64999389648438,174.93650817871094,79829200,173.79404733199982,180.62348181693565,166.964612847064,13.658868969871662,3.4147172424679155,0.7090909994659235,False,False,False,False
2023-11-06 00:00:00-05:00,176.3800048828125,179.42999267578125,176.2100067138672,179.22999572753906,177.4915008544922,63841300,174.2222331453709,181.01272137419596,167.43174491654582,13.580976457650138,3.3952441144125345,0.8687336177766001,False,False,False,False
2023-11-07 00:00:00-05:00,179.17999267578125,182.44000244140625,178.97000122070312,181.82000732421875,180.05638122558594,70530000,174.87503668664758,181.68047633673075,168.0695970365644,13.610879300166346,3.4027198250415864,1.0,False,False,False,False
2023-11-08 00:00:00-05:00,182.35000610351562,183.4499969482422,181.58999633789062,182.88999938964844,181.11599731445312,49340300,175.61487423000753,182.11177003715272,169.11797842286234,12.993791614290387,3.248447903572597,1.0,False,False,False,False
2023-11-09 00:00:00-05:00,182.9600067138672,184.1199951171875,181.80999755859375,182.41000366210938,180.64064025878906,53763500,176.29726704422558,182.606472782375,169.98806130607616,12.618411476298832,3.154602869074708,0.9844299640541405,False,False,False,False
2023-11-10 00:00:00-05:00,183.97000122070312,186.57000732421875,183.52999877929688,186.39999389648438,184.83511352539062,66133400,177.17371780191837,183.68400369867473,170.663431905162,13.020571793512715,3.255142948378179,1.0,False,False,False,False
2023-11-13 00:00:00-05:00,185.82000732421875,186.02999877929688,184.2100067138672,184.8000030517578,183.24856567382812,43627500,177.92034812379666,184.2176028674008,171.6230933801925,12.594509487208313,3.1486273718020783,1.0,False,False,False,False
2023-11-14 00:00:00-05:00,187.6999969482422,188.11000061035156,186.3000030517578,187.44000244140625,185.8664093017578,60108400,178.8120611946578,185.14158997562026,172.4825324136953,12.659057561924953,3.1647643904812384,1.0,False,False,False,False
2023-11-15 00:00:00-05:00,187.85000610351562,189.5,187.77999877929688,188.00999450683594,186.4315948486328,53790500,179.7280551534565,185.83663056804147,173.61947973887152,12.217150829169952,3.054287707292488,1.0,False,False,False,False
2023-11-16 00:00:00-05:00,189.57000732421875,190.9600067138672,188.64999389648438,189.7100067138672,188.1173553466797,54412900,180.68474854595965,186.77246886049238,174.59702823142692,12.175440629065463,3.0438601572663657,1.0,False,False,False,False
2023-11-17 00:00:00-05:00,190.25,190.3800048828125,188.57000732421875,189.69000244140625,188.0974884033203,50922700,181.5287412129615,187.36968900775972,175.6877934181633,11.681895589596422,2.9204738973991056,1.0,False,False,False,False
2023-11-20 00:00:00-05:00,189.88999938964844,191.91000366210938,189.8800048828125,191.4499969482422,189.84271240234375,46505100,182.43838508135133,188.13923834081035,176.7375318218923,11.401706518918047,2.8504266297295118,1.0,False,False,False,False
2023-11-21 00:00:00-05:00,191.41000366210938,191.52000427246094,189.74000549316406,190.63999938964844,189.03952026367188,38134500,183.21885663408844,188.70562432346094,177.73208894471594,10.973535378744998,2.7433838446862495,1.0,False,False,False,False
2023-11-22 00:00:00-05:00,191.49000549316406,192.92999267578125,190.8300018310547,191.30999755859375,189.70388793945312,39617700,184.02563194085556,189.42172151851736,178.62954236319376,10.792179155323595,2.6980447888308987,1.0,False,False,False,False
2023-11-24 00:00:00-05:00,190.8699951171875,190.89999389648438,189.25,189.97000122070312,188.37513732910156,24048300,184.59842874385942,189.8669088754738,179.32994861224503,10.536960263228764,2.634240065807191,1.0,False,False,False,False
2023-11-27 00:00:00-05:00,189.9199981689453,190.6699981689453,188.89999389648438,189.7899932861328,188.1966552734375,40552600,185.09254617623986,190.18817914918498,179.99691320329475,10.191265945890223,2.5478164864725557,0.9609287143357556,False,False,False,False
2023-11-28 00:00:00-05:00,189.77999877929688,191.0800018310547,189.39999389648438,190.39999389648438,188.80152893066406,38415400,185.5878589094241,190.5099301719888,180.66578764685943,9.84414252512937,2.4610356312823427,0.9888323157427082,False,False,False,False
2023-11-29 00:00:00-05:00,190.89999389648438,192.08999633789062,188.97000122070312,189.3699951171875,187.78018188476562,43014200,186.0217133839482,191.0755765436939,180.9678502242025,10.107726319491405,2.5269315798728513,0.8312596351943748,False,False,False,False
2023-11-30 00:00:00-05:00,189.83999633789062,190.32000732421875,188.19000244140625,189.9499969482422,188.35533142089844,48794400,186.35170914782194,191.32618696815558,181.3772313274883,9.948955640667293,2.4872389101668233,0.8616749265331842,False,False,False,False
2023-12-01 00:00:00-05:00,190.3300018310547,191.55999755859375,189.22999572753906,191.24000549316406,189.63449096679688,45704800,186.7636098251499,191.7066402296611,181.8205794206387,9.88606080902241,2.4715152022556026,0.9527987187706581,False,False,False,False
2023-12-04 00:00:00-05:00,189.97999572753906,190.0500030517578,187.4499969482422,189.42999267578125,187.83969116210938,43389500,186.9743769108747,192.18110598391917,181.76764783783022,10.413458146088942,2.6033645365222355,0.7358117476881422,False,True,False,False
2023-12-05 00:00:00-05:00,190.2100067138672,194.39999389648438,190.17999267578125,193.4199981689453,191.79617309570312,66628400,187.51649926035364,193.1965556702343,181.836442850473,11.360112819761298,2.8400282049403245,1.0,False,False,False,False
2023-12-06 00:00:00-05:00,194.4499969482422,194.75999450683594,192.11000061035156,192.32000732421875,190.70542907714844,41089700,188.04476924957098,193.68681879776042,182.40271970138153,11.284099096378895,2.821024774094724,0.8788727871079857,False,False,False,False
2023-12-07 00:00:00-05:00,193.6300048828125,195.0,193.58999633789062,194.27000427246094,192.6390380859375,47477700,188.63923568962298,194.25307881814973,183.02539256109623,11.227686257053506,2.8069215642633765,1.0,False,False,False,False
2023-12-08 00:00:00-05:00,194.1999969482422,195.99000549316406,193.6699981689453,195.7100067138672,194.0669708251953,53406400,189.25676912794387,194.7732294084617,183.74030884742604,11.032920561035667,2.7582301402589167,1.0,False,False,False,False
2023-12-11 00:00:00-05:00,193.11000061035156,193.49000549316406,191.4199981689453,193.17999267578125,191.55821228027344,60943700,189.58437830108858,195.407194262539,183.76156233963815,11.645631922900861,2.9114079807252153,0.8087521912505221,False,False,False,False
2023-12-12 00:00:00-05:00,193.0800018310547,194.72000122070312,191.72000122070312,194.7100067138672,193.07537841796875,52696900,189.97792986464435,195.81846422994974,184.13739549933896,11.681068730610775,2.920267182652694,0.9051064982455083,False,False,False,False
2023-12-13 00:00:00-05:00,195.08999633789062,198.0,194.85000610351562,197.9600067138672,196.2980499267578,70404200,190.64066710983323,196.55514669583465,184.7261875238318,11.82895917200284,2.95723979300071,1.0,False,False,False,False
2023-12-14 00:00:00-05:00,198.02000427246094,199.6199951171875,196.16000366210938,198.11000061035156,196.44680786132812,66831600,191.33806387364746,197.35309379206436,185.32303395523056,12.0300598368338,3.00751495920845,1.0,False,False,False,False
2023-12-15 00:00:00-05:00,197.52999877929688,198.39999389648438,197.0,197.57000732421875,195.91136169433594,128538400,191.9398356069732,197.63336131284527,186.2463099011011,11.387051411744153,2.8467628529360383,0.9944363131125257,False,False,False,False
2023-12-18 00:00:00-05:00,196.08999633789062,196.6300048828125,194.38999938964844,195.88999938964844,194.2454376220703,55751900,192.29191487177286,198.0520895939718,186.53174014957392,11.52034944439788,2.88008736109947,0.8123242515551692,False,False,False,False
2023-12-19 00:00:00-05:00,196.16000366210938,196.9499969482422,195.88999938964844,196.94000244140625,195.28663635253906,40714100,192.70157373412138,198.09773049581918,187.3054169724236,10.792313523395592,2.698078380848898,0.8927266102950768,False,False,False,False
2023-12-20 00:00:00-05:00,196.89999389648438,197.67999267578125,194.8300018310547,194.8300018310547,193.19435119628906,52242800,192.99475707175716,198.42129632623048,187.56821781728385,10.853078508946624,2.713269627236656,0.6690990033643135,False,True,False,False
2023-12-21 00:00:00-05:00,196.10000610351562,197.0800018310547,193.5,194.67999267578125,193.04559326171875,46482500,193.19398638260049,198.79387207783742,187.59410068736355,11.19977139047387,2.7999428476184676,0.6326818415637224,False,False,False,False
2023-12-22 00:00:00-05:00,195.17999267578125,195.41000366210938,192.97000122070312,193.60000610351562,191.97467041015625,37149600,193.270115012395,198.7980126263895,187.7422173984005,11.055795227988995,2.7639488069972487,0.5298387483050946,False,False,False,False
2023-12-26 00:00:00-05:00,193.61000061035156,193.88999938964844,192.8300018310547,193.0500030517578,191.42930603027344,28919300,193.2688343531974,198.4559417175112,188.08172698888362,10.374214728627578,2.5935536821568945,0.47890622980496733,False,False,False,True
2023-12-27 00:00:00-05:00,192.49000549316406,193.5,191.08999633789062,193.14999389648438,191.52845764160156,48087700,193.20323077144448,198.35362813174876,188.0528334111402,10.300794720608565,2.575198680152141,0.49483177012996904,False,False,False,False
2023-12-28 00:00:00-05:00,194.13999938964844,194.66000366210938,193.1699981689453,193.5800018310547,191.95484924316406,34049900,193.26038351264373,198.1977430900426,188.32302393524486,9.87471915479773,2.4686797886994327,0.5323673325185831,False,False,True,False
2023-12-29 00:00:00-05:00,193.89999389648438,194.39999389648438,191.72999572753906,192.52999877929688,190.9136505126953,42672100,193.22479106392592,198.20241431737395,188.2471678104779,9.95524650689606,2.488811626724015,0.4302084298818961,False,False,False,True
2024-01-02 00:00:00-05:00,187.14999389648438,188.44000244140625,183.88999938964844,185.63999938964844,184.0814971923828,82488700,192.53576338230448,198.7436241883374,186.32790257627155,12.415721612065852,3.103930403016463,0.0,False,False,False,False
2024-01-03 00:00:00-05:00,184.22000122070312,185.8800048828125,183.42999267578125,184.25,182.7031707763672,58414500,191.77235726838958,197.84943443522545,185.69528010155372,12.154154333671727,3.0385385834179317,0.0,False,False,False,False
2024-01-04 00:00:00-05:00,182.14999389648438,183.08999633789062,180.8800048828125,181.91000366210938,180.3828125,71983600,190.83784720736242,196.9812156809522,184.69447873377263,12.286736947179577,3.071684236794894,0.0,False,False,False,False
2024-01-05 00:00:00-05:00,181.99000549316406,182.75999450683594,180.1699981689453,181.17999267578125,179.65895080566406,62379700,189.93614700829812,195.98317790210706,183.88911611448918,12.094061787617875,3.0235154469044687,0.0,False,False,False,False
2024-01-08 00:00:00-05:00,182.08999633789062,185.60000610351562,181.5,185.55999755859375,184.00216674804688,59144500,189.39175217138433,195.71808266135923,183.06542168140942,12.652660979949815,3.1631652449874537,0.19715820104066567,False,False,False,False
2024-01-09 00:00:00-05:00,183.9199981689453,185.14999389648438,182.72999572753906,185.13999938964844,183.58567810058594,42841800,188.91063256819444,195.1703303753828,182.65093476100608,12.51939561437672,3.12984890359418,0.1988166765641643,False,False,False,False
2024-01-10 00:00:00-05:00,184.35000610351562,186.39999389648438,183.9199981689453,186.19000244140625,184.6268768310547,46792900,188.5861277047739,194.71585487675125,182.45640053279655,12.259454343954701,3.0648635859886753,0.30454878364556154,True,False,False,False
2024-01-11 00:00:00-05:00,186.5399932861328,187.0500030517578,183.6199951171875,185.58999633789062,184.03192138671875,49128400,188.28459155850453,194.4873476001982,182.08183551681086,12.40551208338735,3.1013780208468376,0.28279048841342624,False,False,False,False
2024-01-12 00:00:00-05:00,186.05999755859375,186.74000549316406,185.19000244140625,185.9199981689453,184.35914611816406,40477800,188.06224969907603,193.9547307469519,182.16976865120017,11.784962095751723,2.946240523937931,0.31822160201067035,False,False,False,False
2024-01-16 00:00:00-05:00,182.16000366210938,184.25999450683594,180.92999267578125,183.6300048828125,182.08840942382812,65603000,187.574416142511,193.87565018423211,181.2731821007899,12.602468083442204,3.150617020860551,0.1870127951459849,False,False,False,False
2024-01-17 00:00:00-05:00,181.27000427246094,182.92999267578125,180.3000030517578,182.67999267578125,181.14634704589844,47317400,187.04066185602807,193.377772859788,180.70355085226814,12.674222007519859,3.1685555018799647,0.15594186549205563,False,False,False,False
2024-01-18 00:00:00-05:00,186.08999633789062,189.13999938964844,185.8300018310547,188.6300048828125,187.04638671875,78005800,187.1193291746132,194.11473042077057,180.12392792845583,13.990802492314742,3.4977006230786856,0.6079763443897609,True,False,True,False
2024-01-19 00:00:00-05:00,189.3300018310547,191.9499969482422,188.82000732421875,191.55999755859375,189.95179748535156,68903000,187.46764708912798,194.42750662375553,180.50778755450042,13.919719069255109,3.4799297673137772,0.7939966280285545,False,False,False,False
2024-01-22 00:00:00-05:00,192.3000030517578,195.3300018310547,192.25999450683594,193.88999938964844,192.26223754882812,60133900,188.07326786564084,195.09114230129785,181.05539342998384,14.035748871314013,3.508937217828503,0.9144225988465579,False,False,False,False
2024-01-23 00:00:00-05:00,195.02000427246094,195.75,193.8300018310547,195.17999267578125,193.54141235351562,42355600,188.72533741833652,195.42542404421687,182.02525079245618,13.400173251760691,3.3500433129401728,0.9816844630420454,False,False,False,False
2024-01-24 00:00:00-05:00,195.4199981689453,196.3800048828125,194.33999633789062,194.5,192.8671112060547,53631300,189.3299084966125,195.7679881688892,182.8918288243358,12.8761593445534,3.21903983613835,0.9015243493840772,False,False,False,False
2024-01-25 00:00:00-05:00,195.22000122070312,196.27000427246094,193.11000061035156,194.1699981689453,192.53990173339844,54822100,189.82388556207027,196.2501579995412,183.39761312459936,12.852544874941827,3.213136218735457,0.8381519107043546,False,False,False,False
2024-01-26 00:00:00-05:00,194.27000427246094,194.75999450683594,191.94000244140625,192.4199981689453,190.80458068847656,44594000,190.13018202019651,196.47782562700627,183.78253841338676,12.695287213619508,3.173821803404877,0.6803674158936934,False,True,False,False
2024-01-29 00:00:00-05:00,192.00999450683594,192.1999969482422,189.5800018310547,191.72999572753906,190.120361328125,47145600,190.22921212960117,196.51009064330808,183.94833361589426,12.561757027413819,3.1404392568534547,0.6194724268796715,False,False,False,False
2024-01-30 00:00:00-05:00,190.94000244140625,191.8000030517578,187.47000122070312,188.0399932861328,186.46136474609375,55859400,190.1219855000707,196.64077652861786,183.60319447152355,13.037582057094312,3.259395514273578,0.3403084095792906,False,False,False,True
2024-01-31 00:00:00-05:00,187.0399932861328,187.10000610351562,184.35000610351562,184.39999389648438,182.85191345214844,55467800,189.66116167795334,196.2660710401692,183.05625231573748,13.209818724431727,3.302454681107932,0.10172293873053888,False,False,False,False
2024-02-01 00:00:00-05:00,183.99000549316406,186.9499969482422,183.82000732421875,186.86000061035156,185.29127502441406,64885400,189.30073373665024,195.87115008744922,182.73031738585127,13.140832701597958,3.2852081753994895,0.3142634350712126,True,False,False,False
2024-02-02 00:00:00-05:00,179.86000061035156,187.3300018310547,179.25,185.85000610351562,184.2897491455078,102551700,188.80955299774928,196.3389280796793,181.28017791581925,15.058750163860054,3.7646875409650136,0.3034666315577531,False,False,False,False
2024-02-05 00:00:00-05:00,188.14999389648438,189.25,185.83999633789062,187.67999267578125,186.10438537597656,69668800,188.69340474442942,196.1518430505883,181.23496643827053,14.916876612317765,3.729219153079441,0.43206271694898046,False,False,False,False
2024-02-06 00:00:00-05:00,186.86000061035156,189.30999755859375,186.77000427246094,189.3000030517578,187.7107696533203,43490800,188.67117587616036,195.8917690089299,181.4505827433908,14.441186265539102,3.6102965663847755,0.5435440111383382,False,False,True,False
2024-02-07 00:00:00-05:00,190.63999938964844,191.0500030517578,188.61000061035156,189.41000366210938,187.81983947753906,53439000,188.76820697761235,195.75474128538622,181.78167266983849,13.973068615547731,3.493267153886933,0.5459309763771504,False,False,False,False
2024-02-08 00:00:00-05:00,189.38999938964844,189.5399932861328,187.35000610351562,188.32000732421875,186.73902893066406,40962000,188.73345731986728,195.45933563338718,182.00757900634738,13.4517566270398,3.36293915675995,0.4692642375927732,False,False,False,True
2024-02-09 00:00:00-05:00,188.64999389648438,189.99000549316406,188.0,188.85000610351562,187.5035400390625,45155200,188.75376334009195,195.20505492089268,182.30247175929122,12.902583161601456,3.225645790400364,0.5074591856698972,False,False,True,False
2024-02-12 00:00:00-05:00,188.4199981689453,188.6699981689453,186.7899932861328,187.14999389648438,185.8156280517578,41781900,188.63784890616455,194.85601389236177,182.41968391996733,12.436329972394446,3.1090824930986116,0.38036221192402886,False,False,False,True
2024-02-13 00:00:00-05:00,185.77000427246094,186.2100067138672,183.50999450683594,185.0399932861328,183.7206573486328,56529500,188.28376788357224,194.60811624907942,181.95941951806506,12.648696731014354,3.1621741827535885,0.2435487096875558,False,False,False,False
2024-02-14 00:00:00-05:00,185.32000732421875,185.52999877929688,182.44000244140625,184.14999389648438,182.8369903564453,54630500,187.8795993586983,194.1895121552329,181.5696865621637,12.619825593069208,3.154956398267302,0.2044645795848225,False,False,False,False
2024-02-15 00:00:00-05:00,183.5500030517578,184.49000549316406,181.35000610351562,183.86000061035156,182.54908752441406,65434500,187.4370982199979,193.7440196148087,181.13017682518708,12.613842789621629,3.153460697405407,0.2164149205514531,False,False,False,False
2024-02-16 00:00:00-05:00,183.4199981689453,184.85000610351562,181.6699981689453,182.30999755859375,181.0101318359375,49752500,187.00912066987286,193.32135151211665,180.69688982762906,12.624461684487585,3.1561154211218962,0.12777635762060296,False,False,False,False
2024-02-20 00:00:00-05:00,181.7899932861328,182.42999267578125,180.0,181.55999755859375,180.26548767089844,53665600,186.46825172462704,192.6352580178027,180.30124543145138,12.33401258635132,3.08350314658783,0.10205536262670052,False,False,False,False
2024-02-21 00:00:00-05:00,181.94000244140625,182.88999938964844,180.66000366210938,182.32000732421875,181.02008056640625,41371400,186.0385772865983,192.0348820959642,180.0422724772324,11.99260961873182,2.998152404682955,0.1899282074043886,False,False,False,False
2024-02-22 00:00:00-05:00,183.47999572753906,184.9600067138672,182.4600067138672,184.3699951171875,183.05545043945312,52292200,185.83776067342774,191.76243487978675,179.91308646706872,11.84934841271803,2.9623371031795074,0.37613111665575893,True,False,False,False
2024-02-23 00:00:00-05:00,185.00999450683594,185.0399932861328,182.22999572753906,182.52000427246094,181.21864318847656,45119700,185.5925769040896,191.48678320153147,179.69837060664776,11.78841259488371,2.9471031487209274,0.2393565412732329,False,False,False,False
2024-02-26 00:00:00-05:00,182.24000549316406,182.75999450683594,180.64999389648438,181.16000366210938,179.86834716796875,40867400,185.2050296454598,190.9318154352278,179.4782438556918,11.453571579536003,2.863392894884001,0.14683278440607642,False,False,False,False
2024-02-27 00:00:00-05:00,181.10000610351562,183.9199981689453,179.55999755859375,182.6300048828125,181.32785034179688,54318900,184.9032808097129,190.9293881425744,178.8771734768514,12.052214665723,3.01305366643075,0.31138106232328505,True,False,False,False
2024-02-28 00:00:00-05:00,182.50999450683594,183.1199951171875,180.1300048828125,181.4199981689453,180.12646484375,48953900,184.58455559510358,190.60605024155393,178.56306094865323,12.0429892929007,3.010747323225175,0.2372282454802344,False,False,False,False
2024-02-29 00:00:00-05:00,181.27000427246094,182.57000732421875,179.52999877929688,180.75,179.46127319335938,136682600,184.23840763695137,190.26575452774105,178.21106074616168,12.054693781579374,3.0136734453948435,0.2106183118245644,False,False,False,False
2024-03-01 00:00:00-05:00,179.5500030517578,180.52999877929688,177.3800048828125,179.66000366210938,178.37905883789062,73563100,183.75760714213754,189.85621836728578,177.6589959169893,12.197222450296465,3.0493056125741163,0.16405437822210306,False,False,False,False
2024-03-04 00:00:00-05:00,176.14999389648438,176.89999389648438,173.7899932861328,175.10000610351562,173.85154724121094,81510100,182.94862847101754,189.61138064884625,176.28587629318884,13.325504355657415,3.3313760889143538,0.0,False,False,False,False
2024-03-05 00:00:00-05:00,170.75999450683594,172.0399932861328,169.6199951171875,170.1199951171875,168.9070587158203,95132400,181.7719331728415,188.86441233015296,174.67945401553004,14.184958314622918,3.5462395786557295,0.0,False,False,False,False
2024-03-06 00:00:00-05:00,171.05999755859375,171.24000549316406,168.67999267578125,169.1199951171875,167.91416931152344,68587700,180.62032027657511,187.515554081632,173.72508647151824,13.790467610113751,3.4476169025284378,0.0,False,False,False,False
2024-03-07 00:00:00-05:00,169.14999389648438,170.72999572753906,168.49000549316406,169.0,167.7950439453125,71765100,179.55235330486013,186.20606177628633,172.89864483343393,13.307416942852399,3.3268542357130997,0.0,False,False,False,False
2024-03-08 00:00:00-05:00,169.0,173.6999969482422,168.94000244140625,170.72999572753906,169.5126953125,76267000,178.74958934303814,185.6899258686889,171.80925281738737,13.880673051301528,3.470168262825382,0.0,False,False,False,False
2024-03-11 00:00:00-04:00,172.94000244140625,174.3800048828125,172.0500030517578,172.75,171.51829528808594,60139500,178.20772394321133,185.1840286473517,171.23141923907096,13.95260940828075,3.4881523520701876,0.10883847719751809,False,False,False,False
2024-03-12 00:00:00-04:00,173.14999389648438,174.02999877929688,171.00999450683594,173.22999572753906,171.994873046875,59825400,177.68857528238712,184.57125037060564,170.8059001941686,13.765350176437039,3.4413375441092597,0.17610126166786,False,False,False,False
2024-03-13 00:00:00-04:00,172.77000427246094,173.19000244140625,170.75999450683594,171.1300048828125,169.90985107421875,52488700,177.11759991679642,183.8060077403337,170.42919209325913,13.37681564707458,3.344203911768645,0.05239010598958435,False,False,False,False
2024-03-14 00:00:00-04:00,172.91000366210938,174.30999755859375,172.0500030517578,173.0,171.7665252685547,72913500,176.736876134573,183.39244171091283,170.08131055823318,13.31113115267965,3.3277827881699125,0.21926682325410468,True,False,False,False
2024-03-15 00:00:00-04:00,171.1699981689453,172.6199951171875,170.2899932861328,172.6199951171875,171.38922119140625,121752700,176.27082391605836,182.80283427753764,169.73881355457908,13.06402072295856,3.26600518073964,0.22054324803274866,False,False,False,False
2024-03-18 00:00:00-04:00,175.57000732421875,177.7100067138672,173.52000427246094,173.72000122070312,172.4813690185547,75604200,176.14820615284745,183.04501779751473,169.25139450818017,13.793623289334562,3.4484058223336405,0.32396177703201084,False,False,False,False
2024-03-19 00:00:00-04:00,174.33999633789062,176.61000061035156,173.02999877929688,176.0800018310547,174.82455444335938,55215200,176.06171036751923,182.9848412139307,169.13857952110774,13.846261692822964,3.461565423205741,0.501321039854746,False,False,True,False
2024-03-20 00:00:00-04:00,175.72000122070312,178.6699981689453,175.08999633789062,178.6699981689453,177.39610290527344,53423100,176.1964678777803,183.14328600576158,169.249649749799,13.893636255962576,3.473409063990644,0.6780333273158409,False,False,False,False
2024-03-21 00:00:00-04:00,177.0500030517578,177.49000549316406,170.83999633789062,171.3699951171875,170.1481475830078,106181300,175.91426449095175,183.73240117234585,168.09612780955766,15.636273362788188,3.909068340697047,0.20937644358540825,False,False,False,True
2024-03-22 00:00:00-04:00,171.75999450683594,173.0500030517578,170.05999755859375,172.27999877929688,171.05165100097656,71160100,175.5221122978341,183.1564364097216,167.8877881859466,15.268648223775017,3.8171620559437542,0.28766204636970516,False,False,False,False
2024-03-25 00:00:00-04:00,170.57000732421875,171.94000244140625,169.4499969482422,170.85000610351562,169.63186645507812,54288300,175.0673081263948,182.50420019330448,167.63041605948513,14.873784133819356,3.718446033454839,0.2164607214320083,False,False,False,False
2024-03-26 00:00:00-04:00,170.0,171.4199981689453,169.5800018310547,169.7100067138672,168.49998474121094,57388400,174.60724724813076,181.6684493759276,167.54604512033393,14.122404255593665,3.530601063898416,0.15322897959645554,False,False,False,False
2024-03-27 00:00:00-04:00,170.41000366210938,173.60000610351562,170.11000061035156,173.30999755859375,172.07431030273438,60273300,174.39131907441865,181.5244008673655,167.2582372814718,14.266163585893707,3.566540896473427,0.4242037630288986,True,False,False,False
2024-03-28 00:00:00-04:00,171.75,172.22999572753906,170.50999450683594,171.47999572753906,170.25735473632812,65672700,174.10706601850302,181.08684024250675,167.12729179449929,13.959548448007467,3.489887112001867,0.3118083617999166,False,False,False,False
2024-04-01 00:00:00-04:00,171.19000244140625,171.25,169.47999572753906,170.02999877929688,168.81768798828125,46240500,173.7400436836245,180.42184048522785,167.05824688202114,13.36359360320671,3.3408984008016773,0.22237670386524175,False,False,False,False
2024-04-02 00:00:00-04:00,169.0800018310547,169.33999633789062,168.22999572753906,168.83999633789062,167.6361846923828,49329500,173.269880424972,179.64349815676658,166.89626269317742,12.747235463589163,3.186808865897291,0.15248275991019625,False,False,False,False
2024-04-03 00:00:00-04:00,168.7899932861328,170.67999267578125,168.5800018310547,169.64999389648438,168.44041442871094,47691700,172.9238596988896,179.08011382645003,166.76760557132917,12.31250825512086,3.078127063780215,0.234102448130859,True,False,False,False
2024-04-04 00:00:00-04:00,170.2899932861328,171.9199981689453,168.82000732421875,168.82000732421875,167.61631774902344,53704400,172.63142902335673,178.79205590710643,166.47080213960703,12.3212537674994,3.08031344187485,0.19066283585590746,False,False,False,False
2024-04-05 00:00:00-04:00,169.58999633789062,170.38999938964844,168.9499969482422,169.5800018310547,168.37091064453125,42104800,172.34653096300357,178.20509357146423,166.48796835454291,11.717125216921318,2.9292813042303294,0.26389011120632255,True,False,False,False
2024-04-08 00:00:00-04:00,169.02999877929688,169.1999969482422,168.24000549316406,168.4499969482422,167.24896240234375,37425500,171.99257561381748,177.5332812290102,166.45186999862474,11.08141123038547,2.7703528075963675,0.1803134012515063,False,False,False,False
2024-04-09 00:00:00-04:00,168.6999969482422,170.0800018310547,168.35000610351562,169.6699981689453,168.46023559570312,42373800,171.74248924118456,177.07512344036581,166.4098550420033,10.665268398362514,2.6663170995906285,0.3056784888266437,True,False,False,False
2024-04-10 00:00:00-04:00,168.8000030517578,169.08999633789062,167.11000061035156,167.77999877929688,166.58372497558594,49709300,171.38542663813647,176.69679692911836,166.07405634715457,10.622740581963797,2.655685145490949,0.16059343810379817,False,False,False,False
2024-04-11 00:00:00-04:00,168.33999633789062,175.4600067138672,168.16000366210938,175.0399932861328,173.7919921875,91070300,171.5284019952063,177.84463684400407,165.21216714640855,12.632469697595525,3.158117424398881,0.7779813745838553,True,False,True,False
2024-04-12 00:00:00-04:00,174.25999450683594,178.36000061035156,174.2100067138672,176.5500030517578,175.29122924804688,101670900,171.98982435680497,178.50443450001984,165.4752142135901,13.029220286429734,3.2573050716074334,0.8499962848661313,False,False,False,False
2024-04-15 00:00:00-04:00,175.36000061035156,176.6300048828125,172.5,172.69000244140625,171.45872497558594,73531800,172.17555560295747,178.86470570841334,165.4864054975016,13.378300210911732,3.344575052727933,0.5384538267446846,False,True,False,False
2024-04-16 00:00:00-04:00,171.75,173.75999450683594,168.27000427246094,169.3800048828125,168.17233276367188,73711200,172.01312185226658,179.13135499405186,164.8948887104813,14.236466283570564,3.559116570892641,0.3150442028937477,False,False,False,True
2024-04-17 00:00:00-04:00,169.61000061035156,170.64999389648438,168.0,168.0,166.8021697998047,50901200,171.71504656146294,178.65145516836657,164.77863795455931,13.872817213807252,3.468204303451813,0.2322067677958409,False,False,False,False
2024-04-18 00:00:00-04:00,168.02999877929688,168.63999938964844,166.5500030517578,167.0399932861328,165.84901428222656,43122900,171.30504199140424,177.96580900519564,164.64427497761284,13.3215340275828,3.3303835068957,0.17983802042313884,False,False,False,False
2024-04-19 00:00:00-04:00,166.2100067138672,166.39999389648438,164.0800018310547,165.0,163.82357788085938,68149400,170.7197997613511,177.306488364779,164.13311115792322,13.173377206855776,3.293344301713944,0.06580612006051294,False,False,False,False
2024-04-22 00:00:00-04:00,165.52000427246094,167.25999450683594,164.77000427246094,165.83999633789062,164.65757751464844,48116400,170.2661678830379,176.692185672998,163.8401500930778,12.852035579920198,3.2130088949800495,0.15560540837105644,False,False,False,False
2024-04-23 00:00:00-04:00,165.35000610351562,167.0500030517578,164.9199981689453,166.89999389648438,165.7100067138672,49537800,169.88748507250057,176.09690206002716,163.67806808497397,12.41883397505319,3.1047084937632974,0.25943867338774074,True,False,False,False
2024-04-24 00:00:00-04:00,166.5399932861328,169.3000030517578,166.2100067138672,169.02000427246094,167.8148956298828,48251800,169.72455043188418,175.93102498823623,163.51807587553213,12.412949112704098,3.1032372781760245,0.4432410337763994,False,False,False,False
2024-04-25 00:00:00-04:00,169.52999877929688,170.61000061035156,168.14999389648438,169.88999938964844,168.6787109375,50558300,169.70792638746613,175.78575483095642,163.63009794397584,12.15565688698058,3.038914221745145,0.5149784584967446,False,False,True,False
2024-04-26 00:00:00-04:00,169.8800048828125,171.33999633789062,169.17999267578125,169.3000030517578,168.0928955078125,44838400,169.73002838438777,175.6320747159509,163.82798205282464,11.804092663126255,2.9510231657815638,0.4635698104968906,False,False,False,True
2024-04-29 00:00:00-04:00,173.3699951171875,176.02999877929688,173.10000610351562,173.5,172.26295471191406,68169400,170.15669250278933,176.81453334670397,163.49885165887468,13.315681687829283,3.3289204219573207,0.7510804610376428,False,False,True,False
2024-04-30 00:00:00-04:00,173.3300018310547,174.99000549316406,170.0,170.3300018310547,169.1155548095703,65934800,170.31065852868937,177.30071638684535,163.3206006705334,13.980115716311957,3.4950289290779892,0.5013836296321027,False,False,False,False
2024-05-01 00:00:00-04:00,169.5800018310547,172.7100067138672,169.11000061035156,169.3000030517578,168.0928955078125,50383100,170.31662788709917,177.3276811801427,163.30557459405566,14.022106586087034,3.5055266465217585,0.42749842335743815,False,False,False,True
2024-05-02 00:00:00-04:00,172.50999450683594,173.4199981689453,170.88999938964844,173.02999877929688,171.79629516601562,94214900,170.51948860699102,177.65343559416766,163.38554161981438,14.267893974353285,3.5669734935883213,0.6759552024158947,False,False,True,False
2024-05-03 00:00:00-04:00,186.64999389648438,187.0,182.66000366210938,183.3800048828125,182.07249450683594,163224100,171.83636297917988,181.0509155117795,162.62181044658027,18.429105065199224,4.607276266299806,1.0,False,False,False,False
2024-05-06 00:00:00-04:00,182.35000610351562,184.1999969482422,180.4199981689453,181.7100067138672,180.41441345214844,78569700,172.81480465833909,181.8639016935381,163.76570762314006,18.09819407039805,4.524548517599513,0.9914966665142221,False,False,False,False
2024-05-07 00:00:00-04:00,183.4499969482422,184.89999389648438,181.32000732421875,182.39999389648438,181.0994873046875,77305800,173.77275961523338,182.63294426136562,164.91257496910114,17.72036929226448,4.43009232306612,0.9868540908465752,False,False,False,False
2024-05-08 00:00:00-04:00,182.85000610351562,183.07000732421875,181.4499969482422,182.74000549316406,181.43707275390625,45057100,174.59630662856432,182.89447488527867,166.29813837184997,16.596336513428696,4.149084128357174,0.9906925608558479,False,False,False,False
2024-05-09 00:00:00-04:00,182.55999755859375,184.66000366210938,182.11000061035156,184.57000732421875,183.2540283203125,48983000,175.47094446065915,183.4492965020536,167.4925924192647,15.956704082788917,3.9891760206972293,1.0,False,False,False,False
2024-05-10 00:00:00-04:00,184.89999389648438,185.08999633789062,182.1300048828125,183.0500030517578,181.99136352539062,50759500,176.22831496511895,184.0008300933896,168.4557998368483,15.545030256541281,3.8862575641353203,0.93883401795042,False,False,False,False
2024-05-13 00:00:00-04:00,185.44000244140625,187.10000610351562,184.6199951171875,186.27999877929688,185.20269775390625,72044800,177.15895163510763,184.96421586090278,169.35368740931247,15.610528451590312,3.902632112897578,1.0,False,False,False,False
2024-05-14 00:00:00-04:00,187.50999450683594,188.3000030517578,186.2899932861328,187.42999267578125,186.3460235595703,52393600,178.12857494013457,185.55731359784238,170.69983628242676,14.857477315415622,3.7143693288539055,1.0,False,False,False,False
2024-05-15 00:00:00-04:00,187.91000366210938,190.64999389648438,187.3699951171875,189.72000122070312,188.62281799316406,70400000,179.18744050883208,186.5293050566285,171.84557596103568,14.68372909559281,3.6709322738982024,1.0,False,False,False,False
2024-05-16 00:00:00-04:00,190.47000122070312,191.10000610351562,189.66000366210938,189.83999633789062,188.74209594726562,52845200,180.23625589222954,187.13193447352756,173.3405773109315,13.791357162596057,3.4478392906490143,1.0,False,False,False,False
2024-05-17 00:00:00-04:00,189.50999450683594,190.80999755859375,189.17999267578125,189.8699951171875,188.7719268798828,41282900,181.16169137397156,187.69380307370227,174.62957967424086,13.064223399461412,3.266055849865353,1.0,False,False,False,False
2024-05-20 00:00:00-04:00,189.3300018310547,191.9199981689453,189.00999450683594,191.0399932861328,189.93515014648438,44361300,182.0659742895271,188.52687555170664,175.60507302734757,12.921802524359066,3.2304506310897665,1.0,False,False,False,False
2024-05-21 00:00:00-04:00,191.08999633789062,192.72999572753906,190.9199981689453,192.35000610351562,191.23757934570312,42309400,183.01207197623881,189.18888262391914,176.8352613285585,12.353621295360654,3.0884053238401634,1.0,False,False,False,False
2024-05-22 00:00:00-04:00,192.27000427246094,192.82000732421875,190.27000427246094,190.89999389648438,189.7959747314453,34648500,183.80425577193554,189.8733859651994,177.7351255786717,12.13826038652769,3.0345650966319226,1.0,False,False,False,False
2024-05-23 00:00:00-04:00,190.97999572753906,191.0,186.6300048828125,186.8800048828125,185.7992401123047,51005900,184.22004124653296,190.55625744390792,177.883825049158,12.672432394749933,3.168108098687483,0.7099015842752919,False,True,False,False
2024-05-24 00:00:00-04:00,188.82000732421875,190.5800018310547,188.0399932861328,189.97999572753906,188.88128662109375,36327000,184.72606877367986,191.16866274096577,178.28347480639394,12.885187934571832,3.221296983642958,0.9077493460349588,False,False,False,False
2024-05-28 00:00:00-04:00,191.50999450683594,193.0,189.10000610351562,189.99000549316406,188.89125061035156,52280100,185.29469751258907,191.87303086244327,178.71636416273486,13.15666669970841,3.2891666749271025,0.8568767141208385,False,False,False,False
2024-05-29 00:00:00-04:00,189.61000061035156,192.25,189.50999450683594,190.2899932861328,189.18951416015625,53068000,185.80790053656372,192.2764016500653,179.33939942306213,12.937002227003177,3.234250556750794,0.8464552815963576,False,False,False,False
2024-05-30 00:00:00-04:00,190.75999450683594,192.17999267578125,190.6300048828125,191.2899932861328,190.1837158203125,49889100,186.33730654402518,192.5369574241063,180.13765566394406,12.399301760162246,3.0998254400405614,0.899432713059709,False,False,False,False
2024-05-31 00:00:00-04:00,191.44000244140625,192.57000732421875,189.91000366210938,192.25,191.13818359375,75158300,186.8362935711443,192.94798009563917,180.72460704664942,12.223373048989743,3.0558432622474356,0.9428979142793278,False,False,False,False
2024-06-03 00:00:00-04:00,192.89999389648438,194.99000549316406,192.52000427246094,194.02999877929688,192.90789794921875,50080500,187.50394842293758,193.55246739361579,181.45542945225938,12.097037941356405,3.024259485339101,1.0,False,False,False,False
2024-06-04 00:00:00-04:00,194.63999938964844,195.32000732421875,193.02999877929688,194.35000610351562,193.2260284423828,47471400,188.14484261145245,194.0465113940472,182.2431738288577,11.803337565189508,2.950834391297377,1.0,False,False,False,False
2024-06-05 00:00:00-04:00,195.39999389648438,196.89999389648438,194.8699951171875,195.8699951171875,194.7372283935547,54156800,188.88152376372236,194.7030232266514,183.06002430079332,11.64299892585808,2.91074973146452,1.0,False,False,False,False
2024-06-06 00:00:00-04:00,195.69000244140625,196.5,194.1699981689453,194.47999572753906,193.3552703857422,41181800,189.4689974972245,195.17434738007157,183.76364761437745,11.410699765694119,2.8526749414235297,0.9391490735195708,False,False,False,False
2024-06-07 00:00:00-04:00,194.64999389648438,196.94000244140625,194.13999938964844,196.88999938964844,195.7513427734375,53103900,190.09004539338417,195.7848608982981,184.39522988847025,11.389631009827838,2.8474077524569594,1.0,False,False,False,False
2024-06-10 00:00:00-04:00,196.89999389648438,197.3000030517578,192.14999389648438,193.1199951171875,192.0031280517578,97010200,190.4805170087898,196.635852794267,184.3251812233126,12.310671570954412,3.077667892738603,0.7144056961624446,False,True,False,False
2024-06-11 00:00:00-04:00,193.64999389648438,207.16000366210938,193.6300048828125,207.14999389648438,205.95199584960938,172373300,191.63919800609256,199.9870019220064,183.2913940901787,16.695607831827715,4.173901957956929,1.0,False,False,False,False
2024-06-12 00:00:00-04:00,207.3699951171875,220.1999969482422,206.89999389648438,213.07000732421875,211.83778381347656,198134300,193.71070289976453,203.88372703443858,183.53767876509048,20.346048269348103,5.086512067337026,1.0,False,False,False,False
2024-06-13 00:00:00-04:00,214.74000549316406,216.75,211.60000610351562,214.24000549316406,213.00099182128906,97862700,195.6617474361895,205.84746793669302,185.47602693568598,20.371441001007042,5.092860250251761,1.0,False,False,False,False
2024-06-14 00:00:00-04:00,213.85000610351562,215.1699981689453,211.3000030517578,212.49000549316406,211.2611083984375,70122700,197.31173995699265,207.25288743088333,187.37059248310197,19.88229494778136,4.97057373694534,1.0,False,False,False,False
2024-06-17 00:00:00-04:00,213.3699951171875,218.9499969482422,212.72000122070312,216.6699981689453,215.4169464111328,93728300,199.10236778133907,209.3413987988563,188.86333676382185,20.47806203503444,5.11951550875861,1.0,False,False,False,False
2024-06-18 00:00:00-04:00,217.58999633789062,218.6300048828125,213.0,214.2899932861328,213.0507049560547,79943300,200.64563428371775,210.98676317604577,190.30450539138974,20.68225778465603,5.170564446164008,1.0,False,False,False,False
2024-06-20 00:00:00-04:00,213.92999267578125,214.24000549316406,208.85000610351562,209.67999267578125,208.4673614501953,86172500,201.6244629002672,212.01947633988584,191.22944946064854,20.790026879237303,5.197506719809326,0.8874708687153743,False,False,False,False
2024-06-21 00:00:00-04:00,210.38999938964844,211.88999938964844,207.11000061035156,207.49000549316406,206.29002380371094,241805100,202.31070470319935,212.6222165547155,191.9991928516832,20.62302370303229,5.155755925758072,0.75114167856982,False,True,False,False
2024-06-24 00:00:00-04:00,207.72000122070312,212.6999969482422,206.58999633789062,208.13999938964844,206.936279296875,80727000,202.96143100688772,213.46379179532258,192.45907021845287,21.004721576869713,5.251180394217428,0.7465430624161821,False,False,False,False
2024-06-25 00:00:00-04:00,209.14999389648438,211.3800048828125,208.61000061035156,209.07000732421875,207.86090087890625,55549700,203.60193004805342,213.7020558562776,193.50180423982923,20.200251616448384,5.050062904112096,0.7706935230308152,False,False,False,False
2024-06-26 00:00:00-04:00,211.5,214.86000061035156,210.63999938964844,213.25,212.01670837402344,66213200,204.48904782125467,214.737159705883,194.24093593662636,20.49622376925663,5.124055942314158,0.9274422585045321,False,False,False,False
2024-06-27 00:00:00-04:00,214.69000244140625,215.74000549316406,212.35000610351562,214.10000610351562,212.86180114746094,49772700,205.40088509860172,215.3021856726969,195.49958452450653,19.802601148190377,4.950650287047594,0.9392918354419747,False,False,False,False
2024-06-28 00:00:00-04:00,215.77000427246094,216.07000732421875,210.3000030517578,210.6199951171875,209.40191650390625,82542700,206.06080097788293,216.1259723490608,195.99562960670508,20.130342742355708,5.032585685588927,0.7264836817562818,False,True,False,False
2024-07-01 00:00:00-04:00,212.08999633789062,217.50999450683594,211.9199981689453,216.75,215.49647521972656,60402900,206.94961335064903,217.38626746263878,196.51295923865928,20.873308223979507,5.218327055994877,0.969517651164283,False,False,False,False
2024-07-02 00:00:00-04:00,216.14999389648438,220.3800048828125,215.10000610351562,220.27000427246094,218.9961395263672,58046200,208.05758716673927,218.5065756233894,197.60859871008913,20.897976913300283,5.224494228325071,1.0,False,False,False,False
2024-07-03 00:00:00-04:00,220.0,221.5500030517578,219.02999877929688,221.5500030517578,220.2687225341797,37369800,209.26257902015496,219.1706694856323,199.35448855467763,19.81618093095466,4.954045232738665,1.0,False,False,False,False
2024-07-05 00:00:00-04:00,221.64999389648438,226.4499969482422,221.64999389648438,226.33999633789062,225.03102111816406,60412400,210.74360283355662,220.6408830317831,200.84632263533015,19.794560396452937,4.948640099113234,1.0,False,False,False,False
2024-07-08 00:00:00-04:00,227.08999633789062,227.85000610351562,223.25,227.82000732421875,226.50245666503906,59085900,212.2257998153682,222.05335321447512,202.39824641626126,19.655106798213865,4.913776699553466,1.0,False,False,False,False
2024-07-09 00:00:00-04:00,227.92999267578125,229.39999389648438,226.3699951171875,228.67999267578125,227.35748291015625,48076100,213.74238972785545,223.1931875429111,204.29159191279982,18.901595630111274,4.725398907527818,1.0,False,False,False,False
2024-07-10 00:00:00-04:00,229.3000030517578,233.0800018310547,229.25,232.97999572753906,231.6326141357422,62627700,215.45930491436425,224.845024778969,206.07358504975952,18.771439729209476,4.692859932302369,1.0,False,False,False,False
2024-07-11 00:00:00-04:00,231.38999938964844,232.38999938964844,225.77000427246094,227.57000732421875,226.25390625,64710600,216.7085778109749,226.59772398013482,206.819431641815,19.77829233831983,4.944573084579957,1.0,False,False,False,False
2024-07-12 00:00:00-04:00,228.9199981689453,232.63999938964844,228.67999267578125,230.5399932861328,229.2067108154297,53046500,218.03347469728087,227.9477046626107,208.11924473195103,19.828459930659676,4.957114982664919,1.0,False,False,False,False
2024-07-15 00:00:00-04:00,236.47999572753906,237.22999572753906,233.08999633789062,234.39999389648438,233.04440307617188,62631300,219.64044491537837,229.9012523724565,209.37963745830024,20.52161491415626,5.130403728539065,1.0,False,False,False,False
2024-07-16 00:00:00-04:00,235.0,236.27000427246094,232.3300018310547,234.82000732421875,233.4619903564453,43234300,221.05310138146086,231.07582858111243,211.0303741818093,20.04545439930314,5.011363599825785,1.0,False,False,False,False
2024-07-17 00:00:00-04:00,229.4499969482422,231.4600067138672,226.63999938964844,228.8800048828125,227.55633544921875,57345900,221.8093142970782,232.46577036367867,211.15285823047773,21.31291213320094,5.328228033300235,0.8317561927503881,False,False,False,False
2024-07-18 00:00:00-04:00,230.27999877929688,230.44000244140625,222.27000427246094,224.17999267578125,222.8834991455078,66034600,222.17318910655163,233.3979992002811,210.94837901282216,22.449620187458947,5.612405046864737,0.5893914263347173,False,True,False,False
2024-07-19 00:00:00-04:00,224.82000732421875,226.8000030517578,223.27999877929688,224.30999755859375,223.01275634765625,49151500,222.42304409290062,233.22937403174933,211.61671415405192,21.61265987769741,5.403164969424353,0.587307785176424,False,False,False,False
2024-07-22 00:00:00-04:00,227.00999450683594,227.77999877929688,223.08999633789062,223.9600067138672,222.66477966308594,48201800,222.66307169773722,233.3267691309823,211.99937426449213,21.32739486649018,5.331848716622545,0.5608107565058367,False,False,False,False
2024-07-23 00:00:00-04:00,224.3699951171875,226.94000244140625,222.67999267578125,225.00999450683594,223.70870971679688,39960300,222.8738899368106,233.3232195798562,212.424560293765,20.898659286091174,5.2246648215227935,0.6022125171181194,False,False,False,False
2024-07-24 00:00:00-04:00,224.0,224.8000030517578,217.1300048828125,218.5399932861328,217.276123046875,61777600,222.61510680697796,233.5955014105237,211.63471220343223,21.960789207091466,5.4901973017728665,0.3144368363806691,False,False,False,True
2024-07-25 00:00:00-04:00,218.92999267578125,220.85000610351562,214.6199951171875,217.49000549316406,216.23219299316406,51391200,222.14255716548377,233.27091450594054,211.014199825027,22.256714680913547,5.564178670228387,0.290959638966413,False,False,False,False
2024-07-26 00:00:00-04:00,218.6999969482422,219.49000549316406,216.00999450683594,217.9600067138672,216.69947814941406,41601300,221.73088526762393,232.44240907130066,211.0193614639472,21.423047607353453,5.355761901838363,0.32398029342648743,False,False,False,False
2024-07-29 00:00:00-04:00,216.9600067138672,219.3000030517578,215.75,218.24000549316406,216.9778594970703,36311800,221.35302344991123,231.70339548357185,211.00265141625061,20.70074406732124,5.17518601683031,0.34961806461529726,False,False,False,False
2024-07-30 00:00:00-04:00,219.19000244140625,220.3300018310547,216.1199951171875,218.8000030517578,217.5346221923828,41643800,221.07337042293554,231.23070659600353,210.91603424986755,20.31467234613598,5.078668086533995,0.3880923436793633,False,False,False,False
2024-07-31 00:00:00-04:00,221.44000244140625,223.82000732421875,220.6300048828125,222.0800018310547,220.795654296875,50036300,221.17844670132536,231.32405011157874,211.03284329107197,20.291206820506773,5.072801705126693,0.5444308284718777,False,False,True,False
2024-08-01 00:00:00-04:00,224.3699951171875,224.47999572753906,217.02000427246094,218.36000061035156,217.09718322753906,62501000,221.0617692570833,231.68481061732697,210.43872789683965,21.246082720487323,5.311520680121831,0.3728345040224065,False,False,False,True
2024-08-02 00:00:00-04:00,219.14999389648438,225.60000610351562,217.7100067138672,219.86000061035156,218.58848571777344,105568600,221.06128372236853,232.2000208245175,209.92254662021955,22.27747420429796,5.56936855107449,0.44607633248722584,False,False,False,False
2024-08-05 00:00:00-04:00,199.08999633789062,213.5,196.0,209.27000427246094,208.0597381591797,119548600,219.65132032888775,234.44818384289215,204.85445681488335,29.5937270280088,7.3984317570022,0.1492055209334911,False,False,False,False
2024-08-06 00:00:00-04:00,205.3000030517578,209.99000549316406,201.07000732421875,207.22999572753906,206.03152465820312,69660500,218.36040120375313,233.46157800014615,203.2592244073601,30.20235359278604,7.55058839819651,0.1314722479484973,False,False,False,False
2024-08-07 00:00:00-04:00,206.89999389648438,213.63999938964844,206.38999938964844,209.82000732421875,208.6065673828125,63516400,217.5594108066819,232.60046992343564,202.51835168992818,30.082118233507458,7.5205295583768645,0.24272411861467588,True,False,False,False
2024-08-08 00:00:00-04:00,213.11000061035156,214.1999969482422,208.8300018310547,213.30999755859375,212.0763702392578,47161100,217.04073664534366,231.6516888738595,202.4297844168278,29.221904457031712,7.305476114257928,0.37233073421906376,False,False,False,False
2024-08-09 00:00:00-04:00,212.10000610351562,216.77999877929688,211.97000122070312,216.24000549316406,214.98944091796875,42201600,216.84606348842723,230.95792000581025,202.73420697104422,28.223713034766035,7.055928258691509,0.4785266384151289,False,False,False,False
2024-08-12 00:00:00-04:00,216.07000732421875,219.50999450683594,215.60000610351562,217.52999877929688,216.5222930908203,38028100,216.91278758126427,230.39545612757306,203.43011903495548,26.965337092617574,6.7413342731543935,0.5228890592360361,False,False,True,False
2024-08-13 00:00:00-04:00,219.00999450683594,221.88999938964844,219.00999450683594,221.27000427246094,220.24497985839844,44155300,217.2756966423802,230.28209845612844,204.26929482863198,26.012803627496453,6.503200906874113,0.6535516004841017,False,False,False,False
2024-08-14 00:00:00-04:00,220.57000732421875,223.02999877929688,219.6999969482422,221.72000122070312,220.69288635253906,41960600,217.67642384939933,230.04818584798366,205.304661850815,24.743523997168666,6.185880999292166,0.6634196233231165,False,False,False,False
2024-08-15 00:00:00-04:00,224.60000610351562,225.35000610351562,222.75999450683594,224.72000122070312,223.6790008544922,46414000,218.30501846155352,230.1656052368419,206.44443168626512,23.721173550576793,5.930293387644198,0.7704327737188882,False,False,False,False
2024-08-16 00:00:00-04:00,223.9199981689453,226.8300018310547,223.64999389648438,226.0500030517578,225.00283813476562,44340200,218.99120714074832,230.30173682542193,207.6806774560747,22.621059369347222,5.6552648423368055,0.8120453289015523,False,False,False,False
2024-08-19 00:00:00-04:00,225.72000122070312,225.99000549316406,223.0399932861328,225.88999938964844,224.84356689453125,40687800,219.56093338667532,230.34241205600657,208.77945471734407,21.5629573386625,5.390739334665625,0.7935156761463824,False,True,False,False
2024-08-20 00:00:00-04:00,225.77000427246094,227.1699981689453,225.4499969482422,226.50999450683594,225.46067810058594,30299000,220.21005051251652,230.25738155905526,210.16271946597777,20.09466209307749,5.023665523269372,0.8135133084168517,False,False,False,False
2024-08-21 00:00:00-04:00,226.52000427246094,227.97999572753906,225.0500030517578,226.39999389648438,225.35121154785156,34765500,220.80687086611118,230.4354673431523,211.17827438907005,19.257192954082257,4.814298238520564,0.7904433186970549,False,True,False,False
2024-08-22 00:00:00-04:00,227.7899932861328,228.33999633789062,223.89999389648438,224.52999877929688,223.4898681640625,43695300,221.26240662532828,230.81614394294655,211.70866930771,19.107474635236542,4.776868658809136,0.6710111993524643,False,False,False,False
2024-08-23 00:00:00-04:00,225.66000366210938,228.22000122070312,224.3300018310547,226.83999633789062,225.7891845703125,38677300,221.75773295909536,231.1340964228815,212.38136949530923,18.75272692757227,4.688181731893067,0.7710146315479469,False,False,False,False
2024-08-26 00:00:00-04:00,226.75999450683594,227.27999877929688,223.88999938964844,227.17999267578125,226.12759399414062,30602200,222.17286921202998,231.2895962073672,213.05614221669276,18.233453990674434,4.5583634976686085,0.7746119010864415,False,False,False,False
2024-08-27 00:00:00-04:00,226.0,228.85000610351562,224.88999938964844,228.02999877929688,226.97366333007812,35934600,222.65704053381953,231.65409617239646,213.6599848952426,17.994111277153877,4.498527819288469,0.7985953661573215,False,False,False,False
2024-08-28 00:00:00-04:00,227.9199981689453,229.86000061035156,225.67999267578125,226.49000549316406,225.44081115722656,38052200,223.10335409502073,232.03670575665402,214.17000243338745,17.866703323266563,4.466675830816641,0.6895509953273321,False,False,False,False
2024-08-29 00:00:00-04:00,230.10000610351562,232.9199981689453,228.8800048828125,229.7899932861328,228.72549438476562,51906300,223.8106535887613,233.13666861938754,214.4846385581351,18.652030061252447,4.663007515313112,0.8205731321328356,False,False,False,False
2024-08-30 00:00:00-04:00,230.19000244140625,230.39999389648438,227.47999572753906,229.0,227.9391632080078,52990800,224.30106720329275,233.27848036464542,215.32365404194007,17.954826322705344,4.488706580676336,0.7617086187442019,False,True,False,False
2024-09-03 00:00:00-04:00,228.5500030517578,229.0,221.1699981689453,222.77000427246094,221.738037109375,50190600,224.3022354836587,233.94790769508703,214.6565632722304,19.29134442285664,4.82283610571416,0.42057416126051017,False,False,False,True
2024-09-04 00:00:00-04:00,221.66000366210938,221.77999877929688,217.47999572753906,220.85000610351562,219.82691955566406,43840200,223.8959908537976,233.63509755306748,214.15688415452772,19.478213398539765,4.869553349634941,0.3436209375080404,False,False,False,False
2024-09-05 00:00:00-04:00,221.6300048828125,225.47999572753906,221.52000427246094,222.3800048828125,221.34982299804688,36615400,223.82272203860458,233.51391599275215,214.13152808445702,19.38238790829513,4.845596977073782,0.42556556175544097,False,False,False,False
2024-09-06 00:00:00-04:00,223.9499969482422,225.24000549316406,219.77000427246094,220.82000732421875,219.79705810546875,48423000,223.64373318063727,233.4598079835107,213.82765837776384,19.63214960574686,4.908037401436715,0.35616827942305723,False,False,False,False
2024-09-09 00:00:00-04:00,220.82000732421875,221.27000427246094,216.7100067138672,220.91000366210938,219.8866424560547,67180000,223.2614733427492,233.00794017705405,213.51500650844437,19.49293366860968,4.87323341715242,0.3793680971465823,False,False,False,False
2024-09-10 00:00:00-04:00,218.9199981689453,221.47999572753906,216.72999572753906,220.11000061035156,219.09034729003906,51591000,222.8975232486915,232.61934339956585,213.17570309781715,19.4436403017487,4.860910075437175,0.35663576392692087,False,False,False,False
2024-09-11 00:00:00-04:00,221.4600067138672,223.08999633789062,217.88999938964844,222.66000366210938,221.6285400390625,44587100,222.73712418975734,232.5267617151927,212.94748666432199,19.579275050870706,4.8948187627176765,0.4960611142420958,False,False,False,False
2024-09-12 00:00:00-04:00,222.5,223.5500030517578,219.82000732421875,222.77000427246094,221.738037109375,37455600,222.67136679544515,232.2280397138448,213.1146938770455,19.113345836799283,4.778336459199821,0.5051606598791236,False,False,True,False
2024-09-13 00:00:00-04:00,223.5800018310547,224.0399932861328,221.91000366210938,222.5,221.4692840576172,36766600,222.68520478153744,231.7122083329018,213.65820123017306,18.054007102728747,4.513501775682187,0.48974162464412435,False,False,False,True
2024-09-16 00:00:00-04:00,216.5399932861328,217.22000122070312,213.9199981689453,216.32000732421875,215.3179168701172,59357400,222.031375967863,231.87167953030186,212.19107240542414,19.680607124877724,4.920151781219431,0.20979713138906866,False,False,False,False
2024-09-17 00:00:00-04:00,215.75,216.89999389648438,214.5,216.7899932861328,215.78570556640625,45519300,221.4629905481496,230.79926253364147,212.12671856265774,18.672543970983725,4.668135992745931,0.24973965683099122,False,False,False,False
2024-09-18 00:00:00-04:00,217.5500030517578,222.7100067138672,217.5399932861328,220.69000244140625,219.6676788330078,59894900,221.35349946233873,230.94014693482828,211.7668519898492,19.17329494497909,4.793323736244773,0.46539473143053944,False,False,False,False
2024-09-19 00:00:00-04:00,224.99000549316406,229.82000732421875,224.6300048828125,228.8699951171875,227.8097686767578,66781300,221.96491244447213,232.41889614627522,211.51092874266905,20.907967403606165,5.226991850901541,0.8302608302098458,False,False,True,False
2024-09-20 00:00:00-04:00,229.97000122070312,233.08999633789062,227.6199951171875,228.1999969482422,227.1428680419922,318679900,222.6955553355802,233.19814091134361,212.19296975981678,21.005171151526838,5.2512927878817095,0.7620517382578852,False,True,False,False
2024-09-23 00:00:00-04:00,227.33999633789062,229.4499969482422,225.80999755859375,226.47000122070312,225.42088317871094,54146000,223.12867691401823,233.30900381013498,212.94835001790148,20.360653792233506,5.090163448058377,0.66410692607324,False,False,False,False
2024-09-24 00:00:00-04:00,228.64999389648438,229.35000610351562,225.72999572753906,227.3699951171875,226.31671142578125,43556100,223.54340599992892,233.42970228162932,213.65710971822853,19.772592563400792,4.943148140850198,0.6935299635082565,False,False,False,False
2024-09-25 00:00:00-04:00,224.92999267578125,227.2899932861328,224.02000427246094,226.3699951171875,225.3213348388672,42308700,223.7672083705954,233.33487319307108,214.19954354811972,19.135329644951355,4.783832411237839,0.636019958625527,False,False,False,False
2024-09-26 00:00:00-04:00,227.3000030517578,228.5,225.41000366210938,227.52000427246094,226.46603393554688,36636700,224.08874433322345,233.31764194102968,214.8598467254172,18.457795215612464,4.614448803903116,0.6858976058167106,False,False,False,False
2024-09-27 00:00:00-04:00,228.4600067138672,229.52000427246094,227.3000030517578,227.7899932861328,226.73475646972656,34026000,224.48060997165777,233.230618062824,215.73060188049155,17.500016182332445,4.375004045583111,0.6891074431014589,False,False,False,False
2024-09-30 00:00:00-04:00,230.0399932861328,233.0,229.64999389648438,233.0,231.92063903808594,54541900,225.18563105043592,234.10263967525896,216.26862242561288,17.83401724964608,4.45850431241152,0.9381721089632321,False,False,False,False
2024-10-01 00:00:00-04:00,229.52000427246094,229.64999389648438,223.74000549316406,226.2100067138672,225.162109375,63285000,225.31398384256948,235.1912905062774,215.43667717886157,19.754613327415825,4.938653331853956,0.5453576517265557,False,True,False,False
2024-10-02 00:00:00-04:00,225.88999938964844,227.3699951171875,223.02000427246094,226.77999877929688,225.7294464111328,32880600,225.35296945022782,235.11254361651027,215.59339528394537,19.519148332564896,4.879787083141224,0.5731092005017587,False,False,False,False
2024-10-03 00:00:00-04:00,225.13999938964844,226.80999755859375,223.32000732421875,225.6699981689453,224.62460327148438,34044200,225.34475023438893,234.8263650309181,215.86313543785974,18.963229593058372,4.740807398264593,0.5171515053889052,False,False,False,False
2024-10-04 00:00:00-04:00,227.89999389648438,228.0,224.1300048828125,226.8000030517578,225.7493438720703,37245100,225.43667903538588,234.74413137569965,216.1292266950721,18.614904680627546,4.653726170156887,0.573238302304644,False,False,False,False
2024-10-07 00:00:00-04:00,224.5,225.69000244140625,221.3300018310547,221.69000244140625,220.6630401611328,39505400,225.1954082292814,234.66611557970444,215.72470087885839,18.941414700846053,4.735353675211513,0.31493432020584045,False,False,False,True
2024-10-08 00:00:00-04:00,224.3000030517578,225.97999572753906,223.25,225.77000427246094,224.72413635253906,31855700,225.17679792173078,234.55843319433808,215.79516264912348,18.763270545214596,4.690817636303649,0.5316152959208622,False,False,True,False
2024-10-09 00:00:00-04:00,225.22999572753906,229.75,224.8300018310547,229.5399932861328,228.47665405273438,33591100,225.44948367893699,234.8769550580726,216.02201229980136,18.85494275827125,4.713735689567812,0.716946275554266,False,False,False,False
2024-10-10 00:00:00-04:00,227.77999877929688,229.5,227.1699981689453,229.0399932861328,227.97897338867188,28183500,225.74667543824705,234.70539870290662,216.78795217358748,17.917446529319136,4.479361632329784,0.6838050886601924,False,False,False,False
2024-10-11 00:00:00-04:00,229.3000030517578,229.41000366210938,227.33999633789062,227.5500030517578,226.4958953857422,31759200,225.97080168386663,234.44765408690398,217.49394928082927,16.95370480607471,4.238426201518678,0.5931478627211523,False,False,False,False
2024-10-14 00:00:00-04:00,228.6999969482422,231.72999572753906,228.60000610351562,231.3000030517578,230.228515625,39882100,226.40628104358765,234.8714467414775,217.9411153456978,16.930331395779717,4.232582848944929,0.7890505740123925,False,False,False,False
2024-10-15 00:00:00-04:00,233.61000061035156,237.49000549316406,232.3699951171875,233.85000610351562,232.76669311523438,64751400,227.18377830019415,236.04042791657628,218.32712868381202,17.713299232764257,4.428324808191064,0.8763402692927451,False,False,False,False
2024-10-16 00:00:00-04:00,231.60000610351562,232.1199951171875,229.83999633789062,231.77999877929688,230.70628356933594,34082200,227.57071973936218,236.3437063472311,218.79773313149326,17.54597321573783,4.386493303934458,0.7399000037318645,False,True,False,False
2024-10-17 00:00:00-04:00,233.42999267578125,233.85000610351562,230.52000427246094,232.14999389648438,231.07456970214844,32993800,228.00906402680263,236.5707523400956,219.44737571350967,17.123376626585923,4.280844156646481,0.7418290480892941,False,False,False,False
2024-10-18 00:00:00-04:00,236.17999267578125,236.17999267578125,234.00999450683594,235.0,233.91136169433594,46431500,228.68089879195213,237.19241802977518,220.16937955412908,17.023038475646104,4.255759618911526,0.8712087719879297,False,False,False,False
2024-10-21 00:00:00-04:00,234.4499969482422,236.85000610351562,234.4499969482422,236.47999572753906,235.38449096679688,36254500,229.37097188412486,237.5113410292203,221.23060273902942,16.280738290190868,4.070184572547717,0.9366524242759549,False,False,False,False
2024-10-22 00:00:00-04:00,233.88999938964844,236.22000122070312,232.60000610351562,235.86000061035156,234.76739501953125,38846600,229.89691132165487,237.99924147704544,221.7945811662643,16.20466031078115,4.051165077695288,0.8679860715580308,False,False,False,False
2024-10-23 00:00:00-04:00,234.0800018310547,235.13999938964844,227.75999450683594,230.75999450683594,229.6909942626953,52287000,230.02291939906297,238.9350177596176,221.11082103850833,17.824196721109274,4.4560491802773186,0.5413525007216761,False,True,False,False
2024-10-24 00:00:00-04:00,229.97999572753906,230.82000732421875,228.41000366210938,230.57000732421875,229.5019073486328,31109500,230.0143879740902,238.51727723101124,221.51149871716916,17.005778513842074,4.2514446284605185,0.5326723854292409,False,False,False,False
2024-10-25 00:00:00-04:00,229.74000549316406,233.22000122070312,229.57000732421875,231.41000366210938,230.3380126953125,38802300,230.14635141170163,238.52895052222746,221.7637523011758,16.765198221051662,4.1912995552629155,0.575373534732265,False,False,False,False
2024-10-28 00:00:00-04:00,233.32000732421875,234.72999572753906,232.5500030517578,233.39999389648438,232.31878662109375,36087100,230.4714605685485,238.67979818110769,222.26312295598933,16.416675225118354,4.1041688062795885,0.6783877239317655,False,False,False,False
2024-10-29 00:00:00-04:00,233.10000610351562,234.3300018310547,232.32000732421875,233.6699981689453,232.58753967285156,35417200,230.754178842154,238.54368159482445,222.96467608948356,15.579005505340888,3.894751376335222,0.6871633799597598,False,False,False,False
2024-10-30 00:00:00-04:00,232.61000061035156,233.47000122070312,229.5500030517578,230.10000610351562,229.03407287597656,47070900,230.7814002342021,238.61595173504298,222.9468487333612,15.669103001681776,3.917275750420444,0.4565135202306516,False,False,False,True
2024-10-31 00:00:00-04:00,229.33999633789062,229.8300018310547,225.3699951171875,225.91000366210938,224.8634796142578,64370100,230.4247589614321,238.42185750945455,222.42766041340965,15.9941970960449,3.998549274011225,0.21772541802431875,False,False,False,False
2024-11-01 00:00:00-04:00,220.97000122070312,225.35000610351562,220.27000427246094,222.91000366210938,221.8773651123047,65276700,229.70271887107623,238.02810744222612,221.37733029992634,16.650777142299773,4.162694285574943,0.09204815781777637,False,False,False,False
2024-11-04 00:00:00-05:00,220.99000549316406,222.7899932861328,219.7100067138672,222.00999450683594,220.98153686523438,44944500,228.92182483595263,237.05467393963596,220.7889757322693,16.265698207366654,4.0664245518416635,0.07506709881126633,False,False,False,False
2024-11-05 00:00:00-05:00,221.8000030517578,223.9499969482422,221.13999938964844,223.4499969482422,222.4148712158203,28111300,228.34323813050102,236.22480183553478,220.46167442546727,15.763127410067511,3.940781852516878,0.18957675371362895,False,False,False,False
2024-11-06 00:00:00-05:00,222.61000061035156,226.07000732421875,221.19000244140625,222.72000122070312,221.68824768066406,54561100,227.86546976843198,235.93487807952485,219.7960614573391,16.138816622185743,4.034704155546436,0.18117435942264382,False,False,False,False
2024-11-07 00:00:00-05:00,224.6300048828125,227.8800048828125,224.57000732421875,227.47999572753906,226.4262237548828,42137700,227.74907607412322,236.0435442865287,219.45460786171776,16.588936424810925,4.147234106202731,0.4837795299413098,True,False,False,False
2024-11-08 00:00:00-05:00,227.1699981689453,228.66000366210938,226.41000366210938,226.9600067138672,226.15716552734375,38328800,227.7104343539872,235.62545574515212,219.7954129628223,15.830042782329826,3.9575106955824566,0.4525947181293987,False,False,False,False
2024-11-11 00:00:00-05:00,225.0,225.6999969482422,221.5,224.22999572753906,223.4368133544922,42005600,227.33896418299736,235.55448477781923,219.1234435881755,16.431041189643736,4.107760297410934,0.3107868868700885,False,False,False,False
2024-11-12 00:00:00-05:00,224.5500030517578,225.58999633789062,223.36000061035156,224.22999572753906,223.4368133544922,40398300,227.0584276790859,234.89839535993337,219.21845999823842,15.679935361694959,3.9199838404237397,0.3196145656023236,False,False,False,False
2024-11-13 00:00:00-05:00,224.00999450683594,226.64999389648438,222.75999450683594,225.1199951171875,224.3236541748047,48566200,226.84746578966525,234.68143658035768,219.01349499897282,15.667941581384866,3.9169853953462166,0.3897448868120517,False,False,False,False
2024-11-14 00:00:00-05:00,225.02000427246094,228.8699951171875,225.0,228.22000122070312,227.41270446777344,44923900,226.89659591566192,234.7211686507226,219.07202318060124,15.649145470121368,3.912286367530342,0.5845672568874741,False,False,True,False
2024-11-15 00:00:00-05:00,226.39999389648438,226.9199981689453,224.27000427246094,225.0,224.2041015625,47923700,226.75374558850066,234.5858604397037,218.92163073729762,15.66422970240609,3.9160574256015224,0.38804137695763735,False,False,False,True
2024-11-18 00:00:00-05:00,225.25,229.74000549316406,225.1699981689453,228.02000427246094,227.21340942382812,44633700,226.8384684827568,234.83537294747237,218.84156401804125,15.993808929431111,3.998452232357778,0.5738745720245486,False,False,True,False
2024-11-19 00:00:00-05:00,226.97999572753906,230.16000366210938,226.66000366210938,228.27999877929688,227.4724884033203,36211800,226.9840113607011,234.8812253789451,219.0867973424571,15.794428036488,3.948607009122,0.5820534568014631,False,False,False,False
2024-11-20 00:00:00-05:00,228.05999755859375,229.92999267578125,225.88999938964844,229.0,228.18994140625,35169600,227.1068036776321,235.02229495127824,219.19131240398593,15.830982547292308,3.957745636823077,0.6195880493653706,False,False,False,False
2024-11-21 00:00:00-05:00,228.8800048828125,230.16000366210938,225.7100067138672,228.52000427246094,227.71165466308594,42108300,227.20425141145878,235.2181929473888,219.19030987552878,16.027883071860003,4.006970767965001,0.582091493624146,False,False,False,False
2024-11-22 00:00:00-05:00,228.05999755859375,230.72000122070312,228.05999755859375,229.8699951171875,229.05686950683594,38168300,227.4276558451765,235.17220395993536,219.68310773041765,15.489096229517713,3.8722740573794283,0.6576811994593079,False,False,False,False
2024-11-25 00:00:00-05:00,231.4600067138672,233.25,229.74000549316406,232.8699951171875,232.04624938964844,90152800,227.85867276818672,235.5307649728369,220.18658056353655,15.34418440930034,3.836046102325085,0.8265942467403703,False,False,False,False
2024-11-26 00:00:00-05:00,233.3300018310547,235.57000732421875,233.3300018310547,235.05999755859375,234.228515625,45986200,228.50578351133933,235.95066893693073,221.06089808574794,14.889770851182789,3.722442712795697,0.9401823313979192,False,False,False,False
2024-11-27 00:00:00-05:00,234.47000122070312,235.69000244140625,233.80999755859375,234.92999267578125,234.0989532470703,33498400,229.10618484917308,236.18258270876782,222.02978698957833,14.152795719189498,3.5381989297973746,0.9114952227220935,False,False,False,False
2024-11-29 00:00:00-05:00,234.80999755859375,237.80999755859375,233.97000122070312,237.3300018310547,236.490478515625,28481400,229.79797678767568,236.9347341288891,222.66121944646227,14.273514682426821,3.5683786706067053,1.0,False,False,False,False
2024-12-02 00:00:00-05:00,237.27000427246094,240.7899932861328,237.16000366210938,239.58999633789062,238.74246215820312,48137100,230.69150259475842,237.84058212665516,223.54242306286167,14.298159063793491,3.574539765948373,1.0,False,False,False,False
2024-12-03 00:00:00-05:00,239.80999755859375,242.75999450683594,238.89999389648438,242.64999389648438,241.79165649414062,38861000,231.7148509920768,238.9210226928542,224.50867929129942,14.412343401554779,3.6030858503886947,1.0,False,False,False,False
2024-12-04 00:00:00-05:00,242.8699951171875,244.11000061035156,241.25,243.00999450683594,242.150390625,44383900,232.76962693305958,239.82718158582955,225.71207228028962,14.115109305539931,3.528777326384983,1.0,False,False,False,False
2024-12-05 00:00:00-05:00,243.99000549316406,244.5399932861328,242.1300048828125,243.0399932861328,242.18026733398438,40033900,233.76648758880242,240.60028445695946,226.93269072064538,13.667593736314075,3.4168984340785187,1.0,False,False,False,False
2024-12-06 00:00:00-05:00,242.91000366210938,244.6300048828125,242.0800018310547,242.83999633789062,241.98097229003906,36870600,234.6633301375437,241.3237479292366,228.00291234585083,13.320835583385758,3.3302088958464395,1.0,False,False,False,False
2024-12-09 00:00:00-05:00,241.8300018310547,247.24000549316406,241.75,246.75,245.8771514892578,44649200,235.67126712422728,242.7636442353837,228.57889001307086,14.184754222312847,3.5461885555782118,1.0,False,False,False,False
2024-12-10 00:00:00-05:00,246.88999938964844,248.2100067138672,245.33999633789062,247.77000427246094,246.8935546875,36914800,236.7603530274507,243.71749450268678,229.8032115522146,13.91428295047217,3.4785707376180426,1.0,False,False,False,False
2024-12-11 00:00:00-05:00,247.9600067138672,250.8000030517578,246.25999450683594,246.49000549316406,245.6180877685547,45205800,237.8165099788604,244.98593901555725,230.64708094216357,14.33885807339368,3.58471451834842,1.0,False,False,False,False
2024-12-12 00:00:00-05:00,246.88999938964844,248.74000549316406,245.67999267578125,247.9600067138672,247.08287048339844,32777500,238.73493775493125,245.79942645143498,231.67044905842752,14.12897739300746,3.532244348251865,1.0,False,False,False,False
2024-12-13 00:00:00-05:00,247.82000732421875,249.2899932861328,246.24000549316406,248.1300048828125,247.2522735595703,33155300,239.60653110087776,246.57456848632486,232.63849371543066,13.936074770894209,3.484018692723552,1.0,False,False,False,False
2024-12-16 00:00:00-05:00,247.99000549316406,251.3800048828125,247.64999389648438,251.0399932861328,250.1519775390625,51694800,240.59860725207764,247.61584309624567,233.58137140790961,14.034471688336055,3.5086179220840137,1.0,False,False,False,False
2024-12-17 00:00:00-05:00,250.0800018310547,253.8300018310547,249.77999877929688,253.47999572753906,252.58334350585938,51356400,241.71905723879695,248.84457010889975,234.59354436869415,14.251025740205591,3.562756435051398,1.0,False,False,False,False
2024-12-18 00:00:00-05:00,252.16000366210938,254.27999877929688,247.74000549316406,248.0500030517578,247.1725616455078,56774100,242.5099409088867,250.23090114920578,234.78898066856763,15.441920480638146,3.8604801201595365,0.8587676901857846,False,False,False,False
2024-12-19 00:00:00-05:00,247.5,252.0,247.08999633789062,249.7899932861328,248.90640258789062,60882300,243.18772398499345,251.11858893370248,235.25685903628442,15.861729897418058,3.9654324743545146,0.9162389186953728,False,False,False,False
2024-12-20 00:00:00-05:00,248.0399932861328,255.0,245.69000244140625,254.49000549316406,253.58978271484375,147495300,244.0009568732344,253.0007348387913,235.0011789076775,17.999555931113775,4.499888982778444,1.0,False,False,False,False
2024-12-23 00:00:00-05:00,254.77000427246094,255.64999389648438,253.4499969482422,255.27000427246094,254.3670196533203,40858800,245.0284846350593,253.56828419370893,236.48868507640967,17.079599117299267,4.269899779324817,1.0,False,False,False,False
2024-12-24 00:00:00-05:00,255.49000549316406,258.2099914550781,255.2899932861328,258.20001220703125,257.28668212890625,23234700,246.19085108087086,254.46466812017897,237.91703404156274,16.547634078616227,4.136908519654057,1.0,False,False,False,False
2024-12-26 00:00:00-05:00,258.19000244140625,260.1000061035156,257.6300048828125,259.0199890136719,258.1037292480469,27237100,247.40283351761332,255.34326909713124,239.4623979380954,15.880871159035848,3.970217789758962,1.0,False,False,False,False
2024-12-27 00:00:00-05:00,257.8299865722656,258.70001220703125,253.05999755859375,255.58999633789062,254.6858673095703,42355300,248.2009765509681,256.53936686354984,239.86258623838634,16.676780625163502,4.169195156290876,0.9430723143154669,False,False,False,False
2024-12-30 00:00:00-05:00,252.22999572753906,253.5,250.75,252.1999969482422,251.30787658691406,35557500,248.57707392542326,257.04962447432496,240.10452337652157,16.945101097803388,4.236275274450847,0.713803564930549,False,True,False,False
2024-12-31 00:00:00-05:00,252.44000244140625,253.27999877929688,249.42999267578125,250.4199981689453,249.5341796875,39480700,248.81195544439956,257.2072521591142,240.4166587296849,16.790593429429293,4.197648357357323,0.595770452146575,False,False,False,False
2025-01-02 00:00:00-05:00,248.92999267578125,249.10000610351562,241.82000732421875,243.85000610351562,242.98741149902344,55740700,248.44161110148053,257.71737631366904,239.16584588929203,18.551530424377006,4.6378826060942515,0.2524945439578685,False,False,False,True
2025-01-03 00:00:00-05:00,243.36000061035156,244.17999267578125,241.88999938964844,243.36000061035156,242.49916076660156,40244100,247.93701298628494,256.7432003344812,239.1308256380887,17.612374696392465,4.403093674098116,0.2401251986269128,False,False,False,False
2025-01-06 00:00:00-05:00,244.30999755859375,247.3300018310547,243.1999969482422,245.0,244.1333465576172,45045600,247.67412282185452,256.42569241179365,238.92255323191543,17.503139179878218,4.3757847949695545,0.34722038747605133,False,False,False,False
2025-01-07 00:00:00-05:00,242.97999572753906,245.5500030517578,241.35000610351562,242.2100067138672,241.3532257080078,40856000,247.2324608346665,255.94887285526013,238.5160488140729,17.432824041187246,4.358206010296811,0.21189670079081033,False,False,False,False
2025-01-08 00:00:00-05:00,241.9199981689453,243.7100067138672,240.0500030517578,242.6999969482422,241.84149169921875,37628900,246.74873461910676,255.3255061700629,238.1719630681506,17.153543101912305,4.288385775478076,0.26397076412667136,False,False,False,False
2025-01-10 00:00:00-05:00,240.00999450683594,240.16000366210938,233.0,236.85000610351562,236.01219177246094,61710900,245.78885544159263,255.4479492271016,236.12976165608367,19.318187571017916,4.829546892754479,0.037283230881995255,False,False,False,False
2025-01-13 00:00:00-05:00,233.52999877929688,234.6699981689453,229.72000122070312,234.39999389648438,233.5708465576172,49630700,244.5642023292547,254.68338771277527,234.44501694573412,20.238370767041147,5.059592691760287,0.0,False,False,False,False
2025-01-14 00:00:00-05:00,234.75,236.1199951171875,232.47000122070312,233.27999877929688,232.45480346679688,39435300,243.55396068256974,253.3912263070351,233.71669505810436,19.674531248930748,4.918632812232687,0.0,False,False,False,False
2025-01-15 00:00:00-05:00,234.63999938964844,238.9600067138672,234.42999267578125,237.8699951171875,237.028564453125,39832000,242.93802774476424,252.92756839369716,232.94848709583133,19.979081297865832,4.994770324466458,0.2463330494521733,True,False,False,False
2025-01-16 00:00:00-05:00,237.35000610351562,238.00999450683594,228.02999877929688,228.25999450683594,227.4525604248047,71759100,241.84234217519838,252.82892790474583,230.85575644565094,21.973171459094885,5.493292864773721,0.0,False,False,False,False
2025-01-17 00:00:00-05:00,232.1199951171875,232.2899932861328,228.47999572753906,229.97999572753906,229.1664581298828,68488300,240.73830910267824,251.43223601513031,230.04438219022617,21.38785382490414,5.346963456226035,0.0,False,False,False,False
2025-01-21 00:00:00-05:00,224.0,224.4199981689453,219.3800048828125,222.63999938964844,221.85243225097656,98070400,238.96767656722972,250.7122089573819,227.22314417707753,23.489064780304375,5.872266195076094,0.0,False,False,False,False
2025-01-22 00:00:00-05:00,219.7899932861328,224.1199951171875,219.7899932861328,223.8300018310547,223.03823852539062,64126500,237.40694515556893,248.84302467291684,225.97086563822103,22.872159034695812,5.718039758673953,0.0,False,False,False,False
2025-01-23 00:00:00-05:00,224.74000549316406,227.02999877929688,222.3000030517578,223.66000366210938,222.86883544921875,60234800,236.16152198180566,247.3999926929266,224.92305127068474,22.47694142224185,5.619235355560463,0.0,False,False,False,False
2025-01-24 00:00:00-05:00,224.77999877929688,225.6300048828125,221.41000366210938,222.77999877929688,221.991943359375,54697900,234.9340756763708,245.89269956052027,223.97545179222135,21.91724776829892,5.47931194207473,0.0,False,False,False,False
2025-01-27 00:00:00-05:00,224.02000427246094,232.14999389648438,223.97999572753906,229.86000061035156,229.04690551757812,94863400,234.3368618098712,246.07362232904322,222.6001012906992,23.473521038344018,5.868380259586004,0.30928037203252595,True,False,False,False
2025-01-28 00:00:00-05:00,230.85000610351562,240.19000244140625,230.80999755859375,238.25999450683594,237.4171905517578,75707600,234.53525574883065,247.1643405822964,221.9061709153649,25.258169666931508,6.314542416732877,0.6474666932371504,False,False,True,False
2025-01-29 00:00:00-05:00,234.1199951171875,239.86000061035156,234.00999450683594,239.36000061035156,238.5133056640625,45486100,234.84078681172102,247.37696438254332,222.3046092408987,25.072355141644607,6.268088785411152,0.6802468804027203,False,False,False,False
2025-01-30 00:00:00-05:00,238.6699981689453,240.7899932861328,237.2100067138672,237.58999633789062,236.7495574951172,55658300,235.1921403324425,247.1906974606357,223.1935832042493,23.997114256386396,5.999278564096599,0.5999226815286748,False,False,False,False
2025-01-31 00:00:00-05:00,247.19000244140625,247.19000244140625,233.44000244140625,236.0,235.16519165039062,100959800,235.54304775737853,249.0917491727524,221.99434634200466,27.09740283074774,6.774350707686935,0.5168633224916656,False,False,False,False
2025-02-03 00:00:00-05:00,229.99000549316406,231.8300018310547,225.6999969482422,228.00999450683594,227.2034454345703,73063300,234.87355093242607,249.1273828166141,220.61971904823804,28.507663768376062,7.126915942094016,0.2592382005990975,False,False,False,True
2025-02-04 00:00:00-05:00,227.25,233.1300048828125,226.64999389648438,232.8000030517578,231.97650146484375,45067300,234.49130804460944,248.6157589376443,220.36685715157458,28.248901786069723,7.062225446517431,0.44012846921767224,False,False,False,False
2025-02-05 00:00:00-05:00,228.52999877929688,232.6699981689453,228.27000427246094,232.47000122070312,231.64767456054688,39620300,234.1718185058247,247.78982406541544,220.55381294623393,27.236011119181512,6.809002779795378,0.4375159131168431,False,False,False,False
2025-02-06 00:00:00-05:00,231.2899932861328,233.8000030517578,230.42999267578125,233.22000122070312,232.39501953125,29925300,234.01101029727764,246.94121737610462,221.08080321845065,25.860414157653963,6.465103539413491,0.4694123585278933,False,False,False,False
2025-02-07 00:00:00-05:00,232.60000610351562,234.0,227.25999450683594,227.6300048828125,226.82479858398438,39707200,233.59377120197018,246.5789586715473,220.60858373239307,25.970374939154226,6.4925937347885565,0.270362717784008,False,False,False,False
2025-02-10 00:00:00-05:00,229.57000732421875,230.58999633789062,227.1999969482422,227.64999389648438,227.0941162109375,33115600,233.1067449663101,245.47141356685918,220.742076365761,24.72933720109819,6.1823343002745474,0.2793409897947694,False,False,False,False
2025-02-11 00:00:00-05:00,228.1999969482422,235.22999572753906,228.1300048828125,232.6199951171875,232.052001953125,53718400,233.00070562753578,245.6449077342409,220.35650352083067,25.288404213410217,6.322101053352554,0.4849452536769247,False,False,False,False
2025-02-12 00:00:00-05:00,231.1999969482422,236.9600067138672,230.67999267578125,236.8699951171875,236.29161071777344,45243300,233.1755588854478,245.81134358909958,220.53977418179602,25.27156940730356,6.31789235182589,0.6461894262361085,False,False,True,False
2025-02-13 00:00:00-05:00,236.91000366210938,242.33999633789062,235.57000732421875,241.52999877929688,240.94024658203125,53614100,233.80772795798947,246.53393199401046,221.08152392196848,25.452408072041976,6.363102018010494,0.8034004012292212,False,False,False,False
2025-02-14 00:00:00-05:00,241.25,245.5500030517578,240.99000549316406,244.60000610351562,244.00274658203125,40896200,234.75111941114722,247.11670255528486,222.38553626700957,24.73116628827529,6.1827915720688225,0.8982378581570426,False,False,False,False
2025-02-18 00:00:00-05:00,244.14999389648438,245.17999267578125,241.83999633789062,244.47000122070312,243.87306213378906,48822500,235.61577439530382,247.41279849260582,223.81875029800182,23.594048194604,5.898512048651,0.8752737449872755,False,False,False,False
2025-02-19 00:00:00-05:00,244.66000366210938,246.00999450683594,243.16000366210938,244.8699951171875,244.27207946777344,32204200,236.47903376356481,247.66635362008194,225.2917139070477,22.37463971303424,5.59365992825856,0.8750210712324709,False,False,False,False
2025-02-20 00:00:00-05:00,244.94000244140625,246.77999877929688,244.2899932861328,245.8300018310547,245.229736328125,32316900,237.3508716240661,247.9174605935643,226.78428265456787,21.133177938996425,5.283294484749106,0.9012236224700646,False,False,False,False
2025-02-21 00:00:00-05:00,245.9499969482422,248.69000244140625,245.22000122070312,245.5500030517578,244.95042419433594,53197400,238.22094755554764,248.42487787223666,228.0170172388586,20.40786063337805,5.1019651583445125,0.8591290448261464,False,False,False,False
2025-02-24 00:00:00-05:00,244.92999267578125,248.86000061035156,244.4199981689453,247.10000610351562,246.49664306640625,51326400,239.03736540368,249.10890317698139,228.96582763037864,20.143075546602745,5.035768886650686,0.9002686025369858,False,False,False,False
2025-02-25 00:00:00-05:00,248.0,250.0,244.91000366210938,247.0399932861328,246.43678283691406,48013300,239.825870188988,249.90825345253737,229.74348692543865,20.16476652709872,5.04119163177468,0.8577588209340287,False,False,False,False
2025-02-26 00:00:00-05:00,244.3300018310547,244.97999572753906,239.1300048828125,240.36000061035156,239.77308654785156,44433600,239.98435878117022,250.6405013990287,229.32821616331174,21.312285235716956,5.328071308929239,0.517625600681799,False,True,False,False
2025-02-27 00:00:00-05:00,239.41000366210938,242.4600067138672,237.05999755859375,237.3000030517578,236.72056579589844,41153600,239.88489627262126,250.5554264597486,229.21436608549394,21.341060374254653,5.335265093563663,0.3788770016328803,False,False,False,True
2025-02-28 00:00:00-05:00,236.9499969482422,242.08999633789062,230.1999969482422,241.83999633789062,241.24948120117188,56833400,239.7095089966263,251.6909860429706,227.72803195028203,23.962954092688562,5.990738523172141,0.5889075417422911,False,False,True,False
2025-03-03 00:00:00-05:00,241.7899932861328,244.02999877929688,236.11000061035156,238.02999877929688,237.4487762451172,47184000,239.67907951024748,252.04640848574638,227.31175053474857,24.734657950997814,6.1836644877494535,0.4333291475379357,False,False,False,True
2025-03-04 00:00:00-05:00,237.7100067138672,240.07000732421875,234.67999267578125,235.92999267578125,235.35391235351562,53798100,239.4137701180265,251.622369125663,227.20517111038998,24.417198015273016,6.104299503818254,0.3573228000990888,False,False,False,False
2025-03-05 00:00:00-05:00,235.4199981689453,236.5500030517578,229.22999572753906,235.74000549316406,235.1643829345703,47227600,238.8829350043243,251.33467557604092,226.4311944326077,24.903481143433225,6.225870285858306,0.37379557528289564,False,False,False,False
2025-03-06 00:00:00-05:00,234.44000244140625,237.86000061035156,233.16000366210938,235.3300018310547,234.75538635253906,45170400,238.55598900719866,250.70255491139207,226.40942310300525,24.293131808386818,6.073282952096704,0.36720579291344174,False,False,False,False
2025-03-07 00:00:00-05:00,235.11000061035156,241.3699951171875,234.75999450683594,239.07000732421875,238.4862518310547,46273600,238.5411328143938,250.79504225023817,226.2872233785494,24.507818871688755,6.126954717922189,0.5215798277518654,False,False,True,False
2025-03-10 00:00:00-04:00,235.5399932861328,236.16000366210938,224.22000122070312,227.47999572753906,226.92454528808594,72071200,237.65975510541506,251.65827481837812,223.661235392452,27.99703942592612,6.99925985648153,0.13639871977144746,False,False,False,True
2025-03-11 00:00:00-04:00,223.80999755859375,225.83999633789062,217.4499969482422,220.83999633789062,220.30076599121094,76137400,236.10898444851912,250.71365194604525,221.504316950993,29.209334995052245,7.302333748763061,0.0,False,False,False,False
2025-03-12 00:00:00-04:00,220.13999938964844,221.75,214.91000366210938,216.97999572753906,216.45018005371094,62547500,234.37289067214107,248.88509068749272,219.86069065678942,29.024400030703305,7.256100007675826,0.0,False,False,False,False
2025-03-13 00:00:00-04:00,215.9499969482422,216.83999633789062,208.4199981689453,209.67999267578125,209.1680145263672,61368300,232.2084879790044,246.9814675045396,217.43550845346917,29.54595905107044,7.38648976276761,0.0,False,False,False,False
2025-03-14 00:00:00-04:00,211.25,213.9499969482422,209.5800018310547,213.49000549316406,212.96871948242188,60107600,230.3162511642567,244.4859317606759,216.1465705678375,28.339361192838396,7.084840298209599,0.0,False,False,False,False
2025-03-17 00:00:00-04:00,213.30999755859375,215.22000122070312,209.97000122070312,214.0,213.4774627685547,48073400,228.67311621024515,242.47582874702243,214.87040367346788,27.605425073554557,6.901356268388639,0.0,False,False,False,False
2025-03-18 00:00:00-04:00,214.16000366210938,215.14999389648438,211.49000549316406,212.69000244140625,212.170654296875,42432400,227.19091472454102,240.34535368830464,214.0364757607774,26.30887792752725,6.577219481881812,0.0,False,False,False,False
2025-03-19 00:00:00-04:00,214.22000122070312,218.75999450683594,213.75,215.24000549316406,214.7144317626953,54385400,226.11717681426725,239.17017029474044,213.06418333379406,26.10598696094638,6.526496740236595,0.08334571539566582,False,False,False,False
2025-03-20 00:00:00-04:00,213.99000549316406,217.49000549316406,212.22000122070312,214.10000610351562,213.5772247314453,48862900,225.0206206991746,237.82231568609265,212.21892571225655,25.6033899738361,6.400847493459025,0.0734699738269556,False,False,False,False
2025-03-21 00:00:00-04:00,211.55999755859375,218.83999633789062,211.27999877929688,218.27000427246094,217.73703002929688,94127800,224.17389489892457,237.20741989886957,211.14036989897957,26.067049999890003,6.516762499972501,0.2735113629471479,True,False,False,False
2025-03-24 00:00:00-04:00,221.0,221.47999572753906,218.5800018310547,220.72999572753906,220.19102478027344,44299500,223.80146025096772,236.17363104193385,211.4292894600016,24.744341581932247,6.186085395483062,0.3758720447962385,False,False,False,False
2025-03-25 00:00:00-04:00,220.77000427246094,224.10000610351562,220.0800018310547,223.75,223.2036590576172,34493600,223.6911627011794,235.6301172675411,211.7522081348177,23.877909132723403,5.969477283180851,0.5024640892338422,False,False,True,False
2025-03-26 00:00:00-04:00,223.50999450683594,225.02000427246094,220.47000122070312,221.52999877929688,220.9890594482422,34466100,223.56248067479598,235.21754039487308,211.90742095471887,23.31011944015421,5.827529860038553,0.4128068862659737,False,False,False,True
2025-03-27 00:00:00-04:00,221.38999938964844,224.99000549316406,220.55999755859375,223.85000610351562,223.30340576171875,37094800,223.52160979006217,234.89716512504563,212.1460544550787,22.75111066996692,5.68777766749173,0.5144342980972335,False,False,True,False
2025-03-28 00:00:00-04:00,221.6699981689453,223.80999755859375,217.67999267578125,217.89999389648438,217.36793518066406,39818600,223.1668527983375,234.63885528536946,211.69485031130552,22.944004974063944,5.736001243515986,0.2704472733593457,False,False,False,True
2025-03-31 00:00:00-04:00,217.00999450683594,225.6199951171875,216.22999572753906,222.1300048828125,221.58761596679688,65299300,222.99159684063991,235.1943989568984,210.78879472438143,24.405604232516964,6.101401058129241,0.46469696264764193,False,False,False,False
2025-04-01 00:00:00-04:00,219.80999755859375,223.67999267578125,218.89999389648438,223.19000244140625,222.64501953125,36412700,222.88985711021934,234.82837877071134,210.95133544972734,23.877043320984,5.969260830246,0.5125704563648018,False,False,True,False
2025-04-02 00:00:00-04:00,221.32000732421875,225.19000244140625,221.02000427246094,223.88999938964844,223.3433074951172,35905900,222.9352677379291,234.51393686616098,211.35659860969724,23.15733825646373,5.789334564115933,0.541228039299933,False,False,False,False
2025-04-03 00:00:00-04:00,205.5399932861328,207.49000549316406,201.25,203.19000244140625,202.69386291503906,103419000,221.1296869354143,236.07848902875267,206.18088484207593,29.897604186676745,7.474401046669186,0.0,False,False,False,True
2025-04-04 00:00:00-04:00,193.88999938964844,199.8800048828125,187.33999633789062,188.3800048828125,187.92002868652344,125910900,218.3427328178674,234.96665592257503,201.71880971315974,33.247846209415286,8.311961552353822,0.0,False,False,False,False
2025-04-07 00:00:00-04:00,177.1999969482422,194.14999389648438,174.6199951171875,181.4600067138672,181.0169219970703,160466300,215.01580574719873,233.883336297295,196.14827519710246,37.735061100192524,9.433765275048131,0.0,False,False,False,False
2025-04-08 00:00:00-04:00,186.6999969482422,190.33999633789062,169.2100067138672,172.4199981689453,171.99899291992188,120859500,211.4260465084402,232.63282192833154,190.21927108854888,42.41355083978266,10.603387709945665,0.0,False,False,False,False
2025-04-09 00:00:00-04:00,171.9499969482422,200.61000061035156,171.88999938964844,198.85000610351562,198.3644561767578,184395900,209.42832798711305,234.25842610915586,184.59822986507024,49.660196244085625,12.415049061021406,0.2869859025203254,True,False,False,False
2025-04-10 00:00:00-04:00,189.07000732421875,194.77999877929688,183.0,190.4199981689453,189.95504760742188,121880000,207.52086808193536,233.03795761247702,182.0037785513937,51.03417906108331,12.758544765270827,0.16491339279658343,False,False,False,False
2025-04-11 00:00:00-04:00,186.10000610351562,199.5399932861328,186.05999755859375,198.14999389648438,197.66615295410156,87435900,206.28872143099582,231.95010115399114,180.6273417080005,51.32275944599064,12.83068986149766,0.3414206947879291,True,False,False,False
2025-04-14 00:00:00-04:00,211.44000244140625,212.94000244140625,201.16000366210938,202.52000427246094,202.02549743652344,101352900,206.2174149574399,232.27065841712005,180.16417149775975,52.10648691936029,13.026621729840073,0.42904125947502364,False,False,False,False
2025-04-15 00:00:00-04:00,201.86000061035156,203.50999450683594,199.8000030517578,202.13999938964844,201.64642333984375,51343900,205.79829597572316,229.98821338045093,181.6083785709954,48.37983480945553,12.094958702363883,0.42438385537108664,False,False,False,False
2025-04-16 00:00:00-04:00,198.36000061035156,200.6999969482422,192.3699951171875,194.27000427246094,193.79563903808594,59732400,204.84417243320638,228.56909895195355,181.1192459144592,47.449853037494336,11.862463259373584,0.27715066572724983,False,False,False,False
2025-04-17 00:00:00-04:00,197.1999969482422,198.8300018310547,194.4199981689453,196.97999572753906,196.4990234375,52164700,204.0726638118705,226.33709719046172,181.8082304332793,44.52886675718241,11.132216689295603,0.3407175254872747,False,False,False,False
2025-04-21 00:00:00-04:00,193.27000427246094,193.8000030517578,189.80999755859375,193.16000366210938,192.68833923339844,46742500,202.9473308860562,224.41932056057735,181.47534121153504,42.94397934904231,10.735994837260577,0.2720908175649753,False,False,False,False
2025-04-22 00:00:00-04:00,196.1199951171875,201.58999633789062,195.97000122070312,199.74000549316406,199.25228881835938,52976400,202.58091851759872,223.591707759824,181.57012927537343,42.02157848445057,10.505394621112643,0.43239394789784275,False,False,False,False
2025-04-23 00:00:00-04:00,206.0,208.0,202.8000030517578,204.60000610351562,204.10043334960938,52929200,202.82400593355038,223.38571515292034,182.26229671418042,41.12341843873992,10.28085460968498,0.5431870753305902,False,False,True,False
2025-04-24 00:00:00-04:00,204.88999938964844,208.8300018310547,202.94000244140625,208.3699951171875,207.8612060546875,47311000,203.1944180474868,222.87795622284943,183.51087987212418,39.367076350725256,9.841769087681314,0.6314696835393859,False,False,False,False
2025-04-25 00:00:00-04:00,206.3699951171875,209.75,206.1999969482422,209.27999877929688,208.76898193359375,38222300,203.69114000256866,222.1163249707466,185.26595503439071,36.85036993635589,9.212592484088972,0.6516635731576293,False,False,False,False
2025-04-28 00:00:00-04:00,210.0,211.5,207.4600067138672,210.13999938964844,209.62689208984375,38743100,204.26341257703882,221.65407770562553,186.87274744845212,34.78133025717341,8.695332564293352,0.6689580809347455,False,False,False,False
2025-04-29 00:00:00-04:00,208.69000244140625,212.24000549316406,208.3699951171875,211.2100067138672,210.69427490234375,36827600,204.8675322466611,221.29313293758446,188.44193155573777,32.85120138184669,8.212800345461673,0.6930667433889001,False,False,False,False
2025-04-30 00:00:00-04:00,209.3000030517578,213.5800018310547,206.6699981689453,212.5,211.9811248779297,52286500,205.44364028666166,221.60868164091454,189.27859893240878,32.330082708505756,8.082520677126439,0.7182598719885698,False,False,False,False
2025-05-01 00:00:00-04:00,209.0800018310547,214.55999755859375,208.89999389648438,213.32000732421875,212.79913330078125,57365700,206.09281736346523,221.7733553147147,190.41227941221575,31.361075902498953,7.840268975624738,0.7304509572064023,False,False,False,False
2025-05-02 00:00:00-04:00,206.08999633789062,206.99000549316406,202.16000366210938,205.35000610351562,204.8485870361328,101010600,205.97286698785868,222.3173518764051,189.62838209931226,32.68896977709284,8.17224244427321,0.48094583926656714,False,False,False,True
2025-05-05 00:00:00-04:00,203.10000610351562,204.10000610351562,198.2100067138672,198.88999938964844,198.40435791015625,69018500,205.44211813844456,221.58015441606602,189.3040818608231,32.27607255524293,8.069018138810733,0.29699764469231277,False,False,False,False
2025-05-06 00:00:00-04:00,198.2100067138672,200.64999389648438,197.02000427246094,198.50999450683594,198.0252685546875,51216500,204.8025510990937,220.0527816737577,189.55232052442972,30.500461149327975,7.625115287331994,0.293689788444513,False,False,False,False
2025-05-07 00:00:00-04:00,199.1699981689453,199.44000244140625,193.25,196.25,195.7707977294922,68536700,203.99405424652625,218.95726225200508,189.0308462410474,29.926416010957666,7.481604002739417,0.24123014785028943,False,False,False,False
2025-05-08 00:00:00-04:00,197.72000122070312,200.0500030517578,194.67999267578125,197.49000549316406,197.00778198242188,50478900,203.36668403957782,217.90757331970408,188.82579475945155,29.08177856025253,7.270444640063133,0.2979257515410114,False,False,False,False
2025-05-09 00:00:00-04:00,199.0,200.5399932861328,197.5399932861328,198.52999877929688,198.0452423095703,36453900,202.93842795173111,216.63522586243852,189.2416300410237,27.393595821414806,6.8483989553537015,0.33907081052178,False,False,False,False
2025-05-12 00:00:00-04:00,210.97000122070312,211.27000427246094,206.75,210.7899932861328,210.55104064941406,63775800,203.57318076771207,218.44829998598155,188.6980615494426,29.75023843653895,7.437559609134738,0.7425799891928637,False,False,True,False
2025-05-13 00:00:00-04:00,210.42999267578125,213.39999389648438,209.0,212.92999267578125,212.68861389160156,51909300,204.3544647127638,218.62207078850318,190.0868586370244,28.535212151478788,7.133803037869697,0.8005244158513485,False,False,False,False
2025-05-14 00:00:00-04:00,212.42999267578125,213.94000244140625,210.5800018310547,212.3300018310547,212.08929443359375,49325800,205.10959525134234,218.6224408415781,191.59674966110657,27.02569118047154,6.756422795117885,0.7671682485933877,False,True,False,False
2025-05-15 00:00:00-04:00,210.9499969482422,212.9600067138672,209.5399932861328,211.4499969482422,211.21029663085938,45029500,205.70074481306347,218.54630852982254,192.8551810963044,25.691127433518147,6.422781858379537,0.7237835669164877,False,False,False,False
2025-05-16 00:00:00-04:00,212.36000061035156,212.57000732421875,209.77000427246094,211.25999450683594,211.0205078125,54737900,206.22448359605792,218.34549155149264,194.1034756406232,24.24201591086944,6.06050397771736,0.7077183238098707,False,False,False,False
2025-05-19 00:00:00-04:00,207.91000366210938,209.47999572753906,204.25999450683594,208.77999877929688,208.54331970214844,46140500,206.34659592067692,218.65550308056817,194.03768876078567,24.617814319782497,6.154453579945624,0.5988472342430705,False,False,False,False
2025-05-20 00:00:00-04:00,207.6699981689453,208.47000122070312,205.02999877929688,206.86000061035156,206.62550354003906,42496600,206.38850743967123,218.21652388357336,194.5604909957691,23.65603288780426,5.914008221951065,0.5199312020285282,False,False,False,False
2025-05-21 00:00:00-04:00,205.1699981689453,207.0399932861328,200.7100067138672,202.08999633789062,201.86090087890625,59211800,206.09245899582606,218.0036711097911,194.18124688186103,23.82242422793007,5.955606056982518,0.33198760043728714,False,False,False,True
2025-05-22 00:00:00-04:00,200.7100067138672,202.75,199.6999969482422,201.36000061035156,201.13172912597656,46742400,205.63317710919483,216.96326862211492,194.30308559627474,22.660183025840183,5.665045756460046,0.31142356643940516,False,False,False,False
2025-05-23 00:00:00-04:00,193.6699981689453,197.6999969482422,193.4600067138672,195.27000427246094,195.04864501953125,78432900,204.66589065227373,216.4429717931987,192.88880951134877,23.554162281849926,5.888540570462482,0.10109443641504674,False,False,False,False
2025-05-27 00:00:00-04:00,198.3000030517578,200.74000549316406,197.42999267578125,200.2100067138672,199.98304748535156,56288500,204.17009169754328,215.86346496851638,192.4767184265702,23.386746541946195,5.846686635486549,0.33066969248701034,True,False,False,False
2025-05-28 00:00:00-04:00,200.58999633789062,202.72999572753906,199.89999389648438,200.4199981689453,200.1927947998047,45339700,203.86976511660166,214.9598014266884,192.77972880651492,22.180072620173462,5.5450181550433655,0.34446548004001243,False,False,False,False
2025-05-29 00:00:00-04:00,203.5800018310547,203.80999755859375,198.50999450683594,199.9499969482422,199.72332763671875,51396800,203.57327920116887,214.61431249059848,192.53224591173927,22.082066578859212,5.520516644714803,0.33591742919589235,False,False,False,False
2025-05-30 00:00:00-04:00,199.3699951171875,201.9600067138672,196.77999877929688,200.85000610351562,200.622314453125,70819900,203.21995139142834,214.19288293882906,192.24701984402762,21.94586309480144,5.48646577370036,0.3920094745112071,False,False,False,False
2025-06-02 00:00:00-04:00,200.27999877929688,202.1300048828125,200.1199951171875,201.6999969482422,201.47134399414062,35423300,203.03868608266507,213.3163264284507,192.76104573687942,20.555280691571284,5.138820172892821,0.43487371179651124,False,False,False,False
2025-06-03 00:00:00-04:00,201.35000610351562,203.77000427246094,200.9600067138672,203.27000427246094,203.03956604003906,46381600,203.00325614649978,212.8151319694256,193.19138032357395,19.623751645851655,4.905937911462914,0.5135931258596796,False,False,True,False
2025-06-04 00:00:00-04:00,202.91000366210938,206.24000549316406,202.10000610351562,202.82000732421875,202.590087890625,43604000,203.0715180665442,212.73020618510714,193.41282994798127,19.31737623712587,4.829344059281468,0.48698007745782396,False,False,False,True
2025-06-05 00:00:00-04:00,203.5,204.75,200.14999389648438,200.6300048828125,200.40257263183594,55126100,202.9545480532002,212.56736858060998,193.34172752579042,19.22564105481956,4.80641026370489,0.3790915130601082,False,False,False,False
2025-06-06 00:00:00-04:00,203.0,205.6999969482422,202.0500030517578,203.9199981689453,203.68882751464844,46607700,203.04363865667145,212.7091755444262,193.3781017689167,19.33107377550948,4.83276844387737,0.5453342386693555,False,False,True,False
2025-06-09 00:00:00-04:00,204.38999938964844,206.0,200.02000427246094,201.4499969482422,201.2216339111328,72862600,202.99091120431237,212.88589354879943,193.0959288598253,19.789964688974123,4.947491172243531,0.42213658385511454,False,False,False,True
2025-06-10 00:00:00-04:00,200.60000610351562,204.35000610351562,200.57000732421875,202.6699981689453,202.44024658203125,54672600,202.94701526728832,212.60849913318606,193.28553140139059,19.322967731795472,4.830741932948868,0.48566384303963905,False,False,False,False
2025-06-11 00:00:00-04:00,203.5,204.5,198.41000366210938,198.77999877929688,198.55465698242188,60989900,202.71999801774993,212.633332764636,192.80666327086385,19.826669493772158,4.9566673734430395,0.3012778071631917,False,False,False,False
2025-06-12 00:00:00-04:00,199.0800018310547,199.67999267578125,197.36000061035156,199.1999969482422,198.97418212890625,43904600,202.3415851981031,211.72758488338653,192.95558551281968,18.771999370566846,4.692999842641711,0.33264498427446665,False,False,False,False
2025-06-13 00:00:00-04:00,199.72999572753906,200.3699951171875,195.6999969482422,196.4499969482422,196.227294921875,51447300,201.8811164177654,211.26251576830956,192.49971706722127,18.762798701088286,4.6906996752720715,0.21053788104606128,False,False,False,False
2025-06-16 00:00:00-04:00,197.3000030517578,198.69000244140625,196.55999755859375,198.4199981689453,198.195068359375,43020700,201.50101003413522,210.39227054825776,192.60974952001268,17.78252102824507,4.445630257061268,0.3267393098933415,False,False,False,False
2025-06-17 00:00:00-04:00,197.1999969482422,198.38999938964844,195.2100067138672,195.63999938964844,195.418212890625,38856200,201.01646957034976,209.66060232407565,192.37233681662386,17.288265507451797,4.322066376862949,0.18901043436752593,False,False,False,False
2025-06-18 00:00:00-04:00,195.94000244140625,197.57000732421875,195.07000732421875,196.5800018310547,196.35714721679688,45394700,200.5774412455384,208.85716072389172,192.2977217671851,16.55943895670663,4.139859739176657,0.25860055253473757,True,False,False,False
2025-06-20 00:00:00-04:00,198.24000549316406,201.6999969482422,196.86000061035156,201.0,200.7721405029297,96813500,200.5084785097282,208.98422506368368,192.03273195577273,16.95149310791095,4.237873276977737,0.5289957638033909,False,False,True,False
2025-06-23 00:00:00-04:00,201.6300048828125,202.3000030517578,198.9600067138672,201.5,201.27157592773438,55814300,200.54767134263108,208.84384250876914,192.251500176493,16.592342332276132,4.148085583069033,0.5573956731543812,False,False,False,False
2025-06-24 00:00:00-04:00,202.58999633789062,203.44000244140625,200.1999969482422,200.3000030517578,200.07293701171875,54064000,200.62059160972672,208.7351467578838,192.50603646156964,16.22911029631416,4.05727757407854,0.4802460792911295,False,False,False,True
2025-06-25 00:00:00-04:00,201.4499969482422,203.6699981689453,200.6199951171875,201.55999755859375,201.33151245117188,39525700,200.74720164196629,208.72430029874513,192.77010298518744,15.9541973135577,3.988549328389425,0.5509455850804077,False,False,True,False
2025-06-26 00:00:00-04:00,201.42999267578125,202.63999938964844,199.4600067138672,201.0,200.7721405029297,50799100,200.77445247300173,208.58983979925895,192.9590651467445,15.630774652514447,3.9076936631286117,0.5144297088284097,False,False,False,False
2025-06-27 00:00:00-04:00,201.88999938964844,203.22000122070312,200.0,201.0800018310547,200.85205078125,73188600,200.83720312800978,208.5150519657819,193.15935429023764,15.355697675544263,3.838924418886066,0.5158116360568623,False,False,False,False
2025-06-30 00:00:00-04:00,202.00999450683594,207.38999938964844,199.25999450683594,205.1699981689453,204.93740844726562,91912800,201.13270734011772,209.66877227067513,192.5966424095603,17.07212986111483,4.268032465278708,0.7364843087342796,False,False,False,False
2025-07-01 00:00:00-04:00,206.6699981689453,210.19000244140625,206.13999938964844,207.82000732421875,207.58441162109375,78788900,201.79149740789296,210.47795669988682,193.1050381158991,17.372918583987712,4.343229645996928,0.8470061686631141,False,False,False,False
2025-07-02 00:00:00-04:00,208.91000366210938,213.33999633789062,208.13999938964844,212.44000244140625,212.1991729736328,67941800,202.69770394583793,211.61951511136678,193.77589278030908,17.843622331057702,4.4609055827644255,1.0,False,False,False,False
2025-07-03 00:00:00-04:00,212.14999389648438,214.64999389648438,211.80999755859375,213.5500030517578,213.30792236328125,34955800,203.7109383162926,212.3085676328467,195.11330899973854,17.195258633108153,4.298814658277038,1.0,False,False,False,False
2025-07-07 00:00:00-04:00,212.67999267578125,216.22999572753906,208.8000030517578,209.9499969482422,209.7119903564453,50229000,204.46799167434534,213.69185659440026,195.24412675429042,18.447729840109844,4.611932460027461,0.7971642213654732,False,True,False,False
2025-07-08 00:00:00-04:00,210.10000610351562,211.42999267578125,208.4499969482422,210.00999450683594,209.7719268798828,42848900,204.99135704284765,213.8888346164049,196.0938794692904,17.79495514711448,4.44873878677862,0.7820258563451381,False,False,False,False
2025-07-09 00:00:00-04:00,209.52999877929688,211.3300018310547,207.22000122070312,211.13999938964844,210.90065002441406,48749400,205.45852946547825,214.2882594037501,196.6287995272064,17.65945987654368,4.41486496913592,0.8217238785268085,False,False,False,False
2025-07-10 00:00:00-04:00,210.50999450683594,213.47999572753906,210.02999877929688,212.41000366210938,212.16920471191406,44443600,206.0789869185738,214.7157432526669,197.4422305844807,17.273512668186186,4.318378167046546,0.8665158827362218,False,False,False,False
2025-07-11 00:00:00-04:00,210.57000732421875,212.1300048828125,209.86000061035156,211.16000366210938,210.92062377929688,39765800,206.5524170264961,214.83549833753145,198.26933571546076,16.566162622070692,4.141540655517673,0.7781324040290839,False,True,False,False
2025-07-14 00:00:00-04:00,209.92999267578125,210.91000366210938,207.5399932861328,208.6199951171875,208.3834991455078,38840100,206.7877421371609,214.96651739228804,198.60896688203377,16.35755051025427,4.089387627563568,0.6120126744452348,False,False,False,False
2025-07-15 00:00:00-04:00,209.22000122070312,211.88999938964844,208.9199981689453,209.11000061035156,208.87295532226562,42296300,207.0911317167629,215.1060303008695,199.0762331326563,16.02979716821318,4.007449292053295,0.625944756031726,False,False,False,False
2025-07-16 00:00:00-04:00,210.3000030517578,212.39999389648438,208.63999938964844,210.16000366210938,209.92176818847656,47490500,207.40626193257094,215.37166955963406,199.44085430550783,15.93081525412623,3.9827038135315576,0.6728562967814964,False,False,False,False
2025-07-17 00:00:00-04:00,210.57000732421875,211.8000030517578,209.58999633789062,210.02000427246094,209.78192138671875,48068100,207.69804662667877,215.308914833809,200.08717841954854,15.221736414260477,3.805434103565119,0.6525422318840601,False,False,False,False
2025-07-18 00:00:00-04:00,210.8699951171875,211.7899932861328,209.6999969482422,211.17999267578125,210.9405975341797,48974600,208.00204164350797,215.2698222975033,200.73426098951262,14.53556130799069,3.6338903269976726,0.7186328387969618,False,False,False,False
2025-07-21 00:00:00-04:00,212.10000610351562,215.77999877929688,211.6300048828125,212.47999572753906,212.23912048339844,51377400,208.50629162633732,215.96729543563626,201.04528781703837,14.922007618597888,3.730501904649472,0.7662982222478671,False,False,False,False
2025-07-22 00:00:00-04:00,213.13999938964844,214.9499969482422,212.22999572753906,214.39999389648438,214.15695190429688,46404100,209.0161681880279,216.27507186053757,201.75726451551824,14.517807345019321,3.6294518362548303,0.8708428952464037,False,False,False,False
2025-07-23 00:00:00-04:00,215.0,215.14999389648438,212.41000366210938,214.14999389648438,213.9072265625,46989300,209.48161221631344,216.56262356844715,202.40060086417972,14.162022704267429,3.540505676066857,0.8296408837675581,False,False,False,False
2025-07-24 00:00:00-04:00,213.89999389648438,215.69000244140625,213.52999877929688,213.75999450683594,213.51766967773438,46022600,209.94304583785623,216.74795678719843,203.13813488851403,13.609821898684402,3.4024554746711004,0.7804554458827027,False,True,False,False
2025-07-25 00:00:00-04:00,214.6999969482422,215.24000549316406,213.39999389648438,213.8800048828125,213.63754272460938,40268800,210.34593049686868,216.8383526706126,203.85350832312474,12.984844347487865,3.2462110868719662,0.7721691759537765,False,False,False,False
2025-07-28 00:00:00-04:00,214.02999877929688,214.85000610351562,213.05999755859375,214.0500030517578,213.80735778808594,37858000,210.69266748808332,216.89384915343723,204.4914858227294,12.402363330707828,3.100590832676957,0.7707012747612262,False,False,False,False
2025-07-29 00:00:00-04:00,214.17999267578125,214.80999755859375,210.82000732421875,211.27000427246094,211.03050231933594,51411700,210.84574706557612,217.22480861126962,204.46668551988262,12.758123091387006,3.1895307728467515,0.5332538888240727,False,False,False,False
2025-07-30 00:00:00-04:00,211.89999389648438,212.38999938964844,207.72000122070312,209.0500030517578,208.81301879882812,45512500,210.7385331755882,217.41368820050144,204.06337815067496,13.350310049826476,3.337577512456619,0.37352128021533576,False,False,False,True
2025-07-31 00:00:00-04:00,208.49000549316406,209.83999633789062,207.16000366210938,207.57000732421875,207.33470153808594,80698400,210.49581596280896,217.03945402038713,203.9521779052308,13.087276115156328,3.271819028789082,0.2764386864886389,False,False,False,False
2025-08-01 00:00:00-04:00,210.8699951171875,213.5800018310547,201.5,202.3800048828125,202.1505889892578,104434500,210.0505003699658,218.35577498799708,201.7452257519345,16.61054923606258,4.152637309015645,0.03821542092659134,False,False,False,False
2025-08-04 00:00:00-04:00,204.50999450683594,207.8800048828125,201.67999267578125,203.35000610351562,203.11949157714844,75109300,209.50315124463918,218.2179008422736,200.78840164700478,17.429499195268818,4.3573747988172045,0.1469694813265885,False,False,False,False
2025-08-05 00:00:00-04:00,203.39999389648438,205.33999633789062,202.16000366210938,202.9199981689453,202.68995666503906,44155100,208.92888281400516,217.4081559870324,200.44960964097794,16.958546346054447,4.239636586513612,0.1456721866106248,False,False,False,False
2025-08-06 00:00:00-04:00,205.6300048828125,215.3800048828125,205.58999633789062,213.25,213.0082550048828,108483100,209.16486226729683,219.28820946579475,199.0415150687989,20.24669439699585,5.061673599248962,0.7017681332370639,True,False,True,False
2025-08-07 00:00:00-04:00,218.8800048828125,220.85000610351562,216.5800018310547,220.02999877929688,219.7805633544922,90224800,210.1161454391056,220.74715913845685,199.48513173975434,21.262027398702514,5.315506849675629,0.9662703680269107,False,False,False,False
2025-08-08 00:00:00-04:00,220.8300018310547,231.0,219.25,229.35000610351562,229.0900115966797,113854000,211.67968733708017,223.5975996664963,199.76177500766403,23.83582465883228,5.95895616470807,1.0,False,False,False,False
2025-08-11 00:00:00-04:00,227.9199981689453,229.55999755859375,224.75999450683594,227.17999267578125,227.17999267578125,61806100,213.15463726501574,224.8407589718418,201.46851555818967,23.372243413652143,5.843060853413036,1.0,False,False,False,False
2025-08-12 00:00:00-04:00,228.00999450683594,230.8000030517578,227.07000732421875,229.64999389648438,229.64999389648438,55626200,214.68022750239393,225.94373618404524,203.41671882074263,22.527017363302605,5.631754340825651,1.0,False,False,False,False
2025-08-13 00:00:00-04:00,231.07000732421875,235.0,230.42999267578125,233.3300018310547,233.3300018310547,69878500,216.41734851825598,227.62450755244527,205.2101894840667,22.414318068378577,5.603579517094644,1.0,False,False,False,False
2025-08-14 00:00:00-04:00,234.05999755859375,235.1199951171875,230.85000610351562,232.77999877929688,232.77999877929688,51916300,217.98871215143794,228.92915308494267,207.0482712179332,21.880881867009464,5.470220466752366,1.0,False,False,False,False
2025-08-15 00:00:00-04:00,234.0,234.27999877929688,229.33999633789062,231.58999633789062,231.58999633789062,56038700,219.29804088162092,230.13243821005642,208.46364355318542,21.668794656871,5.41719866421775,1.0,False,False,False,False
2025-08-18 00:00:00-04:00,231.6999969482422,233.1199951171875,230.11000061035156,230.88999938964844,230.88999938964844,37476200,220.44806857915503,230.80102507611417,210.0951120821959,20.705912993918275,5.176478248479569,1.0,False,False,False,False
2025-08-19 00:00:00-04:00,231.27999877929688,232.8699951171875,229.35000610351562,230.55999755859375,230.55999755859375,39402600,221.44603026302272,231.4676889130203,211.42437161302513,20.04331729999518,5.010829324998795,0.95471351668784,False,False,False,False
2025-08-20 00:00:00-04:00,229.97999572753906,230.47000122070312,225.77000427246094,226.00999450683594,226.00999450683594,42263900,222.014662301465,231.9921537436894,212.03717085924058,19.95498288444884,4.98874572111221,0.7002172704685482,False,True,False,False
2025-08-21 00:00:00-04:00,226.27000427246094,226.52000427246094,223.77999877929688,224.89999389648438,224.89999389648438,30621200,222.30532928698395,231.83307268361872,212.77758589034917,19.05548679326955,4.763871698317388,0.6361636486986452,False,False,False,False
2025-08-22 00:00:00-04:00,226.1699981689453,229.08999633789062,225.41000366210938,227.75999450683594,227.75999450683594,42477800,222.79244060907553,232.2054101543281,213.37947106382296,18.82593909050513,4.706484772626283,0.763867522033246,False,False,False,False
2025-08-25 00:00:00-04:00,226.47999572753906,229.3000030517578,226.22999572753906,227.16000366210938,227.16000366210938,30983100,223.24681142222408,232.33248547779513,214.16113736665304,18.171348111142095,4.542837027785524,0.715349583088216,False,False,False,False
2025-08-26 00:00:00-04:00,226.8699951171875,229.49000549316406,224.69000244140625,229.30999755859375,229.30999755859375,54575100,223.68330574687462,232.82041300724012,214.54619848650913,18.274214520730993,4.568553630182748,0.80790334683529,False,False,False,False
2025-08-27 00:00:00-04:00,228.61000061035156,230.89999389648438,228.25999450683594,230.49000549316406,230.49000549316406,31259500,224.2737843708702,233.02518078312883,215.52238795861157,17.502792824517257,4.375698206129314,0.8551559562303914,False,False,False,False
2025-08-28 00:00:00-04:00,230.82000732421875,233.41000366210938,229.33999633789062,232.55999755859375,232.55999755859375,38074700,224.9877095913776,233.67796782725412,216.2974513555011,17.380516471753026,4.3451291179382565,0.9356768096922029,False,False,False,False
2025-08-29 00:00:00-04:00,232.50999450683594,233.3800048828125,231.3699951171875,232.13999938964844,232.13999938964844,39418400,225.6838007220289,233.90703508744278,217.46056635661503,16.446468730827746,4.1116171827069365,0.892558352390738,False,False,False,False
2025-09-02 00:00:00-04:00,229.25,230.85000610351562,226.97000122070312,229.72000122070312,229.72000122070312,44075600,226.01677235310302,234.45168291576456,217.58186179044148,16.869821125323085,4.217455281330771,0.7195179688088826,False,True,False,False
2025-09-03 00:00:00-04:00,237.2100067138672,238.85000610351562,234.36000061035156,238.47000122070312,238.47000122070312,66427800,227.0843815872383,236.50180207019622,217.6669611042804,18.834840965915816,4.708710241478954,1.0,False,False,False,False
2025-09-04 00:00:00-04:00,238.4499969482422,239.89999389648438,236.74000549316406,239.77999877929688,239.77999877929688,47549400,228.2007896319123,237.30846574723847,219.09311351658613,18.215352230652343,4.553838057663086,1.0,False,False,False,False
2025-09-05 00:00:00-04:00,240.0,241.32000732421875,238.49000549316406,239.69000244140625,239.69000244140625,54870400,229.30865142121556,238.07156029122004,220.54574255121108,17.52581774000896,4.38145443500224,1.0,False,False,False,False
2025-09-08 00:00:00-04:00,239.3000030517578,240.14999389648438,236.33999633789062,237.8800048828125,237.8800048828125,48999500,230.1481447816454,238.7967622763682,221.4995272869226,17.2972349894456,4.3243087473614,0.9469997722690882,False,False,False,False
2025-09-09 00:00:00-04:00,237.0,238.77999877929688,233.36000061035156,234.35000610351562,234.35000610351562,66313900,230.65752799270027,239.52528337173985,221.7897726136607,17.735510758079158,4.4338776895197896,0.7081968859641272,False,True,False,False
2025-09-10 00:00:00-04:00,232.19000244140625,232.4199981689453,225.9499969482422,226.7899932861328,226.7899932861328,83440800,230.4412551173104,240.1022367895007,220.7802734451201,19.321963344380606,4.8304908360951515,0.311030495912856,False,False,False,True
2025-09-11 00:00:00-04:00,226.8800048828125,230.4499969482422,226.64999389648438,230.02999877929688,230.02999877929688,50208600,230.3081193799165,239.76300349523933,220.85323526459365,18.909768230645682,4.7274420576614204,0.48529222583654485,False,False,False,False
2025-09-12 00:00:00-04:00,229.22000122070312,234.50999450683594,229.02000427246094,234.07000732421875,234.07000732421875,55824200,230.52004471209955,240.1274384627651,220.912650961434,19.214787501331102,4.803696875332776,0.6847515936292962,False,False,True,False
2025-09-15 00:00:00-04:00,237.0,238.19000244140625,235.02999877929688,236.6999969482422,236.6999969482422,42699500,231.10289753853277,240.57355093756928,221.63224413949627,18.941306798073015,4.735326699518254,0.7954970039490007,False,False,False,False
2025-09-16 00:00:00-04:00,237.17999267578125,241.22000122070312,236.32000732421875,238.14999389648438,238.14999389648438,63421100,231.81341531078064,241.31700214921037,222.30982847235092,19.007173676859452,4.751793419214863,0.8333782651451378,False,False,False,False
2025-09-17 00:00:00-04:00,238.97000122070312,240.10000610351562,237.72999572753906,238.99000549316406,238.99000549316406,46508000,232.49213789464974,241.51936812443182,223.46490766486767,18.054460459564154,4.513615114891039,0.8599037264540433,False,False,False,False
2025-09-18 00:00:00-04:00,239.97000122070312,241.1999969482422,236.64999389648438,237.8800048828125,237.8800048828125,44249600,233.07161668968433,242.10612450683976,224.0371088725289,18.06901563431086,4.517253908577715,0.7661123489205258,False,True,False,False
2025-09-19 00:00:00-04:00,241.22999572753906,246.3000030517578,240.2100067138672,245.5,245.5,163741300,234.11273287052788,243.92778953975682,224.29767620129894,19.630113338457875,4.907528334614469,1.0,False,False,False,False
2025-09-22 00:00:00-04:00,248.3000030517578,256.6400146484375,248.1199951171875,256.0799865722656,256.0799865722656,105517400,235.96993279834714,247.0314867303407,224.9083788663536,22.123107863987116,5.530776965996779,1.0,False,False,False,False
2025-09-23 00:00:00-04:00,255.8800048828125,257.3399963378906,253.5800018310547,254.42999267578125,254.42999267578125,60275200,237.79343097135302,248.5008284115144,227.08603353119165,21.414794880322745,5.353698720080686,1.0,False,False,False,False
2025-09-24 00:00:00-04:00,255.22000122070312,255.74000549316406,251.0399932861328,252.30999755859375,252.30999755859375,42303700,239.24453266734767,249.82119280489917,228.66787252979617,21.153320275103,5.28833006877575,1.0,False,False,False,False
2025-09-25 00:00:00-04:00,253.2100067138672,257.1700134277344,251.7100067138672,256.8699951171875,256.8699951171875,55202100,240.76886337391102,251.3798588404808,230.15786790734123,21.22199093313958,5.305497733284895,1.0,False,False,False,False
2025-09-26 00:00:00-04:00,254.10000610351562,257.6000061035156,253.77999877929688,255.4600067138672,255.4600067138672,46076300,242.1826227858141,252.49652017057065,231.86872540105753,20.627794769513116,5.156948692378279,1.0,False,False,False,False
2025-09-29 00:00:00-04:00,254.55999755859375,255.0,253.00999450683594,254.42999267578125,254.42999267578125,40127700,243.32205512947044,253.0945652171576,233.5495450417833,19.545020175374304,4.886255043843576,1.0,False,False,False,False
2025-09-30 00:00:00-04:00,254.86000061035156,255.9199981689453,253.11000061035156,254.6300048828125,254.6300048828125,37704300,244.3917007889529,253.74895937959008,235.03444219831573,18.714517181274346,4.678629295318586,1.0,False,False,False,False
2025-10-01 00:00:00-04:00,255.0399932861328,258.7900085449219,254.92999267578125,255.4499969482422,255.4499969482422,48713900,245.53439589378104,254.7879293577764,236.28086242978569,18.507066927990707,4.626766731997677,1.0,False,False,False,False
2025-10-02 00:00:00-04:00,256.5799865722656,258.17999267578125,254.14999389648438,257.1300048828125,257.1300048828125,42630200,246.57746902945516,255.71164890291033,237.443289156,18.268359746910335,4.567089936727584,1.0,False,False,False,False
2025-10-03 00:00:00-04:00,254.6699981689453,259.239990234375,253.9499969482422,258.0199890136719,258.0199890136719,49155600,247.5767569376432,256.8555174809794,238.29799639430698,18.557521086672438,4.639380271668109,1.0,False,False,False,False
2025-10-06 00:00:00-04:00,257.989990234375,259.07000732421875,255.0500030517578,256.69000244140625,256.69000244140625,44664100,248.46817731873696,257.62306266223175,239.31329197524218,18.309770686989566,4.5774426717473915,0.9490403109478316,False,False,False,False
2025-10-07 00:00:00-04:00,256.80999755859375,257.3999938964844,255.42999267578125,256.4800109863281,256.4800109863281,31955800,249.22708098865388,257.8604780419398,240.59368393536795,17.266794106571865,4.316698526642966,0.9200507606049305,False,False,False,False
2025-10-08 00:00:00-04:00,256.5199890136719,258.5199890136719,256.1099853515625,258.05999755859375,258.05999755859375,36496900,250.0210088920782,258.27306697245746,241.768950811699,16.504116160758457,4.126029040189614,0.9870899227933018,False,False,False,False
2025-10-09 00:00:00-04:00,257.80999755859375,258.0,253.13999938964844,254.0399932861328,254.0399932861328,38322000,250.5009125746035,258.91176448073384,242.09006066847314,16.821703812260694,4.205425953065173,0.7103877675547837,False,True,False,False
2025-10-10 00:00:00-04:00,254.94000244140625,256.3800048828125,244.0,245.27000427246094,245.27000427246094,61999100,250.3151116676658,260.36087935974564,240.26934397558597,20.09153538415967,5.022883846039917,0.24889388497493975,False,False,False,True
2025-10-13 00:00:00-04:00,249.3800048828125,249.69000244140625,245.55999755859375,247.66000366210938,247.66000366210938,38142900,250.0600217838281,259.985212340489,240.13483122716718,19.850381113321816,4.962595278330454,0.3790946074023719,False,False,False,False
2025-10-14 00:00:00-04:00,246.60000610351562,248.85000610351562,244.6999969482422,247.77000427246094,247.77000427246094,35478000,249.77875010042283,259.54142343247236,240.01607676837332,19.525346664099033,4.881336666024758,0.39712111838427155,False,False,False,False
2025-10-15 00:00:00-04:00,249.49000549316406,251.82000732421875,247.47000122070312,249.33999633789062,249.33999633789062,33893600,249.75632961094803,259.4127368304957,240.09992239140036,19.312814439095348,4.828203609773837,0.47844264105729656,False,False,False,False
2025-10-16 00:00:00-04:00,248.25,249.0399932861328,245.1300048828125,247.4499969482422,247.4499969482422,39777000,249.51350441362558,259.0462692022341,239.98073962501704,19.065529577217063,4.766382394304266,0.3917676292690431,False,False,False,False
2025-10-17 00:00:00-04:00,248.02000427246094,253.3800048828125,247.27000427246094,252.2899932861328,252.2899932861328,49147000,249.65317073745192,259.4546591692699,239.85168230563391,19.602976863636002,4.9007442159090004,0.6345113329992378,False,False,True,False
2025-10-20 00:00:00-04:00,255.88999938964844,264.3800048828125,255.6300048828125,262.239990234375,262.239990234375,90483000,250.71001161959936,261.9493535275715,239.47066971162724,22.478683815944237,5.619670953986059,1.0,False,False,False,False
2025-10-21 00:00:00-04:00,261.8800048828125,265.2900085449219,261.8299865722656,262.7699890136719,262.7699890136719,46695900,251.90874016791875,262.7161522796249,241.1013280562126,21.614824223412313,5.403706055853078,1.0,False,False,False,False
2025-10-22 00:00:00-04:00,262.6499938964844,262.8500061035156,255.42999267578125,258.45001220703125,258.45001220703125,45015300,252.57552716736546,263.7862007534479,241.36485358128303,22.421347172164843,5.605336793041211,0.7620041068254242,False,True,False,False
2025-10-23 00:00:00-04:00,259.94000244140625,260.6199951171875,258.010009765625,259.5799865722656,259.5799865722656,32754900,253.2257941499998,263.8373974477865,242.61419085221314,21.223206595573345,5.305801648893336,0.7993983210619617,False,False,False,False
2025-10-24 00:00:00-04:00,261.19000244140625,264.1300048828125,259.17999267578125,262.82000732421875,262.82000732421875,38253700,254.0655599415177,264.606005350932,243.52511453210343,21.08089081882855,5.2702227047071375,0.9152788161533453,False,False,False,False
2025-10-27 00:00:00-04:00,264.8800048828125,269.1199951171875,264.6499938964844,268.80999755859375,268.80999755859375,44888200,255.34756967954033,266.0939681066069,244.60117125247373,21.49279685413316,5.37319921353329,1.0,False,False,False,False
2025-10-28 00:00:00-04:00,268.989990234375,269.8900146484375,268.1499938964844,269.0,269.0,41534800,256.64907125116895,266.6688339859195,246.6293085164184,20.039525469501086,5.009881367375272,1.0,False,False,False,False
2025-10-29 00:00:00-04:00,269.2799987792969,271.4100036621094,267.1099853515625,269.70001220703125,269.70001220703125,51086700,257.8640803771117,267.7418705004966,247.98629025372682,19.755580246769767,4.938895061692442,1.0,False,False,False,False
2025-10-30 00:00:00-04:00,271.989990234375,274.1400146484375,268.4800109863281,271.3999938964844,271.3999938964844,69886500,259.1475019136169,269.16951375708516,249.12549007014863,20.044023686936526,5.011005921734132,1.0,False,False,False,False
2025-10-31 00:00:00-04:00,276.989990234375,277.32000732421875,269.1600036621094,270.3699951171875,270.3699951171875,86096700,260.39853367116183,271.05034506270516,249.74672227961852,21.303622783086638,5.3259056957716595,0.9680641197769515,False,False,False,False
